timestamp	area	operation	method	endpoint	product_id	variant_id	field_name	status_code	outcome	details
2026-05-15 09:54:55	auth	fetch_access_token	POST	https://oz-nails-wa.myshopify.com/admin/oauth/access_token				200	OK	store=oz-nails-wa.myshopify.com
2026-05-15 09:54:56	connection	test_connection	GET	https://oz-nails-wa.myshopify.com/admin/api/2024-10/shop.json				200	OK	OZ Nails WA
2026-05-15 13:27:01	auth	fetch_access_token	POST	https://oz-nails-wa.myshopify.com/admin/oauth/access_token				200	OK	store=oz-nails-wa.myshopify.com
2026-05-15 13:27:01	connection	test_connection	GET	https://oz-nails-wa.myshopify.com/admin/api/2024-10/shop.json				200	OK	OZ Nails WA
2026-05-15 14:16:30	image-delete	delete_product_image	DELETE	https://oz-nails-wa.myshopify.com/admin/api/2024-10/products/9365224259819/images/49825134117099.json	9365224259819		images	200	OK	image_id=49825134117099
2026-05-15 14:16:32	image-delete	delete_product_image	DELETE	https://oz-nails-wa.myshopify.com/admin/api/2024-10/products/9364761575659/images/49825135362283.json	9364761575659		images	200	OK	image_id=49825135362283
2026-05-15 14:16:34	image-delete	delete_product_image	DELETE	https://oz-nails-wa.myshopify.com/admin/api/2024-10/products/9364761608427/images/49825136148715.json	9364761608427		images	200	OK	image_id=49825136148715
2026-05-15 14:16:36	image-delete	delete_product_image	DELETE	https://oz-nails-wa.myshopify.com/admin/api/2024-10/products/9364761641195/images/49825136378091.json	9364761641195		images	200	OK	image_id=49825136378091
2026-05-15 14:16:38	image-delete	delete_product_image	DELETE	https://oz-nails-wa.myshopify.com/admin/api/2024-10/products/9364761673963/images/49825136509163.json	9364761673963		images	200	OK	image_id=49825136509163
2026-05-15 14:16:39	image-delete	delete_product_image	DELETE	https://oz-nails-wa.myshopify.com/admin/api/2024-10/products/9364761805035/images/49825136673003.json	9364761805035		images	200	OK	image_id=49825136673003
2026-05-15 14:16:41	image-delete	delete_product_image	DELETE	https://oz-nails-wa.myshopify.com/admin/api/2024-10/products/9364761870571/images/49825136967915.json	9364761870571		images	200	OK	image_id=49825136967915
2026-05-15 14:16:43	image-delete	delete_product_image	DELETE	https://oz-nails-wa.myshopify.com/admin/api/2024-10/products/9364761903339/images/49825137098987.json	9364761903339		images	200	OK	image_id=49825137098987
2026-05-15 14:16:46	image-delete	delete_product_image	DELETE	https://oz-nails-wa.myshopify.com/admin/api/2024-10/products/9364761968875/images/49825137426667.json	9364761968875		images	200	OK	image_id=49825137426667
2026-05-15 14:16:48	image-delete	delete_product_image	DELETE	https://oz-nails-wa.myshopify.com/admin/api/2024-10/products/9365224751339/images/49825138311403.json	9365224751339		images	200	OK	image_id=49825138311403
2026-05-15 14:16:49	image-delete	delete_product_image	DELETE	https://oz-nails-wa.myshopify.com/admin/api/2024-10/products/9365224194283/images/49825138999531.json	9365224194283		images	200	OK	image_id=49825138999531
2026-05-15 14:16:51	image-delete	delete_product_image	DELETE	https://oz-nails-wa.myshopify.com/admin/api/2024-10/products/9365150433515/images/49825140015339.json	9365150433515		images	200	OK	image_id=49825140015339
2026-05-15 14:16:54	image-delete	delete_product_image	DELETE	https://oz-nails-wa.myshopify.com/admin/api/2024-10/products/9364762001643/images/49825141227755.json	9364762001643		images	200	OK	image_id=49825141227755
2026-05-15 14:17:00	image-delete	delete_product_image	DELETE	https://oz-nails-wa.myshopify.com/admin/api/2024-10/products/9364762034411/images/49825142243563.json	9364762034411		images	200	OK	image_id=49825142243563
2026-05-15 14:17:02	image-delete	delete_product_image	DELETE	https://oz-nails-wa.myshopify.com/admin/api/2024-10/products/9364762067179/images/49825142735083.json	9364762067179		images	200	OK	image_id=49825142735083
2026-05-15 14:17:03	image-delete	delete_product_image	DELETE	https://oz-nails-wa.myshopify.com/admin/api/2024-10/products/9364762165483/images/49825143029995.json	9364762165483		images	200	OK	image_id=49825143029995
2026-05-15 14:17:06	image-delete	delete_product_image	DELETE	https://oz-nails-wa.myshopify.com/admin/api/2024-10/products/9365225111787/images/49825143161067.json	9365225111787		images	200	OK	image_id=49825143161067
2026-05-15 14:17:07	image-delete	delete_product_image	DELETE	https://oz-nails-wa.myshopify.com/admin/api/2024-10/products/9365225013483/images/49825143259371.json	9365225013483		images	200	OK	image_id=49825143259371
2026-05-15 14:17:09	image-delete	delete_product_image	DELETE	https://oz-nails-wa.myshopify.com/admin/api/2024-10/products/9365265481963/images/49825143390443.json	9365265481963		images	200	OK	image_id=49825143390443
2026-05-15 14:17:11	image-delete	delete_product_image	DELETE	https://oz-nails-wa.myshopify.com/admin/api/2024-10/products/9364762132715/images/49825143521515.json	9364762132715		images	200	OK	image_id=49825143521515
2026-05-15 14:17:13	image-delete	delete_product_image	DELETE	https://oz-nails-wa.myshopify.com/admin/api/2024-10/products/9365225242859/images/49825144668395.json	9365225242859		images	200	OK	image_id=49825144668395
2026-05-15 14:17:15	image-delete	delete_product_image	DELETE	https://oz-nails-wa.myshopify.com/admin/api/2024-10/products/9365217378539/images/49825146044651.json	9365217378539		images	200	OK	image_id=49825146044651
2026-05-15 14:17:17	image-delete	delete_product_image	DELETE	https://oz-nails-wa.myshopify.com/admin/api/2024-10/products/9365217444075/images/49825147519211.json	9365217444075		images	200	OK	image_id=49825147519211
2026-05-15 14:17:19	image-delete	delete_product_image	DELETE	https://oz-nails-wa.myshopify.com/admin/api/2024-10/products/9364762198251/images/49825148305643.json	9364762198251		images	200	OK	image_id=49825148305643
2026-05-15 14:17:21	image-delete	delete_product_image	DELETE	https://oz-nails-wa.myshopify.com/admin/api/2024-10/products/9365268922603/images/49825149288683.json	9365268922603		images	200	OK	image_id=49825149288683
2026-05-15 14:17:23	image-delete	delete_product_image	DELETE	https://oz-nails-wa.myshopify.com/admin/api/2024-10/products/9365191557355/images/49825149911275.json	9365191557355		images	200	OK	image_id=49825149911275
2026-05-15 14:17:25	image-delete	delete_product_image	DELETE	https://oz-nails-wa.myshopify.com/admin/api/2024-10/products/9365191655659/images/49825150304491.json	9365191655659		images	200	OK	image_id=49825150304491
2026-05-15 14:17:27	image-delete	delete_product_image	DELETE	https://oz-nails-wa.myshopify.com/admin/api/2024-10/products/9365191721195/images/49825150402795.json	9365191721195		images	200	OK	image_id=49825150402795
2026-05-15 14:17:29	image-delete	delete_product_image	DELETE	https://oz-nails-wa.myshopify.com/admin/api/2024-10/products/9364762231019/images/49825150566635.json	9364762231019		images	200	OK	image_id=49825150566635
2026-05-15 14:17:31	image-delete	delete_product_image	DELETE	https://oz-nails-wa.myshopify.com/admin/api/2024-10/products/9364762263787/images/49825150664939.json	9364762263787		images	200	OK	image_id=49825150664939
2026-05-15 14:17:33	image-delete	delete_product_image	DELETE	https://oz-nails-wa.myshopify.com/admin/api/2024-10/products/9364762296555/images/49825150861547.json	9364762296555		images	200	OK	image_id=49825150861547
2026-05-15 14:17:35	image-delete	delete_product_image	DELETE	https://oz-nails-wa.myshopify.com/admin/api/2024-10/products/9364762362091/images/49825150992619.json	9364762362091		images	200	OK	image_id=49825150992619
2026-05-15 14:17:37	image-delete	delete_product_image	DELETE	https://oz-nails-wa.myshopify.com/admin/api/2024-10/products/9365225472235/images/49825151647979.json	9365225472235		images	200	OK	image_id=49825151647979
2026-05-15 14:17:39	image-delete	delete_product_image	DELETE	https://oz-nails-wa.myshopify.com/admin/api/2024-10/products/9364762394859/images/49825152663787.json	9364762394859		images	200	OK	image_id=49825152663787
2026-05-15 14:17:41	image-delete	delete_product_image	DELETE	https://oz-nails-wa.myshopify.com/admin/api/2024-10/products/9364762460395/images/49825154007275.json	9364762460395		images	200	OK	image_id=49825154007275
2026-05-15 14:17:42	image-delete	delete_product_image	DELETE	https://oz-nails-wa.myshopify.com/admin/api/2024-10/products/9364762493163/images/49825155285227.json	9364762493163		images	200	OK	image_id=49825155285227
2026-05-15 14:17:44	image-delete	delete_product_image	DELETE	https://oz-nails-wa.myshopify.com/admin/api/2024-10/products/9364762525931/images/49825156268267.json	9364762525931		images	200	OK	image_id=49825156268267
2026-05-15 14:17:47	image-delete	delete_product_image	DELETE	https://oz-nails-wa.myshopify.com/admin/api/2024-10/products/9365161804011/images/49825156792555.json	9365161804011		images	200	OK	image_id=49825156792555
2026-05-15 14:17:48	image-delete	delete_product_image	DELETE	https://oz-nails-wa.myshopify.com/admin/api/2024-10/products/9364762820843/images/49825156858091.json	9364762820843		images	200	OK	image_id=49825156858091
2026-05-15 14:17:50	image-delete	delete_product_image	DELETE	https://oz-nails-wa.myshopify.com/admin/api/2024-10/products/9364762853611/images/49825157153003.json	9364762853611		images	200	OK	image_id=49825157153003
2026-05-15 14:17:52	image-delete	delete_product_image	DELETE	https://oz-nails-wa.myshopify.com/admin/api/2024-10/products/9364762886379/images/49825157251307.json	9364762886379		images	200	OK	image_id=49825157251307
2026-05-15 14:17:54	image-delete	delete_product_image	DELETE	https://oz-nails-wa.myshopify.com/admin/api/2024-10/products/9364762951915/images/49825157415147.json	9364762951915		images	200	OK	image_id=49825157415147
2026-05-15 14:17:56	image-delete	delete_product_image	DELETE	https://oz-nails-wa.myshopify.com/admin/api/2024-10/products/9364762984683/images/49825157513451.json	9364762984683		images	200	OK	image_id=49825157513451
2026-05-15 14:17:58	image-delete	delete_product_image	DELETE	https://oz-nails-wa.myshopify.com/admin/api/2024-10/products/9364763050219/images/49825157677291.json	9364763050219		images	200	OK	image_id=49825157677291
2026-05-15 14:18:00	image-delete	delete_product_image	DELETE	https://oz-nails-wa.myshopify.com/admin/api/2024-10/products/9364763082987/images/49825158398187.json	9364763082987		images	200	OK	image_id=49825158398187
2026-05-15 14:18:02	image-delete	delete_product_image	DELETE	https://oz-nails-wa.myshopify.com/admin/api/2024-10/products/9364763115755/images/49825159217387.json	9364763115755		images	200	OK	image_id=49825159217387
2026-05-15 14:18:04	image-delete	delete_product_image	DELETE	https://oz-nails-wa.myshopify.com/admin/api/2024-10/products/9364763148523/images/49825159872747.json	9364763148523		images	200	OK	image_id=49825159872747
2026-05-15 14:18:06	image-delete	delete_product_image	DELETE	https://oz-nails-wa.myshopify.com/admin/api/2024-10/products/9364763181291/images/49825160462571.json	9364763181291		images	200	OK	image_id=49825160462571
2026-05-15 14:18:08	image-delete	delete_product_image	DELETE	https://oz-nails-wa.myshopify.com/admin/api/2024-10/products/9364763214059/images/49825161183467.json	9364763214059		images	200	OK	image_id=49825161183467
2026-05-15 14:18:10	image-delete	delete_product_image	DELETE	https://oz-nails-wa.myshopify.com/admin/api/2024-10/products/9364763279595/images/49825162363115.json	9364763279595		images	200	OK	image_id=49825162363115
2026-05-15 14:18:12	image-delete	delete_product_image	DELETE	https://oz-nails-wa.myshopify.com/admin/api/2024-10/products/9364763312363/images/49825163182315.json	9364763312363		images	200	OK	image_id=49825163182315
2026-05-15 14:18:13	image-delete	delete_product_image	DELETE	https://oz-nails-wa.myshopify.com/admin/api/2024-10/products/9364763345131/images/49825163477227.json	9364763345131		images	200	OK	image_id=49825163477227
2026-05-15 14:18:15	image-delete	delete_product_image	DELETE	https://oz-nails-wa.myshopify.com/admin/api/2024-10/products/9364763377899/images/49825163608299.json	9364763377899		images	200	OK	image_id=49825163608299
2026-05-15 14:18:17	image-delete	delete_product_image	DELETE	https://oz-nails-wa.myshopify.com/admin/api/2024-10/products/9364763443435/images/49825163706603.json	9364763443435		images	200	OK	image_id=49825163706603
2026-05-15 14:18:19	image-delete	delete_product_image	DELETE	https://oz-nails-wa.myshopify.com/admin/api/2024-10/products/9364763476203/images/49825163870443.json	9364763476203		images	200	OK	image_id=49825163870443
2026-05-15 14:18:21	image-delete	delete_product_image	DELETE	https://oz-nails-wa.myshopify.com/admin/api/2024-10/products/9364763508971/images/49825164067051.json	9364763508971		images	200	OK	image_id=49825164067051
2026-05-15 14:18:22	image-delete	delete_product_image	DELETE	https://oz-nails-wa.myshopify.com/admin/api/2024-10/products/9364763541739/images/49825164722411.json	9364763541739		images	200	OK	image_id=49825164722411
2026-05-15 14:18:24	image-delete	delete_product_image	DELETE	https://oz-nails-wa.myshopify.com/admin/api/2024-10/products/9364763574507/images/49825165738219.json	9364763574507		images	200	OK	image_id=49825165738219
2026-05-15 14:18:26	image-delete	delete_product_image	DELETE	https://oz-nails-wa.myshopify.com/admin/api/2024-10/products/9364763607275/images/49825166917867.json	9364763607275		images	200	OK	image_id=49825166917867
2026-05-15 14:18:28	image-delete	delete_product_image	DELETE	https://oz-nails-wa.myshopify.com/admin/api/2024-10/products/9364763640043/images/49825168228587.json	9364763640043		images	200	OK	image_id=49825168228587
2026-05-15 14:18:30	image-delete	delete_product_image	DELETE	https://oz-nails-wa.myshopify.com/admin/api/2024-10/products/9364763672811/images/49825169244395.json	9364763672811		images	200	OK	image_id=49825169244395
2026-05-15 14:18:32	image-delete	delete_product_image	DELETE	https://oz-nails-wa.myshopify.com/admin/api/2024-10/products/9364763705579/images/49825170718955.json	9364763705579		images	200	OK	image_id=49825170718955
2026-05-15 14:18:34	image-delete	delete_product_image	DELETE	https://oz-nails-wa.myshopify.com/admin/api/2024-10/products/9364763738347/images/49825171112171.json	9364763738347		images	200	OK	image_id=49825171112171
2026-05-15 14:18:36	image-delete	delete_product_image	DELETE	https://oz-nails-wa.myshopify.com/admin/api/2024-10/products/9364763803883/images/49825171243243.json	9364763803883		images	200	OK	image_id=49825171243243
2026-05-15 14:18:38	image-delete	delete_product_image	DELETE	https://oz-nails-wa.myshopify.com/admin/api/2024-10/products/9364763836651/images/49825171341547.json	9364763836651		images	200	OK	image_id=49825171341547
2026-05-15 14:18:40	image-delete	delete_product_image	DELETE	https://oz-nails-wa.myshopify.com/admin/api/2024-10/products/9364763869419/images/49825171570923.json	9364763869419		images	200	OK	image_id=49825171570923
2026-05-15 14:18:42	image-delete	delete_product_image	DELETE	https://oz-nails-wa.myshopify.com/admin/api/2024-10/products/9364763902187/images/49825171964139.json	9364763902187		images	200	OK	image_id=49825171964139
2026-05-15 14:18:44	image-delete	delete_product_image	DELETE	https://oz-nails-wa.myshopify.com/admin/api/2024-10/products/9364763934955/images/49825172160747.json	9364763934955		images	200	OK	image_id=49825172160747
2026-05-15 14:18:45	image-delete	delete_product_image	DELETE	https://oz-nails-wa.myshopify.com/admin/api/2024-10/products/9364764000491/images/49825172750571.json	9364764000491		images	200	OK	image_id=49825172750571
2026-05-15 14:18:47	image-delete	delete_product_image	DELETE	https://oz-nails-wa.myshopify.com/admin/api/2024-10/products/9364764033259/images/49825173766379.json	9364764033259		images	200	OK	image_id=49825173766379
2026-05-15 14:18:49	image-delete	delete_product_image	DELETE	https://oz-nails-wa.myshopify.com/admin/api/2024-10/products/9364764066027/images/49825175011563.json	9364764066027		images	200	OK	image_id=49825175011563
2026-05-15 14:18:51	image-delete	delete_product_image	DELETE	https://oz-nails-wa.myshopify.com/admin/api/2024-10/products/9364764131563/images/49825176289515.json	9364764131563		images	200	OK	image_id=49825176289515
2026-05-15 14:18:53	image-delete	delete_product_image	DELETE	https://oz-nails-wa.myshopify.com/admin/api/2024-10/products/9364764164331/images/49825177633003.json	9364764164331		images	200	OK	image_id=49825177633003
2026-05-15 14:18:55	image-delete	delete_product_image	DELETE	https://oz-nails-wa.myshopify.com/admin/api/2024-10/products/9364764197099/images/49825178452203.json	9364764197099		images	200	OK	image_id=49825178452203
2026-05-15 14:18:57	image-delete	delete_product_image	DELETE	https://oz-nails-wa.myshopify.com/admin/api/2024-10/products/9364764229867/images/49825178878187.json	9364764229867		images	200	OK	image_id=49825178878187
2026-05-15 14:18:59	image-delete	delete_product_image	DELETE	https://oz-nails-wa.myshopify.com/admin/api/2024-10/products/9364764262635/images/49825179336939.json	9364764262635		images	200	OK	image_id=49825179336939
2026-05-15 14:19:01	image-delete	delete_product_image	DELETE	https://oz-nails-wa.myshopify.com/admin/api/2024-10/products/9364764295403/images/49825179566315.json	9364764295403		images	200	OK	image_id=49825179566315
2026-05-15 14:19:03	image-delete	delete_product_image	DELETE	https://oz-nails-wa.myshopify.com/admin/api/2024-10/products/9364764328171/images/49825179992299.json	9364764328171		images	200	OK	image_id=49825179992299
2026-05-15 14:19:05	image-delete	delete_product_image	DELETE	https://oz-nails-wa.myshopify.com/admin/api/2024-10/products/9364764393707/images/49825180254443.json	9364764393707		images	200	OK	image_id=49825180254443
2026-05-15 14:19:07	image-delete	delete_product_image	DELETE	https://oz-nails-wa.myshopify.com/admin/api/2024-10/products/9364764426475/images/49825180811499.json	9364764426475		images	200	OK	image_id=49825180811499
2026-05-15 14:19:09	image-delete	delete_product_image	DELETE	https://oz-nails-wa.myshopify.com/admin/api/2024-10/products/9364764459243/images/49825181630699.json	9364764459243		images	200	OK	image_id=49825181630699
2026-05-15 14:19:11	image-delete	delete_product_image	DELETE	https://oz-nails-wa.myshopify.com/admin/api/2024-10/products/9364764492011/images/49825183367403.json	9364764492011		images	200	OK	image_id=49825183367403
2026-05-15 14:19:14	image-delete	delete_product_image	DELETE	https://oz-nails-wa.myshopify.com/admin/api/2024-10/products/9364764557547/images/49825184579819.json	9364764557547		images	200	OK	image_id=49825184579819
2026-05-15 14:19:15	image-delete	delete_product_image	DELETE	https://oz-nails-wa.myshopify.com/admin/api/2024-10/products/9364764590315/images/49825185235179.json	9364764590315		images	200	OK	image_id=49825185235179
2026-05-15 14:19:17	image-delete	delete_product_image	DELETE	https://oz-nails-wa.myshopify.com/admin/api/2024-10/products/9364764623083/images/49825186283755.json	9364764623083		images	200	OK	image_id=49825186283755
2026-05-15 14:19:19	image-delete	delete_product_image	DELETE	https://oz-nails-wa.myshopify.com/admin/api/2024-10/products/9364764688619/images/49825187627243.json	9364764688619		images	200	OK	image_id=49825187627243
2026-05-15 14:19:21	image-delete	delete_product_image	DELETE	https://oz-nails-wa.myshopify.com/admin/api/2024-10/products/9364764721387/images/49825188511979.json	9364764721387		images	200	OK	image_id=49825188511979
2026-05-15 14:19:23	image-delete	delete_product_image	DELETE	https://oz-nails-wa.myshopify.com/admin/api/2024-10/products/9364764786923/images/49825189167339.json	9364764786923		images	200	OK	image_id=49825189167339
2026-05-15 14:19:25	image-delete	delete_product_image	DELETE	https://oz-nails-wa.myshopify.com/admin/api/2024-10/products/9364764819691/images/49825189724395.json	9364764819691		images	200	OK	image_id=49825189724395
2026-05-15 14:19:27	image-delete	delete_product_image	DELETE	https://oz-nails-wa.myshopify.com/admin/api/2024-10/products/9364764852459/images/49825190019307.json	9364764852459		images	200	OK	image_id=49825190019307
2026-05-15 14:19:29	image-delete	delete_product_image	DELETE	https://oz-nails-wa.myshopify.com/admin/api/2024-10/products/9364764885227/images/49825190379755.json	9364764885227		images	200	OK	image_id=49825190379755
2026-05-15 14:19:31	image-delete	delete_product_image	DELETE	https://oz-nails-wa.myshopify.com/admin/api/2024-10/products/9364764950763/images/49825190838507.json	9364764950763		images	200	OK	image_id=49825190838507
2026-05-15 14:19:33	image-delete	delete_product_image	DELETE	https://oz-nails-wa.myshopify.com/admin/api/2024-10/products/9364764983531/images/49825191133419.json	9364764983531		images	200	OK	image_id=49825191133419
2026-05-15 14:19:35	image-delete	delete_product_image	DELETE	https://oz-nails-wa.myshopify.com/admin/api/2024-10/products/9365269020907/images/49825192214763.json	9365269020907		images	200	OK	image_id=49825192214763
2026-05-15 14:19:36	image-delete	delete_product_image	DELETE	https://oz-nails-wa.myshopify.com/admin/api/2024-10/products/9365266727147/images/49825193558251.json	9365266727147		images	200	OK	image_id=49825193558251
2026-05-15 14:19:38	image-delete	delete_product_image	DELETE	https://oz-nails-wa.myshopify.com/admin/api/2024-10/products/9365266792683/images/49825194180843.json	9365266792683		images	200	OK	image_id=49825194180843
2026-05-15 14:19:40	image-delete	delete_product_image	DELETE	https://oz-nails-wa.myshopify.com/admin/api/2024-10/products/9365266890987/images/49825195753707.json	9365266890987		images	200	OK	image_id=49825195753707
2026-05-15 14:19:42	image-delete	delete_product_image	DELETE	https://oz-nails-wa.myshopify.com/admin/api/2024-10/products/9365266923755/images/49825196736747.json	9365266923755		images	200	OK	image_id=49825196736747
2026-05-15 14:19:44	image-delete	delete_product_image	DELETE	https://oz-nails-wa.myshopify.com/admin/api/2024-10/products/9365266956523/images/49825197916395.json	9365266956523		images	200	OK	image_id=49825197916395
2026-05-15 14:19:46	image-delete	delete_product_image	DELETE	https://oz-nails-wa.myshopify.com/admin/api/2024-10/products/9365217542379/images/49825198670059.json	9365217542379		images	200	OK	image_id=49825198670059
2026-05-15 14:19:48	image-delete	delete_product_image	DELETE	https://oz-nails-wa.myshopify.com/admin/api/2024-10/products/9365217640683/images/49825199063275.json	9365217640683		images	200	OK	image_id=49825199063275
2026-05-15 14:19:50	image-delete	delete_product_image	DELETE	https://oz-nails-wa.myshopify.com/admin/api/2024-10/products/9365217738987/images/49825199554795.json	9365217738987		images	200	OK	image_id=49825199554795
2026-05-15 14:19:52	image-delete	delete_product_image	DELETE	https://oz-nails-wa.myshopify.com/admin/api/2024-10/products/9365217870059/images/49825199784171.json	9365217870059		images	200	OK	image_id=49825199784171
2026-05-15 14:19:54	image-delete	delete_product_image	DELETE	https://oz-nails-wa.myshopify.com/admin/api/2024-10/products/9365217968363/images/49825200046315.json	9365217968363		images	200	OK	image_id=49825200046315
2026-05-15 14:19:55	image-delete	delete_product_image	DELETE	https://oz-nails-wa.myshopify.com/admin/api/2024-10/products/9365218066667/images/49825200406763.json	9365218066667		images	200	OK	image_id=49825200406763
2026-05-15 14:19:57	image-delete	delete_product_image	DELETE	https://oz-nails-wa.myshopify.com/admin/api/2024-10/products/9365218132203/images/49825201127659.json	9365218132203		images	200	OK	image_id=49825201127659
2026-05-15 14:19:59	image-delete	delete_product_image	DELETE	https://oz-nails-wa.myshopify.com/admin/api/2024-10/products/9365218427115/images/49825202110699.json	9365218427115		images	200	OK	image_id=49825202110699
2026-05-15 14:20:01	image-delete	delete_product_image	DELETE	https://oz-nails-wa.myshopify.com/admin/api/2024-10/products/9364765737195/images/49825203192043.json	9364765737195		images	200	OK	image_id=49825203192043
2026-05-15 14:20:03	image-delete	delete_product_image	DELETE	https://oz-nails-wa.myshopify.com/admin/api/2024-10/products/9364765769963/images/49825204207851.json	9364765769963		images	200	OK	image_id=49825204207851
2026-05-15 14:20:05	image-delete	delete_product_image	DELETE	https://oz-nails-wa.myshopify.com/admin/api/2024-10/products/9364765868267/images/49825205518571.json	9364765868267		images	200	OK	image_id=49825205518571
2026-05-15 14:20:07	image-delete	delete_product_image	DELETE	https://oz-nails-wa.myshopify.com/admin/api/2024-10/products/9364765933803/images/49825206665451.json	9364765933803		images	200	OK	image_id=49825206665451
2026-05-15 14:20:09	image-delete	delete_product_image	DELETE	https://oz-nails-wa.myshopify.com/admin/api/2024-10/products/9364774846699/images/49825207517419.json	9364774846699		images	200	OK	image_id=49825207517419
2026-05-15 14:20:11	image-delete	delete_product_image	DELETE	https://oz-nails-wa.myshopify.com/admin/api/2024-10/products/9365223702763/images/49825207845099.json	9365223702763		images	200	OK	image_id=49825207845099
2026-05-15 14:20:13	image-delete	delete_product_image	DELETE	https://oz-nails-wa.myshopify.com/admin/api/2024-10/products/9365269053675/images/49825208238315.json	9365269053675		images	200	OK	image_id=49825208238315
2026-05-15 14:20:15	image-delete	delete_product_image	DELETE	https://oz-nails-wa.myshopify.com/admin/api/2024-10/products/9365269119211/images/49825208631531.json	9365269119211		images	200	OK	image_id=49825208631531
2026-05-15 14:20:16	image-delete	delete_product_image	DELETE	https://oz-nails-wa.myshopify.com/admin/api/2024-10/products/9365269151979/images/49825208828139.json	9365269151979		images	200	OK	image_id=49825208828139
2026-05-15 14:20:18	image-delete	delete_product_image	DELETE	https://oz-nails-wa.myshopify.com/admin/api/2024-10/products/9365269184747/images/49825209450731.json	9365269184747		images	200	OK	image_id=49825209450731
2026-05-15 14:20:20	image-delete	delete_product_image	DELETE	https://oz-nails-wa.myshopify.com/admin/api/2024-10/products/9365269217515/images/49825210499307.json	9365269217515		images	200	OK	image_id=49825210499307
2026-05-15 14:20:22	image-delete	delete_product_image	DELETE	https://oz-nails-wa.myshopify.com/admin/api/2024-10/products/9365269250283/images/49825211613419.json	9365269250283		images	200	OK	image_id=49825211613419
2026-05-15 14:20:24	image-delete	delete_product_image	DELETE	https://oz-nails-wa.myshopify.com/admin/api/2024-10/products/9365269315819/images/49825212694763.json	9365269315819		images	200	OK	image_id=49825212694763
2026-05-15 14:20:26	image-delete	delete_product_image	DELETE	https://oz-nails-wa.myshopify.com/admin/api/2024-10/products/9365269545195/images/49825213513963.json	9365269545195		images	200	OK	image_id=49825213513963
2026-05-15 14:20:28	image-delete	delete_product_image	DELETE	https://oz-nails-wa.myshopify.com/admin/api/2024-10/products/9365269643499/images/49825214693611.json	9365269643499		images	200	OK	image_id=49825214693611
2026-05-15 14:20:30	image-delete	delete_product_image	DELETE	https://oz-nails-wa.myshopify.com/admin/api/2024-10/products/9365269676267/images/49825214922987.json	9365269676267		images	200	OK	image_id=49825214922987
2026-05-15 14:20:32	image-delete	delete_product_image	DELETE	https://oz-nails-wa.myshopify.com/admin/api/2024-10/products/9365269709035/images/49825215250667.json	9365269709035		images	200	OK	image_id=49825215250667
2026-05-15 14:20:34	image-delete	delete_product_image	DELETE	https://oz-nails-wa.myshopify.com/admin/api/2024-10/products/9365450752235/images/49825215545579.json	9365450752235		images	200	OK	image_id=49825215545579
2026-05-15 14:20:36	image-delete	delete_product_image	DELETE	https://oz-nails-wa.myshopify.com/admin/api/2024-10/products/9364804239595/images/49825215938795.json	9364804239595		images	200	OK	image_id=49825215938795
2026-05-15 14:20:38	image-delete	delete_product_image	DELETE	https://oz-nails-wa.myshopify.com/admin/api/2024-10/products/9365269774571/images/49825216200939.json	9365269774571		images	200	OK	image_id=49825216200939
2026-05-15 14:20:39	image-delete	delete_product_image	DELETE	https://oz-nails-wa.myshopify.com/admin/api/2024-10/products/9365407039723/images/49825216856299.json	9365407039723		images	200	OK	image_id=49825216856299
2026-05-15 14:20:41	image-delete	delete_product_image	DELETE	https://oz-nails-wa.myshopify.com/admin/api/2024-10/products/9364804927723/images/49825217872107.json	9364804927723		images	200	OK	image_id=49825217872107
2026-05-15 14:20:43	image-delete	delete_product_image	DELETE	https://oz-nails-wa.myshopify.com/admin/api/2024-10/products/9364805157099/images/49825218658539.json	9364805157099		images	200	OK	image_id=49825218658539
2026-05-15 14:20:45	image-delete	delete_product_image	DELETE	https://oz-nails-wa.myshopify.com/admin/api/2024-10/products/9365224095979/images/49825219772651.json	9365224095979		images	200	OK	image_id=49825219772651
2026-05-15 14:20:47	image-delete	delete_product_image	DELETE	https://oz-nails-wa.myshopify.com/admin/api/2024-10/products/9364805386475/images/49825221083371.json	9364805386475		images	200	OK	image_id=49825221083371
2026-05-15 14:20:49	image-delete	delete_product_image	DELETE	https://oz-nails-wa.myshopify.com/admin/api/2024-10/products/9364805583083/images/49825222918379.json	9364805583083		images	200	OK	image_id=49825222918379
2026-05-15 14:20:51	image-delete	delete_product_image	DELETE	https://oz-nails-wa.myshopify.com/admin/api/2024-10/products/9364805845227/images/49825226653931.json	9364805845227		images	200	OK	image_id=49825226653931
2026-05-15 14:20:53	image-delete	delete_product_image	DELETE	https://oz-nails-wa.myshopify.com/admin/api/2024-10/products/9364806041835/images/49825226916075.json	9364806041835		images	200	OK	image_id=49825226916075
2026-05-15 14:20:55	image-delete	delete_product_image	DELETE	https://oz-nails-wa.myshopify.com/admin/api/2024-10/products/9364806303979/images/49825227014379.json	9364806303979		images	200	OK	image_id=49825227014379
2026-05-15 14:20:57	image-delete	delete_product_image	DELETE	https://oz-nails-wa.myshopify.com/admin/api/2024-10/products/9364806500587/images/49825227342059.json	9364806500587		images	200	OK	image_id=49825227342059
2026-05-15 14:20:59	image-delete	delete_product_image	DELETE	https://oz-nails-wa.myshopify.com/admin/api/2024-10/products/9364806697195/images/49825231175915.json	9364806697195		images	200	OK	image_id=49825231175915
2026-05-15 14:21:01	image-delete	delete_product_image	DELETE	https://oz-nails-wa.myshopify.com/admin/api/2024-10/products/9364806992107/images/49825231569131.json	9364806992107		images	200	OK	image_id=49825231569131
2026-05-15 14:21:03	image-delete	delete_product_image	DELETE	https://oz-nails-wa.myshopify.com/admin/api/2024-10/products/9364807188715/images/49825231798507.json	9364807188715		images	200	OK	image_id=49825231798507
2026-05-15 14:21:05	image-delete	delete_product_image	DELETE	https://oz-nails-wa.myshopify.com/admin/api/2024-10/products/9365269807339/images/49825233436907.json	9365269807339		images	200	OK	image_id=49825233436907
2026-05-15 14:21:07	image-delete	delete_product_image	DELETE	https://oz-nails-wa.myshopify.com/admin/api/2024-10/products/9365269840107/images/49825236189419.json	9365269840107		images	200	OK	image_id=49825236189419
2026-05-15 14:21:09	image-delete	delete_product_image	DELETE	https://oz-nails-wa.myshopify.com/admin/api/2024-10/products/9365269872875/images/49825238974699.json	9365269872875		images	200	OK	image_id=49825238974699
2026-05-15 14:21:11	image-delete	delete_product_image	DELETE	https://oz-nails-wa.myshopify.com/admin/api/2024-10/products/9365269938411/images/49825240154347.json	9365269938411		images	200	OK	image_id=49825240154347
2026-05-15 14:21:13	image-delete	delete_product_image	DELETE	https://oz-nails-wa.myshopify.com/admin/api/2024-10/products/9365269971179/images/49825241202923.json	9365269971179		images	200	OK	image_id=49825241202923
2026-05-15 14:21:15	image-delete	delete_product_image	DELETE	https://oz-nails-wa.myshopify.com/admin/api/2024-10/products/9365270036715/images/49825241661675.json	9365270036715		images	200	OK	image_id=49825241661675
2026-05-15 14:21:17	image-delete	delete_product_image	DELETE	https://oz-nails-wa.myshopify.com/admin/api/2024-10/products/9365270659307/images/49825242022123.json	9365270659307		images	200	OK	image_id=49825242022123
2026-05-15 14:21:18	image-delete	delete_product_image	DELETE	https://oz-nails-wa.myshopify.com/admin/api/2024-10/products/9365272396011/images/49825242349803.json	9365272396011		images	200	OK	image_id=49825242349803
2026-05-15 14:21:21	image-delete	delete_product_image	DELETE	https://oz-nails-wa.myshopify.com/admin/api/2024-10/products/9365272461547/images/49825242743019.json	9365272461547		images	200	OK	image_id=49825242743019
2026-05-15 14:21:22	image-delete	delete_product_image	DELETE	https://oz-nails-wa.myshopify.com/admin/api/2024-10/products/9365272494315/images/49825243136235.json	9365272494315		images	200	OK	image_id=49825243136235
2026-05-15 14:21:24	image-delete	delete_product_image	DELETE	https://oz-nails-wa.myshopify.com/admin/api/2024-10/products/9365272527083/images/49825243496683.json	9365272527083		images	200	OK	image_id=49825243496683
2026-05-15 14:21:36	image-delete	delete_product_image	DELETE	https://oz-nails-wa.myshopify.com/admin/api/2024-10/products/9365272559851/images/49825244676331.json	9365272559851		images	200	OK	image_id=49825244676331
2026-05-15 14:21:38	image-delete	delete_product_image	DELETE	https://oz-nails-wa.myshopify.com/admin/api/2024-10/products/9365272592619/images/49825245561067.json	9365272592619		images	200	OK	image_id=49825245561067
2026-05-15 14:21:40	image-delete	delete_product_image	DELETE	https://oz-nails-wa.myshopify.com/admin/api/2024-10/products/9365272625387/images/49825246347499.json	9365272625387		images	200	OK	image_id=49825246347499
2026-05-15 14:21:42	image-delete	delete_product_image	DELETE	https://oz-nails-wa.myshopify.com/admin/api/2024-10/products/9365272690923/images/49825247068395.json	9365272690923		images	200	OK	image_id=49825247068395
2026-05-15 14:21:44	image-delete	delete_product_image	DELETE	https://oz-nails-wa.myshopify.com/admin/api/2024-10/products/9365272723691/images/49825248510187.json	9365272723691		images	200	OK	image_id=49825248510187
2026-05-15 14:21:46	image-delete	delete_product_image	DELETE	https://oz-nails-wa.myshopify.com/admin/api/2024-10/products/9365274165483/images/49825248968939.json	9365274165483		images	200	OK	image_id=49825248968939
2026-05-15 14:21:48	image-delete	delete_product_image	DELETE	https://oz-nails-wa.myshopify.com/admin/api/2024-10/products/9365274231019/images/49825249231083.json	9365274231019		images	200	OK	image_id=49825249231083
2026-05-15 14:21:50	image-delete	delete_product_image	DELETE	https://oz-nails-wa.myshopify.com/admin/api/2024-10/products/9365274329323/images/49825249624299.json	9365274329323		images	200	OK	image_id=49825249624299
2026-05-15 14:21:51	image-delete	delete_product_image	DELETE	https://oz-nails-wa.myshopify.com/admin/api/2024-10/products/9365274362091/images/49825249853675.json	9365274362091		images	200	OK	image_id=49825249853675
2026-05-15 14:21:53	image-delete	delete_product_image	DELETE	https://oz-nails-wa.myshopify.com/admin/api/2024-10/products/9365274427627/images/49825250246891.json	9365274427627		images	200	OK	image_id=49825250246891
2026-05-15 14:21:55	image-delete	delete_product_image	DELETE	https://oz-nails-wa.myshopify.com/admin/api/2024-10/products/9365274525931/images/49825250574571.json	9365274525931		images	200	OK	image_id=49825250574571
2026-05-15 14:21:57	image-delete	delete_product_image	DELETE	https://oz-nails-wa.myshopify.com/admin/api/2024-10/products/9365274558699/images/49825251426539.json	9365274558699		images	200	OK	image_id=49825251426539
2026-05-15 14:21:59	image-delete	delete_product_image	DELETE	https://oz-nails-wa.myshopify.com/admin/api/2024-10/products/9365274591467/images/49825252278507.json	9365274591467		images	200	OK	image_id=49825252278507
2026-05-15 14:22:02	image-delete	delete_product_image	DELETE	https://oz-nails-wa.myshopify.com/admin/api/2024-10/products/9365274689771/images/49825253032171.json	9365274689771		images	200	OK	image_id=49825253032171
2026-05-15 14:22:04	image-delete	delete_product_image	DELETE	https://oz-nails-wa.myshopify.com/admin/api/2024-10/products/9365275148523/images/49825254244587.json	9365275148523		images	200	OK	image_id=49825254244587
2026-05-15 14:22:06	image-delete	delete_product_image	DELETE	https://oz-nails-wa.myshopify.com/admin/api/2024-10/products/9365275214059/images/49825255031019.json	9365275214059		images	200	OK	image_id=49825255031019
2026-05-15 14:22:08	image-delete	delete_product_image	DELETE	https://oz-nails-wa.myshopify.com/admin/api/2024-10/products/9365275246827/images/49825255751915.json	9365275246827		images	200	OK	image_id=49825255751915
2026-05-15 14:22:10	image-delete	delete_product_image	DELETE	https://oz-nails-wa.myshopify.com/admin/api/2024-10/products/9365275345131/images/49825256046827.json	9365275345131		images	200	OK	image_id=49825256046827
2026-05-15 14:22:12	image-delete	delete_product_image	DELETE	https://oz-nails-wa.myshopify.com/admin/api/2024-10/products/9365275377899/images/49825256341739.json	9365275377899		images	200	OK	image_id=49825256341739
2026-05-15 14:22:14	image-delete	delete_product_image	DELETE	https://oz-nails-wa.myshopify.com/admin/api/2024-10/products/9365275476203/images/49825256767723.json	9365275476203		images	200	OK	image_id=49825256767723
2026-05-15 14:22:16	image-delete	delete_product_image	DELETE	https://oz-nails-wa.myshopify.com/admin/api/2024-10/products/9365275508971/images/49825257160939.json	9365275508971		images	200	OK	image_id=49825257160939
2026-05-15 14:22:18	image-delete	delete_product_image	DELETE	https://oz-nails-wa.myshopify.com/admin/api/2024-10/products/9364808990955/images/49825257357547.json	9364808990955		images	200	OK	image_id=49825257357547
2026-05-15 14:22:20	image-delete	delete_product_image	DELETE	https://oz-nails-wa.myshopify.com/admin/api/2024-10/products/9366107980011/images/49825258209515.json	9366107980011		images	200	OK	image_id=49825258209515
2026-05-15 14:22:23	image-delete	delete_product_image	DELETE	https://oz-nails-wa.myshopify.com/admin/api/2024-10/products/9365275541739/images/49825259421931.json	9365275541739		images	200	OK	image_id=49825259421931
2026-05-15 14:22:24	image-delete	delete_product_image	DELETE	https://oz-nails-wa.myshopify.com/admin/api/2024-10/products/9365275607275/images/49825260175595.json	9365275607275		images	200	OK	image_id=49825260175595
2026-05-15 14:22:27	image-delete	delete_product_image	DELETE	https://oz-nails-wa.myshopify.com/admin/api/2024-10/products/9365276590315/images/49825260830955.json	9365276590315		images	200	OK	image_id=49825260830955
2026-05-15 14:22:28	image-delete	delete_product_image	DELETE	https://oz-nails-wa.myshopify.com/admin/api/2024-10/products/9365277409515/images/49825262174443.json	9365277409515		images	200	OK	image_id=49825262174443
2026-05-15 14:22:31	image-delete	delete_product_image	DELETE	https://oz-nails-wa.myshopify.com/admin/api/2024-10/products/9365240119531/images/49825263255787.json	9365240119531		images	200	OK	image_id=49825263255787
2026-05-15 14:22:33	image-delete	delete_product_image	DELETE	https://oz-nails-wa.myshopify.com/admin/api/2024-10/products/9365239628011/images/49825263517931.json	9365239628011		images	200	OK	image_id=49825263517931
2026-05-15 14:22:35	image-delete	delete_product_image	DELETE	https://oz-nails-wa.myshopify.com/admin/api/2024-10/products/9365240217835/images/49825263943915.json	9365240217835		images	200	OK	image_id=49825263943915
2026-05-15 14:22:37	image-delete	delete_product_image	DELETE	https://oz-nails-wa.myshopify.com/admin/api/2024-10/products/9365241168107/images/49825264238827.json	9365241168107		images	200	OK	image_id=49825264238827
2026-05-15 14:22:39	image-delete	delete_product_image	DELETE	https://oz-nails-wa.myshopify.com/admin/api/2024-10/products/9365241331947/images/49825264435435.json	9365241331947		images	200	OK	image_id=49825264435435
2026-05-15 14:22:40	image-delete	delete_product_image	DELETE	https://oz-nails-wa.myshopify.com/admin/api/2024-10/products/9365241856235/images/49825264763115.json	9365241856235		images	200	OK	image_id=49825264763115
2026-05-15 14:22:42	image-delete	delete_product_image	DELETE	https://oz-nails-wa.myshopify.com/admin/api/2024-10/products/9365241954539/images/49825265189099.json	9365241954539		images	200	OK	image_id=49825265189099
2026-05-15 14:22:44	image-delete	delete_product_image	DELETE	https://oz-nails-wa.myshopify.com/admin/api/2024-10/products/9365239988459/images/49825265877227.json	9365239988459		images	200	OK	image_id=49825265877227
2026-05-15 14:22:46	image-delete	delete_product_image	DELETE	https://oz-nails-wa.myshopify.com/admin/api/2024-10/products/9365239496939/images/49825266761963.json	9365239496939		images	200	OK	image_id=49825266761963
2026-05-15 14:22:49	image-delete	delete_product_image	DELETE	https://oz-nails-wa.myshopify.com/admin/api/2024-10/products/9365240447211/images/49825267581163.json	9365240447211		images	200	OK	image_id=49825267581163
2026-05-15 14:22:53	image-delete	delete_product_image	DELETE	https://oz-nails-wa.myshopify.com/admin/api/2024-10/products/9365239693547/images/49825268170987.json	9365239693547		images	200	OK	image_id=49825268170987
2026-05-15 14:22:55	image-delete	delete_product_image	DELETE	https://oz-nails-wa.myshopify.com/admin/api/2024-10/products/9365240611051/images/49825269383403.json	9365240611051		images	200	OK	image_id=49825269383403
2026-05-15 14:22:57	image-delete	delete_product_image	DELETE	https://oz-nails-wa.myshopify.com/admin/api/2024-10/products/9365240742123/images/49825270202603.json	9365240742123		images	200	OK	image_id=49825270202603
2026-05-15 14:22:59	image-delete	delete_product_image	DELETE	https://oz-nails-wa.myshopify.com/admin/api/2024-10/products/9365240807659/images/49825270464747.json	9365240807659		images	200	OK	image_id=49825270464747
2026-05-15 14:23:01	image-delete	delete_product_image	DELETE	https://oz-nails-wa.myshopify.com/admin/api/2024-10/products/9365241004267/images/49825270825195.json	9365241004267		images	200	OK	image_id=49825270825195
2026-05-15 14:23:03	image-delete	delete_product_image	DELETE	https://oz-nails-wa.myshopify.com/admin/api/2024-10/products/9365241069803/images/49825271283947.json	9365241069803		images	200	OK	image_id=49825271283947
2026-05-15 14:23:07	image-delete	delete_product_image	DELETE	https://oz-nails-wa.myshopify.com/admin/api/2024-10/products/9365241692395/images/49825272692971.json	9365241692395		images	200	OK	image_id=49825272692971
2026-05-15 14:23:10	image-delete	delete_product_image	DELETE	https://oz-nails-wa.myshopify.com/admin/api/2024-10/products/9365242249451/images/49825272955115.json	9365242249451		images	200	OK	image_id=49825272955115
2026-05-15 14:23:12	image-delete	delete_product_image	DELETE	https://oz-nails-wa.myshopify.com/admin/api/2024-10/products/9364809220331/images/49825274364139.json	9364809220331		images	200	OK	image_id=49825274364139
2026-05-15 14:23:14	image-delete	delete_product_image	DELETE	https://oz-nails-wa.myshopify.com/admin/api/2024-10/products/9364809449707/images/49825275085035.json	9364809449707		images	200	OK	image_id=49825275085035
2026-05-15 14:23:16	image-delete	delete_product_image	DELETE	https://oz-nails-wa.myshopify.com/admin/api/2024-10/products/9365277442283/images/49825276002539.json	9365277442283		images	200	OK	image_id=49825276002539
2026-05-15 14:23:18	image-delete	delete_product_image	DELETE	https://oz-nails-wa.myshopify.com/admin/api/2024-10/products/9364809679083/images/49825276854507.json	9364809679083		images	200	OK	image_id=49825276854507
2026-05-15 14:23:20	image-delete	delete_product_image	DELETE	https://oz-nails-wa.myshopify.com/admin/api/2024-10/products/9364809973995/images/49825277673707.json	9364809973995		images	200	OK	image_id=49825277673707
2026-05-15 14:23:22	image-delete	delete_product_image	DELETE	https://oz-nails-wa.myshopify.com/admin/api/2024-10/products/9364810203371/images/49825278361835.json	9364810203371		images	200	OK	image_id=49825278361835
2026-05-15 14:23:24	image-delete	delete_product_image	DELETE	https://oz-nails-wa.myshopify.com/admin/api/2024-10/products/9364810465515/images/49825279869163.json	9364810465515		images	200	OK	image_id=49825279869163
2026-05-15 14:23:26	image-delete	delete_product_image	DELETE	https://oz-nails-wa.myshopify.com/admin/api/2024-10/products/9364810694891/images/49825280458987.json	9364810694891		images	200	OK	image_id=49825280458987
2026-05-15 14:23:28	image-delete	delete_product_image	DELETE	https://oz-nails-wa.myshopify.com/admin/api/2024-10/products/9365151154411/images/49825280852203.json	9365151154411		images	200	OK	image_id=49825280852203
2026-05-15 14:23:29	image-delete	delete_product_image	DELETE	https://oz-nails-wa.myshopify.com/admin/api/2024-10/products/9365151318251/images/49825281114347.json	9365151318251		images	200	OK	image_id=49825281114347
2026-05-15 14:23:31	image-delete	delete_product_image	DELETE	https://oz-nails-wa.myshopify.com/admin/api/2024-10/products/9365151383787/images/49825281605867.json	9365151383787		images	200	OK	image_id=49825281605867
2026-05-15 14:23:33	image-delete	delete_product_image	DELETE	https://oz-nails-wa.myshopify.com/admin/api/2024-10/products/9365151482091/images/49825281966315.json	9365151482091		images	200	OK	image_id=49825281966315
2026-05-15 14:23:35	image-delete	delete_product_image	DELETE	https://oz-nails-wa.myshopify.com/admin/api/2024-10/products/9365151547627/images/49825282425067.json	9365151547627		images	200	OK	image_id=49825282425067
2026-05-15 14:23:37	image-delete	delete_product_image	DELETE	https://oz-nails-wa.myshopify.com/admin/api/2024-10/products/9365151613163/images/49825283408107.json	9365151613163		images	200	OK	image_id=49825283408107
2026-05-15 14:23:39	image-delete	delete_product_image	DELETE	https://oz-nails-wa.myshopify.com/admin/api/2024-10/products/9365151678699/images/49825284227307.json	9365151678699		images	200	OK	image_id=49825284227307
2026-05-15 14:23:41	image-delete	delete_product_image	DELETE	https://oz-nails-wa.myshopify.com/admin/api/2024-10/products/9365151809771/images/49825284948203.json	9365151809771		images	200	OK	image_id=49825284948203
2026-05-15 14:23:43	image-delete	delete_product_image	DELETE	https://oz-nails-wa.myshopify.com/admin/api/2024-10/products/9365151875307/images/49825285734635.json	9365151875307		images	200	OK	image_id=49825285734635
2026-05-15 14:23:45	image-delete	delete_product_image	DELETE	https://oz-nails-wa.myshopify.com/admin/api/2024-10/products/9365151940843/images/49825286684907.json	9365151940843		images	200	OK	image_id=49825286684907
2026-05-15 14:23:47	image-delete	delete_product_image	DELETE	https://oz-nails-wa.myshopify.com/admin/api/2024-10/products/9365152039147/images/49825287700715.json	9365152039147		images	200	OK	image_id=49825287700715
2026-05-15 14:23:49	image-delete	delete_product_image	DELETE	https://oz-nails-wa.myshopify.com/admin/api/2024-10/products/9365152104683/images/49825288093931.json	9365152104683		images	200	OK	image_id=49825288093931
2026-05-15 14:23:50	image-delete	delete_product_image	DELETE	https://oz-nails-wa.myshopify.com/admin/api/2024-10/products/9365152202987/images/49825288978667.json	9365152202987		images	200	OK	image_id=49825288978667
2026-05-15 14:23:52	image-delete	delete_product_image	DELETE	https://oz-nails-wa.myshopify.com/admin/api/2024-10/products/9365152268523/images/49825289339115.json	9365152268523		images	200	OK	image_id=49825289339115
2026-05-15 14:23:54	image-delete	delete_product_image	DELETE	https://oz-nails-wa.myshopify.com/admin/api/2024-10/products/9365152334059/images/49825289765099.json	9365152334059		images	200	OK	image_id=49825289765099
2026-05-15 14:23:57	image-delete	delete_product_image	DELETE	https://oz-nails-wa.myshopify.com/admin/api/2024-10/products/9365152399595/images/49825290060011.json	9365152399595		images	200	OK	image_id=49825290060011
2026-05-15 14:23:59	image-delete	delete_product_image	DELETE	https://oz-nails-wa.myshopify.com/admin/api/2024-10/products/9365152497899/images/49825290944747.json	9365152497899		images	200	OK	image_id=49825290944747
2026-05-15 14:24:01	image-delete	delete_product_image	DELETE	https://oz-nails-wa.myshopify.com/admin/api/2024-10/products/9365152628971/images/49825292353771.json	9365152628971		images	200	OK	image_id=49825292353771
2026-05-15 14:24:03	image-delete	delete_product_image	DELETE	https://oz-nails-wa.myshopify.com/admin/api/2024-10/products/9365152694507/images/49825293009131.json	9365152694507		images	200	OK	image_id=49825293009131
2026-05-15 14:24:05	image-delete	delete_product_image	DELETE	https://oz-nails-wa.myshopify.com/admin/api/2024-10/products/9365152792811/images/49825294254315.json	9365152792811		images	200	OK	image_id=49825294254315
2026-05-15 14:24:07	image-delete	delete_product_image	DELETE	https://oz-nails-wa.myshopify.com/admin/api/2024-10/products/9365152891115/images/49825294909675.json	9365152891115		images	200	OK	image_id=49825294909675
2026-05-15 14:24:09	image-delete	delete_product_image	DELETE	https://oz-nails-wa.myshopify.com/admin/api/2024-10/products/9365152989419/images/49825296187627.json	9365152989419		images	200	OK	image_id=49825296187627
2026-05-15 14:24:11	image-delete	delete_product_image	DELETE	https://oz-nails-wa.myshopify.com/admin/api/2024-10/products/9365153087723/images/49825296580843.json	9365153087723		images	200	OK	image_id=49825296580843
2026-05-15 14:24:13	image-delete	delete_product_image	DELETE	https://oz-nails-wa.myshopify.com/admin/api/2024-10/products/9365153153259/images/49825296974059.json	9365153153259		images	200	OK	image_id=49825296974059
2026-05-15 14:24:15	image-delete	delete_product_image	DELETE	https://oz-nails-wa.myshopify.com/admin/api/2024-10/products/9365153251563/images/49825297334507.json	9365153251563		images	200	OK	image_id=49825297334507
2026-05-15 14:24:17	image-delete	delete_product_image	DELETE	https://oz-nails-wa.myshopify.com/admin/api/2024-10/products/9365153349867/images/49825297531115.json	9365153349867		images	200	OK	image_id=49825297531115
2026-05-15 14:24:19	image-delete	delete_product_image	DELETE	https://oz-nails-wa.myshopify.com/admin/api/2024-10/products/9365153415403/images/49825297793259.json	9365153415403		images	200	OK	image_id=49825297793259
2026-05-15 14:24:21	image-delete	delete_product_image	DELETE	https://oz-nails-wa.myshopify.com/admin/api/2024-10/products/9365153546475/images/49825298383083.json	9365153546475		images	200	OK	image_id=49825298383083
2026-05-15 14:24:23	image-delete	delete_product_image	DELETE	https://oz-nails-wa.myshopify.com/admin/api/2024-10/products/9365153612011/images/49825299333355.json	9365153612011		images	200	OK	image_id=49825299333355
2026-05-15 14:24:25	image-delete	delete_product_image	DELETE	https://oz-nails-wa.myshopify.com/admin/api/2024-10/products/9365153710315/images/49825300119787.json	9365153710315		images	200	OK	image_id=49825300119787
2026-05-15 14:24:26	image-delete	delete_product_image	DELETE	https://oz-nails-wa.myshopify.com/admin/api/2024-10/products/9365153874155/images/49825301266667.json	9365153874155		images	200	OK	image_id=49825301266667
2026-05-15 14:24:28	image-delete	delete_product_image	DELETE	https://oz-nails-wa.myshopify.com/admin/api/2024-10/products/9365153972459/images/49825301659883.json	9365153972459		images	200	OK	image_id=49825301659883
2026-05-15 14:24:30	image-delete	delete_product_image	DELETE	https://oz-nails-wa.myshopify.com/admin/api/2024-10/products/9365154103531/images/49825303429355.json	9365154103531		images	200	OK	image_id=49825303429355
2026-05-15 14:24:32	image-delete	delete_product_image	DELETE	https://oz-nails-wa.myshopify.com/admin/api/2024-10/products/9365154267371/images/49825304609003.json	9365154267371		images	200	OK	image_id=49825304609003
2026-05-15 14:24:34	image-delete	delete_product_image	DELETE	https://oz-nails-wa.myshopify.com/admin/api/2024-10/products/9365154431211/images/49825305329899.json	9365154431211		images	200	OK	image_id=49825305329899
2026-05-15 14:24:36	image-delete	delete_product_image	DELETE	https://oz-nails-wa.myshopify.com/admin/api/2024-10/products/9365154562283/images/49825305952491.json	9365154562283		images	200	OK	image_id=49825305952491
2026-05-15 14:24:38	image-delete	delete_product_image	DELETE	https://oz-nails-wa.myshopify.com/admin/api/2024-10/products/9365154693355/images/49825306149099.json	9365154693355		images	200	OK	image_id=49825306149099
2026-05-15 14:24:40	image-delete	delete_product_image	DELETE	https://oz-nails-wa.myshopify.com/admin/api/2024-10/products/9365154791659/images/49825307295979.json	9365154791659		images	200	OK	image_id=49825307295979
2026-05-15 14:24:42	image-delete	delete_product_image	DELETE	https://oz-nails-wa.myshopify.com/admin/api/2024-10/products/9365154988267/images/49825308049643.json	9365154988267		images	200	OK	image_id=49825308049643
2026-05-15 14:24:44	image-delete	delete_product_image	DELETE	https://oz-nails-wa.myshopify.com/admin/api/2024-10/products/9365155053803/images/49825308344555.json	9365155053803		images	200	OK	image_id=49825308344555
2026-05-15 14:24:46	image-delete	delete_product_image	DELETE	https://oz-nails-wa.myshopify.com/admin/api/2024-10/products/9365155152107/images/49825309589739.json	9365155152107		images	200	OK	image_id=49825309589739
2026-05-15 14:24:48	image-delete	delete_product_image	DELETE	https://oz-nails-wa.myshopify.com/admin/api/2024-10/products/9365155250411/images/49825310408939.json	9365155250411		images	200	OK	image_id=49825310408939
2026-05-15 14:24:50	image-delete	delete_product_image	DELETE	https://oz-nails-wa.myshopify.com/admin/api/2024-10/products/9365155381483/images/49825311391979.json	9365155381483		images	200	OK	image_id=49825311391979
2026-05-15 14:24:52	image-delete	delete_product_image	DELETE	https://oz-nails-wa.myshopify.com/admin/api/2024-10/products/9365155447019/images/49825312964843.json	9365155447019		images	200	OK	image_id=49825312964843
2026-05-15 14:24:54	image-delete	delete_product_image	DELETE	https://oz-nails-wa.myshopify.com/admin/api/2024-10/products/9365309980907/images/49825314210027.json	9365309980907		images	200	OK	image_id=49825314210027
2026-05-15 14:24:57	image-delete	delete_product_image	DELETE	https://oz-nails-wa.myshopify.com/admin/api/2024-10/products/9365311881451/images/49825315029227.json	9365311881451		images	200	OK	image_id=49825315029227
2026-05-15 14:24:58	image-delete	delete_product_image	DELETE	https://oz-nails-wa.myshopify.com/admin/api/2024-10/products/9365155512555/images/49825315619051.json	9365155512555		images	200	OK	image_id=49825315619051
2026-05-15 14:25:00	image-delete	delete_product_image	DELETE	https://oz-nails-wa.myshopify.com/admin/api/2024-10/products/9365155643627/images/49825316012267.json	9365155643627		images	200	OK	image_id=49825316012267
2026-05-15 14:25:02	image-delete	delete_product_image	DELETE	https://oz-nails-wa.myshopify.com/admin/api/2024-10/products/9365155741931/images/49825316274411.json	9365155741931		images	200	OK	image_id=49825316274411
2026-05-15 14:25:04	image-delete	delete_product_image	DELETE	https://oz-nails-wa.myshopify.com/admin/api/2024-10/products/9365155840235/images/49825316634859.json	9365155840235		images	200	OK	image_id=49825316634859
2026-05-15 14:25:06	image-delete	delete_product_image	DELETE	https://oz-nails-wa.myshopify.com/admin/api/2024-10/products/9365155938539/images/49825317093611.json	9365155938539		images	200	OK	image_id=49825317093611
2026-05-15 14:25:08	image-delete	delete_product_image	DELETE	https://oz-nails-wa.myshopify.com/admin/api/2024-10/products/9365156069611/images/49825318863083.json	9365156069611		images	200	OK	image_id=49825318863083
2026-05-15 14:25:10	image-delete	delete_product_image	DELETE	https://oz-nails-wa.myshopify.com/admin/api/2024-10/products/9364811579627/images/49825320108267.json	9364811579627		images	200	OK	image_id=49825320108267
2026-05-15 14:25:17	image-delete	delete_product_image	DELETE	https://oz-nails-wa.myshopify.com/admin/api/2024-10/products/9365416771819/images/49825321255147.json	9365416771819		images	200	OK	image_id=49825321255147
2026-05-15 14:25:19	image-delete	delete_product_image	DELETE	https://oz-nails-wa.myshopify.com/admin/api/2024-10/products/9364765016299/images/49825322238187.json	9364765016299		images	200	OK	image_id=49825322238187
2026-05-15 14:25:21	image-delete	delete_product_image	DELETE	https://oz-nails-wa.myshopify.com/admin/api/2024-10/products/9365100691691/images/49825322893547.json	9365100691691		images	200	OK	image_id=49825322893547
2026-05-15 14:25:23	image-delete	delete_product_image	DELETE	https://oz-nails-wa.myshopify.com/admin/api/2024-10/products/9364765049067/images/49825324040427.json	9364765049067		images	200	OK	image_id=49825324040427
2026-05-15 14:25:25	image-delete	delete_product_image	DELETE	https://oz-nails-wa.myshopify.com/admin/api/2024-10/products/9364765081835/images/49825325121771.json	9364765081835		images	200	OK	image_id=49825325121771
2026-05-15 14:25:27	image-delete	delete_product_image	DELETE	https://oz-nails-wa.myshopify.com/admin/api/2024-10/products/9364765114603/images/49825325383915.json	9364765114603		images	200	OK	image_id=49825325383915
2026-05-15 14:25:29	image-delete	delete_product_image	DELETE	https://oz-nails-wa.myshopify.com/admin/api/2024-10/products/9364765147371/images/49825329610987.json	9364765147371		images	200	OK	image_id=49825329610987
2026-05-15 14:25:31	image-delete	delete_product_image	DELETE	https://oz-nails-wa.myshopify.com/admin/api/2024-10/products/9364765180139/images/49825329971435.json	9364765180139		images	200	OK	image_id=49825329971435
2026-05-15 14:25:33	image-delete	delete_product_image	DELETE	https://oz-nails-wa.myshopify.com/admin/api/2024-10/products/9364765212907/images/49825330692331.json	9364765212907		images	200	OK	image_id=49825330692331
2026-05-15 14:25:35	image-delete	delete_product_image	DELETE	https://oz-nails-wa.myshopify.com/admin/api/2024-10/products/9365100626155/images/49825331085547.json	9365100626155		images	200	OK	image_id=49825331085547
2026-05-15 14:25:36	image-delete	delete_product_image	DELETE	https://oz-nails-wa.myshopify.com/admin/api/2024-10/products/9365100658923/images/49825332035819.json	9365100658923		images	200	OK	image_id=49825332035819
2026-05-15 14:25:38	image-delete	delete_product_image	DELETE	https://oz-nails-wa.myshopify.com/admin/api/2024-10/products/9364765278443/images/49825332855019.json	9364765278443		images	200	OK	image_id=49825332855019
2026-05-15 14:25:41	image-delete	delete_product_image	DELETE	https://oz-nails-wa.myshopify.com/admin/api/2024-10/products/9364765376747/images/49825335673067.json	9364765376747		images	200	OK	image_id=49825335673067
2026-05-15 14:25:43	image-delete	delete_product_image	DELETE	https://oz-nails-wa.myshopify.com/admin/api/2024-10/products/9364765409515/images/49825336426731.json	9364765409515		images	200	OK	image_id=49825336426731
2026-05-15 14:25:45	image-delete	delete_product_image	DELETE	https://oz-nails-wa.myshopify.com/admin/api/2024-10/products/9364765442283/images/49825337311467.json	9364765442283		images	200	OK	image_id=49825337311467
2026-05-15 14:25:47	image-delete	delete_product_image	DELETE	https://oz-nails-wa.myshopify.com/admin/api/2024-10/products/9364765475051/images/49825338163435.json	9364765475051		images	200	OK	image_id=49825338163435
2026-05-15 14:25:49	image-delete	delete_product_image	DELETE	https://oz-nails-wa.myshopify.com/admin/api/2024-10/products/9364765540587/images/49825339080939.json	9364765540587		images	200	OK	image_id=49825339080939
2026-05-15 14:25:50	image-delete	delete_product_image	DELETE	https://oz-nails-wa.myshopify.com/admin/api/2024-10/products/9364765573355/images/49825340326123.json	9364765573355		images	200	OK	image_id=49825340326123
2026-05-15 14:25:52	image-delete	delete_product_image	DELETE	https://oz-nails-wa.myshopify.com/admin/api/2024-10/products/9364765606123/images/49825341210859.json	9364765606123		images	200	OK	image_id=49825341210859
2026-05-15 14:25:54	image-delete	delete_product_image	DELETE	https://oz-nails-wa.myshopify.com/admin/api/2024-10/products/9364765638891/images/49825341931755.json	9364765638891		images	200	OK	image_id=49825341931755
2026-05-15 14:25:56	image-delete	delete_product_image	DELETE	https://oz-nails-wa.myshopify.com/admin/api/2024-10/products/9364765671659/images/49825342587115.json	9364765671659		images	200	OK	image_id=49825342587115
2026-05-15 14:25:58	image-delete	delete_product_image	DELETE	https://oz-nails-wa.myshopify.com/admin/api/2024-10/products/9364765704427/images/49825343406315.json	9364765704427		images	200	OK	image_id=49825343406315
2026-05-15 14:26:00	image-delete	delete_product_image	DELETE	https://oz-nails-wa.myshopify.com/admin/api/2024-10/products/9365098758379/images/49825344979179.json	9365098758379		images	200	OK	image_id=49825344979179
2026-05-15 14:26:02	image-delete	delete_product_image	DELETE	https://oz-nails-wa.myshopify.com/admin/api/2024-10/products/9365098889451/images/49825346552043.json	9365098889451		images	200	OK	image_id=49825346552043
2026-05-15 14:26:04	image-delete	delete_product_image	DELETE	https://oz-nails-wa.myshopify.com/admin/api/2024-10/products/9364765802731/images/49825348616427.json	9364765802731		images	200	OK	image_id=49825348616427
2026-05-15 14:26:06	image-delete	delete_product_image	DELETE	https://oz-nails-wa.myshopify.com/admin/api/2024-10/products/9364765835499/images/49825350353131.json	9364765835499		images	200	OK	image_id=49825350353131
2026-05-15 14:26:08	image-delete	delete_product_image	DELETE	https://oz-nails-wa.myshopify.com/admin/api/2024-10/products/9364765901035/images/49825352974571.json	9364765901035		images	200	OK	image_id=49825352974571
2026-05-15 14:26:10	image-delete	delete_product_image	DELETE	https://oz-nails-wa.myshopify.com/admin/api/2024-10/products/9364765966571/images/49825354383595.json	9364765966571		images	200	OK	image_id=49825354383595
2026-05-15 14:26:12	image-delete	delete_product_image	DELETE	https://oz-nails-wa.myshopify.com/admin/api/2024-10/products/9364765999339/images/49825355497707.json	9364765999339		images	200	OK	image_id=49825355497707
2026-05-15 14:26:14	image-delete	delete_product_image	DELETE	https://oz-nails-wa.myshopify.com/admin/api/2024-10/products/9364766032107/images/49825355989227.json	9364766032107		images	200	OK	image_id=49825355989227
2026-05-15 14:26:16	image-delete	delete_product_image	DELETE	https://oz-nails-wa.myshopify.com/admin/api/2024-10/products/9364766064875/images/49825356841195.json	9364766064875		images	200	OK	image_id=49825356841195
2026-05-15 14:26:18	image-delete	delete_product_image	DELETE	https://oz-nails-wa.myshopify.com/admin/api/2024-10/products/9364766097643/images/49825357398251.json	9364766097643		images	200	OK	image_id=49825357398251
2026-05-15 14:26:20	image-delete	delete_product_image	DELETE	https://oz-nails-wa.myshopify.com/admin/api/2024-10/products/9364766130411/images/49825358250219.json	9364766130411		images	200	OK	image_id=49825358250219
2026-05-15 14:26:22	image-delete	delete_product_image	DELETE	https://oz-nails-wa.myshopify.com/admin/api/2024-10/products/9364766195947/images/49825358479595.json	9364766195947		images	200	OK	image_id=49825358479595
2026-05-15 14:26:24	image-delete	delete_product_image	DELETE	https://oz-nails-wa.myshopify.com/admin/api/2024-10/products/9364766228715/images/49825359036651.json	9364766228715		images	200	OK	image_id=49825359036651
2026-05-15 14:26:26	image-delete	delete_product_image	DELETE	https://oz-nails-wa.myshopify.com/admin/api/2024-10/products/9364766294251/images/49825361068267.json	9364766294251		images	200	OK	image_id=49825361068267
2026-05-15 14:26:28	image-delete	delete_product_image	DELETE	https://oz-nails-wa.myshopify.com/admin/api/2024-10/products/9364766359787/images/49825362084075.json	9364766359787		images	200	OK	image_id=49825362084075
2026-05-15 14:26:30	image-delete	delete_product_image	DELETE	https://oz-nails-wa.myshopify.com/admin/api/2024-10/products/9364766392555/images/49825362903275.json	9364766392555		images	200	OK	image_id=49825362903275
2026-05-15 14:26:32	image-delete	delete_product_image	DELETE	https://oz-nails-wa.myshopify.com/admin/api/2024-10/products/9364766425323/images/49825363820779.json	9364766425323		images	200	OK	image_id=49825363820779
2026-05-15 14:26:34	image-delete	delete_product_image	DELETE	https://oz-nails-wa.myshopify.com/admin/api/2024-10/products/9364766458091/images/49825364672747.json	9364766458091		images	200	OK	image_id=49825364672747
2026-05-15 14:26:36	image-delete	delete_product_image	DELETE	https://oz-nails-wa.myshopify.com/admin/api/2024-10/products/9364766490859/images/49825366606059.json	9364766490859		images	200	OK	image_id=49825366606059
2026-05-15 14:26:38	image-delete	delete_product_image	DELETE	https://oz-nails-wa.myshopify.com/admin/api/2024-10/products/9364766523627/images/49825367359723.json	9364766523627		images	200	OK	image_id=49825367359723
2026-05-15 14:26:40	image-delete	delete_product_image	DELETE	https://oz-nails-wa.myshopify.com/admin/api/2024-10/products/9364766589163/images/49825368506603.json	9364766589163		images	200	OK	image_id=49825368506603
2026-05-15 14:26:41	image-delete	delete_product_image	DELETE	https://oz-nails-wa.myshopify.com/admin/api/2024-10/products/9364766621931/images/49825369325803.json	9364766621931		images	200	OK	image_id=49825369325803
2026-05-15 14:26:43	image-delete	delete_product_image	DELETE	https://oz-nails-wa.myshopify.com/admin/api/2024-10/products/9364766654699/images/49825369555179.json	9364766654699		images	200	OK	image_id=49825369555179
2026-05-15 14:26:45	image-delete	delete_product_image	DELETE	https://oz-nails-wa.myshopify.com/admin/api/2024-10/products/9364766687467/images/49825370570987.json	9364766687467		images	200	OK	image_id=49825370570987
2026-05-15 14:26:47	image-delete	delete_product_image	DELETE	https://oz-nails-wa.myshopify.com/admin/api/2024-10/products/9364766720235/images/49825371357419.json	9364766720235		images	200	OK	image_id=49825371357419
2026-05-15 14:26:49	image-delete	delete_product_image	DELETE	https://oz-nails-wa.myshopify.com/admin/api/2024-10/products/9364766753003/images/49825372143851.json	9364766753003		images	200	OK	image_id=49825372143851
2026-05-15 14:26:51	image-delete	delete_product_image	DELETE	https://oz-nails-wa.myshopify.com/admin/api/2024-10/products/9364766785771/images/49825373094123.json	9364766785771		images	200	OK	image_id=49825373094123
2026-05-15 14:26:53	image-delete	delete_product_image	DELETE	https://oz-nails-wa.myshopify.com/admin/api/2024-10/products/9364766818539/images/49825374503147.json	9364766818539		images	200	OK	image_id=49825374503147
2026-05-15 14:26:54	image-delete	delete_product_image	DELETE	https://oz-nails-wa.myshopify.com/admin/api/2024-10/products/9364766851307/images/49825375256811.json	9364766851307		images	200	OK	image_id=49825375256811
2026-05-15 14:26:56	image-delete	delete_product_image	DELETE	https://oz-nails-wa.myshopify.com/admin/api/2024-10/products/9364766884075/images/49825376338155.json	9364766884075		images	200	OK	image_id=49825376338155
2026-05-15 14:26:58	image-delete	delete_product_image	DELETE	https://oz-nails-wa.myshopify.com/admin/api/2024-10/products/9364766916843/images/49825377288427.json	9364766916843		images	200	OK	image_id=49825377288427
2026-05-15 14:27:00	image-delete	delete_product_image	DELETE	https://oz-nails-wa.myshopify.com/admin/api/2024-10/products/9364766949611/images/49825377911019.json	9364766949611		images	200	OK	image_id=49825377911019
2026-05-15 14:27:02	image-delete	delete_product_image	DELETE	https://oz-nails-wa.myshopify.com/admin/api/2024-10/products/9364766982379/images/49825378664683.json	9364766982379		images	200	OK	image_id=49825378664683
2026-05-15 14:27:04	image-delete	delete_product_image	DELETE	https://oz-nails-wa.myshopify.com/admin/api/2024-10/products/9364767015147/images/49825379811563.json	9364767015147		images	200	OK	image_id=49825379811563
2026-05-15 14:27:06	image-delete	delete_product_image	DELETE	https://oz-nails-wa.myshopify.com/admin/api/2024-10/products/9364767047915/images/49825380434155.json	9364767047915		images	200	OK	image_id=49825380434155
2026-05-15 14:27:08	image-delete	delete_product_image	DELETE	https://oz-nails-wa.myshopify.com/admin/api/2024-10/products/9364767080683/images/49825380991211.json	9364767080683		images	200	OK	image_id=49825380991211
2026-05-15 14:27:10	image-delete	delete_product_image	DELETE	https://oz-nails-wa.myshopify.com/admin/api/2024-10/products/9364767113451/images/49825381286123.json	9364767113451		images	200	OK	image_id=49825381286123
2026-05-15 14:27:11	image-delete	delete_product_image	DELETE	https://oz-nails-wa.myshopify.com/admin/api/2024-10/products/9364767146219/images/49825381810411.json	9364767146219		images	200	OK	image_id=49825381810411
2026-05-15 14:27:13	image-delete	delete_product_image	DELETE	https://oz-nails-wa.myshopify.com/admin/api/2024-10/products/9364767178987/images/49825382531307.json	9364767178987		images	200	OK	image_id=49825382531307
2026-05-15 14:27:15	image-delete	delete_product_image	DELETE	https://oz-nails-wa.myshopify.com/admin/api/2024-10/products/9364767211755/images/49825383219435.json	9364767211755		images	200	OK	image_id=49825383219435
2026-05-15 14:27:17	image-delete	delete_product_image	DELETE	https://oz-nails-wa.myshopify.com/admin/api/2024-10/products/9364767310059/images/49825383973099.json	9364767310059		images	200	OK	image_id=49825383973099
2026-05-15 14:27:19	image-delete	delete_product_image	DELETE	https://oz-nails-wa.myshopify.com/admin/api/2024-10/products/9364767375595/images/49825385218283.json	9364767375595		images	200	OK	image_id=49825385218283
2026-05-15 14:27:21	image-delete	delete_product_image	DELETE	https://oz-nails-wa.myshopify.com/admin/api/2024-10/products/9364767408363/images/49825386168555.json	9364767408363		images	200	OK	image_id=49825386168555
2026-05-15 14:27:23	image-delete	delete_product_image	DELETE	https://oz-nails-wa.myshopify.com/admin/api/2024-10/products/9364767441131/images/49825387643115.json	9364767441131		images	200	OK	image_id=49825387643115
2026-05-15 14:27:25	image-delete	delete_product_image	DELETE	https://oz-nails-wa.myshopify.com/admin/api/2024-10/products/9364767506667/images/49825388265707.json	9364767506667		images	200	OK	image_id=49825388265707
2026-05-15 14:27:26	image-delete	delete_product_image	DELETE	https://oz-nails-wa.myshopify.com/admin/api/2024-10/products/9364767539435/images/49825389412587.json	9364767539435		images	200	OK	image_id=49825389412587
2026-05-15 14:27:28	image-delete	delete_product_image	DELETE	https://oz-nails-wa.myshopify.com/admin/api/2024-10/products/9364767572203/images/49825389838571.json	9364767572203		images	200	OK	image_id=49825389838571
2026-05-15 14:27:30	image-delete	delete_product_image	DELETE	https://oz-nails-wa.myshopify.com/admin/api/2024-10/products/9364767637739/images/49825390100715.json	9364767637739		images	200	OK	image_id=49825390100715
2026-05-15 14:27:32	image-delete	delete_product_image	DELETE	https://oz-nails-wa.myshopify.com/admin/api/2024-10/products/9364767670507/images/49825390428395.json	9364767670507		images	200	OK	image_id=49825390428395
2026-05-15 14:27:34	image-delete	delete_product_image	DELETE	https://oz-nails-wa.myshopify.com/admin/api/2024-10/products/9364767703275/images/49825390821611.json	9364767703275		images	200	OK	image_id=49825390821611
2026-05-15 14:27:36	image-delete	delete_product_image	DELETE	https://oz-nails-wa.myshopify.com/admin/api/2024-10/products/9364767736043/images/49825391182059.json	9364767736043		images	200	OK	image_id=49825391182059
2026-05-15 14:27:38	image-delete	delete_product_image	DELETE	https://oz-nails-wa.myshopify.com/admin/api/2024-10/products/9364767801579/images/49825391837419.json	9364767801579		images	200	OK	image_id=49825391837419
2026-05-15 14:27:40	image-delete	delete_product_image	DELETE	https://oz-nails-wa.myshopify.com/admin/api/2024-10/products/9364767834347/images/49825392820459.json	9364767834347		images	200	OK	image_id=49825392820459
2026-05-15 14:27:42	image-delete	delete_product_image	DELETE	https://oz-nails-wa.myshopify.com/admin/api/2024-10/products/9364767899883/images/49825394065643.json	9364767899883		images	200	OK	image_id=49825394065643
2026-05-15 14:27:44	image-delete	delete_product_image	DELETE	https://oz-nails-wa.myshopify.com/admin/api/2024-10/products/9364767932651/images/49825395114219.json	9364767932651		images	200	OK	image_id=49825395114219
2026-05-15 14:27:46	image-delete	delete_product_image	DELETE	https://oz-nails-wa.myshopify.com/admin/api/2024-10/products/9364767965419/images/49825398358251.json	9364767965419		images	200	OK	image_id=49825398358251
2026-05-15 14:27:48	image-delete	delete_product_image	DELETE	https://oz-nails-wa.myshopify.com/admin/api/2024-10/products/9364767998187/images/49825399079147.json	9364767998187		images	200	OK	image_id=49825399079147
2026-05-15 14:27:50	image-delete	delete_product_image	DELETE	https://oz-nails-wa.myshopify.com/admin/api/2024-10/products/9364768030955/images/49825400062187.json	9364768030955		images	200	OK	image_id=49825400062187
2026-05-15 14:27:52	image-delete	delete_product_image	DELETE	https://oz-nails-wa.myshopify.com/admin/api/2024-10/products/9364768063723/images/49825401012459.json	9364768063723		images	200	OK	image_id=49825401012459
2026-05-15 14:27:54	image-delete	delete_product_image	DELETE	https://oz-nails-wa.myshopify.com/admin/api/2024-10/products/9364768096491/images/49825403273451.json	9364768096491		images	200	OK	image_id=49825403273451
2026-05-15 14:27:56	image-delete	delete_product_image	DELETE	https://oz-nails-wa.myshopify.com/admin/api/2024-10/products/9364768129259/images/49825403830507.json	9364768129259		images	200	OK	image_id=49825403830507
2026-05-15 14:27:58	image-delete	delete_product_image	DELETE	https://oz-nails-wa.myshopify.com/admin/api/2024-10/products/9364768227563/images/49825404453099.json	9364768227563		images	200	OK	image_id=49825404453099
2026-05-15 14:28:00	image-delete	delete_product_image	DELETE	https://oz-nails-wa.myshopify.com/admin/api/2024-10/products/9364768293099/images/49825404748011.json	9364768293099		images	200	OK	image_id=49825404748011
2026-05-15 14:28:02	image-delete	delete_product_image	DELETE	https://oz-nails-wa.myshopify.com/admin/api/2024-10/products/9364768325867/images/49825405206763.json	9364768325867		images	200	OK	image_id=49825405206763
2026-05-15 14:28:04	image-delete	delete_product_image	DELETE	https://oz-nails-wa.myshopify.com/admin/api/2024-10/products/9364768358635/images/49825406189803.json	9364768358635		images	200	OK	image_id=49825406189803
2026-05-15 14:28:05	image-delete	delete_product_image	DELETE	https://oz-nails-wa.myshopify.com/admin/api/2024-10/products/9364768391403/images/49825407893739.json	9364768391403		images	200	OK	image_id=49825407893739
2026-05-15 14:28:07	image-delete	delete_product_image	DELETE	https://oz-nails-wa.myshopify.com/admin/api/2024-10/products/9364768424171/images/49825410056427.json	9364768424171		images	200	OK	image_id=49825410056427
2026-05-15 14:28:09	image-delete	delete_product_image	DELETE	https://oz-nails-wa.myshopify.com/admin/api/2024-10/products/9364768489707/images/49825411006699.json	9364768489707		images	200	OK	image_id=49825411006699
2026-05-15 14:28:11	image-delete	delete_product_image	DELETE	https://oz-nails-wa.myshopify.com/admin/api/2024-10/products/9364768522475/images/49825412317419.json	9364768522475		images	200	OK	image_id=49825412317419
2026-05-15 14:28:13	image-delete	delete_product_image	DELETE	https://oz-nails-wa.myshopify.com/admin/api/2024-10/products/9364768555243/images/49825413497067.json	9364768555243		images	200	OK	image_id=49825413497067
2026-05-15 14:28:15	image-delete	delete_product_image	DELETE	https://oz-nails-wa.myshopify.com/admin/api/2024-10/products/9364768588011/images/49825413923051.json	9364768588011		images	200	OK	image_id=49825413923051
2026-05-15 14:28:17	image-delete	delete_product_image	DELETE	https://oz-nails-wa.myshopify.com/admin/api/2024-10/products/9364768620779/images/49825414283499.json	9364768620779		images	200	OK	image_id=49825414283499
2026-05-15 14:28:19	image-delete	delete_product_image	DELETE	https://oz-nails-wa.myshopify.com/admin/api/2024-10/products/9364768751851/images/49825414611179.json	9364768751851		images	200	OK	image_id=49825414611179
2026-05-15 14:28:20	image-delete	delete_product_image	DELETE	https://oz-nails-wa.myshopify.com/admin/api/2024-10/products/9364768784619/images/49825414906091.json	9364768784619		images	200	OK	image_id=49825414906091
2026-05-15 14:28:22	image-delete	delete_product_image	DELETE	https://oz-nails-wa.myshopify.com/admin/api/2024-10/products/9364768817387/images/49825415299307.json	9364768817387		images	200	OK	image_id=49825415299307
2026-05-15 14:28:24	image-delete	delete_product_image	DELETE	https://oz-nails-wa.myshopify.com/admin/api/2024-10/products/9364768850155/images/49825415594219.json	9364768850155		images	200	OK	image_id=49825415594219
2026-05-15 14:28:26	image-delete	delete_product_image	DELETE	https://oz-nails-wa.myshopify.com/admin/api/2024-10/products/9364768882923/images/49825415921899.json	9364768882923		images	200	OK	image_id=49825415921899
2026-05-15 14:28:28	image-delete	delete_product_image	DELETE	https://oz-nails-wa.myshopify.com/admin/api/2024-10/products/9364768915691/images/49825417068779.json	9364768915691		images	200	OK	image_id=49825417068779
2026-05-15 14:28:30	image-delete	delete_product_image	DELETE	https://oz-nails-wa.myshopify.com/admin/api/2024-10/products/9364768948459/images/49825417756907.json	9364768948459		images	200	OK	image_id=49825417756907
2026-05-15 14:28:32	image-delete	delete_product_image	DELETE	https://oz-nails-wa.myshopify.com/admin/api/2024-10/products/9364768981227/images/49825419034859.json	9364768981227		images	200	OK	image_id=49825419034859
2026-05-15 14:28:34	image-delete	delete_product_image	DELETE	https://oz-nails-wa.myshopify.com/admin/api/2024-10/products/9364769013995/images/49825420083435.json	9364769013995		images	200	OK	image_id=49825420083435
2026-05-15 14:28:35	image-delete	delete_product_image	DELETE	https://oz-nails-wa.myshopify.com/admin/api/2024-10/products/9364769079531/images/49825421426923.json	9364769079531		images	200	OK	image_id=49825421426923
2026-05-15 14:28:37	image-delete	delete_product_image	DELETE	https://oz-nails-wa.myshopify.com/admin/api/2024-10/products/9364769112299/images/49825422508267.json	9364769112299		images	200	OK	image_id=49825422508267
2026-05-15 14:28:39	image-delete	delete_product_image	DELETE	https://oz-nails-wa.myshopify.com/admin/api/2024-10/products/9364769145067/images/49825423917291.json	9364769145067		images	200	OK	image_id=49825423917291
2026-05-15 14:28:41	image-delete	delete_product_image	DELETE	https://oz-nails-wa.myshopify.com/admin/api/2024-10/products/9364769177835/images/49825424146667.json	9364769177835		images	200	OK	image_id=49825424146667
2026-05-15 14:28:43	image-delete	delete_product_image	DELETE	https://oz-nails-wa.myshopify.com/admin/api/2024-10/products/9364769243371/images/49825424736491.json	9364769243371		images	200	OK	image_id=49825424736491
2026-05-15 14:28:45	image-delete	delete_product_image	DELETE	https://oz-nails-wa.myshopify.com/admin/api/2024-10/products/9364769308907/images/49825425719531.json	9364769308907		images	200	OK	image_id=49825425719531
2026-05-15 14:28:47	image-delete	delete_product_image	DELETE	https://oz-nails-wa.myshopify.com/admin/api/2024-10/products/9364769341675/images/49825426276587.json	9364769341675		images	200	OK	image_id=49825426276587
2026-05-15 14:28:49	image-delete	delete_product_image	DELETE	https://oz-nails-wa.myshopify.com/admin/api/2024-10/products/9364769374443/images/49825426637035.json	9364769374443		images	200	OK	image_id=49825426637035
2026-05-15 14:28:51	image-delete	delete_product_image	DELETE	https://oz-nails-wa.myshopify.com/admin/api/2024-10/products/9364769407211/images/49825427128555.json	9364769407211		images	200	OK	image_id=49825427128555
2026-05-15 14:28:52	image-delete	delete_product_image	DELETE	https://oz-nails-wa.myshopify.com/admin/api/2024-10/products/9364769439979/images/49825427783915.json	9364769439979		images	200	OK	image_id=49825427783915
2026-05-15 14:28:54	image-delete	delete_product_image	DELETE	https://oz-nails-wa.myshopify.com/admin/api/2024-10/products/9364769472747/images/49825428963563.json	9364769472747		images	200	OK	image_id=49825428963563
2026-05-15 14:28:56	image-delete	delete_product_image	DELETE	https://oz-nails-wa.myshopify.com/admin/api/2024-10/products/9364769505515/images/49825431388395.json	9364769505515		images	200	OK	image_id=49825431388395
2026-05-15 14:28:58	image-delete	delete_product_image	DELETE	https://oz-nails-wa.myshopify.com/admin/api/2024-10/products/9364769603819/images/49825432764651.json	9364769603819		images	200	OK	image_id=49825432764651
2026-05-15 14:29:00	image-delete	delete_product_image	DELETE	https://oz-nails-wa.myshopify.com/admin/api/2024-10/products/9364769636587/images/49825434108139.json	9364769636587		images	200	OK	image_id=49825434108139
2026-05-15 14:29:02	image-delete	delete_product_image	DELETE	https://oz-nails-wa.myshopify.com/admin/api/2024-10/products/9364769669355/images/49825434960107.json	9364769669355		images	200	OK	image_id=49825434960107
2026-05-15 14:29:04	image-delete	delete_product_image	DELETE	https://oz-nails-wa.myshopify.com/admin/api/2024-10/products/9364769702123/images/49825436041451.json	9364769702123		images	200	OK	image_id=49825436041451
2026-05-15 14:29:06	image-delete	delete_product_image	DELETE	https://oz-nails-wa.myshopify.com/admin/api/2024-10/products/9364769734891/images/49825437417707.json	9364769734891		images	200	OK	image_id=49825437417707
2026-05-15 14:29:08	image-delete	delete_product_image	DELETE	https://oz-nails-wa.myshopify.com/admin/api/2024-10/products/9364769767659/images/49825438957803.json	9364769767659		images	200	OK	image_id=49825438957803
2026-05-15 14:29:10	image-delete	delete_product_image	DELETE	https://oz-nails-wa.myshopify.com/admin/api/2024-10/products/9364769800427/images/49825439285483.json	9364769800427		images	200	OK	image_id=49825439285483
2026-05-15 14:29:12	image-delete	delete_product_image	DELETE	https://oz-nails-wa.myshopify.com/admin/api/2024-10/products/9364769833195/images/49825439875307.json	9364769833195		images	200	OK	image_id=49825439875307
2026-05-15 14:29:14	image-delete	delete_product_image	DELETE	https://oz-nails-wa.myshopify.com/admin/api/2024-10/products/9364769865963/images/49825440268523.json	9364769865963		images	200	OK	image_id=49825440268523
2026-05-15 14:29:16	image-delete	delete_product_image	DELETE	https://oz-nails-wa.myshopify.com/admin/api/2024-10/products/9364769898731/images/49825441579243.json	9364769898731		images	200	OK	image_id=49825441579243
2026-05-15 14:29:18	image-delete	delete_product_image	DELETE	https://oz-nails-wa.myshopify.com/admin/api/2024-10/products/9364769931499/images/49825442070763.json	9364769931499		images	200	OK	image_id=49825442070763
2026-05-15 14:29:20	image-delete	delete_product_image	DELETE	https://oz-nails-wa.myshopify.com/admin/api/2024-10/products/9364769997035/images/49825443545323.json	9364769997035		images	200	OK	image_id=49825443545323
2026-05-15 14:29:22	image-delete	delete_product_image	DELETE	https://oz-nails-wa.myshopify.com/admin/api/2024-10/products/9364770029803/images/49825444856043.json	9364770029803		images	200	OK	image_id=49825444856043
2026-05-15 14:29:24	image-delete	delete_product_image	DELETE	https://oz-nails-wa.myshopify.com/admin/api/2024-10/products/9364770062571/images/49825445773547.json	9364770062571		images	200	OK	image_id=49825445773547
2026-05-15 14:29:26	image-delete	delete_product_image	DELETE	https://oz-nails-wa.myshopify.com/admin/api/2024-10/products/9364770095339/images/49825446691051.json	9364770095339		images	200	OK	image_id=49825446691051
2026-05-15 14:29:28	image-delete	delete_product_image	DELETE	https://oz-nails-wa.myshopify.com/admin/api/2024-10/products/9364770128107/images/49825448296683.json	9364770128107		images	200	OK	image_id=49825448296683
2026-05-15 14:29:30	image-delete	delete_product_image	DELETE	https://oz-nails-wa.myshopify.com/admin/api/2024-10/products/9364770160875/images/49825448919275.json	9364770160875		images	200	OK	image_id=49825448919275
2026-05-15 14:29:32	image-delete	delete_product_image	DELETE	https://oz-nails-wa.myshopify.com/admin/api/2024-10/products/9364770193643/images/49825450033387.json	9364770193643		images	200	OK	image_id=49825450033387
2026-05-15 14:29:34	image-delete	delete_product_image	DELETE	https://oz-nails-wa.myshopify.com/admin/api/2024-10/products/9364770226411/images/49825451180267.json	9364770226411		images	200	OK	image_id=49825451180267
2026-05-15 14:29:36	image-delete	delete_product_image	DELETE	https://oz-nails-wa.myshopify.com/admin/api/2024-10/products/9364770259179/images/49825451835627.json	9364770259179		images	200	OK	image_id=49825451835627
2026-05-15 14:29:38	image-delete	delete_product_image	DELETE	https://oz-nails-wa.myshopify.com/admin/api/2024-10/products/9364770291947/images/49825452196075.json	9364770291947		images	200	OK	image_id=49825452196075
2026-05-15 14:29:40	image-delete	delete_product_image	DELETE	https://oz-nails-wa.myshopify.com/admin/api/2024-10/products/9364770324715/images/49825452589291.json	9364770324715		images	200	OK	image_id=49825452589291
2026-05-15 14:29:42	image-delete	delete_product_image	DELETE	https://oz-nails-wa.myshopify.com/admin/api/2024-10/products/9364770357483/images/49825452818667.json	9364770357483		images	200	OK	image_id=49825452818667
2026-05-15 14:29:44	image-delete	delete_product_image	DELETE	https://oz-nails-wa.myshopify.com/admin/api/2024-10/products/9364770390251/images/49825453736171.json	9364770390251		images	200	OK	image_id=49825453736171
2026-05-15 14:29:46	image-delete	delete_product_image	DELETE	https://oz-nails-wa.myshopify.com/admin/api/2024-10/products/9365224030443/images/49825454784747.json	9365224030443		images	200	OK	image_id=49825454784747
2026-05-15 14:29:48	image-delete	delete_product_image	DELETE	https://oz-nails-wa.myshopify.com/admin/api/2024-10/products/9364770423019/images/49825455997163.json	9364770423019		images	200	OK	image_id=49825455997163
2026-05-15 14:29:50	image-delete	delete_product_image	DELETE	https://oz-nails-wa.myshopify.com/admin/api/2024-10/products/9364770455787/images/49825457012971.json	9364770455787		images	200	OK	image_id=49825457012971
2026-05-15 14:29:52	image-delete	delete_product_image	DELETE	https://oz-nails-wa.myshopify.com/admin/api/2024-10/products/9364770488555/images/49825458028779.json	9364770488555		images	200	OK	image_id=49825458028779
2026-05-15 14:29:53	image-delete	delete_product_image	DELETE	https://oz-nails-wa.myshopify.com/admin/api/2024-10/products/9364770521323/images/49825459372267.json	9364770521323		images	200	OK	image_id=49825459372267
2026-05-15 14:29:55	image-delete	delete_product_image	DELETE	https://oz-nails-wa.myshopify.com/admin/api/2024-10/products/9364770554091/images/49825460519147.json	9364770554091		images	200	OK	image_id=49825460519147
2026-05-15 14:29:57	image-delete	delete_product_image	DELETE	https://oz-nails-wa.myshopify.com/admin/api/2024-10/products/9364770619627/images/49825461108971.json	9364770619627		images	200	OK	image_id=49825461108971
2026-05-15 14:29:59	image-delete	delete_product_image	DELETE	https://oz-nails-wa.myshopify.com/admin/api/2024-10/products/9364770652395/images/49825461633259.json	9364770652395		images	200	OK	image_id=49825461633259
2026-05-15 14:30:01	image-delete	delete_product_image	DELETE	https://oz-nails-wa.myshopify.com/admin/api/2024-10/products/9364770685163/images/49825462059243.json	9364770685163		images	200	OK	image_id=49825462059243
2026-05-15 14:30:03	image-delete	delete_product_image	DELETE	https://oz-nails-wa.myshopify.com/admin/api/2024-10/products/9364770717931/images/49825462616299.json	9364770717931		images	200	OK	image_id=49825462616299
2026-05-15 14:30:05	image-delete	delete_product_image	DELETE	https://oz-nails-wa.myshopify.com/admin/api/2024-10/products/9364770750699/images/49825462845675.json	9364770750699		images	200	OK	image_id=49825462845675
2026-05-15 14:30:07	image-delete	delete_product_image	DELETE	https://oz-nails-wa.myshopify.com/admin/api/2024-10/products/9364770783467/images/49825463402731.json	9364770783467		images	200	OK	image_id=49825463402731
2026-05-15 14:30:09	image-delete	delete_product_image	DELETE	https://oz-nails-wa.myshopify.com/admin/api/2024-10/products/9364770816235/images/49825464123627.json	9364770816235		images	200	OK	image_id=49825464123627
2026-05-15 14:30:10	image-delete	delete_product_image	DELETE	https://oz-nails-wa.myshopify.com/admin/api/2024-10/products/9364770881771/images/49825465139435.json	9364770881771		images	200	OK	image_id=49825465139435
2026-05-15 14:30:12	image-delete	delete_product_image	DELETE	https://oz-nails-wa.myshopify.com/admin/api/2024-10/products/9364770947307/images/49825465893099.json	9364770947307		images	200	OK	image_id=49825465893099
2026-05-15 14:30:15	image-delete	delete_product_image	DELETE	https://oz-nails-wa.myshopify.com/admin/api/2024-10/products/9364771012843/images/49825466810603.json	9364771012843		images	200	OK	image_id=49825466810603
2026-05-15 14:30:16	image-delete	delete_product_image	DELETE	https://oz-nails-wa.myshopify.com/admin/api/2024-10/products/9364771078379/images/49825467465963.json	9364771078379		images	200	OK	image_id=49825467465963
2026-05-15 14:30:18	image-delete	delete_product_image	DELETE	https://oz-nails-wa.myshopify.com/admin/api/2024-10/products/9364771111147/images/49825468940523.json	9364771111147		images	200	OK	image_id=49825468940523
2026-05-15 14:30:20	image-delete	delete_product_image	DELETE	https://oz-nails-wa.myshopify.com/admin/api/2024-10/products/9364771143915/images/49825471037675.json	9364771143915		images	200	OK	image_id=49825471037675
2026-05-15 14:30:22	image-delete	delete_product_image	DELETE	https://oz-nails-wa.myshopify.com/admin/api/2024-10/products/9364771176683/images/49825472610539.json	9364771176683		images	200	OK	image_id=49825472610539
2026-05-15 14:30:24	image-delete	delete_product_image	DELETE	https://oz-nails-wa.myshopify.com/admin/api/2024-10/products/9364771242219/images/49825474216171.json	9364771242219		images	200	OK	image_id=49825474216171
2026-05-15 14:30:27	image-delete	delete_product_image	DELETE	https://oz-nails-wa.myshopify.com/admin/api/2024-10/products/9364771274987/images/49825474674923.json	9364771274987		images	200	OK	image_id=49825474674923
2026-05-15 14:30:29	image-delete	delete_product_image	DELETE	https://oz-nails-wa.myshopify.com/admin/api/2024-10/products/9364771307755/images/49825475297515.json	9364771307755		images	200	OK	image_id=49825475297515
2026-05-15 14:30:31	image-delete	delete_product_image	DELETE	https://oz-nails-wa.myshopify.com/admin/api/2024-10/products/9364771340523/images/49825475690731.json	9364771340523		images	200	OK	image_id=49825475690731
2026-05-15 14:30:33	image-delete	delete_product_image	DELETE	https://oz-nails-wa.myshopify.com/admin/api/2024-10/products/9364771373291/images/49825476083947.json	9364771373291		images	200	OK	image_id=49825476083947
2026-05-15 14:30:34	image-delete	delete_product_image	DELETE	https://oz-nails-wa.myshopify.com/admin/api/2024-10/products/9364771438827/images/49825476542699.json	9364771438827		images	200	OK	image_id=49825476542699
2026-05-15 14:30:36	image-delete	delete_product_image	DELETE	https://oz-nails-wa.myshopify.com/admin/api/2024-10/products/9364771471595/images/49825477427435.json	9364771471595		images	200	OK	image_id=49825477427435
2026-05-15 14:30:38	image-delete	delete_product_image	DELETE	https://oz-nails-wa.myshopify.com/admin/api/2024-10/products/9364771504363/images/49825478410475.json	9364771504363		images	200	OK	image_id=49825478410475
2026-05-15 14:30:40	image-delete	delete_product_image	DELETE	https://oz-nails-wa.myshopify.com/admin/api/2024-10/products/9364771537131/images/49825479360747.json	9364771537131		images	200	OK	image_id=49825479360747
2026-05-15 14:30:42	image-delete	delete_product_image	DELETE	https://oz-nails-wa.myshopify.com/admin/api/2024-10/products/9364771569899/images/49825480278251.json	9364771569899		images	200	OK	image_id=49825480278251
2026-05-15 14:30:44	image-delete	delete_product_image	DELETE	https://oz-nails-wa.myshopify.com/admin/api/2024-10/products/9364771602667/images/49825481425131.json	9364771602667		images	200	OK	image_id=49825481425131
2026-05-15 14:30:46	image-delete	delete_product_image	DELETE	https://oz-nails-wa.myshopify.com/admin/api/2024-10/products/9364771635435/images/49825482604779.json	9364771635435		images	200	OK	image_id=49825482604779
2026-05-15 14:30:47	image-delete	delete_product_image	DELETE	https://oz-nails-wa.myshopify.com/admin/api/2024-10/products/9364771668203/images/49825482866923.json	9364771668203		images	200	OK	image_id=49825482866923
2026-05-15 14:30:49	image-delete	delete_product_image	DELETE	https://oz-nails-wa.myshopify.com/admin/api/2024-10/products/9364771700971/images/49825483063531.json	9364771700971		images	200	OK	image_id=49825483063531
2026-05-15 14:30:51	image-delete	delete_product_image	DELETE	https://oz-nails-wa.myshopify.com/admin/api/2024-10/products/9364771733739/images/49825483358443.json	9364771733739		images	200	OK	image_id=49825483358443
2026-05-15 14:30:53	image-delete	delete_product_image	DELETE	https://oz-nails-wa.myshopify.com/admin/api/2024-10/products/9364771766507/images/49825484079339.json	9364771766507		images	200	OK	image_id=49825484079339
2026-05-15 14:30:55	image-delete	delete_product_image	DELETE	https://oz-nails-wa.myshopify.com/admin/api/2024-10/products/9364771799275/images/49825484538091.json	9364771799275		images	200	OK	image_id=49825484538091
2026-05-15 14:30:57	image-delete	delete_product_image	DELETE	https://oz-nails-wa.myshopify.com/admin/api/2024-10/products/9364771832043/images/49825484996843.json	9364771832043		images	200	OK	image_id=49825484996843
2026-05-15 14:30:59	image-delete	delete_product_image	DELETE	https://oz-nails-wa.myshopify.com/admin/api/2024-10/products/9364771864811/images/49825485488363.json	9364771864811		images	200	OK	image_id=49825485488363
2026-05-15 14:31:01	image-delete	delete_product_image	DELETE	https://oz-nails-wa.myshopify.com/admin/api/2024-10/products/9364771930347/images/49825486340331.json	9364771930347		images	200	OK	image_id=49825486340331
2026-05-15 14:31:03	image-delete	delete_product_image	DELETE	https://oz-nails-wa.myshopify.com/admin/api/2024-10/products/9364771963115/images/49825487126763.json	9364771963115		images	200	OK	image_id=49825487126763
2026-05-15 14:31:05	image-delete	delete_product_image	DELETE	https://oz-nails-wa.myshopify.com/admin/api/2024-10/products/9364771995883/images/49825488273643.json	9364771995883		images	200	OK	image_id=49825488273643
2026-05-15 14:31:07	image-delete	delete_product_image	DELETE	https://oz-nails-wa.myshopify.com/admin/api/2024-10/products/9364772028651/images/49825488896235.json	9364772028651		images	200	OK	image_id=49825488896235
2026-05-15 14:31:09	image-delete	delete_product_image	DELETE	https://oz-nails-wa.myshopify.com/admin/api/2024-10/products/9364772061419/images/49825489944811.json	9364772061419		images	200	OK	image_id=49825489944811
2026-05-15 14:31:10	image-delete	delete_product_image	DELETE	https://oz-nails-wa.myshopify.com/admin/api/2024-10/products/9364772094187/images/49825491222763.json	9364772094187		images	200	OK	image_id=49825491222763
2026-05-15 14:31:12	image-delete	delete_product_image	DELETE	https://oz-nails-wa.myshopify.com/admin/api/2024-10/products/9364772126955/images/49825492599019.json	9364772126955		images	200	OK	image_id=49825492599019
2026-05-15 14:31:14	image-delete	delete_product_image	DELETE	https://oz-nails-wa.myshopify.com/admin/api/2024-10/products/9364772192491/images/49825493090539.json	9364772192491		images	200	OK	image_id=49825493090539
2026-05-15 14:31:16	image-delete	delete_product_image	DELETE	https://oz-nails-wa.myshopify.com/admin/api/2024-10/products/9364772225259/images/49825493385451.json	9364772225259		images	200	OK	image_id=49825493385451
2026-05-15 14:31:18	image-delete	delete_product_image	DELETE	https://oz-nails-wa.myshopify.com/admin/api/2024-10/products/9364772258027/images/49825493811435.json	9364772258027		images	200	OK	image_id=49825493811435
2026-05-15 14:31:20	image-delete	delete_product_image	DELETE	https://oz-nails-wa.myshopify.com/admin/api/2024-10/products/9364772290795/images/49825494237419.json	9364772290795		images	200	OK	image_id=49825494237419
2026-05-15 14:31:22	image-delete	delete_product_image	DELETE	https://oz-nails-wa.myshopify.com/admin/api/2024-10/products/9364772323563/images/49825494466795.json	9364772323563		images	200	OK	image_id=49825494466795
2026-05-15 14:31:24	image-delete	delete_product_image	DELETE	https://oz-nails-wa.myshopify.com/admin/api/2024-10/products/9364772356331/images/49825494892779.json	9364772356331		images	200	OK	image_id=49825494892779
2026-05-15 14:31:26	image-delete	delete_product_image	DELETE	https://oz-nails-wa.myshopify.com/admin/api/2024-10/products/9364772389099/images/49825495417067.json	9364772389099		images	200	OK	image_id=49825495417067
2026-05-15 14:31:28	image-delete	delete_product_image	DELETE	https://oz-nails-wa.myshopify.com/admin/api/2024-10/products/9364772421867/images/49825496203499.json	9364772421867		images	200	OK	image_id=49825496203499
2026-05-15 14:31:29	image-delete	delete_product_image	DELETE	https://oz-nails-wa.myshopify.com/admin/api/2024-10/products/9364772454635/images/49825497121003.json	9364772454635		images	200	OK	image_id=49825497121003
2026-05-15 14:31:31	image-delete	delete_product_image	DELETE	https://oz-nails-wa.myshopify.com/admin/api/2024-10/products/9364772487403/images/49825498038507.json	9364772487403		images	200	OK	image_id=49825498038507
2026-05-15 14:31:33	image-delete	delete_product_image	DELETE	https://oz-nails-wa.myshopify.com/admin/api/2024-10/products/9364772552939/images/49825499087083.json	9364772552939		images	200	OK	image_id=49825499087083
2026-05-15 14:31:35	image-delete	delete_product_image	DELETE	https://oz-nails-wa.myshopify.com/admin/api/2024-10/products/9364772618475/images/49825500102891.json	9364772618475		images	200	OK	image_id=49825500102891
2026-05-15 14:31:37	image-delete	delete_product_image	DELETE	https://oz-nails-wa.myshopify.com/admin/api/2024-10/products/9364772651243/images/49825501118699.json	9364772651243		images	200	OK	image_id=49825501118699
2026-05-15 14:31:39	image-delete	delete_product_image	DELETE	https://oz-nails-wa.myshopify.com/admin/api/2024-10/products/9364772684011/images/49825501217003.json	9364772684011		images	200	OK	image_id=49825501217003
2026-05-15 14:31:41	image-delete	delete_product_image	DELETE	https://oz-nails-wa.myshopify.com/admin/api/2024-10/products/9364772716779/images/49825502068971.json	9364772716779		images	200	OK	image_id=49825502068971
2026-05-15 14:31:43	image-delete	delete_product_image	DELETE	https://oz-nails-wa.myshopify.com/admin/api/2024-10/products/9364772749547/images/49825502560491.json	9364772749547		images	200	OK	image_id=49825502560491
2026-05-15 14:31:45	image-delete	delete_product_image	DELETE	https://oz-nails-wa.myshopify.com/admin/api/2024-10/products/9364772782315/images/49825502658795.json	9364772782315		images	200	OK	image_id=49825502658795
2026-05-15 14:31:47	image-delete	delete_product_image	DELETE	https://oz-nails-wa.myshopify.com/admin/api/2024-10/products/9364772815083/images/49825502789867.json	9364772815083		images	200	OK	image_id=49825502789867
2026-05-15 14:31:49	image-delete	delete_product_image	DELETE	https://oz-nails-wa.myshopify.com/admin/api/2024-10/products/9364772847851/images/49825502888171.json	9364772847851		images	200	OK	image_id=49825502888171
2026-05-15 14:31:51	image-delete	delete_product_image	DELETE	https://oz-nails-wa.myshopify.com/admin/api/2024-10/products/9364772913387/images/49825503150315.json	9364772913387		images	200	OK	image_id=49825503150315
2026-05-15 14:31:53	image-delete	delete_product_image	DELETE	https://oz-nails-wa.myshopify.com/admin/api/2024-10/products/9364772946155/images/49825503969515.json	9364772946155		images	200	OK	image_id=49825503969515
2026-05-15 14:31:55	image-delete	delete_product_image	DELETE	https://oz-nails-wa.myshopify.com/admin/api/2024-10/products/9364772978923/images/49825505018091.json	9364772978923		images	200	OK	image_id=49825505018091
2026-05-15 14:31:57	image-delete	delete_product_image	DELETE	https://oz-nails-wa.myshopify.com/admin/api/2024-10/products/9364773011691/images/49825505673451.json	9364773011691		images	200	OK	image_id=49825505673451
2026-05-15 14:31:59	image-delete	delete_product_image	DELETE	https://oz-nails-wa.myshopify.com/admin/api/2024-10/products/9364773044459/images/49825506394347.json	9364773044459		images	200	OK	image_id=49825506394347
2026-05-15 14:32:00	image-delete	delete_product_image	DELETE	https://oz-nails-wa.myshopify.com/admin/api/2024-10/products/9364773077227/images/49825507344619.json	9364773077227		images	200	OK	image_id=49825507344619
2026-05-15 14:32:02	image-delete	delete_product_image	DELETE	https://oz-nails-wa.myshopify.com/admin/api/2024-10/products/9364773109995/images/49825507934443.json	9364773109995		images	200	OK	image_id=49825507934443
2026-05-15 14:32:04	image-delete	delete_product_image	DELETE	https://oz-nails-wa.myshopify.com/admin/api/2024-10/products/9364773142763/images/49825508557035.json	9364773142763		images	200	OK	image_id=49825508557035
2026-05-15 14:32:06	image-delete	delete_product_image	DELETE	https://oz-nails-wa.myshopify.com/admin/api/2024-10/products/9364773175531/images/49825508950251.json	9364773175531		images	200	OK	image_id=49825508950251
2026-05-15 14:32:08	image-delete	delete_product_image	DELETE	https://oz-nails-wa.myshopify.com/admin/api/2024-10/products/9364773241067/images/49825509081323.json	9364773241067		images	200	OK	image_id=49825509081323
2026-05-15 14:32:10	image-delete	delete_product_image	DELETE	https://oz-nails-wa.myshopify.com/admin/api/2024-10/products/9364773273835/images/49825509441771.json	9364773273835		images	200	OK	image_id=49825509441771
2026-05-15 14:32:12	image-delete	delete_product_image	DELETE	https://oz-nails-wa.myshopify.com/admin/api/2024-10/products/9364773306603/images/49825509572843.json	9364773306603		images	200	OK	image_id=49825509572843
2026-05-15 14:32:14	image-delete	delete_product_image	DELETE	https://oz-nails-wa.myshopify.com/admin/api/2024-10/products/9364773339371/images/49825509736683.json	9364773339371		images	200	OK	image_id=49825509736683
2026-05-15 14:32:16	image-delete	delete_product_image	DELETE	https://oz-nails-wa.myshopify.com/admin/api/2024-10/products/9364773372139/images/49825509802219.json	9364773372139		images	200	OK	image_id=49825509802219
2026-05-15 14:32:18	image-delete	delete_product_image	DELETE	https://oz-nails-wa.myshopify.com/admin/api/2024-10/products/9364773404907/images/49825510097131.json	9364773404907		images	200	OK	image_id=49825510097131
2026-05-15 14:32:19	image-delete	delete_product_image	DELETE	https://oz-nails-wa.myshopify.com/admin/api/2024-10/products/9364773437675/images/49825510785259.json	9364773437675		images	200	OK	image_id=49825510785259
2026-05-15 14:32:21	image-delete	delete_product_image	DELETE	https://oz-nails-wa.myshopify.com/admin/api/2024-10/products/9364773470443/images/49825511506155.json	9364773470443		images	200	OK	image_id=49825511506155
2026-05-15 14:32:23	image-delete	delete_product_image	DELETE	https://oz-nails-wa.myshopify.com/admin/api/2024-10/products/9364773503211/images/49825512161515.json	9364773503211		images	200	OK	image_id=49825512161515
2026-05-15 14:32:25	image-delete	delete_product_image	DELETE	https://oz-nails-wa.myshopify.com/admin/api/2024-10/products/9364773535979/images/49825512784107.json	9364773535979		images	200	OK	image_id=49825512784107
2026-05-15 14:32:27	image-delete	delete_product_image	DELETE	https://oz-nails-wa.myshopify.com/admin/api/2024-10/products/9364773568747/images/49825513832683.json	9364773568747		images	200	OK	image_id=49825513832683
2026-05-15 14:32:29	image-delete	delete_product_image	DELETE	https://oz-nails-wa.myshopify.com/admin/api/2024-10/products/9364773601515/images/49825514782955.json	9364773601515		images	200	OK	image_id=49825514782955
2026-05-15 14:32:31	image-delete	delete_product_image	DELETE	https://oz-nails-wa.myshopify.com/admin/api/2024-10/products/9364773634283/images/49825515634923.json	9364773634283		images	200	OK	image_id=49825515634923
2026-05-15 14:32:33	image-delete	delete_product_image	DELETE	https://oz-nails-wa.myshopify.com/admin/api/2024-10/products/9364773667051/images/49825516945643.json	9364773667051		images	200	OK	image_id=49825516945643
2026-05-15 14:32:35	image-delete	delete_product_image	DELETE	https://oz-nails-wa.myshopify.com/admin/api/2024-10/products/9364773699819/images/49825517175019.json	9364773699819		images	200	OK	image_id=49825517175019
2026-05-15 14:32:37	image-delete	delete_product_image	DELETE	https://oz-nails-wa.myshopify.com/admin/api/2024-10/products/9364773732587/images/49825517371627.json	9364773732587		images	200	OK	image_id=49825517371627
2026-05-15 14:32:39	image-delete	delete_product_image	DELETE	https://oz-nails-wa.myshopify.com/admin/api/2024-10/products/9364773765355/images/49825517535467.json	9364773765355		images	200	OK	image_id=49825517535467
2026-05-15 14:32:41	image-delete	delete_product_image	DELETE	https://oz-nails-wa.myshopify.com/admin/api/2024-10/products/9364773798123/images/49825517666539.json	9364773798123		images	200	OK	image_id=49825517666539
2026-05-15 14:32:43	image-delete	delete_product_image	DELETE	https://oz-nails-wa.myshopify.com/admin/api/2024-10/products/9364773830891/images/49825518059755.json	9364773830891		images	200	OK	image_id=49825518059755
2026-05-15 14:32:45	image-delete	delete_product_image	DELETE	https://oz-nails-wa.myshopify.com/admin/api/2024-10/products/9364773863659/images/49825519075563.json	9364773863659		images	200	OK	image_id=49825519075563
2026-05-15 14:32:47	image-delete	delete_product_image	DELETE	https://oz-nails-wa.myshopify.com/admin/api/2024-10/products/9364773896427/images/49825519567083.json	9364773896427		images	200	OK	image_id=49825519567083
2026-05-15 14:32:49	image-delete	delete_product_image	DELETE	https://oz-nails-wa.myshopify.com/admin/api/2024-10/products/9364773929195/images/49825520124139.json	9364773929195		images	200	OK	image_id=49825520124139
2026-05-15 14:32:51	image-delete	delete_product_image	DELETE	https://oz-nails-wa.myshopify.com/admin/api/2024-10/products/9364773994731/images/49825520976107.json	9364773994731		images	200	OK	image_id=49825520976107
2026-05-15 14:32:52	image-delete	delete_product_image	DELETE	https://oz-nails-wa.myshopify.com/admin/api/2024-10/products/9364774060267/images/49825521828075.json	9364774060267		images	200	OK	image_id=49825521828075
2026-05-15 14:32:54	image-delete	delete_product_image	DELETE	https://oz-nails-wa.myshopify.com/admin/api/2024-10/products/9364774125803/images/49825522548971.json	9364774125803		images	200	OK	image_id=49825522548971
2026-05-15 14:32:56	image-delete	delete_product_image	DELETE	https://oz-nails-wa.myshopify.com/admin/api/2024-10/products/9364774191339/images/49825523204331.json	9364774191339		images	200	OK	image_id=49825523204331
2026-05-15 14:32:58	image-delete	delete_product_image	DELETE	https://oz-nails-wa.myshopify.com/admin/api/2024-10/products/9364774256875/images/49825523335403.json	9364774256875		images	200	OK	image_id=49825523335403
2026-05-15 14:33:00	image-delete	delete_product_image	DELETE	https://oz-nails-wa.myshopify.com/admin/api/2024-10/products/9364774355179/images/49825523466475.json	9364774355179		images	200	OK	image_id=49825523466475
2026-05-15 14:33:02	image-delete	delete_product_image	DELETE	https://oz-nails-wa.myshopify.com/admin/api/2024-10/products/9364774453483/images/49825523597547.json	9364774453483		images	200	OK	image_id=49825523597547
2026-05-15 14:33:04	image-delete	delete_product_image	DELETE	https://oz-nails-wa.myshopify.com/admin/api/2024-10/products/9364774519019/images/49825523695851.json	9364774519019		images	200	OK	image_id=49825523695851
2026-05-15 14:33:06	image-delete	delete_product_image	DELETE	https://oz-nails-wa.myshopify.com/admin/api/2024-10/products/9364774551787/images/49825523826923.json	9364774551787		images	200	OK	image_id=49825523826923
2026-05-15 14:33:08	image-delete	delete_product_image	DELETE	https://oz-nails-wa.myshopify.com/admin/api/2024-10/products/9364774584555/images/49825524154603.json	9364774584555		images	200	OK	image_id=49825524154603
2026-05-15 14:33:09	image-delete	delete_product_image	DELETE	https://oz-nails-wa.myshopify.com/admin/api/2024-10/products/9364774617323/images/49825524809963.json	9364774617323		images	200	OK	image_id=49825524809963
2026-05-15 14:33:11	image-delete	delete_product_image	DELETE	https://oz-nails-wa.myshopify.com/admin/api/2024-10/products/9364774650091/images/49825525825771.json	9364774650091		images	200	OK	image_id=49825525825771
2026-05-15 14:33:13	image-delete	delete_product_image	DELETE	https://oz-nails-wa.myshopify.com/admin/api/2024-10/products/9364774682859/images/49825526415595.json	9364774682859		images	200	OK	image_id=49825526415595
2026-05-15 14:33:15	image-delete	delete_product_image	DELETE	https://oz-nails-wa.myshopify.com/admin/api/2024-10/products/9364774781163/images/49825527234795.json	9364774781163		images	200	OK	image_id=49825527234795
2026-05-15 14:33:17	image-delete	delete_product_image	DELETE	https://oz-nails-wa.myshopify.com/admin/api/2024-10/products/9365098496235/images/49825527988459.json	9365098496235		images	200	OK	image_id=49825527988459
2026-05-15 14:33:19	image-delete	delete_product_image	DELETE	https://oz-nails-wa.myshopify.com/admin/api/2024-10/products/9365268005099/images/49825529397483.json	9365268005099		images	200	OK	image_id=49825529397483
2026-05-15 14:33:21	image-delete	delete_product_image	DELETE	https://oz-nails-wa.myshopify.com/admin/api/2024-10/products/9364774945003/images/49825530052843.json	9364774945003		images	200	OK	image_id=49825530052843
2026-05-15 14:33:22	image-delete	delete_product_image	DELETE	https://oz-nails-wa.myshopify.com/admin/api/2024-10/products/9364775076075/images/49825530183915.json	9364775076075		images	200	OK	image_id=49825530183915
2026-05-15 14:33:24	image-delete	delete_product_image	DELETE	https://oz-nails-wa.myshopify.com/admin/api/2024-10/products/9364775141611/images/49825530347755.json	9364775141611		images	200	OK	image_id=49825530347755
2026-05-15 14:33:26	image-delete	delete_product_image	DELETE	https://oz-nails-wa.myshopify.com/admin/api/2024-10/products/9364775174379/images/49825530675435.json	9364775174379		images	200	OK	image_id=49825530675435
2026-05-15 14:33:28	image-delete	delete_product_image	DELETE	https://oz-nails-wa.myshopify.com/admin/api/2024-10/products/9364775207147/images/49825530970347.json	9364775207147		images	200	OK	image_id=49825530970347
2026-05-15 14:33:30	image-delete	delete_product_image	DELETE	https://oz-nails-wa.myshopify.com/admin/api/2024-10/products/9364775272683/images/49825531134187.json	9364775272683		images	200	OK	image_id=49825531134187
2026-05-15 14:33:32	image-delete	delete_product_image	DELETE	https://oz-nails-wa.myshopify.com/admin/api/2024-10/products/9364775370987/images/49825531953387.json	9364775370987		images	200	OK	image_id=49825531953387
2026-05-15 14:33:34	image-delete	delete_product_image	DELETE	https://oz-nails-wa.myshopify.com/admin/api/2024-10/products/9364775469291/images/49825532772587.json	9364775469291		images	200	OK	image_id=49825532772587
2026-05-15 14:33:36	image-delete	delete_product_image	DELETE	https://oz-nails-wa.myshopify.com/admin/api/2024-10/products/9364775502059/images/49825533690091.json	9364775502059		images	200	OK	image_id=49825533690091
2026-05-15 14:33:39	image-delete	delete_product_image	DELETE	https://oz-nails-wa.myshopify.com/admin/api/2024-10/products/9364775567595/images/49825534312683.json	9364775567595		images	200	OK	image_id=49825534312683
2026-05-15 14:33:41	image-delete	delete_product_image	DELETE	https://oz-nails-wa.myshopify.com/admin/api/2024-10/products/9364775633131/images/49825535590635.json	9364775633131		images	200	OK	image_id=49825535590635
2026-05-15 14:33:43	image-delete	delete_product_image	DELETE	https://oz-nails-wa.myshopify.com/admin/api/2024-10/products/9364775698667/images/49825536213227.json	9364775698667		images	200	OK	image_id=49825536213227
2026-05-15 14:33:45	image-delete	delete_product_image	DELETE	https://oz-nails-wa.myshopify.com/admin/api/2024-10/products/9364775731435/images/49825536966891.json	9364775731435		images	200	OK	image_id=49825536966891
2026-05-15 14:33:47	image-delete	delete_product_image	DELETE	https://oz-nails-wa.myshopify.com/admin/api/2024-10/products/9364775796971/images/49825537425643.json	9364775796971		images	200	OK	image_id=49825537425643
2026-05-15 14:33:49	image-delete	delete_product_image	DELETE	https://oz-nails-wa.myshopify.com/admin/api/2024-10/products/9364775895275/images/49825537720555.json	9364775895275		images	200	OK	image_id=49825537720555
2026-05-15 14:33:51	image-delete	delete_product_image	DELETE	https://oz-nails-wa.myshopify.com/admin/api/2024-10/products/9364775960811/images/49825537884395.json	9364775960811		images	200	OK	image_id=49825537884395
2026-05-15 14:33:53	image-delete	delete_product_image	DELETE	https://oz-nails-wa.myshopify.com/admin/api/2024-10/products/9364775993579/images/49825538212075.json	9364775993579		images	200	OK	image_id=49825538212075
2026-05-15 14:33:55	image-delete	delete_product_image	DELETE	https://oz-nails-wa.myshopify.com/admin/api/2024-10/products/9364776026347/images/49825538572523.json	9364776026347		images	200	OK	image_id=49825538572523
2026-05-15 14:33:57	image-delete	delete_product_image	DELETE	https://oz-nails-wa.myshopify.com/admin/api/2024-10/products/9364776059115/images/49825539129579.json	9364776059115		images	200	OK	image_id=49825539129579
2026-05-15 14:33:59	image-delete	delete_product_image	DELETE	https://oz-nails-wa.myshopify.com/admin/api/2024-10/products/9364776091883/images/49825539916011.json	9364776091883		images	200	OK	image_id=49825539916011
2026-05-15 14:34:01	image-delete	delete_product_image	DELETE	https://oz-nails-wa.myshopify.com/admin/api/2024-10/products/9364776124651/images/49825540899051.json	9364776124651		images	200	OK	image_id=49825540899051
2026-05-15 14:34:02	image-delete	delete_product_image	DELETE	https://oz-nails-wa.myshopify.com/admin/api/2024-10/products/9364776157419/images/49825541587179.json	9364776157419		images	200	OK	image_id=49825541587179
2026-05-15 14:34:05	image-delete	delete_product_image	DELETE	https://oz-nails-wa.myshopify.com/admin/api/2024-10/products/9364776190187/images/49825541947627.json	9364776190187		images	200	OK	image_id=49825541947627
2026-05-15 14:34:06	image-delete	delete_product_image	DELETE	https://oz-nails-wa.myshopify.com/admin/api/2024-10/products/9364776222955/images/49825542963435.json	9364776222955		images	200	OK	image_id=49825542963435
2026-05-15 14:34:09	image-delete	delete_product_image	DELETE	https://oz-nails-wa.myshopify.com/admin/api/2024-10/products/9364776255723/images/49825543717099.json	9364776255723		images	200	OK	image_id=49825543717099
2026-05-15 14:34:11	image-delete	delete_product_image	DELETE	https://oz-nails-wa.myshopify.com/admin/api/2024-10/products/9364776419563/images/49825544241387.json	9364776419563		images	200	OK	image_id=49825544241387
2026-05-15 14:34:13	image-delete	delete_product_image	DELETE	https://oz-nails-wa.myshopify.com/admin/api/2024-10/products/9364776517867/images/49825544339691.json	9364776517867		images	200	OK	image_id=49825544339691
2026-05-15 14:34:15	image-delete	delete_product_image	DELETE	https://oz-nails-wa.myshopify.com/admin/api/2024-10/products/9364776550635/images/49825544601835.json	9364776550635		images	200	OK	image_id=49825544601835
2026-05-15 14:34:17	image-delete	delete_product_image	DELETE	https://oz-nails-wa.myshopify.com/admin/api/2024-10/products/9364776616171/images/49825544798443.json	9364776616171		images	200	OK	image_id=49825544798443
2026-05-15 14:34:19	image-delete	delete_product_image	DELETE	https://oz-nails-wa.myshopify.com/admin/api/2024-10/products/9364776648939/images/49825545027819.json	9364776648939		images	200	OK	image_id=49825545027819
2026-05-15 14:34:21	image-delete	delete_product_image	DELETE	https://oz-nails-wa.myshopify.com/admin/api/2024-10/products/9364776681707/images/49825545158891.json	9364776681707		images	200	OK	image_id=49825545158891
2026-05-15 14:34:22	image-delete	delete_product_image	DELETE	https://oz-nails-wa.myshopify.com/admin/api/2024-10/products/9364776780011/images/49825545584875.json	9364776780011		images	200	OK	image_id=49825545584875
2026-05-15 14:34:24	image-delete	delete_product_image	DELETE	https://oz-nails-wa.myshopify.com/admin/api/2024-10/products/9364776943851/images/49825546502379.json	9364776943851		images	200	OK	image_id=49825546502379
2026-05-15 14:34:26	image-delete	delete_product_image	DELETE	https://oz-nails-wa.myshopify.com/admin/api/2024-10/products/9364777074923/images/49825547092203.json	9364777074923		images	200	OK	image_id=49825547092203
2026-05-15 14:34:28	image-delete	delete_product_image	DELETE	https://oz-nails-wa.myshopify.com/admin/api/2024-10/products/9364777304299/images/49825547878635.json	9364777304299		images	200	OK	image_id=49825547878635
2026-05-15 14:34:30	image-delete	delete_product_image	DELETE	https://oz-nails-wa.myshopify.com/admin/api/2024-10/products/9364777402603/images/49825548861675.json	9364777402603		images	200	OK	image_id=49825548861675
2026-05-15 14:34:32	image-delete	delete_product_image	DELETE	https://oz-nails-wa.myshopify.com/admin/api/2024-10/products/9364777566443/images/49825549484267.json	9364777566443		images	200	OK	image_id=49825549484267
2026-05-15 14:34:34	image-delete	delete_product_image	DELETE	https://oz-nails-wa.myshopify.com/admin/api/2024-10/products/9364777631979/images/49825551155435.json	9364777631979		images	200	OK	image_id=49825551155435
2026-05-15 14:34:36	image-delete	delete_product_image	DELETE	https://oz-nails-wa.myshopify.com/admin/api/2024-10/products/9364777664747/images/49825552269547.json	9364777664747		images	200	OK	image_id=49825552269547
2026-05-15 14:34:38	image-delete	delete_product_image	DELETE	https://oz-nails-wa.myshopify.com/admin/api/2024-10/products/9364777730283/images/49825554071787.json	9364777730283		images	200	OK	image_id=49825554071787
2026-05-15 14:34:40	image-delete	delete_product_image	DELETE	https://oz-nails-wa.myshopify.com/admin/api/2024-10/products/9364777763051/images/49825554497771.json	9364777763051		images	200	OK	image_id=49825554497771
2026-05-15 14:34:42	image-delete	delete_product_image	DELETE	https://oz-nails-wa.myshopify.com/admin/api/2024-10/products/9364777795819/images/49825554694379.json	9364777795819		images	200	OK	image_id=49825554694379
2026-05-15 14:34:44	image-delete	delete_product_image	DELETE	https://oz-nails-wa.myshopify.com/admin/api/2024-10/products/9364777861355/images/49825554858219.json	9364777861355		images	200	OK	image_id=49825554858219
2026-05-15 14:34:45	image-delete	delete_product_image	DELETE	https://oz-nails-wa.myshopify.com/admin/api/2024-10/products/9364777992427/images/49825555546347.json	9364777992427		images	200	OK	image_id=49825555546347
2026-05-15 14:34:47	image-delete	delete_product_image	DELETE	https://oz-nails-wa.myshopify.com/admin/api/2024-10/products/9364778025195/images/49825556136171.json	9364778025195		images	200	OK	image_id=49825556136171
2026-05-15 14:34:49	image-delete	delete_product_image	DELETE	https://oz-nails-wa.myshopify.com/admin/api/2024-10/products/9364778090731/images/49825556758763.json	9364778090731		images	200	OK	image_id=49825556758763
2026-05-15 14:34:51	image-delete	delete_product_image	DELETE	https://oz-nails-wa.myshopify.com/admin/api/2024-10/products/9364778156267/images/49825557709035.json	9364778156267		images	200	OK	image_id=49825557709035
2026-05-15 14:34:53	image-delete	delete_product_image	DELETE	https://oz-nails-wa.myshopify.com/admin/api/2024-10/products/9364778221803/images/49825558429931.json	9364778221803		images	200	OK	image_id=49825558429931
2026-05-15 14:34:55	image-delete	delete_product_image	DELETE	https://oz-nails-wa.myshopify.com/admin/api/2024-10/products/9364778254571/images/49825559019755.json	9364778254571		images	200	OK	image_id=49825559019755
2026-05-15 14:34:57	image-delete	delete_product_image	DELETE	https://oz-nails-wa.myshopify.com/admin/api/2024-10/products/9364778320107/images/49825559380203.json	9364778320107		images	200	OK	image_id=49825559380203
2026-05-15 14:34:59	image-delete	delete_product_image	DELETE	https://oz-nails-wa.myshopify.com/admin/api/2024-10/products/9364778385643/images/49825559904491.json	9364778385643		images	200	OK	image_id=49825559904491
2026-05-15 14:35:00	image-delete	delete_product_image	DELETE	https://oz-nails-wa.myshopify.com/admin/api/2024-10/products/9364778418411/images/49825560068331.json	9364778418411		images	200	OK	image_id=49825560068331
2026-05-15 14:35:02	image-delete	delete_product_image	DELETE	https://oz-nails-wa.myshopify.com/admin/api/2024-10/products/9364778516715/images/49825560199403.json	9364778516715		images	200	OK	image_id=49825560199403
2026-05-15 14:35:04	image-delete	delete_product_image	DELETE	https://oz-nails-wa.myshopify.com/admin/api/2024-10/products/9364778549483/images/49825560592619.json	9364778549483		images	200	OK	image_id=49825560592619
2026-05-15 14:35:06	image-delete	delete_product_image	DELETE	https://oz-nails-wa.myshopify.com/admin/api/2024-10/products/9364778582251/images/49825560723691.json	9364778582251		images	200	OK	image_id=49825560723691
2026-05-15 14:35:08	image-delete	delete_product_image	DELETE	https://oz-nails-wa.myshopify.com/admin/api/2024-10/products/9364778615019/images/49825560985835.json	9364778615019		images	200	OK	image_id=49825560985835
2026-05-15 14:35:10	image-delete	delete_product_image	DELETE	https://oz-nails-wa.myshopify.com/admin/api/2024-10/products/9364778647787/images/49825561444587.json	9364778647787		images	200	OK	image_id=49825561444587
2026-05-15 14:35:12	image-delete	delete_product_image	DELETE	https://oz-nails-wa.myshopify.com/admin/api/2024-10/products/9364778680555/images/49825562263787.json	9364778680555		images	200	OK	image_id=49825562263787
2026-05-15 14:35:13	image-delete	delete_product_image	DELETE	https://oz-nails-wa.myshopify.com/admin/api/2024-10/products/9364778713323/images/49825563017451.json	9364778713323		images	200	OK	image_id=49825563017451
2026-05-15 14:35:16	image-delete	delete_product_image	DELETE	https://oz-nails-wa.myshopify.com/admin/api/2024-10/products/9364778746091/images/49825563771115.json	9364778746091		images	200	OK	image_id=49825563771115
2026-05-15 14:35:18	image-delete	delete_product_image	DELETE	https://oz-nails-wa.myshopify.com/admin/api/2024-10/products/9364778778859/images/49825564557547.json	9364778778859		images	200	OK	image_id=49825564557547
2026-05-15 14:35:20	image-delete	delete_product_image	DELETE	https://oz-nails-wa.myshopify.com/admin/api/2024-10/products/9364778811627/images/49825565245675.json	9364778811627		images	200	OK	image_id=49825565245675
2026-05-15 14:35:21	image-delete	delete_product_image	DELETE	https://oz-nails-wa.myshopify.com/admin/api/2024-10/products/9364778942699/images/49825566032107.json	9364778942699		images	200	OK	image_id=49825566032107
2026-05-15 14:35:23	image-delete	delete_product_image	DELETE	https://oz-nails-wa.myshopify.com/admin/api/2024-10/products/9364779008235/images/49825566884075.json	9364779008235		images	200	OK	image_id=49825566884075
2026-05-15 14:35:25	image-delete	delete_product_image	DELETE	https://oz-nails-wa.myshopify.com/admin/api/2024-10/products/9364779041003/images/49825567572203.json	9364779041003		images	200	OK	image_id=49825567572203
2026-05-15 14:35:27	image-delete	delete_product_image	DELETE	https://oz-nails-wa.myshopify.com/admin/api/2024-10/products/9364779106539/images/49825568293099.json	9364779106539		images	200	OK	image_id=49825568293099
2026-05-15 14:35:29	image-delete	delete_product_image	DELETE	https://oz-nails-wa.myshopify.com/admin/api/2024-10/products/9364779139307/images/49825568489707.json	9364779139307		images	200	OK	image_id=49825568489707
2026-05-15 14:35:31	image-delete	delete_product_image	DELETE	https://oz-nails-wa.myshopify.com/admin/api/2024-10/products/9364779172075/images/49825568719083.json	9364779172075		images	200	OK	image_id=49825568719083
2026-05-15 14:35:33	image-delete	delete_product_image	DELETE	https://oz-nails-wa.myshopify.com/admin/api/2024-10/products/9364779204843/images/49825569243371.json	9364779204843		images	200	OK	image_id=49825569243371
2026-05-15 14:35:35	image-delete	delete_product_image	DELETE	https://oz-nails-wa.myshopify.com/admin/api/2024-10/products/9364779237611/images/49825570554091.json	9364779237611		images	200	OK	image_id=49825570554091
2026-05-15 14:35:38	image-delete	delete_product_image	DELETE	https://oz-nails-wa.myshopify.com/admin/api/2024-10/products/9365149941995/images/49825572225259.json	9365149941995		images	200	OK	image_id=49825572225259
2026-05-15 14:35:40	image-delete	delete_product_image	DELETE	https://oz-nails-wa.myshopify.com/admin/api/2024-10/products/9365150138603/images/49825573306603.json	9365150138603		images	200	OK	image_id=49825573306603
2026-05-15 14:35:42	image-delete	delete_product_image	DELETE	https://oz-nails-wa.myshopify.com/admin/api/2024-10/products/9364779303147/images/49825574387947.json	9364779303147		images	200	OK	image_id=49825574387947
2026-05-15 14:35:44	image-delete	delete_product_image	DELETE	https://oz-nails-wa.myshopify.com/admin/api/2024-10/products/9364779335915/images/49825575502059.json	9364779335915		images	200	OK	image_id=49825575502059
2026-05-15 14:35:46	image-delete	delete_product_image	DELETE	https://oz-nails-wa.myshopify.com/admin/api/2024-10/products/9364779368683/images/49825576845547.json	9364779368683		images	200	OK	image_id=49825576845547
2026-05-15 14:35:48	image-delete	delete_product_image	DELETE	https://oz-nails-wa.myshopify.com/admin/api/2024-10/products/9364779401451/images/49825577959659.json	9364779401451		images	200	OK	image_id=49825577959659
2026-05-15 14:35:50	image-delete	delete_product_image	DELETE	https://oz-nails-wa.myshopify.com/admin/api/2024-10/products/9364779434219/images/49825578647787.json	9364779434219		images	200	OK	image_id=49825578647787
2026-05-15 14:35:52	image-delete	delete_product_image	DELETE	https://oz-nails-wa.myshopify.com/admin/api/2024-10/products/9364779466987/images/49825579335915.json	9364779466987		images	200	OK	image_id=49825579335915
2026-05-15 14:35:54	image-delete	delete_product_image	DELETE	https://oz-nails-wa.myshopify.com/admin/api/2024-10/products/9364779499755/images/49825579532523.json	9364779499755		images	200	OK	image_id=49825579532523
2026-05-15 14:35:56	image-delete	delete_product_image	DELETE	https://oz-nails-wa.myshopify.com/admin/api/2024-10/products/9364779532523/images/49825579630827.json	9364779532523		images	200	OK	image_id=49825579630827
2026-05-15 14:35:58	image-delete	delete_product_image	DELETE	https://oz-nails-wa.myshopify.com/admin/api/2024-10/products/9364779565291/images/49825580351723.json	9364779565291		images	200	OK	image_id=49825580351723
2026-05-15 14:36:00	image-delete	delete_product_image	DELETE	https://oz-nails-wa.myshopify.com/admin/api/2024-10/products/9364779630827/images/49825581367531.json	9364779630827		images	200	OK	image_id=49825581367531
2026-05-15 14:36:02	image-delete	delete_product_image	DELETE	https://oz-nails-wa.myshopify.com/admin/api/2024-10/products/9364779663595/images/49825582285035.json	9364779663595		images	200	OK	image_id=49825582285035
2026-05-15 14:36:04	image-delete	delete_product_image	DELETE	https://oz-nails-wa.myshopify.com/admin/api/2024-10/products/9364779696363/images/49825583202539.json	9364779696363		images	200	OK	image_id=49825583202539
2026-05-15 14:36:06	image-delete	delete_product_image	DELETE	https://oz-nails-wa.myshopify.com/admin/api/2024-10/products/9364779761899/images/49825583857899.json	9364779761899		images	200	OK	image_id=49825583857899
2026-05-15 14:36:08	image-delete	delete_product_image	DELETE	https://oz-nails-wa.myshopify.com/admin/api/2024-10/products/9364779827435/images/49825585037547.json	9364779827435		images	200	OK	image_id=49825585037547
2026-05-15 14:36:10	image-delete	delete_product_image	DELETE	https://oz-nails-wa.myshopify.com/admin/api/2024-10/products/9364779860203/images/49825586249963.json	9364779860203		images	200	OK	image_id=49825586249963
2026-05-15 14:36:12	image-delete	delete_product_image	DELETE	https://oz-nails-wa.myshopify.com/admin/api/2024-10/products/9364779892971/images/49825587527915.json	9364779892971		images	200	OK	image_id=49825587527915
2026-05-15 14:36:14	image-delete	delete_product_image	DELETE	https://oz-nails-wa.myshopify.com/admin/api/2024-10/products/9364779925739/images/49825588478187.json	9364779925739		images	200	OK	image_id=49825588478187
2026-05-15 14:36:16	image-delete	delete_product_image	DELETE	https://oz-nails-wa.myshopify.com/admin/api/2024-10/products/9364779958507/images/49825589756139.json	9364779958507		images	200	OK	image_id=49825589756139
2026-05-15 14:36:18	image-delete	delete_product_image	DELETE	https://oz-nails-wa.myshopify.com/admin/api/2024-10/products/9364779991275/images/49825590542571.json	9364779991275		images	200	OK	image_id=49825590542571
2026-05-15 14:36:20	image-delete	delete_product_image	DELETE	https://oz-nails-wa.myshopify.com/admin/api/2024-10/products/9364780024043/images/49825591165163.json	9364780024043		images	200	OK	image_id=49825591165163
2026-05-15 14:36:22	image-delete	delete_product_image	DELETE	https://oz-nails-wa.myshopify.com/admin/api/2024-10/products/9364780056811/images/49825591722219.json	9364780056811		images	200	OK	image_id=49825591722219
2026-05-15 14:36:24	image-delete	delete_product_image	DELETE	https://oz-nails-wa.myshopify.com/admin/api/2024-10/products/9364780089579/images/49825591820523.json	9364780089579		images	200	OK	image_id=49825591820523
2026-05-15 14:36:26	image-delete	delete_product_image	DELETE	https://oz-nails-wa.myshopify.com/admin/api/2024-10/products/9364780155115/images/49825591951595.json	9364780155115		images	200	OK	image_id=49825591951595
2026-05-15 14:36:28	image-delete	delete_product_image	DELETE	https://oz-nails-wa.myshopify.com/admin/api/2024-10/products/9364780187883/images/49825592213739.json	9364780187883		images	200	OK	image_id=49825592213739
2026-05-15 14:36:30	image-delete	delete_product_image	DELETE	https://oz-nails-wa.myshopify.com/admin/api/2024-10/products/9364780253419/images/49825592344811.json	9364780253419		images	200	OK	image_id=49825592344811
2026-05-15 14:36:32	image-delete	delete_product_image	DELETE	https://oz-nails-wa.myshopify.com/admin/api/2024-10/products/9364780318955/images/49825592475883.json	9364780318955		images	200	OK	image_id=49825592475883
2026-05-15 14:36:34	image-delete	delete_product_image	DELETE	https://oz-nails-wa.myshopify.com/admin/api/2024-10/products/9364780351723/images/49825592606955.json	9364780351723		images	200	OK	image_id=49825592606955
2026-05-15 14:36:36	image-delete	delete_product_image	DELETE	https://oz-nails-wa.myshopify.com/admin/api/2024-10/products/9364780417259/images/49825592770795.json	9364780417259		images	200	OK	image_id=49825592770795
2026-05-15 14:36:38	image-delete	delete_product_image	DELETE	https://oz-nails-wa.myshopify.com/admin/api/2024-10/products/9364780450027/images/49825593000171.json	9364780450027		images	200	OK	image_id=49825593000171
2026-05-15 14:36:40	image-delete	delete_product_image	DELETE	https://oz-nails-wa.myshopify.com/admin/api/2024-10/products/9364780482795/images/49825593229547.json	9364780482795		images	200	OK	image_id=49825593229547
2026-05-15 14:36:42	image-delete	delete_product_image	DELETE	https://oz-nails-wa.myshopify.com/admin/api/2024-10/products/9364781301995/images/49825593393387.json	9364781301995		images	200	OK	image_id=49825593393387
2026-05-15 14:36:44	image-delete	delete_product_image	DELETE	https://oz-nails-wa.myshopify.com/admin/api/2024-10/products/9364781334763/images/49825593491691.json	9364781334763		images	200	OK	image_id=49825593491691
2026-05-15 14:36:46	image-delete	delete_product_image	DELETE	https://oz-nails-wa.myshopify.com/admin/api/2024-10/products/9364781367531/images/49825593688299.json	9364781367531		images	200	OK	image_id=49825593688299
2026-05-15 14:36:48	image-delete	delete_product_image	DELETE	https://oz-nails-wa.myshopify.com/admin/api/2024-10/products/9364781400299/images/49825593884907.json	9364781400299		images	200	OK	image_id=49825593884907
2026-05-15 14:36:50	image-delete	delete_product_image	DELETE	https://oz-nails-wa.myshopify.com/admin/api/2024-10/products/9365150236907/images/49825593983211.json	9365150236907		images	200	OK	image_id=49825593983211
2026-05-15 14:36:52	image-delete	delete_product_image	DELETE	https://oz-nails-wa.myshopify.com/admin/api/2024-10/products/9365150335211/images/49825594081515.json	9365150335211		images	200	OK	image_id=49825594081515
2026-05-15 14:36:54	image-delete	delete_product_image	DELETE	https://oz-nails-wa.myshopify.com/admin/api/2024-10/products/9364781433067/images/49825594573035.json	9364781433067		images	200	OK	image_id=49825594573035
2026-05-15 14:36:56	image-delete	delete_product_image	DELETE	https://oz-nails-wa.myshopify.com/admin/api/2024-10/products/9364781465835/images/49825595326699.json	9364781465835		images	200	OK	image_id=49825595326699
2026-05-15 14:36:58	image-delete	delete_product_image	DELETE	https://oz-nails-wa.myshopify.com/admin/api/2024-10/products/9364781498603/images/49825596080363.json	9364781498603		images	200	OK	image_id=49825596080363
2026-05-15 14:37:00	image-delete	delete_product_image	DELETE	https://oz-nails-wa.myshopify.com/admin/api/2024-10/products/9364781531371/images/49825596702955.json	9364781531371		images	200	OK	image_id=49825596702955
2026-05-15 14:37:02	image-delete	delete_product_image	DELETE	https://oz-nails-wa.myshopify.com/admin/api/2024-10/products/9364781564139/images/49825597817067.json	9364781564139		images	200	OK	image_id=49825597817067
2026-05-15 14:37:04	image-delete	delete_product_image	DELETE	https://oz-nails-wa.myshopify.com/admin/api/2024-10/products/9364781596907/images/49825597980907.json	9364781596907		images	200	OK	image_id=49825597980907
2026-05-15 14:37:06	image-delete	delete_product_image	DELETE	https://oz-nails-wa.myshopify.com/admin/api/2024-10/products/9364781629675/images/49825598111979.json	9364781629675		images	200	OK	image_id=49825598111979
2026-05-15 14:37:08	image-delete	delete_product_image	DELETE	https://oz-nails-wa.myshopify.com/admin/api/2024-10/products/9364781662443/images/49825598243051.json	9364781662443		images	200	OK	image_id=49825598243051
2026-05-15 14:37:10	image-delete	delete_product_image	DELETE	https://oz-nails-wa.myshopify.com/admin/api/2024-10/products/9364781695211/images/49825598636267.json	9364781695211		images	200	OK	image_id=49825598636267
2026-05-15 14:37:11	image-delete	delete_product_image	DELETE	https://oz-nails-wa.myshopify.com/admin/api/2024-10/products/9364781727979/images/49825598800107.json	9364781727979		images	200	OK	image_id=49825598800107
2026-05-15 14:37:13	image-delete	delete_product_image	DELETE	https://oz-nails-wa.myshopify.com/admin/api/2024-10/products/9364781760747/images/49825599258859.json	9364781760747		images	200	OK	image_id=49825599258859
2026-05-15 14:37:15	image-delete	delete_product_image	DELETE	https://oz-nails-wa.myshopify.com/admin/api/2024-10/products/9364781793515/images/49825599815915.json	9364781793515		images	200	OK	image_id=49825599815915
2026-05-15 14:37:17	image-delete	delete_product_image	DELETE	https://oz-nails-wa.myshopify.com/admin/api/2024-10/products/9364781826283/images/49825600471275.json	9364781826283		images	200	OK	image_id=49825600471275
2026-05-15 14:37:19	image-delete	delete_product_image	DELETE	https://oz-nails-wa.myshopify.com/admin/api/2024-10/products/9364781859051/images/49825601061099.json	9364781859051		images	200	OK	image_id=49825601061099
2026-05-15 14:37:21	image-delete	delete_product_image	DELETE	https://oz-nails-wa.myshopify.com/admin/api/2024-10/products/9364781891819/images/49825602142443.json	9364781891819		images	200	OK	image_id=49825602142443
2026-05-15 14:37:23	image-delete	delete_product_image	DELETE	https://oz-nails-wa.myshopify.com/admin/api/2024-10/products/9364781924587/images/49825602896107.json	9364781924587		images	200	OK	image_id=49825602896107
2026-05-15 14:37:25	image-delete	delete_product_image	DELETE	https://oz-nails-wa.myshopify.com/admin/api/2024-10/products/9364781990123/images/49825603289323.json	9364781990123		images	200	OK	image_id=49825603289323
2026-05-15 14:37:27	image-delete	delete_product_image	DELETE	https://oz-nails-wa.myshopify.com/admin/api/2024-10/products/9364782055659/images/49825603584235.json	9364782055659		images	200	OK	image_id=49825603584235
2026-05-15 14:37:28	image-delete	delete_product_image	DELETE	https://oz-nails-wa.myshopify.com/admin/api/2024-10/products/9364782088427/images/49825603911915.json	9364782088427		images	200	OK	image_id=49825603911915
2026-05-15 14:37:30	image-delete	delete_product_image	DELETE	https://oz-nails-wa.myshopify.com/admin/api/2024-10/products/9364782121195/images/49825604010219.json	9364782121195		images	200	OK	image_id=49825604010219
2026-05-15 14:37:32	image-delete	delete_product_image	DELETE	https://oz-nails-wa.myshopify.com/admin/api/2024-10/products/9364782153963/images/49825604141291.json	9364782153963		images	200	OK	image_id=49825604141291
2026-05-15 14:37:34	image-delete	delete_product_image	DELETE	https://oz-nails-wa.myshopify.com/admin/api/2024-10/products/9364782186731/images/49825604239595.json	9364782186731		images	200	OK	image_id=49825604239595
2026-05-15 14:37:36	image-delete	delete_product_image	DELETE	https://oz-nails-wa.myshopify.com/admin/api/2024-10/products/9364782252267/images/49825604731115.json	9364782252267		images	200	OK	image_id=49825604731115
2026-05-15 14:37:38	image-delete	delete_product_image	DELETE	https://oz-nails-wa.myshopify.com/admin/api/2024-10/products/9364782285035/images/49825605452011.json	9364782285035		images	200	OK	image_id=49825605452011
2026-05-15 14:37:40	image-delete	delete_product_image	DELETE	https://oz-nails-wa.myshopify.com/admin/api/2024-10/products/9364782317803/images/49825606205675.json	9364782317803		images	200	OK	image_id=49825606205675
2026-05-15 14:37:42	image-delete	delete_product_image	DELETE	https://oz-nails-wa.myshopify.com/admin/api/2024-10/products/9364782350571/images/49825607057643.json	9364782350571		images	200	OK	image_id=49825607057643
2026-05-15 14:37:44	image-delete	delete_product_image	DELETE	https://oz-nails-wa.myshopify.com/admin/api/2024-10/products/9364782383339/images/49825607581931.json	9364782383339		images	200	OK	image_id=49825607581931
2026-05-15 14:37:46	image-delete	delete_product_image	DELETE	https://oz-nails-wa.myshopify.com/admin/api/2024-10/products/9364782416107/images/49825608433899.json	9364782416107		images	200	OK	image_id=49825608433899
2026-05-15 14:37:48	image-delete	delete_product_image	DELETE	https://oz-nails-wa.myshopify.com/admin/api/2024-10/products/9364782448875/images/49825609482475.json	9364782448875		images	200	OK	image_id=49825609482475
2026-05-15 14:37:49	image-delete	delete_product_image	DELETE	https://oz-nails-wa.myshopify.com/admin/api/2024-10/products/9364782481643/images/49825609646315.json	9364782481643		images	200	OK	image_id=49825609646315
2026-05-15 14:37:51	image-delete	delete_product_image	DELETE	https://oz-nails-wa.myshopify.com/admin/api/2024-10/products/9364782514411/images/49825609777387.json	9364782514411		images	200	OK	image_id=49825609777387
2026-05-15 14:37:53	image-delete	delete_product_image	DELETE	https://oz-nails-wa.myshopify.com/admin/api/2024-10/products/9364782547179/images/49825609941227.json	9364782547179		images	200	OK	image_id=49825609941227
2026-05-15 14:37:56	image-delete	delete_product_image	DELETE	https://oz-nails-wa.myshopify.com/admin/api/2024-10/products/9364782579947/images/49825610170603.json	9364782579947		images	200	OK	image_id=49825610170603
2026-05-15 14:37:58	image-delete	delete_product_image	DELETE	https://oz-nails-wa.myshopify.com/admin/api/2024-10/products/9364782612715/images/49825610334443.json	9364782612715		images	200	OK	image_id=49825610334443
2026-05-15 14:37:59	image-delete	delete_product_image	DELETE	https://oz-nails-wa.myshopify.com/admin/api/2024-10/products/9364782645483/images/49825610498283.json	9364782645483		images	200	OK	image_id=49825610498283
2026-05-15 14:38:01	image-delete	delete_product_image	DELETE	https://oz-nails-wa.myshopify.com/admin/api/2024-10/products/9364782678251/images/49825611841771.json	9364782678251		images	200	OK	image_id=49825611841771
2026-05-15 14:38:03	image-delete	delete_product_image	DELETE	https://oz-nails-wa.myshopify.com/admin/api/2024-10/products/9364782711019/images/49825612529899.json	9364782711019		images	200	OK	image_id=49825612529899
2026-05-15 14:38:05	image-delete	delete_product_image	DELETE	https://oz-nails-wa.myshopify.com/admin/api/2024-10/products/9364782743787/images/49825613250795.json	9364782743787		images	200	OK	image_id=49825613250795
2026-05-15 14:38:07	image-delete	delete_product_image	DELETE	https://oz-nails-wa.myshopify.com/admin/api/2024-10/products/9364782776555/images/49825613742315.json	9364782776555		images	200	OK	image_id=49825613742315
2026-05-15 14:38:09	image-delete	delete_product_image	DELETE	https://oz-nails-wa.myshopify.com/admin/api/2024-10/products/9364782809323/images/49825614627051.json	9364782809323		images	200	OK	image_id=49825614627051
2026-05-15 14:38:11	image-delete	delete_product_image	DELETE	https://oz-nails-wa.myshopify.com/admin/api/2024-10/products/9364783005931/images/49825615216875.json	9364783005931		images	200	OK	image_id=49825615216875
2026-05-15 14:38:13	image-delete	delete_product_image	DELETE	https://oz-nails-wa.myshopify.com/admin/api/2024-10/products/9364783268075/images/49825615347947.json	9364783268075		images	200	OK	image_id=49825615347947
2026-05-15 14:38:15	image-delete	delete_product_image	DELETE	https://oz-nails-wa.myshopify.com/admin/api/2024-10/products/9364783497451/images/49825615446251.json	9364783497451		images	200	OK	image_id=49825615446251
2026-05-15 14:38:17	image-delete	delete_product_image	DELETE	https://oz-nails-wa.myshopify.com/admin/api/2024-10/products/9364783792363/images/49825615544555.json	9364783792363		images	200	OK	image_id=49825615544555
2026-05-15 14:38:18	image-delete	delete_product_image	DELETE	https://oz-nails-wa.myshopify.com/admin/api/2024-10/products/9364784087275/images/49825615741163.json	9364784087275		images	200	OK	image_id=49825615741163
2026-05-15 14:38:20	image-delete	delete_product_image	DELETE	https://oz-nails-wa.myshopify.com/admin/api/2024-10/products/9364784316651/images/49825615839467.json	9364784316651		images	200	OK	image_id=49825615839467
2026-05-15 14:38:22	image-delete	delete_product_image	DELETE	https://oz-nails-wa.myshopify.com/admin/api/2024-10/products/9364784644331/images/49825616003307.json	9364784644331		images	200	OK	image_id=49825616003307
2026-05-15 14:38:24	image-delete	delete_product_image	DELETE	https://oz-nails-wa.myshopify.com/admin/api/2024-10/products/9364784873707/images/49825617019115.json	9364784873707		images	200	OK	image_id=49825617019115
2026-05-15 14:38:26	image-delete	delete_product_image	DELETE	https://oz-nails-wa.myshopify.com/admin/api/2024-10/products/9364785135851/images/49825617740011.json	9364785135851		images	200	OK	image_id=49825617740011
2026-05-15 14:38:28	image-delete	delete_product_image	DELETE	https://oz-nails-wa.myshopify.com/admin/api/2024-10/products/9364785365227/images/49825618297067.json	9364785365227		images	200	OK	image_id=49825618297067
2026-05-15 14:38:30	image-delete	delete_product_image	DELETE	https://oz-nails-wa.myshopify.com/admin/api/2024-10/products/9364785660139/images/49825619149035.json	9364785660139		images	200	OK	image_id=49825619149035
2026-05-15 14:38:32	image-delete	delete_product_image	DELETE	https://oz-nails-wa.myshopify.com/admin/api/2024-10/products/9364785889515/images/49825619771627.json	9364785889515		images	200	OK	image_id=49825619771627
2026-05-15 14:38:34	image-delete	delete_product_image	DELETE	https://oz-nails-wa.myshopify.com/admin/api/2024-10/products/9364786217195/images/49825620328683.json	9364786217195		images	200	OK	image_id=49825620328683
2026-05-15 14:38:36	image-delete	delete_product_image	DELETE	https://oz-nails-wa.myshopify.com/admin/api/2024-10/products/9364786479339/images/49825620525291.json	9364786479339		images	200	OK	image_id=49825620525291
2026-05-15 14:38:38	image-delete	delete_product_image	DELETE	https://oz-nails-wa.myshopify.com/admin/api/2024-10/products/9364786675947/images/49825620689131.json	9364786675947		images	200	OK	image_id=49825620689131
2026-05-15 14:38:40	image-delete	delete_product_image	DELETE	https://oz-nails-wa.myshopify.com/admin/api/2024-10/products/9364786938091/images/49825620787435.json	9364786938091		images	200	OK	image_id=49825620787435
2026-05-15 14:38:42	image-delete	delete_product_image	DELETE	https://oz-nails-wa.myshopify.com/admin/api/2024-10/products/9364787200235/images/49825620852971.json	9364787200235		images	200	OK	image_id=49825620852971
2026-05-15 14:38:44	image-delete	delete_product_image	DELETE	https://oz-nails-wa.myshopify.com/admin/api/2024-10/products/9364787429611/images/49825620984043.json	9364787429611		images	200	OK	image_id=49825620984043
2026-05-15 14:38:46	image-delete	delete_product_image	DELETE	https://oz-nails-wa.myshopify.com/admin/api/2024-10/products/9364787691755/images/49825621410027.json	9364787691755		images	200	OK	image_id=49825621410027
2026-05-15 14:38:48	image-delete	delete_product_image	DELETE	https://oz-nails-wa.myshopify.com/admin/api/2024-10/products/9364787888363/images/49825622294763.json	9364787888363		images	200	OK	image_id=49825622294763
2026-05-15 14:38:50	image-delete	delete_product_image	DELETE	https://oz-nails-wa.myshopify.com/admin/api/2024-10/products/9364788117739/images/49825623474411.json	9364788117739		images	200	OK	image_id=49825623474411
2026-05-15 14:38:52	image-delete	delete_product_image	DELETE	https://oz-nails-wa.myshopify.com/admin/api/2024-10/products/9364788314347/images/49825624097003.json	9364788314347		images	200	OK	image_id=49825624097003
2026-05-15 14:38:54	image-delete	delete_product_image	DELETE	https://oz-nails-wa.myshopify.com/admin/api/2024-10/products/9364788510955/images/49825625112811.json	9364788510955		images	200	OK	image_id=49825625112811
2026-05-15 14:38:56	image-delete	delete_product_image	DELETE	https://oz-nails-wa.myshopify.com/admin/api/2024-10/products/9364788805867/images/49825625833707.json	9364788805867		images	200	OK	image_id=49825625833707
2026-05-15 14:38:58	image-delete	delete_product_image	DELETE	https://oz-nails-wa.myshopify.com/admin/api/2024-10/products/9364789035243/images/49825626161387.json	9364789035243		images	200	OK	image_id=49825626161387
2026-05-15 14:39:00	image-delete	delete_product_image	DELETE	https://oz-nails-wa.myshopify.com/admin/api/2024-10/products/9364789264619/images/49825626226923.json	9364789264619		images	200	OK	image_id=49825626226923
2026-05-15 14:39:02	image-delete	delete_product_image	DELETE	https://oz-nails-wa.myshopify.com/admin/api/2024-10/products/9364789526763/images/49825626357995.json	9364789526763		images	200	OK	image_id=49825626357995
2026-05-15 14:39:04	image-delete	delete_product_image	DELETE	https://oz-nails-wa.myshopify.com/admin/api/2024-10/products/9364789788907/images/49825626489067.json	9364789788907		images	200	OK	image_id=49825626489067
2026-05-15 14:39:06	image-delete	delete_product_image	DELETE	https://oz-nails-wa.myshopify.com/admin/api/2024-10/products/9364790051051/images/49825626554603.json	9364790051051		images	200	OK	image_id=49825626554603
2026-05-15 14:39:08	image-delete	delete_product_image	DELETE	https://oz-nails-wa.myshopify.com/admin/api/2024-10/products/9364790280427/images/49825626718443.json	9364790280427		images	200	OK	image_id=49825626718443
2026-05-15 14:39:09	image-delete	delete_product_image	DELETE	https://oz-nails-wa.myshopify.com/admin/api/2024-10/products/9364790575339/images/49825627439339.json	9364790575339		images	200	OK	image_id=49825627439339
2026-05-15 14:39:11	image-delete	delete_product_image	DELETE	https://oz-nails-wa.myshopify.com/admin/api/2024-10/products/9364790837483/images/49825628094699.json	9364790837483		images	200	OK	image_id=49825628094699
2026-05-15 14:39:13	image-delete	delete_product_image	DELETE	https://oz-nails-wa.myshopify.com/admin/api/2024-10/products/9364791066859/images/49825629012203.json	9364791066859		images	200	OK	image_id=49825629012203
2026-05-15 14:39:15	image-delete	delete_product_image	DELETE	https://oz-nails-wa.myshopify.com/admin/api/2024-10/products/9364791296235/images/49825630486763.json	9364791296235		images	200	OK	image_id=49825630486763
2026-05-15 14:39:18	image-delete	delete_product_image	DELETE	https://oz-nails-wa.myshopify.com/admin/api/2024-10/products/9364791525611/images/49825631404267.json	9364791525611		images	200	OK	image_id=49825631404267
2026-05-15 14:39:20	image-delete	delete_product_image	DELETE	https://oz-nails-wa.myshopify.com/admin/api/2024-10/products/9364791787755/images/49825631961323.json	9364791787755		images	200	OK	image_id=49825631961323
2026-05-15 14:39:22	image-delete	delete_product_image	DELETE	https://oz-nails-wa.myshopify.com/admin/api/2024-10/products/9364792115435/images/49825632059627.json	9364792115435		images	200	OK	image_id=49825632059627
2026-05-15 14:39:24	image-delete	delete_product_image	DELETE	https://oz-nails-wa.myshopify.com/admin/api/2024-10/products/9364792312043/images/49825632190699.json	9364792312043		images	200	OK	image_id=49825632190699
2026-05-15 14:39:26	image-delete	delete_product_image	DELETE	https://oz-nails-wa.myshopify.com/admin/api/2024-10/products/9364792541419/images/49825632321771.json	9364792541419		images	200	OK	image_id=49825632321771
2026-05-15 14:39:28	image-delete	delete_product_image	DELETE	https://oz-nails-wa.myshopify.com/admin/api/2024-10/products/9364792770795/images/49825632420075.json	9364792770795		images	200	OK	image_id=49825632420075
2026-05-15 14:39:30	image-delete	delete_product_image	DELETE	https://oz-nails-wa.myshopify.com/admin/api/2024-10/products/9364793032939/images/49825632518379.json	9364793032939		images	200	OK	image_id=49825632518379
2026-05-15 14:39:32	image-delete	delete_product_image	DELETE	https://oz-nails-wa.myshopify.com/admin/api/2024-10/products/9364793262315/images/49825633042667.json	9364793262315		images	200	OK	image_id=49825633042667
2026-05-15 14:39:34	image-delete	delete_product_image	DELETE	https://oz-nails-wa.myshopify.com/admin/api/2024-10/products/9364793491691/images/49825634320619.json	9364793491691		images	200	OK	image_id=49825634320619
2026-05-15 14:39:36	image-delete	delete_product_image	DELETE	https://oz-nails-wa.myshopify.com/admin/api/2024-10/products/9364793688299/images/49825634910443.json	9364793688299		images	200	OK	image_id=49825634910443
2026-05-15 14:39:38	image-delete	delete_product_image	DELETE	https://oz-nails-wa.myshopify.com/admin/api/2024-10/products/9364793917675/images/49825635696875.json	9364793917675		images	200	OK	image_id=49825635696875
2026-05-15 14:39:40	image-delete	delete_product_image	DELETE	https://oz-nails-wa.myshopify.com/admin/api/2024-10/products/9364794147051/images/49825636385003.json	9364794147051		images	200	OK	image_id=49825636385003
2026-05-15 14:39:42	image-delete	delete_product_image	DELETE	https://oz-nails-wa.myshopify.com/admin/api/2024-10/products/9364794409195/images/49825637073131.json	9364794409195		images	200	OK	image_id=49825637073131
2026-05-15 14:39:44	image-delete	delete_product_image	DELETE	https://oz-nails-wa.myshopify.com/admin/api/2024-10/products/9364794605803/images/49825637204203.json	9364794605803		images	200	OK	image_id=49825637204203
2026-05-15 14:39:46	image-delete	delete_product_image	DELETE	https://oz-nails-wa.myshopify.com/admin/api/2024-10/products/9364794802411/images/49825637269739.json	9364794802411		images	200	OK	image_id=49825637269739
2026-05-15 14:39:48	image-delete	delete_product_image	DELETE	https://oz-nails-wa.myshopify.com/admin/api/2024-10/products/9364795097323/images/49825637400811.json	9364795097323		images	200	OK	image_id=49825637400811
2026-05-15 14:39:50	image-delete	delete_product_image	DELETE	https://oz-nails-wa.myshopify.com/admin/api/2024-10/products/9364795359467/images/49825637597419.json	9364795359467		images	200	OK	image_id=49825637597419
2026-05-15 14:39:51	image-delete	delete_product_image	DELETE	https://oz-nails-wa.myshopify.com/admin/api/2024-10/products/9364795588843/images/49825637728491.json	9364795588843		images	200	OK	image_id=49825637728491
2026-05-15 14:39:53	image-delete	delete_product_image	DELETE	https://oz-nails-wa.myshopify.com/admin/api/2024-10/products/9364795850987/images/49825638023403.json	9364795850987		images	200	OK	image_id=49825638023403
2026-05-15 14:39:55	image-delete	delete_product_image	DELETE	https://oz-nails-wa.myshopify.com/admin/api/2024-10/products/9364796080363/images/49825638973675.json	9364796080363		images	200	OK	image_id=49825638973675
2026-05-15 14:39:57	image-delete	delete_product_image	DELETE	https://oz-nails-wa.myshopify.com/admin/api/2024-10/products/9364796309739/images/49825639858411.json	9364796309739		images	200	OK	image_id=49825639858411
2026-05-15 14:39:59	image-delete	delete_product_image	DELETE	https://oz-nails-wa.myshopify.com/admin/api/2024-10/products/9364796506347/images/49825640546539.json	9364796506347		images	200	OK	image_id=49825640546539
2026-05-15 14:40:01	image-delete	delete_product_image	DELETE	https://oz-nails-wa.myshopify.com/admin/api/2024-10/products/9364796768491/images/49825641332971.json	9364796768491		images	200	OK	image_id=49825641332971
2026-05-15 14:40:03	image-delete	delete_product_image	DELETE	https://oz-nails-wa.myshopify.com/admin/api/2024-10/products/9364796997867/images/49825641922795.json	9364796997867		images	200	OK	image_id=49825641922795
2026-05-15 14:40:05	image-delete	delete_product_image	DELETE	https://oz-nails-wa.myshopify.com/admin/api/2024-10/products/9364797227243/images/49825642971371.json	9364797227243		images	200	OK	image_id=49825642971371
2026-05-15 14:40:07	image-delete	delete_product_image	DELETE	https://oz-nails-wa.myshopify.com/admin/api/2024-10/products/9364797456619/images/49825643167979.json	9364797456619		images	200	OK	image_id=49825643167979
2026-05-15 14:40:09	image-delete	delete_product_image	DELETE	https://oz-nails-wa.myshopify.com/admin/api/2024-10/products/9364797685995/images/49825643430123.json	9364797685995		images	200	OK	image_id=49825643430123
2026-05-15 14:40:11	image-delete	delete_product_image	DELETE	https://oz-nails-wa.myshopify.com/admin/api/2024-10/products/9364797915371/images/49825643823339.json	9364797915371		images	200	OK	image_id=49825643823339
2026-05-15 14:40:13	image-delete	delete_product_image	DELETE	https://oz-nails-wa.myshopify.com/admin/api/2024-10/products/9364798144747/images/49825643921643.json	9364798144747		images	200	OK	image_id=49825643921643
2026-05-15 14:40:15	image-delete	delete_product_image	DELETE	https://oz-nails-wa.myshopify.com/admin/api/2024-10/products/9364798406891/images/49825644052715.json	9364798406891		images	200	OK	image_id=49825644052715
2026-05-15 14:40:17	image-delete	delete_product_image	DELETE	https://oz-nails-wa.myshopify.com/admin/api/2024-10/products/9364798603499/images/49825644577003.json	9364798603499		images	200	OK	image_id=49825644577003
2026-05-15 14:40:19	image-delete	delete_product_image	DELETE	https://oz-nails-wa.myshopify.com/admin/api/2024-10/products/9364798832875/images/49825645494507.json	9364798832875		images	200	OK	image_id=49825645494507
2026-05-15 14:40:21	image-delete	delete_product_image	DELETE	https://oz-nails-wa.myshopify.com/admin/api/2024-10/products/9364799062251/images/49825646444779.json	9364799062251		images	200	OK	image_id=49825646444779
2026-05-15 14:40:23	image-delete	delete_product_image	DELETE	https://oz-nails-wa.myshopify.com/admin/api/2024-10/products/9364799291627/images/49825647460587.json	9364799291627		images	200	OK	image_id=49825647460587
2026-05-15 14:40:25	image-delete	delete_product_image	DELETE	https://oz-nails-wa.myshopify.com/admin/api/2024-10/products/9364799521003/images/49825648378091.json	9364799521003		images	200	OK	image_id=49825648378091
2026-05-15 14:40:27	image-delete	delete_product_image	DELETE	https://oz-nails-wa.myshopify.com/admin/api/2024-10/products/9364799750379/images/49825649590507.json	9364799750379		images	200	OK	image_id=49825649590507
2026-05-15 14:40:29	image-delete	delete_product_image	DELETE	https://oz-nails-wa.myshopify.com/admin/api/2024-10/products/9364799979755/images/49825649688811.json	9364799979755		images	200	OK	image_id=49825649688811
2026-05-15 14:40:31	image-delete	delete_product_image	DELETE	https://oz-nails-wa.myshopify.com/admin/api/2024-10/products/9364800209131/images/49825649819883.json	9364800209131		images	200	OK	image_id=49825649819883
2026-05-15 14:40:33	image-delete	delete_product_image	DELETE	https://oz-nails-wa.myshopify.com/admin/api/2024-10/products/9364800471275/images/49825649918187.json	9364800471275		images	200	OK	image_id=49825649918187
2026-05-15 14:40:34	image-delete	delete_product_image	DELETE	https://oz-nails-wa.myshopify.com/admin/api/2024-10/products/9365100789995/images/49825650114795.json	9365100789995		images	200	OK	image_id=49825650114795
2026-05-15 14:40:36	image-delete	delete_product_image	DELETE	https://oz-nails-wa.myshopify.com/admin/api/2024-10/products/9364800733419/images/49825650213099.json	9364800733419		images	200	OK	image_id=49825650213099
2026-05-15 14:40:38	image-delete	delete_product_image	DELETE	https://oz-nails-wa.myshopify.com/admin/api/2024-10/products/9365100495083/images/49825650344171.json	9365100495083		images	200	OK	image_id=49825650344171
2026-05-15 14:40:40	image-delete	delete_product_image	DELETE	https://oz-nails-wa.myshopify.com/admin/api/2024-10/products/9364800930027/images/49825651392747.json	9364800930027		images	200	OK	image_id=49825651392747
2026-05-15 14:40:42	image-delete	delete_product_image	DELETE	https://oz-nails-wa.myshopify.com/admin/api/2024-10/products/9365100527851/images/49825651917035.json	9365100527851		images	200	OK	image_id=49825651917035
2026-05-15 14:40:44	image-delete	delete_product_image	DELETE	https://oz-nails-wa.myshopify.com/admin/api/2024-10/products/9364801159403/images/49825652474091.json	9364801159403		images	200	OK	image_id=49825652474091
2026-05-15 14:40:46	image-delete	delete_product_image	DELETE	https://oz-nails-wa.myshopify.com/admin/api/2024-10/products/9364801388779/images/49825653424363.json	9364801388779		images	200	OK	image_id=49825653424363
2026-05-15 14:40:51	image-delete	delete_product_image	DELETE	https://oz-nails-wa.myshopify.com/admin/api/2024-10/products/9365100167403/images/49825654309099.json	9365100167403		images	200	OK	image_id=49825654309099
2026-05-15 14:40:53	image-delete	delete_product_image	DELETE	https://oz-nails-wa.myshopify.com/admin/api/2024-10/products/9365100101867/images/49825654866155.json	9365100101867		images	200	OK	image_id=49825654866155
2026-05-15 14:40:55	image-delete	delete_product_image	DELETE	https://oz-nails-wa.myshopify.com/admin/api/2024-10/products/9364801650923/images/49825654964459.json	9364801650923		images	200	OK	image_id=49825654964459
2026-05-15 14:40:57	image-delete	delete_product_image	DELETE	https://oz-nails-wa.myshopify.com/admin/api/2024-10/products/9364801880299/images/49825655226603.json	9364801880299		images	200	OK	image_id=49825655226603
2026-05-15 14:40:59	image-delete	delete_product_image	DELETE	https://oz-nails-wa.myshopify.com/admin/api/2024-10/products/9364802109675/images/49825655521515.json	9364802109675		images	200	OK	image_id=49825655521515
2026-05-15 14:41:01	image-delete	delete_product_image	DELETE	https://oz-nails-wa.myshopify.com/admin/api/2024-10/products/9365098168555/images/49825656242411.json	9365098168555		images	200	OK	image_id=49825656242411
2026-05-15 14:41:20	image-delete	delete_product_image	DELETE	https://oz-nails-wa.myshopify.com/admin/api/2024-10/products/9364802371819/images/49825656340715.json	9364802371819		images	200	OK	image_id=49825656340715
2026-05-15 14:41:22	image-delete	delete_product_image	DELETE	https://oz-nails-wa.myshopify.com/admin/api/2024-10/products/9365099446507/images/49825656504555.json	9365099446507		images	200	OK	image_id=49825656504555
2026-05-15 14:41:24	image-delete	delete_product_image	DELETE	https://oz-nails-wa.myshopify.com/admin/api/2024-10/products/9364802601195/images/49825657323755.json	9364802601195		images	200	OK	image_id=49825657323755
2026-05-15 14:41:25	image-delete	delete_product_image	DELETE	https://oz-nails-wa.myshopify.com/admin/api/2024-10/products/9364803092715/images/49825658831083.json	9364803092715		images	200	OK	image_id=49825658831083
2026-05-15 14:41:27	image-delete	delete_product_image	DELETE	https://oz-nails-wa.myshopify.com/admin/api/2024-10/products/9364803322091/images/49825660272875.json	9364803322091		images	200	OK	image_id=49825660272875
2026-05-15 14:41:29	image-delete	delete_product_image	DELETE	https://oz-nails-wa.myshopify.com/admin/api/2024-10/products/9364803551467/images/49825661321451.json	9364803551467		images	200	OK	image_id=49825661321451
2026-05-15 14:41:32	image-delete	delete_product_image	DELETE	https://oz-nails-wa.myshopify.com/admin/api/2024-10/products/9364926890219/images/49825661976811.json	9364926890219		images	200	OK	image_id=49825661976811
2026-05-15 14:41:34	image-delete	delete_product_image	DELETE	https://oz-nails-wa.myshopify.com/admin/api/2024-10/products/9365098004715/images/49825662894315.json	9365098004715		images	200	OK	image_id=49825662894315
2026-05-15 14:41:35	image-delete	delete_product_image	DELETE	https://oz-nails-wa.myshopify.com/admin/api/2024-10/products/9364803748075/images/49825663713515.json	9364803748075		images	200	OK	image_id=49825663713515
2026-05-15 14:41:37	image-delete	delete_product_image	DELETE	https://oz-nails-wa.myshopify.com/admin/api/2024-10/products/9364803977451/images/49825663910123.json	9364803977451		images	200	OK	image_id=49825663910123
2026-05-15 14:41:39	image-delete	delete_product_image	DELETE	https://oz-nails-wa.myshopify.com/admin/api/2024-10/products/9364804468971/images/49825663942891.json	9364804468971		images	200	OK	image_id=49825663942891
2026-05-15 14:41:41	image-delete	delete_product_image	DELETE	https://oz-nails-wa.myshopify.com/admin/api/2024-10/products/9364804698347/images/49825664303339.json	9364804698347		images	200	OK	image_id=49825664303339
2026-05-15 14:41:43	image-delete	delete_product_image	DELETE	https://oz-nails-wa.myshopify.com/admin/api/2024-10/products/9364807450859/images/49825664401643.json	9364807450859		images	200	OK	image_id=49825664401643
2026-05-15 14:41:45	image-delete	delete_product_image	DELETE	https://oz-nails-wa.myshopify.com/admin/api/2024-10/products/9364807713003/images/49825664499947.json	9364807713003		images	200	OK	image_id=49825664499947
2026-05-15 14:41:47	image-delete	delete_product_image	DELETE	https://oz-nails-wa.myshopify.com/admin/api/2024-10/products/9364807909611/images/49825664631019.json	9364807909611		images	200	OK	image_id=49825664631019
2026-05-15 14:41:49	image-delete	delete_product_image	DELETE	https://oz-nails-wa.myshopify.com/admin/api/2024-10/products/9364808138987/images/49825665679595.json	9364808138987		images	200	OK	image_id=49825665679595
2026-05-15 14:41:52	image-delete	delete_product_image	DELETE	https://oz-nails-wa.myshopify.com/admin/api/2024-10/products/9365243756779/images/49825666597099.json	9365243756779		images	200	OK	image_id=49825666597099
2026-05-15 14:41:54	image-delete	delete_product_image	DELETE	https://oz-nails-wa.myshopify.com/admin/api/2024-10/products/9364808368363/images/49825667743979.json	9364808368363		images	200	OK	image_id=49825667743979
2026-05-15 14:41:56	image-delete	delete_product_image	DELETE	https://oz-nails-wa.myshopify.com/admin/api/2024-10/products/9364808564971/images/49825668694251.json	9364808564971		images	200	OK	image_id=49825668694251
2026-05-15 14:41:58	image-delete	delete_product_image	DELETE	https://oz-nails-wa.myshopify.com/admin/api/2024-10/products/9364808794347/images/49825670004971.json	9364808794347		images	200	OK	image_id=49825670004971
2026-05-15 14:42:00	image-delete	delete_product_image	DELETE	https://oz-nails-wa.myshopify.com/admin/api/2024-10/products/9365098070251/images/49825670824171.json	9365098070251		images	200	OK	image_id=49825670824171
2026-05-15 14:42:02	image-delete	delete_product_image	DELETE	https://oz-nails-wa.myshopify.com/admin/api/2024-10/products/9364810957035/images/49825671282923.json	9364810957035		images	200	OK	image_id=49825671282923
2026-05-15 14:42:04	image-delete	delete_product_image	DELETE	https://oz-nails-wa.myshopify.com/admin/api/2024-10/products/9364811186411/images/49825671512299.json	9364811186411		images	200	OK	image_id=49825671512299
2026-05-15 14:42:07	image-delete	delete_product_image	DELETE	https://oz-nails-wa.myshopify.com/admin/api/2024-10/products/9364811415787/images/49825671905515.json	9364811415787		images	200	OK	image_id=49825671905515
2026-05-15 14:42:14	image-delete	delete_product_image	DELETE	https://oz-nails-wa.myshopify.com/admin/api/2024-10/products/9364813775083/images/49825672364267.json	9364813775083		images	200	OK	image_id=49825672364267
2026-05-15 14:42:16	image-delete	delete_product_image	DELETE	https://oz-nails-wa.myshopify.com/admin/api/2024-10/products/9364814069995/images/49825672954091.json	9364814069995		images	200	OK	image_id=49825672954091
2026-05-15 14:42:18	image-delete	delete_product_image	DELETE	https://oz-nails-wa.myshopify.com/admin/api/2024-10/products/9364814299371/images/49825673511147.json	9364814299371		images	200	OK	image_id=49825673511147
2026-05-15 14:42:20	image-delete	delete_product_image	DELETE	https://oz-nails-wa.myshopify.com/admin/api/2024-10/products/9364814528747/images/49825674494187.json	9364814528747		images	200	OK	image_id=49825674494187
2026-05-15 14:42:22	image-delete	delete_product_image	DELETE	https://oz-nails-wa.myshopify.com/admin/api/2024-10/products/9364814758123/images/49825675378923.json	9364814758123		images	200	OK	image_id=49825675378923
2026-05-15 14:42:23	image-delete	delete_product_image	DELETE	https://oz-nails-wa.myshopify.com/admin/api/2024-10/products/9364814987499/images/49825676624107.json	9364814987499		images	200	OK	image_id=49825676624107
2026-05-15 14:42:25	image-delete	delete_product_image	DELETE	https://oz-nails-wa.myshopify.com/admin/api/2024-10/products/9364815184107/images/49825677476075.json	9364815184107		images	200	OK	image_id=49825677476075
2026-05-15 14:42:27	image-delete	delete_product_image	DELETE	https://oz-nails-wa.myshopify.com/admin/api/2024-10/products/9364815446251/images/49825678590187.json	9364815446251		images	200	OK	image_id=49825678590187
2026-05-15 14:42:29	image-delete	delete_product_image	DELETE	https://oz-nails-wa.myshopify.com/admin/api/2024-10/products/9364815708395/images/49825679081707.json	9364815708395		images	200	OK	image_id=49825679081707
2026-05-15 14:42:31	image-delete	delete_product_image	DELETE	https://oz-nails-wa.myshopify.com/admin/api/2024-10/products/9364815937771/images/49825680294123.json	9364815937771		images	200	OK	image_id=49825680294123
2026-05-15 14:42:33	image-delete	delete_product_image	DELETE	https://oz-nails-wa.myshopify.com/admin/api/2024-10/products/9364816167147/images/49825681015019.json	9364816167147		images	200	OK	image_id=49825681015019
2026-05-15 14:42:35	image-delete	delete_product_image	DELETE	https://oz-nails-wa.myshopify.com/admin/api/2024-10/products/9364816396523/images/49825681408235.json	9364816396523		images	200	OK	image_id=49825681408235
2026-05-15 14:42:37	image-delete	delete_product_image	DELETE	https://oz-nails-wa.myshopify.com/admin/api/2024-10/products/9364816658667/images/49825681768683.json	9364816658667		images	200	OK	image_id=49825681768683
2026-05-15 14:42:38	image-delete	delete_product_image	DELETE	https://oz-nails-wa.myshopify.com/admin/api/2024-10/products/9364816888043/images/49825681965291.json	9364816888043		images	200	OK	image_id=49825681965291
2026-05-15 14:42:40	image-delete	delete_product_image	DELETE	https://oz-nails-wa.myshopify.com/admin/api/2024-10/products/9364817084651/images/49825682030827.json	9364817084651		images	200	OK	image_id=49825682030827
2026-05-15 14:42:42	image-delete	delete_product_image	DELETE	https://oz-nails-wa.myshopify.com/admin/api/2024-10/products/9364817346795/images/49825682129131.json	9364817346795		images	200	OK	image_id=49825682129131
2026-05-15 14:42:44	image-delete	delete_product_image	DELETE	https://oz-nails-wa.myshopify.com/admin/api/2024-10/products/9365505704171/images/49825682456811.json	9365505704171		images	200	OK	image_id=49825682456811
2026-05-15 14:42:46	image-delete	delete_product_image	DELETE	https://oz-nails-wa.myshopify.com/admin/api/2024-10/products/9365505736939/images/49825682948331.json	9365505736939		images	200	OK	image_id=49825682948331
2026-05-15 14:42:48	image-delete	delete_product_image	DELETE	https://oz-nails-wa.myshopify.com/admin/api/2024-10/products/9365508587755/images/49825683996907.json	9365508587755		images	200	OK	image_id=49825683996907
2026-05-15 14:42:51	image-delete	delete_product_image	DELETE	https://oz-nails-wa.myshopify.com/admin/api/2024-10/products/9365511373035/images/49825684848875.json	9365511373035		images	200	OK	image_id=49825684848875
2026-05-15 14:42:53	image-delete	delete_product_image	DELETE	https://oz-nails-wa.myshopify.com/admin/api/2024-10/products/9365515075819/images/49825685242091.json	9365515075819		images	200	OK	image_id=49825685242091
2026-05-15 14:42:55	image-delete	delete_product_image	DELETE	https://oz-nails-wa.myshopify.com/admin/api/2024-10/products/9365516353771/images/49825686257899.json	9365516353771		images	200	OK	image_id=49825686257899
2026-05-15 14:42:56	image-delete	delete_product_image	DELETE	https://oz-nails-wa.myshopify.com/admin/api/2024-10/products/9365517566187/images/49825686683883.json	9365517566187		images	200	OK	image_id=49825686683883
2026-05-15 14:42:58	image-delete	delete_product_image	DELETE	https://oz-nails-wa.myshopify.com/admin/api/2024-10/products/9365504524523/images/49825686782187.json	9365504524523		images	200	OK	image_id=49825686782187
2026-05-15 14:43:00	image-delete	delete_product_image	DELETE	https://oz-nails-wa.myshopify.com/admin/api/2024-10/products/9365521006827/images/49825686847723.json	9365521006827		images	200	OK	image_id=49825686847723
2026-05-15 14:43:02	image-delete	delete_product_image	DELETE	https://oz-nails-wa.myshopify.com/admin/api/2024-10/products/9365521072363/images/49825687109867.json	9365521072363		images	200	OK	image_id=49825687109867
2026-05-15 14:43:05	image-delete	delete_product_image	DELETE	https://oz-nails-wa.myshopify.com/admin/api/2024-10/products/9365525528811/images/49825687208171.json	9365525528811		images	200	OK	image_id=49825687208171
2026-05-15 14:43:07	image-delete	delete_product_image	DELETE	https://oz-nails-wa.myshopify.com/admin/api/2024-10/products/9365527331051/images/49825687273707.json	9365527331051		images	200	OK	image_id=49825687273707
2026-05-15 14:43:08	image-delete	delete_product_image	DELETE	https://oz-nails-wa.myshopify.com/admin/api/2024-10/products/9365530149099/images/49825687372011.json	9365530149099		images	200	OK	image_id=49825687372011
2026-05-15 14:43:10	image-delete	delete_product_image	DELETE	https://oz-nails-wa.myshopify.com/admin/api/2024-10/products/9365530378475/images/49825687699691.json	9365530378475		images	200	OK	image_id=49825687699691
2026-05-15 14:43:13	image-delete	delete_product_image	DELETE	https://oz-nails-wa.myshopify.com/admin/api/2024-10/products/9365530640619/images/49825688060139.json	9365530640619		images	200	OK	image_id=49825688060139
2026-05-15 14:43:14	image-delete	delete_product_image	DELETE	https://oz-nails-wa.myshopify.com/admin/api/2024-10/products/9365519859947/images/49825688944875.json	9365519859947		images	200	OK	image_id=49825688944875
2026-05-15 14:43:16	image-delete	delete_product_image	DELETE	https://oz-nails-wa.myshopify.com/admin/api/2024-10/products/9365531230443/images/49825690222827.json	9365531230443		images	200	OK	image_id=49825690222827
2026-05-15 14:43:18	image-delete	delete_product_image	DELETE	https://oz-nails-wa.myshopify.com/admin/api/2024-10/products/9365531263211/images/49825690845419.json	9365531263211		images	200	OK	image_id=49825690845419
2026-05-15 14:43:20	image-delete	delete_product_image	DELETE	https://oz-nails-wa.myshopify.com/admin/api/2024-10/products/9365536473323/images/49825691599083.json	9365536473323		images	200	OK	image_id=49825691599083
2026-05-15 14:43:22	image-delete	delete_product_image	DELETE	https://oz-nails-wa.myshopify.com/admin/api/2024-10/products/9365539225835/images/49825692418283.json	9365539225835		images	200	OK	image_id=49825692418283
2026-05-15 14:43:24	image-delete	delete_product_image	DELETE	https://oz-nails-wa.myshopify.com/admin/api/2024-10/products/9365541650667/images/49825693630699.json	9365541650667		images	200	OK	image_id=49825693630699
2026-05-15 14:43:26	image-delete	delete_product_image	DELETE	https://oz-nails-wa.myshopify.com/admin/api/2024-10/products/9365544632555/images/49825693991147.json	9365544632555		images	200	OK	image_id=49825693991147
2026-05-15 14:43:28	image-delete	delete_product_image	DELETE	https://oz-nails-wa.myshopify.com/admin/api/2024-10/products/9365546434795/images/49825694089451.json	9365546434795		images	200	OK	image_id=49825694089451
2026-05-15 14:43:30	image-delete	delete_product_image	DELETE	https://oz-nails-wa.myshopify.com/admin/api/2024-10/products/9365531132139/images/49825694154987.json	9365531132139		images	200	OK	image_id=49825694154987
2026-05-15 14:43:32	image-delete	delete_product_image	DELETE	https://oz-nails-wa.myshopify.com/admin/api/2024-10/products/9365548826859/images/49825694253291.json	9365548826859		images	200	OK	image_id=49825694253291
2026-05-15 14:43:34	image-delete	delete_product_image	DELETE	https://oz-nails-wa.myshopify.com/admin/api/2024-10/products/9365548892395/images/49825694318827.json	9365548892395		images	200	OK	image_id=49825694318827
2026-05-15 14:43:36	image-delete	delete_product_image	DELETE	https://oz-nails-wa.myshopify.com/admin/api/2024-10/products/9365553905899/images/49825694482667.json	9365553905899		images	200	OK	image_id=49825694482667
2026-05-15 14:43:37	image-delete	delete_product_image	DELETE	https://oz-nails-wa.myshopify.com/admin/api/2024-10/products/9365556560107/images/49825694744811.json	9365556560107		images	200	OK	image_id=49825694744811
2026-05-15 14:43:39	image-delete	delete_product_image	DELETE	https://oz-nails-wa.myshopify.com/admin/api/2024-10/products/9365559181547/images/49825695465707.json	9365559181547		images	200	OK	image_id=49825695465707
2026-05-15 14:43:41	image-delete	delete_product_image	DELETE	https://oz-nails-wa.myshopify.com/admin/api/2024-10/products/9365560164587/images/49825697104107.json	9365560164587		images	200	OK	image_id=49825697104107
2026-05-15 14:43:43	image-delete	delete_product_image	DELETE	https://oz-nails-wa.myshopify.com/admin/api/2024-10/products/9365563670763/images/49825698611435.json	9365563670763		images	200	OK	image_id=49825698611435
2026-05-15 14:43:45	image-delete	delete_product_image	DELETE	https://oz-nails-wa.myshopify.com/admin/api/2024-10/products/9365548105963/images/49825699397867.json	9365548105963		images	200	OK	image_id=49825699397867
2026-05-15 14:43:47	image-delete	delete_product_image	DELETE	https://oz-nails-wa.myshopify.com/admin/api/2024-10/products/9365487190251/images/49825699856619.json	9365487190251		images	200	OK	image_id=49825699856619
2026-05-15 14:43:49	image-delete	delete_product_image	DELETE	https://oz-nails-wa.myshopify.com/admin/api/2024-10/products/9365487583467/images/49825700315371.json	9365487583467		images	200	OK	image_id=49825700315371
2026-05-15 14:43:51	image-delete	delete_product_image	DELETE	https://oz-nails-wa.myshopify.com/admin/api/2024-10/products/9365487649003/images/49825700479211.json	9365487649003		images	200	OK	image_id=49825700479211
2026-05-15 14:43:53	image-delete	delete_product_image	DELETE	https://oz-nails-wa.myshopify.com/admin/api/2024-10/products/9365487780075/images/49825700577515.json	9365487780075		images	200	OK	image_id=49825700577515
2026-05-15 14:43:55	image-delete	delete_product_image	DELETE	https://oz-nails-wa.myshopify.com/admin/api/2024-10/products/9365487943915/images/49825700675819.json	9365487943915		images	200	OK	image_id=49825700675819
2026-05-15 14:43:57	image-delete	delete_product_image	DELETE	https://oz-nails-wa.myshopify.com/admin/api/2024-10/products/9365488009451/images/49825700741355.json	9365488009451		images	200	OK	image_id=49825700741355
2026-05-15 14:43:59	image-delete	delete_product_image	DELETE	https://oz-nails-wa.myshopify.com/admin/api/2024-10/products/9365488042219/images/49825700839659.json	9365488042219		images	200	OK	image_id=49825700839659
2026-05-15 14:44:01	image-delete	delete_product_image	DELETE	https://oz-nails-wa.myshopify.com/admin/api/2024-10/products/9365484601579/images/49825701265643.json	9365484601579		images	200	OK	image_id=49825701265643
2026-05-15 14:44:03	image-delete	delete_product_image	DELETE	https://oz-nails-wa.myshopify.com/admin/api/2024-10/products/9365488271595/images/49825702052075.json	9365488271595		images	200	OK	image_id=49825702052075
2026-05-15 14:44:05	image-delete	delete_product_image	DELETE	https://oz-nails-wa.myshopify.com/admin/api/2024-10/products/9365488369899/images/49825702576363.json	9365488369899		images	200	OK	image_id=49825702576363
2026-05-15 14:44:07	image-delete	delete_product_image	DELETE	https://oz-nails-wa.myshopify.com/admin/api/2024-10/products/9365492302059/images/49825703493867.json	9365492302059		images	200	OK	image_id=49825703493867
2026-05-15 14:44:09	image-delete	delete_product_image	DELETE	https://oz-nails-wa.myshopify.com/admin/api/2024-10/products/9365495546091/images/49825704280299.json	9365495546091		images	200	OK	image_id=49825704280299
2026-05-15 14:44:11	image-delete	delete_product_image	DELETE	https://oz-nails-wa.myshopify.com/admin/api/2024-10/products/9365497970923/images/49825704771819.json	9365497970923		images	200	OK	image_id=49825704771819
2026-05-15 14:44:13	image-delete	delete_product_image	DELETE	https://oz-nails-wa.myshopify.com/admin/api/2024-10/products/9365501346027/images/49825705722091.json	9365501346027		images	200	OK	image_id=49825705722091
2026-05-15 14:44:15	image-delete	delete_product_image	DELETE	https://oz-nails-wa.myshopify.com/admin/api/2024-10/products/9365488238827/images/49825706311915.json	9365488238827		images	200	OK	image_id=49825706311915
2026-05-15 14:44:17	image-delete	delete_product_image	DELETE	https://oz-nails-wa.myshopify.com/admin/api/2024-10/products/9364811809003/images/49825706606827.json	9364811809003		images	200	OK	image_id=49825706606827
2026-05-15 14:44:19	image-delete	delete_product_image	DELETE	https://oz-nails-wa.myshopify.com/admin/api/2024-10/products/9364812038379/images/49825706836203.json	9364812038379		images	200	OK	image_id=49825706836203
2026-05-15 14:44:21	image-delete	delete_product_image	DELETE	https://oz-nails-wa.myshopify.com/admin/api/2024-10/products/9364812267755/images/49825706967275.json	9364812267755		images	200	OK	image_id=49825706967275
2026-05-15 14:44:23	image-delete	delete_product_image	DELETE	https://oz-nails-wa.myshopify.com/admin/api/2024-10/products/9364812529899/images/49825707065579.json	9364812529899		images	200	OK	image_id=49825707065579
2026-05-15 14:44:25	image-delete	delete_product_image	DELETE	https://oz-nails-wa.myshopify.com/admin/api/2024-10/products/9364812759275/images/49825707589867.json	9364812759275		images	200	OK	image_id=49825707589867
2026-05-15 14:44:27	image-delete	delete_product_image	DELETE	https://oz-nails-wa.myshopify.com/admin/api/2024-10/products/9365268791531/images/49825708245227.json	9365268791531		images	200	OK	image_id=49825708245227
2026-05-15 14:44:29	image-delete	delete_product_image	DELETE	https://oz-nails-wa.myshopify.com/admin/api/2024-10/products/9365450785003/images/49825709129963.json	9365450785003		images	200	OK	image_id=49825709129963
2026-05-15 14:44:31	image-delete	delete_product_image	DELETE	https://oz-nails-wa.myshopify.com/admin/api/2024-10/products/9364813086955/images/49825709687019.json	9364813086955		images	200	OK	image_id=49825709687019
2026-05-15 14:44:33	image-delete	delete_product_image	DELETE	https://oz-nails-wa.myshopify.com/admin/api/2024-10/products/9364813349099/images/49825710244075.json	9364813349099		images	200	OK	image_id=49825710244075
2026-05-15 14:44:35	image-delete	delete_product_image	DELETE	https://oz-nails-wa.myshopify.com/admin/api/2024-10/products/9364813545707/images/49825710932203.json	9364813545707		images	200	OK	image_id=49825710932203
2026-05-15 14:44:37	image-delete	delete_product_image	DELETE	https://oz-nails-wa.myshopify.com/admin/api/2024-10/products/9365277475051/images/49825711620331.json	9365277475051		images	200	OK	image_id=49825711620331
2026-05-15 14:44:39	image-delete	delete_product_image	DELETE	https://oz-nails-wa.myshopify.com/admin/api/2024-10/products/9365277540587/images/49825711718635.json	9365277540587		images	200	OK	image_id=49825711718635
2026-05-15 14:44:41	image-delete	delete_product_image	DELETE	https://oz-nails-wa.myshopify.com/admin/api/2024-10/products/9365277573355/images/49825711915243.json	9365277573355		images	200	OK	image_id=49825711915243
2026-05-15 14:44:43	image-delete	delete_product_image	DELETE	https://oz-nails-wa.myshopify.com/admin/api/2024-10/products/9365278163179/images/49825712111851.json	9365278163179		images	200	OK	image_id=49825712111851
2026-05-15 14:44:45	image-delete	delete_product_image	DELETE	https://oz-nails-wa.myshopify.com/admin/api/2024-10/products/9365278490859/images/49825712242923.json	9365278490859		images	200	OK	image_id=49825712242923
2026-05-15 14:44:47	image-delete	delete_product_image	DELETE	https://oz-nails-wa.myshopify.com/admin/api/2024-10/products/9365278523627/images/49825712406763.json	9365278523627		images	200	OK	image_id=49825712406763
2026-05-15 14:44:48	image-delete	delete_product_image	DELETE	https://oz-nails-wa.myshopify.com/admin/api/2024-10/products/9367038296299/images/49825713094891.json	9367038296299		images	200	OK	image_id=49825713094891
2026-05-15 14:44:50	image-delete	delete_product_image	DELETE	https://oz-nails-wa.myshopify.com/admin/api/2024-10/products/9365278589163/images/49825714110699.json	9365278589163		images	200	OK	image_id=49825714110699
2026-05-15 14:44:52	image-delete	delete_product_image	DELETE	https://oz-nails-wa.myshopify.com/admin/api/2024-10/products/9365278621931/images/49825715323115.json	9365278621931		images	200	OK	image_id=49825715323115
2026-05-15 14:44:54	image-delete	delete_product_image	DELETE	https://oz-nails-wa.myshopify.com/admin/api/2024-10/products/9365278654699/images/49825716601067.json	9365278654699		images	200	OK	image_id=49825716601067
2026-05-15 14:44:56	image-delete	delete_product_image	DELETE	https://oz-nails-wa.myshopify.com/admin/api/2024-10/products/9365264433387/images/49825717289195.json	9365264433387		images	200	OK	image_id=49825717289195
2026-05-15 14:44:58	image-delete	delete_product_image	DELETE	https://oz-nails-wa.myshopify.com/admin/api/2024-10/products/9365264531691/images/49825718108395.json	9365264531691		images	200	OK	image_id=49825718108395
2026-05-15 14:45:00	image-delete	delete_product_image	DELETE	https://oz-nails-wa.myshopify.com/admin/api/2024-10/products/9365264629995/images/49825718403307.json	9365264629995		images	200	OK	image_id=49825718403307
2026-05-15 14:45:02	image-delete	delete_product_image	DELETE	https://oz-nails-wa.myshopify.com/admin/api/2024-10/products/9365264826603/images/49825718501611.json	9365264826603		images	200	OK	image_id=49825718501611
2026-05-15 14:45:03	image-delete	delete_product_image	DELETE	https://oz-nails-wa.myshopify.com/admin/api/2024-10/products/9365263810795/images/49825718730987.json	9365263810795		images	200	OK	image_id=49825718730987
2026-05-15 14:45:05	image-delete	delete_product_image	DELETE	https://oz-nails-wa.myshopify.com/admin/api/2024-10/products/9365264007403/images/49825718796523.json	9365264007403		images	200	OK	image_id=49825718796523
2026-05-15 14:45:08	image-delete	delete_product_image	DELETE	https://oz-nails-wa.myshopify.com/admin/api/2024-10/products/9365264269547/images/49825718927595.json	9365264269547		images	200	OK	image_id=49825718927595
2026-05-15 14:45:10	image-delete	delete_product_image	DELETE	https://oz-nails-wa.myshopify.com/admin/api/2024-10/products/9365265088747/images/49825720565995.json	9365265088747		images	200	OK	image_id=49825720565995
2026-05-15 14:45:12	image-delete	delete_product_image	DELETE	https://oz-nails-wa.myshopify.com/admin/api/2024-10/products/9365265187051/images/49825721319659.json	9365265187051		images	200	OK	image_id=49825721319659
2026-05-15 14:45:14	image-delete	delete_product_image	DELETE	https://oz-nails-wa.myshopify.com/admin/api/2024-10/products/9365264924907/images/49825722138859.json	9365264924907		images	200	OK	image_id=49825722138859
2026-05-15 14:45:16	image-delete	delete_product_image	DELETE	https://oz-nails-wa.myshopify.com/admin/api/2024-10/products/9365264662763/images/49825723613419.json	9365264662763		images	200	OK	image_id=49825723613419
2026-05-15 14:45:18	image-delete	delete_product_image	DELETE	https://oz-nails-wa.myshopify.com/admin/api/2024-10/products/9365264728299/images/49825724465387.json	9365264728299		images	200	OK	image_id=49825724465387
2026-05-15 14:45:20	image-delete	delete_product_image	DELETE	https://oz-nails-wa.myshopify.com/admin/api/2024-10/products/9365264761067/images/49825725317355.json	9365264761067		images	200	OK	image_id=49825725317355
2026-05-15 14:45:22	image-delete	delete_product_image	DELETE	https://oz-nails-wa.myshopify.com/admin/api/2024-10/products/9365264990443/images/49825725415659.json	9365264990443		images	200	OK	image_id=49825725415659
2026-05-15 14:45:24	image-delete	delete_product_image	DELETE	https://oz-nails-wa.myshopify.com/admin/api/2024-10/products/9365243822315/images/49825725710571.json	9365243822315		images	200	OK	image_id=49825725710571
2026-05-15 14:45:26	image-delete	delete_product_image	DELETE	https://oz-nails-wa.myshopify.com/admin/api/2024-10/products/9365263319275/images/49825725808875.json	9365263319275		images	200	OK	image_id=49825725808875
2026-05-15 14:45:28	image-delete	delete_product_image	DELETE	https://oz-nails-wa.myshopify.com/admin/api/2024-10/products/9365263548651/images/49825725907179.json	9365263548651		images	200	OK	image_id=49825725907179
2026-05-15 14:45:30	image-delete	delete_product_image	DELETE	https://oz-nails-wa.myshopify.com/admin/api/2024-10/products/9367040491755/images/49825726038251.json	9367040491755		images	200	OK	image_id=49825726038251
2026-05-15 14:45:32	image-delete	delete_product_image	DELETE	https://oz-nails-wa.myshopify.com/admin/api/2024-10/products/9367040622827/images/49825726693611.json	9367040622827		images	200	OK	image_id=49825726693611
2026-05-15 14:45:34	image-delete	delete_product_image	DELETE	https://oz-nails-wa.myshopify.com/admin/api/2024-10/products/9367041704171/images/49825727545579.json	9367041704171		images	200	OK	image_id=49825727545579
2026-05-15 14:45:36	image-delete	delete_product_image	DELETE	https://oz-nails-wa.myshopify.com/admin/api/2024-10/products/9365144633579/images/49825728233707.json	9365144633579		images	200	OK	image_id=49825728233707
2026-05-15 14:45:37	image-delete	delete_product_image	DELETE	https://oz-nails-wa.myshopify.com/admin/api/2024-10/products/9365144699115/images/49825728692459.json	9365144699115		images	200	OK	image_id=49825728692459
2026-05-15 14:45:40	image-delete	delete_product_image	DELETE	https://oz-nails-wa.myshopify.com/admin/api/2024-10/products/9365144797419/images/49825729970411.json	9365144797419		images	200	OK	image_id=49825729970411
2026-05-15 14:45:42	image-delete	delete_product_image	DELETE	https://oz-nails-wa.myshopify.com/admin/api/2024-10/products/9365144862955/images/49825730527467.json	9365144862955		images	200	OK	image_id=49825730527467
2026-05-15 14:45:44	image-delete	delete_product_image	DELETE	https://oz-nails-wa.myshopify.com/admin/api/2024-10/products/9365144961259/images/49825730658539.json	9365144961259		images	200	OK	image_id=49825730658539
2026-05-15 14:45:46	image-delete	delete_product_image	DELETE	https://oz-nails-wa.myshopify.com/admin/api/2024-10/products/9365145125099/images/49825730756843.json	9365145125099		images	200	OK	image_id=49825730756843
2026-05-15 14:45:47	image-delete	delete_product_image	DELETE	https://oz-nails-wa.myshopify.com/admin/api/2024-10/products/9365145354475/images/49825730855147.json	9365145354475		images	200	OK	image_id=49825730855147
2026-05-15 14:45:49	image-delete	delete_product_image	DELETE	https://oz-nails-wa.myshopify.com/admin/api/2024-10/products/9365145452779/images/49825731018987.json	9365145452779		images	200	OK	image_id=49825731018987
2026-05-15 14:45:51	image-delete	delete_product_image	DELETE	https://oz-nails-wa.myshopify.com/admin/api/2024-10/products/9365145485547/images/49825731150059.json	9365145485547		images	200	OK	image_id=49825731150059
2026-05-15 14:45:53	image-delete	delete_product_image	DELETE	https://oz-nails-wa.myshopify.com/admin/api/2024-10/products/9365145583851/images/49825731215595.json	9365145583851		images	200	OK	image_id=49825731215595
2026-05-15 14:45:55	image-delete	delete_product_image	DELETE	https://oz-nails-wa.myshopify.com/admin/api/2024-10/products/9365145649387/images/49825731805419.json	9365145649387		images	200	OK	image_id=49825731805419
2026-05-15 14:45:57	image-delete	delete_product_image	DELETE	https://oz-nails-wa.myshopify.com/admin/api/2024-10/products/9365145747691/images/49825732395243.json	9365145747691		images	200	OK	image_id=49825732395243
2026-05-15 14:45:59	image-delete	delete_product_image	DELETE	https://oz-nails-wa.myshopify.com/admin/api/2024-10/products/9365145813227/images/49825733116139.json	9365145813227		images	200	OK	image_id=49825733116139
2026-05-15 14:46:01	image-delete	delete_product_image	DELETE	https://oz-nails-wa.myshopify.com/admin/api/2024-10/products/9365146009835/images/49825733968107.json	9365146009835		images	200	OK	image_id=49825733968107
2026-05-15 14:46:03	image-delete	delete_product_image	DELETE	https://oz-nails-wa.myshopify.com/admin/api/2024-10/products/9365146075371/images/49825735082219.json	9365146075371		images	200	OK	image_id=49825735082219
2026-05-15 14:46:05	image-delete	delete_product_image	DELETE	https://oz-nails-wa.myshopify.com/admin/api/2024-10/products/9365146140907/images/49825735966955.json	9365146140907		images	200	OK	image_id=49825735966955
2026-05-15 14:46:06	image-delete	delete_product_image	DELETE	https://oz-nails-wa.myshopify.com/admin/api/2024-10/products/9365146206443/images/49825736229099.json	9365146206443		images	200	OK	image_id=49825736229099
2026-05-15 14:46:08	image-delete	delete_product_image	DELETE	https://oz-nails-wa.myshopify.com/admin/api/2024-10/products/9365146271979/images/49825736327403.json	9365146271979		images	200	OK	image_id=49825736327403
2026-05-15 14:46:10	image-delete	delete_product_image	DELETE	https://oz-nails-wa.myshopify.com/admin/api/2024-10/products/9365418737899/images/49825736458475.json	9365418737899		images	200	OK	image_id=49825736458475
2026-05-15 14:46:12	image-delete	delete_product_image	DELETE	https://oz-nails-wa.myshopify.com/admin/api/2024-10/products/9364817576171/images/49825736524011.json	9364817576171		images	200	OK	image_id=49825736524011
2026-05-15 14:46:14	image-delete	delete_product_image	DELETE	https://oz-nails-wa.myshopify.com/admin/api/2024-10/products/9364817838315/images/49825736655083.json	9364817838315		images	200	OK	image_id=49825736655083
2026-05-15 14:46:16	image-delete	delete_product_image	DELETE	https://oz-nails-wa.myshopify.com/admin/api/2024-10/products/9364818100459/images/49825736720619.json	9364818100459		images	200	OK	image_id=49825736720619
2026-05-15 14:46:18	image-delete	delete_product_image	DELETE	https://oz-nails-wa.myshopify.com/admin/api/2024-10/products/9364818329835/images/49825736884459.json	9364818329835		images	200	OK	image_id=49825736884459
2026-05-15 14:46:20	image-delete	delete_product_image	DELETE	https://oz-nails-wa.myshopify.com/admin/api/2024-10/products/9367045865707/images/49825737539819.json	9367045865707		images	200	OK	image_id=49825737539819
2026-05-15 14:46:22	image-delete	delete_product_image	DELETE	https://oz-nails-wa.myshopify.com/admin/api/2024-10/products/9365267710187/images/49825738195179.json	9365267710187		images	200	OK	image_id=49825738195179
2026-05-15 14:46:23	image-delete	delete_product_image	DELETE	https://oz-nails-wa.myshopify.com/admin/api/2024-10/products/9364818624747/images/49825738883307.json	9364818624747		images	200	OK	image_id=49825738883307
2026-05-15 14:46:25	image-delete	delete_product_image	DELETE	https://oz-nails-wa.myshopify.com/admin/api/2024-10/products/9364818788587/images/49825739440363.json	9364818788587		images	200	OK	image_id=49825739440363
2026-05-15 14:46:27	image-delete	delete_product_image	DELETE	https://oz-nails-wa.myshopify.com/admin/api/2024-10/products/9364819083499/images/49825740882155.json	9364819083499		images	200	OK	image_id=49825740882155
2026-05-15 14:46:29	image-delete	delete_product_image	DELETE	https://oz-nails-wa.myshopify.com/admin/api/2024-10/products/9364740440299/images/49825741701355.json	9364740440299		images	200	OK	image_id=49825741701355
2026-05-15 14:46:31	image-delete	delete_product_image	DELETE	https://oz-nails-wa.myshopify.com/admin/api/2024-10/products/9364819345643/images/49825741963499.json	9364819345643		images	200	OK	image_id=49825741963499
2026-05-15 14:46:33	image-delete	delete_product_image	DELETE	https://oz-nails-wa.myshopify.com/admin/api/2024-10/products/9364819640555/images/49825742061803.json	9364819640555		images	200	OK	image_id=49825742061803
2026-05-15 14:46:35	image-delete	delete_product_image	DELETE	https://oz-nails-wa.myshopify.com/admin/api/2024-10/products/9364819869931/images/49825742356715.json	9364819869931		images	200	OK	image_id=49825742356715
2026-05-15 14:46:37	image-delete	delete_product_image	DELETE	https://oz-nails-wa.myshopify.com/admin/api/2024-10/products/9364820033771/images/49825742455019.json	9364820033771		images	200	OK	image_id=49825742455019
2026-05-15 14:46:39	image-delete	delete_product_image	DELETE	https://oz-nails-wa.myshopify.com/admin/api/2024-10/products/9364820295915/images/49825742586091.json	9364820295915		images	200	OK	image_id=49825742586091
2026-05-15 14:46:41	image-delete	delete_product_image	DELETE	https://oz-nails-wa.myshopify.com/admin/api/2024-10/products/9364820492523/images/49825742651627.json	9364820492523		images	200	OK	image_id=49825742651627
2026-05-15 14:46:43	image-delete	delete_product_image	DELETE	https://oz-nails-wa.myshopify.com/admin/api/2024-10/products/9364820721899/images/49825743372523.json	9364820721899		images	200	OK	image_id=49825743372523
2026-05-15 14:46:44	image-delete	delete_product_image	DELETE	https://oz-nails-wa.myshopify.com/admin/api/2024-10/products/9365220524267/images/49825744093419.json	9365220524267		images	200	OK	image_id=49825744093419
2026-05-15 14:46:46	image-delete	delete_product_image	DELETE	https://oz-nails-wa.myshopify.com/admin/api/2024-10/products/9364820951275/images/49825744814315.json	9364820951275		images	200	OK	image_id=49825744814315
2026-05-15 14:46:48	image-delete	delete_product_image	DELETE	https://oz-nails-wa.myshopify.com/admin/api/2024-10/products/9364821180651/images/49825745502443.json	9364821180651		images	200	OK	image_id=49825745502443
2026-05-15 14:46:50	image-delete	delete_product_image	DELETE	https://oz-nails-wa.myshopify.com/admin/api/2024-10/products/9367046291691/images/49825747599595.json	9367046291691		images	200	OK	image_id=49825747599595
2026-05-15 14:46:52	image-delete	delete_product_image	DELETE	https://oz-nails-wa.myshopify.com/admin/api/2024-10/products/9367048585451/images/49825748549867.json	9367048585451		images	200	OK	image_id=49825748549867
2026-05-15 14:46:54	image-delete	delete_product_image	DELETE	https://oz-nails-wa.myshopify.com/admin/api/2024-10/products/9367049273579/images/49825748812011.json	9367049273579		images	200	OK	image_id=49825748812011
2026-05-15 14:46:56	image-delete	delete_product_image	DELETE	https://oz-nails-wa.myshopify.com/admin/api/2024-10/products/9367049601259/images/49825749237995.json	9367049601259		images	200	OK	image_id=49825749237995
2026-05-15 14:46:58	image-delete	delete_product_image	DELETE	https://oz-nails-wa.myshopify.com/admin/api/2024-10/products/9367049928939/images/49825749336299.json	9367049928939		images	200	OK	image_id=49825749336299
2026-05-15 14:47:00	image-delete	delete_product_image	DELETE	https://oz-nails-wa.myshopify.com/admin/api/2024-10/products/9367051632875/images/49825749565675.json	9367051632875		images	200	OK	image_id=49825749565675
2026-05-15 14:47:02	image-delete	delete_product_image	DELETE	https://oz-nails-wa.myshopify.com/admin/api/2024-10/products/9367056810219/images/49825749729515.json	9367056810219		images	200	OK	image_id=49825749729515
2026-05-15 14:47:04	image-delete	delete_product_image	DELETE	https://oz-nails-wa.myshopify.com/admin/api/2024-10/products/9367057498347/images/49825750221035.json	9367057498347		images	200	OK	image_id=49825750221035
2026-05-15 14:47:06	image-delete	delete_product_image	DELETE	https://oz-nails-wa.myshopify.com/admin/api/2024-10/products/9367058415851/images/49825751400683.json	9367058415851		images	200	OK	image_id=49825751400683
2026-05-15 14:47:08	image-delete	delete_product_image	DELETE	https://oz-nails-wa.myshopify.com/admin/api/2024-10/products/9367062872299/images/49825752252651.json	9367062872299		images	200	OK	image_id=49825752252651
2026-05-15 14:47:10	image-delete	delete_product_image	DELETE	https://oz-nails-wa.myshopify.com/admin/api/2024-10/products/9367063658731/images/49825753071851.json	9367063658731		images	200	OK	image_id=49825753071851
2026-05-15 14:47:12	image-delete	delete_product_image	DELETE	https://oz-nails-wa.myshopify.com/admin/api/2024-10/products/9367064740075/images/49825753727211.json	9367064740075		images	200	OK	image_id=49825753727211
2026-05-15 14:47:14	image-delete	delete_product_image	DELETE	https://oz-nails-wa.myshopify.com/admin/api/2024-10/products/9366002270443/images/49825754841323.json	9366002270443		images	200	OK	image_id=49825754841323
2026-05-15 14:47:16	image-delete	delete_product_image	DELETE	https://oz-nails-wa.myshopify.com/admin/api/2024-10/products/9365903278315/images/49825754939627.json	9365903278315		images	200	OK	image_id=49825754939627
2026-05-15 14:47:18	image-delete	delete_product_image	DELETE	https://oz-nails-wa.myshopify.com/admin/api/2024-10/products/9364821377259/images/49825755103467.json	9364821377259		images	200	OK	image_id=49825755103467
2026-05-15 14:47:20	image-delete	delete_product_image	DELETE	https://oz-nails-wa.myshopify.com/admin/api/2024-10/products/9367066771691/images/49825755267307.json	9367066771691		images	200	OK	image_id=49825755267307
2026-05-15 14:47:23	image-delete	delete_product_image	DELETE	https://oz-nails-wa.myshopify.com/admin/api/2024-10/products/9367069098219/images/49825755627755.json	9367069098219		images	200	OK	image_id=49825755627755
2026-05-15 14:47:25	image-delete	delete_product_image	DELETE	https://oz-nails-wa.myshopify.com/admin/api/2024-10/products/9367071883499/images/49825755824363.json	9367071883499		images	200	OK	image_id=49825755824363
2026-05-15 14:47:30	image-delete	delete_product_image	DELETE	https://oz-nails-wa.myshopify.com/admin/api/2024-10/products/9367076962539/images/49825756086507.json	9367076962539		images	200	OK	image_id=49825756086507
2026-05-15 14:47:33	image-delete	delete_product_image	DELETE	https://oz-nails-wa.myshopify.com/admin/api/2024-10/products/9367079420139/images/49825756840171.json	9367079420139		images	200	OK	image_id=49825756840171
2026-05-15 14:47:35	image-delete	delete_product_image	DELETE	https://oz-nails-wa.myshopify.com/admin/api/2024-10/products/9367081124075/images/49825757692139.json	9367081124075		images	200	OK	image_id=49825757692139
2026-05-15 14:49:06	image-delete	delete_product_image	DELETE	https://oz-nails-wa.myshopify.com/admin/api/2024-10/products/9367085908203/images/49825758675179.json	9367085908203		images	200	OK	image_id=49825758675179
2026-05-15 14:49:08	image-delete	delete_product_image	DELETE	https://oz-nails-wa.myshopify.com/admin/api/2024-10/products/9367086137579/images/49825759330539.json	9367086137579		images	200	OK	image_id=49825759330539
2026-05-15 14:49:10	image-delete	delete_product_image	DELETE	https://oz-nails-wa.myshopify.com/admin/api/2024-10/products/9367090069739/images/49825760346347.json	9367090069739		images	200	OK	image_id=49825760346347
2026-05-15 14:49:12	image-delete	delete_product_image	DELETE	https://oz-nails-wa.myshopify.com/admin/api/2024-10/products/9367090430187/images/49825761198315.json	9367090430187		images	200	OK	image_id=49825761198315
2026-05-15 14:49:14	image-delete	delete_product_image	DELETE	https://oz-nails-wa.myshopify.com/admin/api/2024-10/products/9367093051627/images/49825761263851.json	9367093051627		images	200	OK	image_id=49825761263851
2026-05-15 14:49:16	image-delete	delete_product_image	DELETE	https://oz-nails-wa.myshopify.com/admin/api/2024-10/products/9367094329579/images/49825761591531.json	9367094329579		images	200	OK	image_id=49825761591531
2026-05-15 14:49:18	image-delete	delete_product_image	DELETE	https://oz-nails-wa.myshopify.com/admin/api/2024-10/products/9367095607531/images/49825761722603.json	9367095607531		images	200	OK	image_id=49825761722603
2026-05-15 14:49:20	image-delete	delete_product_image	DELETE	https://oz-nails-wa.myshopify.com/admin/api/2024-10/products/9367097147627/images/49825761820907.json	9367097147627		images	200	OK	image_id=49825761820907
2026-05-15 14:49:22	image-delete	delete_product_image	DELETE	https://oz-nails-wa.myshopify.com/admin/api/2024-10/products/9367098753259/images/49825761919211.json	9367098753259		images	200	OK	image_id=49825761919211
2026-05-15 14:49:23	image-delete	delete_product_image	DELETE	https://oz-nails-wa.myshopify.com/admin/api/2024-10/products/9367099900139/images/49825762312427.json	9367099900139		images	200	OK	image_id=49825762312427
2026-05-15 14:49:26	image-delete	delete_product_image	DELETE	https://oz-nails-wa.myshopify.com/admin/api/2024-10/products/9367101735147/images/49825762738411.json	9367101735147		images	200	OK	image_id=49825762738411
2026-05-15 14:49:28	image-delete	delete_product_image	DELETE	https://oz-nails-wa.myshopify.com/admin/api/2024-10/products/9367102488811/images/49825763459307.json	9367102488811		images	200	OK	image_id=49825763459307
2026-05-15 14:49:30	image-delete	delete_product_image	DELETE	https://oz-nails-wa.myshopify.com/admin/api/2024-10/products/9367105143019/images/49825763819755.json	9367105143019		images	200	OK	image_id=49825763819755
2026-05-15 14:49:32	image-delete	delete_product_image	DELETE	https://oz-nails-wa.myshopify.com/admin/api/2024-10/products/9367106289899/images/49825764737259.json	9367106289899		images	200	OK	image_id=49825764737259
2026-05-15 14:49:33	image-delete	delete_product_image	DELETE	https://oz-nails-wa.myshopify.com/admin/api/2024-10/products/9367108485355/images/49825765359851.json	9367108485355		images	200	OK	image_id=49825765359851
2026-05-15 14:49:36	image-delete	delete_product_image	DELETE	https://oz-nails-wa.myshopify.com/admin/api/2024-10/products/9367110582507/images/49825765884139.json	9367110582507		images	200	OK	image_id=49825765884139
2026-05-15 14:49:38	image-delete	delete_product_image	DELETE	https://oz-nails-wa.myshopify.com/admin/api/2024-10/products/9367110811883/images/49825766375659.json	9367110811883		images	200	OK	image_id=49825766375659
2026-05-15 14:49:40	image-delete	delete_product_image	DELETE	https://oz-nails-wa.myshopify.com/admin/api/2024-10/products/9367114219755/images/49825766473963.json	9367114219755		images	200	OK	image_id=49825766473963
2026-05-15 14:49:41	image-delete	delete_product_image	DELETE	https://oz-nails-wa.myshopify.com/admin/api/2024-10/products/9367116021995/images/49825766572267.json	9367116021995		images	200	OK	image_id=49825766572267
2026-05-15 14:49:43	image-delete	delete_product_image	DELETE	https://oz-nails-wa.myshopify.com/admin/api/2024-10/products/9367116087531/images/49825766703339.json	9367116087531		images	200	OK	image_id=49825766703339
2026-05-15 14:49:45	image-delete	delete_product_image	DELETE	https://oz-nails-wa.myshopify.com/admin/api/2024-10/products/9367118446827/images/49825766801643.json	9367118446827		images	200	OK	image_id=49825766801643
2026-05-15 14:49:47	image-delete	delete_product_image	DELETE	https://oz-nails-wa.myshopify.com/admin/api/2024-10/products/9367119167723/images/49825766998251.json	9367119167723		images	200	OK	image_id=49825766998251
2026-05-15 14:49:49	image-delete	delete_product_image	DELETE	https://oz-nails-wa.myshopify.com/admin/api/2024-10/products/9367122116843/images/49825767588075.json	9367122116843		images	200	OK	image_id=49825767588075
2026-05-15 14:49:51	image-delete	delete_product_image	DELETE	https://oz-nails-wa.myshopify.com/admin/api/2024-10/products/9367123034347/images/49825768112363.json	9367123034347		images	200	OK	image_id=49825768112363
2026-05-15 14:49:53	image-delete	delete_product_image	DELETE	https://oz-nails-wa.myshopify.com/admin/api/2024-10/products/9367124869355/images/49825768800491.json	9367124869355		images	200	OK	image_id=49825768800491
2026-05-15 14:49:55	image-delete	delete_product_image	DELETE	https://oz-nails-wa.myshopify.com/admin/api/2024-10/products/9367126835435/images/49825769423083.json	9367126835435		images	200	OK	image_id=49825769423083
2026-05-15 14:49:57	image-delete	delete_product_image	DELETE	https://oz-nails-wa.myshopify.com/admin/api/2024-10/products/9367128768747/images/49825770078443.json	9367128768747		images	200	OK	image_id=49825770078443
2026-05-15 14:49:59	image-delete	delete_product_image	DELETE	https://oz-nails-wa.myshopify.com/admin/api/2024-10/products/9367128834283/images/49825770504427.json	9367128834283		images	200	OK	image_id=49825770504427
2026-05-15 14:50:00	image-delete	delete_product_image	DELETE	https://oz-nails-wa.myshopify.com/admin/api/2024-10/products/9367131619563/images/49825770897643.json	9367131619563		images	200	OK	image_id=49825770897643
2026-05-15 14:50:03	image-delete	delete_product_image	DELETE	https://oz-nails-wa.myshopify.com/admin/api/2024-10/products/9367133028587/images/49825771061483.json	9367133028587		images	200	OK	image_id=49825771061483
2026-05-15 14:50:04	image-delete	delete_product_image	DELETE	https://oz-nails-wa.myshopify.com/admin/api/2024-10/products/9367134961899/images/49825771290859.json	9367134961899		images	200	OK	image_id=49825771290859
2026-05-15 14:50:06	image-delete	delete_product_image	DELETE	https://oz-nails-wa.myshopify.com/admin/api/2024-10/products/9367136239851/images/49825771487467.json	9367136239851		images	200	OK	image_id=49825771487467
2026-05-15 14:50:08	image-delete	delete_product_image	DELETE	https://oz-nails-wa.myshopify.com/admin/api/2024-10/products/9367137190123/images/49825771749611.json	9367137190123		images	200	OK	image_id=49825771749611
2026-05-15 14:50:10	image-delete	delete_product_image	DELETE	https://oz-nails-wa.myshopify.com/admin/api/2024-10/products/9367139025131/images/49825771978987.json	9367139025131		images	200	OK	image_id=49825771978987
2026-05-15 14:50:13	image-delete	delete_product_image	DELETE	https://oz-nails-wa.myshopify.com/admin/api/2024-10/products/9367140663531/images/49825772536043.json	9367140663531		images	200	OK	image_id=49825772536043
2026-05-15 14:50:14	image-delete	delete_product_image	DELETE	https://oz-nails-wa.myshopify.com/admin/api/2024-10/products/9367142596843/images/49825773191403.json	9367142596843		images	200	OK	image_id=49825773191403
2026-05-15 14:50:17	image-delete	delete_product_image	DELETE	https://oz-nails-wa.myshopify.com/admin/api/2024-10/products/9367143481579/images/49825773879531.json	9367143481579		images	200	OK	image_id=49825773879531
2026-05-15 14:50:19	image-delete	delete_product_image	DELETE	https://oz-nails-wa.myshopify.com/admin/api/2024-10/products/9367145611499/images/49825774600427.json	9367145611499		images	200	OK	image_id=49825774600427
2026-05-15 14:50:20	image-delete	delete_product_image	DELETE	https://oz-nails-wa.myshopify.com/admin/api/2024-10/products/9367146922219/images/49825775583467.json	9367146922219		images	200	OK	image_id=49825775583467
2026-05-15 14:50:22	image-delete	delete_product_image	DELETE	https://oz-nails-wa.myshopify.com/admin/api/2024-10/products/9367149379819/images/49825776140523.json	9367149379819		images	200	OK	image_id=49825776140523
2026-05-15 14:50:24	image-delete	delete_product_image	DELETE	https://oz-nails-wa.myshopify.com/admin/api/2024-10/products/9367149609195/images/49825776468203.json	9367149609195		images	200	OK	image_id=49825776468203
2026-05-15 14:50:26	image-delete	delete_product_image	DELETE	https://oz-nails-wa.myshopify.com/admin/api/2024-10/products/9367152066795/images/49825776566507.json	9367152066795		images	200	OK	image_id=49825776566507
2026-05-15 14:50:28	image-delete	delete_product_image	DELETE	https://oz-nails-wa.myshopify.com/admin/api/2024-10/products/9367154262251/images/49825776697579.json	9367154262251		images	200	OK	image_id=49825776697579
2026-05-15 14:50:30	image-delete	delete_product_image	DELETE	https://oz-nails-wa.myshopify.com/admin/api/2024-10/products/9367154327787/images/49825776795883.json	9367154327787		images	200	OK	image_id=49825776795883
2026-05-15 14:50:32	image-delete	delete_product_image	DELETE	https://oz-nails-wa.myshopify.com/admin/api/2024-10/products/9367157309675/images/49825776894187.json	9367157309675		images	200	OK	image_id=49825776894187
2026-05-15 14:50:34	image-delete	delete_product_image	DELETE	https://oz-nails-wa.myshopify.com/admin/api/2024-10/products/9367159242987/images/49825776992491.json	9367159242987		images	200	OK	image_id=49825776992491
2026-05-15 14:50:36	image-delete	delete_product_image	DELETE	https://oz-nails-wa.myshopify.com/admin/api/2024-10/products/9367159898347/images/49825777189099.json	9367159898347		images	200	OK	image_id=49825777189099
2026-05-15 14:50:38	image-delete	delete_product_image	DELETE	https://oz-nails-wa.myshopify.com/admin/api/2024-10/products/9367005921515/images/49825777877227.json	9367005921515		images	200	OK	image_id=49825777877227
2026-05-15 14:50:40	image-delete	delete_product_image	DELETE	https://oz-nails-wa.myshopify.com/admin/api/2024-10/products/9365278687467/images/49825778335979.json	9365278687467		images	200	OK	image_id=49825778335979
2026-05-15 14:50:42	image-delete	delete_product_image	DELETE	https://oz-nails-wa.myshopify.com/admin/api/2024-10/products/9365278720235/images/49825779056875.json	9365278720235		images	200	OK	image_id=49825779056875
2026-05-15 14:50:44	image-delete	delete_product_image	DELETE	https://oz-nails-wa.myshopify.com/admin/api/2024-10/products/9365278753003/images/49825779548395.json	9365278753003		images	200	OK	image_id=49825779548395
2026-05-15 14:50:46	image-delete	delete_product_image	DELETE	https://oz-nails-wa.myshopify.com/admin/api/2024-10/products/9365278785771/images/49825780498667.json	9365278785771		images	200	OK	image_id=49825780498667
2026-05-15 14:50:48	image-delete	delete_product_image	DELETE	https://oz-nails-wa.myshopify.com/admin/api/2024-10/products/9365278851307/images/49825781022955.json	9365278851307		images	200	OK	image_id=49825781022955
2026-05-15 14:50:50	image-delete	delete_product_image	DELETE	https://oz-nails-wa.myshopify.com/admin/api/2024-10/products/9365278884075/images/49825781154027.json	9365278884075		images	200	OK	image_id=49825781154027
2026-05-15 14:50:52	image-delete	delete_product_image	DELETE	https://oz-nails-wa.myshopify.com/admin/api/2024-10/products/9365278916843/images/49825781219563.json	9365278916843		images	200	OK	image_id=49825781219563
2026-05-15 14:50:54	image-delete	delete_product_image	DELETE	https://oz-nails-wa.myshopify.com/admin/api/2024-10/products/9365278982379/images/49825781350635.json	9365278982379		images	200	OK	image_id=49825781350635
2026-05-15 14:50:56	image-delete	delete_product_image	DELETE	https://oz-nails-wa.myshopify.com/admin/api/2024-10/products/9365279080683/images/49825781416171.json	9365279080683		images	200	OK	image_id=49825781416171
2026-05-15 14:50:57	image-delete	delete_product_image	DELETE	https://oz-nails-wa.myshopify.com/admin/api/2024-10/products/9365279113451/images/49825781547243.json	9365279113451		images	200	OK	image_id=49825781547243
2026-05-15 14:50:59	image-delete	delete_product_image	DELETE	https://oz-nails-wa.myshopify.com/admin/api/2024-10/products/9365279211755/images/49825781678315.json	9365279211755		images	200	OK	image_id=49825781678315
2026-05-15 14:51:01	image-delete	delete_product_image	DELETE	https://oz-nails-wa.myshopify.com/admin/api/2024-10/products/9365279244523/images/49825782497515.json	9365279244523		images	200	OK	image_id=49825782497515
2026-05-15 14:51:03	image-delete	delete_product_image	DELETE	https://oz-nails-wa.myshopify.com/admin/api/2024-10/products/9365279277291/images/49825783087339.json	9365279277291		images	200	OK	image_id=49825783087339
2026-05-15 14:51:05	image-delete	delete_product_image	DELETE	https://oz-nails-wa.myshopify.com/admin/api/2024-10/products/9365279310059/images/49825783677163.json	9365279310059		images	200	OK	image_id=49825783677163
2026-05-15 14:51:07	image-delete	delete_product_image	DELETE	https://oz-nails-wa.myshopify.com/admin/api/2024-10/products/9365279342827/images/49825784037611.json	9365279342827		images	200	OK	image_id=49825784037611
2026-05-15 14:51:09	image-delete	delete_product_image	DELETE	https://oz-nails-wa.myshopify.com/admin/api/2024-10/products/9365279375595/images/49825784791275.json	9365279375595		images	200	OK	image_id=49825784791275
2026-05-15 14:51:11	image-delete	delete_product_image	DELETE	https://oz-nails-wa.myshopify.com/admin/api/2024-10/products/9365279408363/images/49825785053419.json	9365279408363		images	200	OK	image_id=49825785053419
2026-05-15 14:51:13	image-delete	delete_product_image	DELETE	https://oz-nails-wa.myshopify.com/admin/api/2024-10/products/9365279441131/images/49825785217259.json	9365279441131		images	200	OK	image_id=49825785217259
2026-05-15 14:51:43	image-delete	delete_product_image	DELETE	https://oz-nails-wa.myshopify.com/admin/api/2024-10/products/9367004545259/images/49825785512171.json	9367004545259		images	200	OK	image_id=49825785512171
2026-05-15 14:51:44	image-delete	delete_product_image	DELETE	https://oz-nails-wa.myshopify.com/admin/api/2024-10/products/9367161307371/images/49825785577707.json	9367161307371		images	200	OK	image_id=49825785577707
2026-05-15 14:51:46	image-delete	delete_product_image	DELETE	https://oz-nails-wa.myshopify.com/admin/api/2024-10/products/9364821606635/images/49825785676011.json	9364821606635		images	200	OK	image_id=49825785676011
2026-05-15 14:51:48	image-delete	delete_product_image	DELETE	https://oz-nails-wa.myshopify.com/admin/api/2024-10/products/9364821639403/images/49825785839851.json	9364821639403		images	200	OK	image_id=49825785839851
2026-05-15 14:51:50	image-delete	delete_product_image	DELETE	https://oz-nails-wa.myshopify.com/admin/api/2024-10/products/9367007363307/images/49825786527979.json	9367007363307		images	200	OK	image_id=49825786527979
2026-05-15 14:51:52	image-delete	delete_product_image	DELETE	https://oz-nails-wa.myshopify.com/admin/api/2024-10/products/9365279604971/images/49825787347179.json	9365279604971		images	200	OK	image_id=49825787347179
2026-05-15 14:51:54	image-delete	delete_product_image	DELETE	https://oz-nails-wa.myshopify.com/admin/api/2024-10/products/9364821672171/images/49825788068075.json	9364821672171		images	200	OK	image_id=49825788068075
2026-05-15 14:51:56	image-delete	delete_product_image	DELETE	https://oz-nails-wa.myshopify.com/admin/api/2024-10/products/9364821704939/images/49825788625131.json	9364821704939		images	200	OK	image_id=49825788625131
2026-05-15 14:51:58	image-delete	delete_product_image	DELETE	https://oz-nails-wa.myshopify.com/admin/api/2024-10/products/9365265514731/images/49825789968619.json	9365265514731		images	200	OK	image_id=49825789968619
2026-05-15 14:52:00	image-delete	delete_product_image	DELETE	https://oz-nails-wa.myshopify.com/admin/api/2024-10/products/9365265547499/images/49825791443179.json	9365265547499		images	200	OK	image_id=49825791443179
2026-05-15 14:52:03	image-delete	delete_product_image	DELETE	https://oz-nails-wa.myshopify.com/admin/api/2024-10/products/9365265613035/images/49825791541483.json	9365265613035		images	200	OK	image_id=49825791541483
2026-05-15 14:52:05	image-delete	delete_product_image	DELETE	https://oz-nails-wa.myshopify.com/admin/api/2024-10/products/9365265645803/images/49825791901931.json	9365265645803		images	200	OK	image_id=49825791901931
2026-05-15 14:52:07	image-delete	delete_product_image	DELETE	https://oz-nails-wa.myshopify.com/admin/api/2024-10/products/9365265678571/images/49825793704171.json	9365265678571		images	200	OK	image_id=49825793704171
2026-05-15 14:52:08	image-delete	delete_product_image	DELETE	https://oz-nails-wa.myshopify.com/admin/api/2024-10/products/9365265711339/images/49825793900779.json	9365265711339		images	200	OK	image_id=49825793900779
2026-05-15 14:52:10	image-delete	delete_product_image	DELETE	https://oz-nails-wa.myshopify.com/admin/api/2024-10/products/9365265776875/images/49825793966315.json	9365265776875		images	200	OK	image_id=49825793966315
2026-05-15 14:52:12	image-delete	delete_product_image	DELETE	https://oz-nails-wa.myshopify.com/admin/api/2024-10/products/9365265842411/images/49825794785515.json	9365265842411		images	200	OK	image_id=49825794785515
2026-05-15 14:52:14	image-delete	delete_product_image	DELETE	https://oz-nails-wa.myshopify.com/admin/api/2024-10/products/9365265907947/images/49825795342571.json	9365265907947		images	200	OK	image_id=49825795342571
2026-05-15 14:52:16	image-delete	delete_product_image	DELETE	https://oz-nails-wa.myshopify.com/admin/api/2024-10/products/9365265940715/images/49825796489451.json	9365265940715		images	200	OK	image_id=49825796489451
2026-05-15 14:52:18	image-delete	delete_product_image	DELETE	https://oz-nails-wa.myshopify.com/admin/api/2024-10/products/9365265973483/images/49825798127851.json	9365265973483		images	200	OK	image_id=49825798127851
2026-05-15 14:52:20	image-delete	delete_product_image	DELETE	https://oz-nails-wa.myshopify.com/admin/api/2024-10/products/9365266039019/images/49825799340267.json	9365266039019		images	200	OK	image_id=49825799340267
2026-05-15 14:52:21	image-delete	delete_product_image	DELETE	https://oz-nails-wa.myshopify.com/admin/api/2024-10/products/9365904752875/images/49825800126699.json	9365904752875		images	200	OK	image_id=49825800126699
2026-05-15 14:52:23	image-delete	delete_product_image	DELETE	https://oz-nails-wa.myshopify.com/admin/api/2024-10/products/9365411037419/images/49825803075819.json	9365411037419		images	200	OK	image_id=49825803075819
2026-05-15 14:52:25	image-delete	delete_product_image	DELETE	https://oz-nails-wa.myshopify.com/admin/api/2024-10/products/9365906194667/images/49825803469035.json	9365906194667		images	200	OK	image_id=49825803469035
2026-05-15 14:52:27	image-delete	delete_product_image	DELETE	https://oz-nails-wa.myshopify.com/admin/api/2024-10/products/9365908586731/images/49825803567339.json	9365908586731		images	200	OK	image_id=49825803567339
2026-05-15 14:52:29	image-delete	delete_product_image	DELETE	https://oz-nails-wa.myshopify.com/admin/api/2024-10/products/9365908914411/images/49825804583147.json	9365908914411		images	200	OK	image_id=49825804583147
2026-05-15 14:52:31	image-delete	delete_product_image	DELETE	https://oz-nails-wa.myshopify.com/admin/api/2024-10/products/9365412249835/images/49825804714219.json	9365412249835		images	200	OK	image_id=49825804714219
2026-05-15 14:52:33	image-delete	delete_product_image	DELETE	https://oz-nails-wa.myshopify.com/admin/api/2024-10/products/9365909438699/images/49825805140203.json	9365909438699		images	200	OK	image_id=49825805140203
2026-05-15 14:52:35	image-delete	delete_product_image	DELETE	https://oz-nails-wa.myshopify.com/admin/api/2024-10/products/9365412774123/images/49825806319851.json	9365412774123		images	200	OK	image_id=49825806319851
2026-05-15 14:52:37	image-delete	delete_product_image	DELETE	https://oz-nails-wa.myshopify.com/admin/api/2024-10/products/9365413789931/images/49825807794411.json	9365413789931		images	200	OK	image_id=49825807794411
2026-05-15 14:52:39	image-delete	delete_product_image	DELETE	https://oz-nails-wa.myshopify.com/admin/api/2024-10/products/9365414510827/images/49825808515307.json	9365414510827		images	200	OK	image_id=49825808515307
2026-05-15 14:52:42	image-delete	delete_product_image	DELETE	https://oz-nails-wa.myshopify.com/admin/api/2024-10/products/9365910061291/images/49825809596651.json	9365910061291		images	200	OK	image_id=49825809596651
2026-05-15 14:52:44	image-delete	delete_product_image	DELETE	https://oz-nails-wa.myshopify.com/admin/api/2024-10/products/9365415395563/images/49825811103979.json	9365415395563		images	200	OK	image_id=49825811103979
2026-05-15 14:52:45	image-delete	delete_product_image	DELETE	https://oz-nails-wa.myshopify.com/admin/api/2024-10/products/9364821737707/images/49825812742379.json	9364821737707		images	200	OK	image_id=49825812742379
2026-05-15 14:52:48	image-delete	delete_product_image	DELETE	https://oz-nails-wa.myshopify.com/admin/api/2024-10/products/9364821770475/images/49825812840683.json	9364821770475		images	200	OK	image_id=49825812840683
2026-05-15 14:52:49	image-delete	delete_product_image	DELETE	https://oz-nails-wa.myshopify.com/admin/api/2024-10/products/9364821836011/images/49825813070059.json	9364821836011		images	200	OK	image_id=49825813070059
2026-05-15 14:52:51	image-delete	delete_product_image	DELETE	https://oz-nails-wa.myshopify.com/admin/api/2024-10/products/9364821868779/images/49825813168363.json	9364821868779		images	200	OK	image_id=49825813168363
2026-05-15 14:52:53	image-delete	delete_product_image	DELETE	https://oz-nails-wa.myshopify.com/admin/api/2024-10/products/9364821901547/images/49825813266667.json	9364821901547		images	200	OK	image_id=49825813266667
2026-05-15 14:52:55	image-delete	delete_product_image	DELETE	https://oz-nails-wa.myshopify.com/admin/api/2024-10/products/9364821934315/images/49825813922027.json	9364821934315		images	200	OK	image_id=49825813922027
2026-05-15 14:52:57	image-delete	delete_product_image	DELETE	https://oz-nails-wa.myshopify.com/admin/api/2024-10/products/9364821967083/images/49825814446315.json	9364821967083		images	200	OK	image_id=49825814446315
2026-05-15 14:52:59	image-delete	delete_product_image	DELETE	https://oz-nails-wa.myshopify.com/admin/api/2024-10/products/9364821999851/images/49825815363819.json	9364821999851		images	200	OK	image_id=49825815363819
2026-05-15 14:53:01	image-delete	delete_product_image	DELETE	https://oz-nails-wa.myshopify.com/admin/api/2024-10/products/9364822032619/images/49825815986411.json	9364822032619		images	200	OK	image_id=49825815986411
2026-05-15 14:53:03	image-delete	delete_product_image	DELETE	https://oz-nails-wa.myshopify.com/admin/api/2024-10/products/9364822098155/images/49825816707307.json	9364822098155		images	200	OK	image_id=49825816707307
2026-05-15 14:53:05	image-delete	delete_product_image	DELETE	https://oz-nails-wa.myshopify.com/admin/api/2024-10/products/9364822130923/images/49825817395435.json	9364822130923		images	200	OK	image_id=49825817395435
2026-05-15 14:53:08	image-delete	delete_product_image	DELETE	https://oz-nails-wa.myshopify.com/admin/api/2024-10/products/9364822163691/images/49825818476779.json	9364822163691		images	200	OK	image_id=49825818476779
2026-05-15 14:53:10	image-delete	delete_product_image	DELETE	https://oz-nails-wa.myshopify.com/admin/api/2024-10/products/9364822229227/images/49825818575083.json	9364822229227		images	200	OK	image_id=49825818575083
2026-05-15 14:53:12	image-delete	delete_product_image	DELETE	https://oz-nails-wa.myshopify.com/admin/api/2024-10/products/9364822261995/images/49825819918571.json	9364822261995		images	200	OK	image_id=49825819918571
2026-05-15 14:53:14	image-delete	delete_product_image	DELETE	https://oz-nails-wa.myshopify.com/admin/api/2024-10/products/9364822294763/images/49825820901611.json	9364822294763		images	200	OK	image_id=49825820901611
2026-05-15 14:53:16	image-delete	delete_product_image	DELETE	https://oz-nails-wa.myshopify.com/admin/api/2024-10/products/9364822327531/images/49825821098219.json	9364822327531		images	200	OK	image_id=49825821098219
2026-05-15 14:53:18	image-delete	delete_product_image	DELETE	https://oz-nails-wa.myshopify.com/admin/api/2024-10/products/9364822393067/images/49825821229291.json	9364822393067		images	200	OK	image_id=49825821229291
2026-05-15 14:53:20	image-delete	delete_product_image	DELETE	https://oz-nails-wa.myshopify.com/admin/api/2024-10/products/9364822425835/images/49825821688043.json	9364822425835		images	200	OK	image_id=49825821688043
2026-05-15 14:53:22	image-delete	delete_product_image	DELETE	https://oz-nails-wa.myshopify.com/admin/api/2024-10/products/9364822458603/images/49825822343403.json	9364822458603		images	200	OK	image_id=49825822343403
2026-05-15 14:53:24	image-delete	delete_product_image	DELETE	https://oz-nails-wa.myshopify.com/admin/api/2024-10/products/9364822491371/images/49825822769387.json	9364822491371		images	200	OK	image_id=49825822769387
2026-05-15 14:53:26	image-delete	delete_product_image	DELETE	https://oz-nails-wa.myshopify.com/admin/api/2024-10/products/9364822524139/images/49825823391979.json	9364822524139		images	200	OK	image_id=49825823391979
2026-05-15 14:53:28	image-delete	delete_product_image	DELETE	https://oz-nails-wa.myshopify.com/admin/api/2024-10/products/9364822556907/images/49825824309483.json	9364822556907		images	200	OK	image_id=49825824309483
2026-05-15 14:53:30	image-delete	delete_product_image	DELETE	https://oz-nails-wa.myshopify.com/admin/api/2024-10/products/9364822589675/images/49825825030379.json	9364822589675		images	200	OK	image_id=49825825030379
2026-05-15 14:53:32	image-delete	delete_product_image	DELETE	https://oz-nails-wa.myshopify.com/admin/api/2024-10/products/9364822622443/images/49825825816811.json	9364822622443		images	200	OK	image_id=49825825816811
2026-05-15 14:53:34	image-delete	delete_product_image	DELETE	https://oz-nails-wa.myshopify.com/admin/api/2024-10/products/9364822655211/images/49825825947883.json	9364822655211		images	200	OK	image_id=49825825947883
2026-05-15 14:53:36	image-delete	delete_product_image	DELETE	https://oz-nails-wa.myshopify.com/admin/api/2024-10/products/9364822687979/images/49825826111723.json	9364822687979		images	200	OK	image_id=49825826111723
2026-05-15 14:53:38	image-delete	delete_product_image	DELETE	https://oz-nails-wa.myshopify.com/admin/api/2024-10/products/9364822720747/images/49825826570475.json	9364822720747		images	200	OK	image_id=49825826570475
2026-05-15 14:53:40	image-delete	delete_product_image	DELETE	https://oz-nails-wa.myshopify.com/admin/api/2024-10/products/9364822753515/images/49825826865387.json	9364822753515		images	200	OK	image_id=49825826865387
2026-05-15 14:53:42	image-delete	delete_product_image	DELETE	https://oz-nails-wa.myshopify.com/admin/api/2024-10/products/9364822786283/images/49825826963691.json	9364822786283		images	200	OK	image_id=49825826963691
2026-05-15 14:53:44	image-delete	delete_product_image	DELETE	https://oz-nails-wa.myshopify.com/admin/api/2024-10/products/9364822819051/images/49825827225835.json	9364822819051		images	200	OK	image_id=49825827225835
2026-05-15 14:53:45	image-delete	delete_product_image	DELETE	https://oz-nails-wa.myshopify.com/admin/api/2024-10/products/9364822851819/images/49825828208875.json	9364822851819		images	200	OK	image_id=49825828208875
2026-05-15 14:53:47	image-delete	delete_product_image	DELETE	https://oz-nails-wa.myshopify.com/admin/api/2024-10/products/9364822884587/images/49825828962539.json	9364822884587		images	200	OK	image_id=49825828962539
2026-05-15 14:53:50	image-delete	delete_product_image	DELETE	https://oz-nails-wa.myshopify.com/admin/api/2024-10/products/9364822917355/images/49825829978347.json	9364822917355		images	200	OK	image_id=49825829978347
2026-05-15 14:53:51	image-delete	delete_product_image	DELETE	https://oz-nails-wa.myshopify.com/admin/api/2024-10/products/9364822982891/images/49825830699243.json	9364822982891		images	200	OK	image_id=49825830699243
2026-05-15 14:53:53	image-delete	delete_product_image	DELETE	https://oz-nails-wa.myshopify.com/admin/api/2024-10/products/9364823048427/images/49825831583979.json	9364823048427		images	200	OK	image_id=49825831583979
2026-05-15 14:53:55	image-delete	delete_product_image	DELETE	https://oz-nails-wa.myshopify.com/admin/api/2024-10/products/9364823113963/images/49825832304875.json	9364823113963		images	200	OK	image_id=49825832304875
2026-05-15 14:53:57	image-delete	delete_product_image	DELETE	https://oz-nails-wa.myshopify.com/admin/api/2024-10/products/9364823146731/images/49825833746667.json	9364823146731		images	200	OK	image_id=49825833746667
2026-05-15 14:53:59	image-delete	delete_product_image	DELETE	https://oz-nails-wa.myshopify.com/admin/api/2024-10/products/9364823179499/images/49825834074347.json	9364823179499		images	200	OK	image_id=49825834074347
2026-05-15 14:54:01	image-delete	delete_product_image	DELETE	https://oz-nails-wa.myshopify.com/admin/api/2024-10/products/9364823212267/images/49825834336491.json	9364823212267		images	200	OK	image_id=49825834336491
2026-05-15 14:54:03	image-delete	delete_product_image	DELETE	https://oz-nails-wa.myshopify.com/admin/api/2024-10/products/9364823245035/images/49825834467563.json	9364823245035		images	200	OK	image_id=49825834467563
2026-05-15 14:54:05	image-delete	delete_product_image	DELETE	https://oz-nails-wa.myshopify.com/admin/api/2024-10/products/9364823310571/images/49825834664171.json	9364823310571		images	200	OK	image_id=49825834664171
2026-05-15 14:54:07	image-delete	delete_product_image	DELETE	https://oz-nails-wa.myshopify.com/admin/api/2024-10/products/9364823343339/images/49825834762475.json	9364823343339		images	200	OK	image_id=49825834762475
2026-05-15 14:54:09	image-delete	delete_product_image	DELETE	https://oz-nails-wa.myshopify.com/admin/api/2024-10/products/9364823376107/images/49825835221227.json	9364823376107		images	200	OK	image_id=49825835221227
2026-05-15 14:54:11	image-delete	delete_product_image	DELETE	https://oz-nails-wa.myshopify.com/admin/api/2024-10/products/9364823408875/images/49825835876587.json	9364823408875		images	200	OK	image_id=49825835876587
2026-05-15 14:54:13	image-delete	delete_product_image	DELETE	https://oz-nails-wa.myshopify.com/admin/api/2024-10/products/9364823441643/images/49825836794091.json	9364823441643		images	200	OK	image_id=49825836794091
2026-05-15 14:54:15	image-delete	delete_product_image	DELETE	https://oz-nails-wa.myshopify.com/admin/api/2024-10/products/9364823474411/images/49825837449451.json	9364823474411		images	200	OK	image_id=49825837449451
2026-05-15 14:54:17	image-delete	delete_product_image	DELETE	https://oz-nails-wa.myshopify.com/admin/api/2024-10/products/9364823507179/images/49825838268651.json	9364823507179		images	200	OK	image_id=49825838268651
2026-05-15 14:54:19	image-delete	delete_product_image	DELETE	https://oz-nails-wa.myshopify.com/admin/api/2024-10/products/9364823539947/images/49825839120619.json	9364823539947		images	200	OK	image_id=49825839120619
2026-05-15 14:54:21	image-delete	delete_product_image	DELETE	https://oz-nails-wa.myshopify.com/admin/api/2024-10/products/9364823572715/images/49825839677675.json	9364823572715		images	200	OK	image_id=49825839677675
2026-05-15 14:54:23	image-delete	delete_product_image	DELETE	https://oz-nails-wa.myshopify.com/admin/api/2024-10/products/9364823605483/images/49825840005355.json	9364823605483		images	200	OK	image_id=49825840005355
2026-05-15 14:54:25	image-delete	delete_product_image	DELETE	https://oz-nails-wa.myshopify.com/admin/api/2024-10/products/9364823638251/images/49825840464107.json	9364823638251		images	200	OK	image_id=49825840464107
2026-05-15 14:54:27	image-delete	delete_product_image	DELETE	https://oz-nails-wa.myshopify.com/admin/api/2024-10/products/9364823671019/images/49825840660715.json	9364823671019		images	200	OK	image_id=49825840660715
2026-05-15 14:54:29	image-delete	delete_product_image	DELETE	https://oz-nails-wa.myshopify.com/admin/api/2024-10/products/9364823736555/images/49825840824555.json	9364823736555		images	200	OK	image_id=49825840824555
2026-05-15 14:54:31	image-delete	delete_product_image	DELETE	https://oz-nails-wa.myshopify.com/admin/api/2024-10/products/9364823769323/images/49825840988395.json	9364823769323		images	200	OK	image_id=49825840988395
2026-05-15 14:54:33	image-delete	delete_product_image	DELETE	https://oz-nails-wa.myshopify.com/admin/api/2024-10/products/9364823802091/images/49825841217771.json	9364823802091		images	200	OK	image_id=49825841217771
2026-05-15 14:54:35	image-delete	delete_product_image	DELETE	https://oz-nails-wa.myshopify.com/admin/api/2024-10/products/9364823834859/images/49825842168043.json	9364823834859		images	200	OK	image_id=49825842168043
2026-05-15 14:54:37	image-delete	delete_product_image	DELETE	https://oz-nails-wa.myshopify.com/admin/api/2024-10/products/9364823867627/images/49825842790635.json	9364823867627		images	200	OK	image_id=49825842790635
2026-05-15 14:54:38	image-delete	delete_product_image	DELETE	https://oz-nails-wa.myshopify.com/admin/api/2024-10/products/9364823933163/images/49825843478763.json	9364823933163		images	200	OK	image_id=49825843478763
2026-05-15 14:54:40	image-delete	delete_product_image	DELETE	https://oz-nails-wa.myshopify.com/admin/api/2024-10/products/9364823965931/images/49825844265195.json	9364823965931		images	200	OK	image_id=49825844265195
2026-05-15 14:54:42	image-delete	delete_product_image	DELETE	https://oz-nails-wa.myshopify.com/admin/api/2024-10/products/9364823998699/images/49825844887787.json	9364823998699		images	200	OK	image_id=49825844887787
2026-05-15 14:54:44	image-delete	delete_product_image	DELETE	https://oz-nails-wa.myshopify.com/admin/api/2024-10/products/9364824031467/images/49825845674219.json	9364824031467		images	200	OK	image_id=49825845674219
2026-05-15 14:54:46	image-delete	delete_product_image	DELETE	https://oz-nails-wa.myshopify.com/admin/api/2024-10/products/9364824064235/images/49825845870827.json	9364824064235		images	200	OK	image_id=49825845870827
2026-05-15 14:54:48	image-delete	delete_product_image	DELETE	https://oz-nails-wa.myshopify.com/admin/api/2024-10/products/9364824097003/images/49825846001899.json	9364824097003		images	200	OK	image_id=49825846001899
2026-05-15 14:54:50	image-delete	delete_product_image	DELETE	https://oz-nails-wa.myshopify.com/admin/api/2024-10/products/9364824129771/images/49825846132971.json	9364824129771		images	200	OK	image_id=49825846132971
2026-05-15 14:54:52	image-delete	delete_product_image	DELETE	https://oz-nails-wa.myshopify.com/admin/api/2024-10/products/9364824162539/images/49825846296811.json	9364824162539		images	200	OK	image_id=49825846296811
2026-05-15 14:54:54	image-delete	delete_product_image	DELETE	https://oz-nails-wa.myshopify.com/admin/api/2024-10/products/9364824195307/images/49825846427883.json	9364824195307		images	200	OK	image_id=49825846427883
2026-05-15 14:54:56	image-delete	delete_product_image	DELETE	https://oz-nails-wa.myshopify.com/admin/api/2024-10/products/9364824228075/images/49825846755563.json	9364824228075		images	200	OK	image_id=49825846755563
2026-05-15 14:54:58	image-delete	delete_product_image	DELETE	https://oz-nails-wa.myshopify.com/admin/api/2024-10/products/9364824260843/images/49825847410923.json	9364824260843		images	200	OK	image_id=49825847410923
2026-05-15 14:54:59	image-delete	delete_product_image	DELETE	https://oz-nails-wa.myshopify.com/admin/api/2024-10/products/9364824326379/images/49825848066283.json	9364824326379		images	200	OK	image_id=49825848066283
2026-05-15 14:55:02	image-delete	delete_product_image	DELETE	https://oz-nails-wa.myshopify.com/admin/api/2024-10/products/9364824359147/images/49825849180395.json	9364824359147		images	200	OK	image_id=49825849180395
2026-05-15 14:55:03	image-delete	delete_product_image	DELETE	https://oz-nails-wa.myshopify.com/admin/api/2024-10/products/9364824391915/images/49825850130667.json	9364824391915		images	200	OK	image_id=49825850130667
2026-05-15 14:55:05	image-delete	delete_product_image	DELETE	https://oz-nails-wa.myshopify.com/admin/api/2024-10/products/9364824424683/images/49825850982635.json	9364824424683		images	200	OK	image_id=49825850982635
2026-05-15 14:55:07	image-delete	delete_product_image	DELETE	https://oz-nails-wa.myshopify.com/admin/api/2024-10/products/9364824490219/images/49825851080939.json	9364824490219		images	200	OK	image_id=49825851080939
2026-05-15 14:55:09	image-delete	delete_product_image	DELETE	https://oz-nails-wa.myshopify.com/admin/api/2024-10/products/9364824522987/images/49825851244779.json	9364824522987		images	200	OK	image_id=49825851244779
2026-05-15 14:55:11	image-delete	delete_product_image	DELETE	https://oz-nails-wa.myshopify.com/admin/api/2024-10/products/9364824555755/images/49825851375851.json	9364824555755		images	200	OK	image_id=49825851375851
2026-05-15 14:55:13	image-delete	delete_product_image	DELETE	https://oz-nails-wa.myshopify.com/admin/api/2024-10/products/9364824588523/images/49825851572459.json	9364824588523		images	200	OK	image_id=49825851572459
2026-05-15 14:55:15	image-delete	delete_product_image	DELETE	https://oz-nails-wa.myshopify.com/admin/api/2024-10/products/9364824621291/images/49825851736299.json	9364824621291		images	200	OK	image_id=49825851736299
2026-05-15 14:55:17	image-delete	delete_product_image	DELETE	https://oz-nails-wa.myshopify.com/admin/api/2024-10/products/9364824686827/images/49825851900139.json	9364824686827		images	200	OK	image_id=49825851900139
2026-05-15 14:55:19	image-delete	delete_product_image	DELETE	https://oz-nails-wa.myshopify.com/admin/api/2024-10/products/9364824719595/images/49825852621035.json	9364824719595		images	200	OK	image_id=49825852621035
2026-05-15 14:55:21	image-delete	delete_product_image	DELETE	https://oz-nails-wa.myshopify.com/admin/api/2024-10/products/9364824752363/images/49825853243627.json	9364824752363		images	200	OK	image_id=49825853243627
2026-05-15 14:55:23	image-delete	delete_product_image	DELETE	https://oz-nails-wa.myshopify.com/admin/api/2024-10/products/9364824785131/images/49825854226667.json	9364824785131		images	200	OK	image_id=49825854226667
2026-05-15 14:55:25	image-delete	delete_product_image	DELETE	https://oz-nails-wa.myshopify.com/admin/api/2024-10/products/9364824817899/images/49825854849259.json	9364824817899		images	200	OK	image_id=49825854849259
2026-05-15 14:55:27	image-delete	delete_product_image	DELETE	https://oz-nails-wa.myshopify.com/admin/api/2024-10/products/9364824850667/images/49825855668459.json	9364824850667		images	200	OK	image_id=49825855668459
2026-05-15 14:55:29	image-delete	delete_product_image	DELETE	https://oz-nails-wa.myshopify.com/admin/api/2024-10/products/9364824883435/images/49825856094443.json	9364824883435		images	200	OK	image_id=49825856094443
2026-05-15 14:55:30	image-delete	delete_product_image	DELETE	https://oz-nails-wa.myshopify.com/admin/api/2024-10/products/9364824916203/images/49825856291051.json	9364824916203		images	200	OK	image_id=49825856291051
2026-05-15 14:55:32	image-delete	delete_product_image	DELETE	https://oz-nails-wa.myshopify.com/admin/api/2024-10/products/9364824948971/images/49825856422123.json	9364824948971		images	200	OK	image_id=49825856422123
2026-05-15 14:55:34	image-delete	delete_product_image	DELETE	https://oz-nails-wa.myshopify.com/admin/api/2024-10/products/9364824981739/images/49825856618731.json	9364824981739		images	200	OK	image_id=49825856618731
2026-05-15 14:55:36	image-delete	delete_product_image	DELETE	https://oz-nails-wa.myshopify.com/admin/api/2024-10/products/9364825014507/images/49825856848107.json	9364825014507		images	200	OK	image_id=49825856848107
2026-05-15 14:55:38	image-delete	delete_product_image	DELETE	https://oz-nails-wa.myshopify.com/admin/api/2024-10/products/9364825047275/images/49825857011947.json	9364825047275		images	200	OK	image_id=49825857011947
2026-05-15 14:55:40	image-delete	delete_product_image	DELETE	https://oz-nails-wa.myshopify.com/admin/api/2024-10/products/9364825080043/images/49825857143019.json	9364825080043		images	200	OK	image_id=49825857143019
2026-05-15 14:55:42	image-delete	delete_product_image	DELETE	https://oz-nails-wa.myshopify.com/admin/api/2024-10/products/9364825112811/images/49825858060523.json	9364825112811		images	200	OK	image_id=49825858060523
2026-05-15 14:55:44	image-delete	delete_product_image	DELETE	https://oz-nails-wa.myshopify.com/admin/api/2024-10/products/9364825145579/images/49825858617579.json	9364825145579		images	200	OK	image_id=49825858617579
2026-05-15 14:55:46	image-delete	delete_product_image	DELETE	https://oz-nails-wa.myshopify.com/admin/api/2024-10/products/9364825178347/images/49825859535083.json	9364825178347		images	200	OK	image_id=49825859535083
2026-05-15 14:55:48	image-delete	delete_product_image	DELETE	https://oz-nails-wa.myshopify.com/admin/api/2024-10/products/9364825211115/images/49825860419819.json	9364825211115		images	200	OK	image_id=49825860419819
2026-05-15 14:55:50	image-delete	delete_product_image	DELETE	https://oz-nails-wa.myshopify.com/admin/api/2024-10/products/9364825243883/images/49825861632235.json	9364825243883		images	200	OK	image_id=49825861632235
2026-05-15 14:55:52	image-delete	delete_product_image	DELETE	https://oz-nails-wa.myshopify.com/admin/api/2024-10/products/9364825276651/images/49825862156523.json	9364825276651		images	200	OK	image_id=49825862156523
2026-05-15 14:55:54	image-delete	delete_product_image	DELETE	https://oz-nails-wa.myshopify.com/admin/api/2024-10/products/9364825309419/images/49825862484203.json	9364825309419		images	200	OK	image_id=49825862484203
2026-05-15 14:55:56	image-delete	delete_product_image	DELETE	https://oz-nails-wa.myshopify.com/admin/api/2024-10/products/9364825342187/images/49825862615275.json	9364825342187		images	200	OK	image_id=49825862615275
2026-05-15 14:55:58	image-delete	delete_product_image	DELETE	https://oz-nails-wa.myshopify.com/admin/api/2024-10/products/9364825374955/images/49825862746347.json	9364825374955		images	200	OK	image_id=49825862746347
2026-05-15 14:56:00	image-delete	delete_product_image	DELETE	https://oz-nails-wa.myshopify.com/admin/api/2024-10/products/9364825407723/images/49825862910187.json	9364825407723		images	200	OK	image_id=49825862910187
2026-05-15 14:56:02	image-delete	delete_product_image	DELETE	https://oz-nails-wa.myshopify.com/admin/api/2024-10/products/9364825473259/images/49825863041259.json	9364825473259		images	200	OK	image_id=49825863041259
2026-05-15 14:56:03	image-delete	delete_product_image	DELETE	https://oz-nails-wa.myshopify.com/admin/api/2024-10/products/9364825506027/images/49825863172331.json	9364825506027		images	200	OK	image_id=49825863172331
2026-05-15 14:56:05	image-delete	delete_product_image	DELETE	https://oz-nails-wa.myshopify.com/admin/api/2024-10/products/9364825538795/images/49825863794923.json	9364825538795		images	200	OK	image_id=49825863794923
2026-05-15 14:56:07	image-delete	delete_product_image	DELETE	https://oz-nails-wa.myshopify.com/admin/api/2024-10/products/9364825571563/images/49825864384747.json	9364825571563		images	200	OK	image_id=49825864384747
2026-05-15 14:56:09	image-delete	delete_product_image	DELETE	https://oz-nails-wa.myshopify.com/admin/api/2024-10/products/9364825604331/images/49825865105643.json	9364825604331		images	200	OK	image_id=49825865105643
2026-05-15 14:56:11	image-delete	delete_product_image	DELETE	https://oz-nails-wa.myshopify.com/admin/api/2024-10/products/9364825637099/images/49825866318059.json	9364825637099		images	200	OK	image_id=49825866318059
2026-05-15 14:56:13	image-delete	delete_product_image	DELETE	https://oz-nails-wa.myshopify.com/admin/api/2024-10/products/9364825669867/images/49825866973419.json	9364825669867		images	200	OK	image_id=49825866973419
2026-05-15 14:56:15	image-delete	delete_product_image	DELETE	https://oz-nails-wa.myshopify.com/admin/api/2024-10/products/9364825702635/images/49825867694315.json	9364825702635		images	200	OK	image_id=49825867694315
2026-05-15 14:56:17	image-delete	delete_product_image	DELETE	https://oz-nails-wa.myshopify.com/admin/api/2024-10/products/9364825735403/images/49825868316907.json	9364825735403		images	200	OK	image_id=49825868316907
2026-05-15 14:56:19	image-delete	delete_product_image	DELETE	https://oz-nails-wa.myshopify.com/admin/api/2024-10/products/9364825768171/images/49825868447979.json	9364825768171		images	200	OK	image_id=49825868447979
2026-05-15 14:56:21	image-delete	delete_product_image	DELETE	https://oz-nails-wa.myshopify.com/admin/api/2024-10/products/9364825800939/images/49825868579051.json	9364825800939		images	200	OK	image_id=49825868579051
2026-05-15 14:56:23	image-delete	delete_product_image	DELETE	https://oz-nails-wa.myshopify.com/admin/api/2024-10/products/9364825833707/images/49825868742891.json	9364825833707		images	200	OK	image_id=49825868742891
2026-05-15 14:56:25	image-delete	delete_product_image	DELETE	https://oz-nails-wa.myshopify.com/admin/api/2024-10/products/9364825899243/images/49825868841195.json	9364825899243		images	200	OK	image_id=49825868841195
2026-05-15 14:56:27	image-delete	delete_product_image	DELETE	https://oz-nails-wa.myshopify.com/admin/api/2024-10/products/9364825932011/images/49825868972267.json	9364825932011		images	200	OK	image_id=49825868972267
2026-05-15 14:56:29	image-delete	delete_product_image	DELETE	https://oz-nails-wa.myshopify.com/admin/api/2024-10/products/9364825964779/images/49825869693163.json	9364825964779		images	200	OK	image_id=49825869693163
2026-05-15 14:56:31	image-delete	delete_product_image	DELETE	https://oz-nails-wa.myshopify.com/admin/api/2024-10/products/9364825997547/images/49825870151915.json	9364825997547		images	200	OK	image_id=49825870151915
2026-05-15 14:56:33	image-delete	delete_product_image	DELETE	https://oz-nails-wa.myshopify.com/admin/api/2024-10/products/9364826030315/images/49825870872811.json	9364826030315		images	200	OK	image_id=49825870872811
2026-05-15 14:56:35	image-delete	delete_product_image	DELETE	https://oz-nails-wa.myshopify.com/admin/api/2024-10/products/9364826063083/images/49825871593707.json	9364826063083		images	200	OK	image_id=49825871593707
2026-05-15 14:56:37	image-delete	delete_product_image	DELETE	https://oz-nails-wa.myshopify.com/admin/api/2024-10/products/9364826095851/images/49825872183531.json	9364826095851		images	200	OK	image_id=49825872183531
2026-05-15 14:56:39	image-delete	delete_product_image	DELETE	https://oz-nails-wa.myshopify.com/admin/api/2024-10/products/9364826128619/images/49825872937195.json	9364826128619		images	200	OK	image_id=49825872937195
2026-05-15 14:56:41	image-delete	delete_product_image	DELETE	https://oz-nails-wa.myshopify.com/admin/api/2024-10/products/9364826161387/images/49825873068267.json	9364826161387		images	200	OK	image_id=49825873068267
2026-05-15 14:56:43	image-delete	delete_product_image	DELETE	https://oz-nails-wa.myshopify.com/admin/api/2024-10/products/9364826194155/images/49825873232107.json	9364826194155		images	200	OK	image_id=49825873232107
2026-05-15 14:56:45	image-delete	delete_product_image	DELETE	https://oz-nails-wa.myshopify.com/admin/api/2024-10/products/9364826226923/images/49825873363179.json	9364826226923		images	200	OK	image_id=49825873363179
2026-05-15 14:56:47	image-delete	delete_product_image	DELETE	https://oz-nails-wa.myshopify.com/admin/api/2024-10/products/9364826259691/images/49825873527019.json	9364826259691		images	200	OK	image_id=49825873527019
2026-05-15 14:56:48	image-delete	delete_product_image	DELETE	https://oz-nails-wa.myshopify.com/admin/api/2024-10/products/9364826292459/images/49825873658091.json	9364826292459		images	200	OK	image_id=49825873658091
2026-05-15 14:56:50	image-delete	delete_product_image	DELETE	https://oz-nails-wa.myshopify.com/admin/api/2024-10/products/9364826325227/images/49825874542827.json	9364826325227		images	200	OK	image_id=49825874542827
2026-05-15 14:56:52	image-delete	delete_product_image	DELETE	https://oz-nails-wa.myshopify.com/admin/api/2024-10/products/9364826357995/images/49825875263723.json	9364826357995		images	200	OK	image_id=49825875263723
2026-05-15 14:56:54	image-delete	delete_product_image	DELETE	https://oz-nails-wa.myshopify.com/admin/api/2024-10/products/9364826390763/images/49825876279531.json	9364826390763		images	200	OK	image_id=49825876279531
2026-05-15 14:56:56	image-delete	delete_product_image	DELETE	https://oz-nails-wa.myshopify.com/admin/api/2024-10/products/9364826423531/images/49825877262571.json	9364826423531		images	200	OK	image_id=49825877262571
2026-05-15 14:56:58	image-delete	delete_product_image	DELETE	https://oz-nails-wa.myshopify.com/admin/api/2024-10/products/9364826456299/images/49825877950699.json	9364826456299		images	200	OK	image_id=49825877950699
2026-05-15 14:57:00	image-delete	delete_product_image	DELETE	https://oz-nails-wa.myshopify.com/admin/api/2024-10/products/9364826489067/images/49825878507755.json	9364826489067		images	200	OK	image_id=49825878507755
2026-05-15 14:57:02	image-delete	delete_product_image	DELETE	https://oz-nails-wa.myshopify.com/admin/api/2024-10/products/9364826521835/images/49825878769899.json	9364826521835		images	200	OK	image_id=49825878769899
2026-05-15 14:57:04	image-delete	delete_product_image	DELETE	https://oz-nails-wa.myshopify.com/admin/api/2024-10/products/9364826554603/images/49825878900971.json	9364826554603		images	200	OK	image_id=49825878900971
2026-05-15 14:57:06	image-delete	delete_product_image	DELETE	https://oz-nails-wa.myshopify.com/admin/api/2024-10/products/9364826587371/images/49825879032043.json	9364826587371		images	200	OK	image_id=49825879032043
2026-05-15 14:57:08	image-delete	delete_product_image	DELETE	https://oz-nails-wa.myshopify.com/admin/api/2024-10/products/9364826652907/images/49825879130347.json	9364826652907		images	200	OK	image_id=49825879130347
2026-05-15 14:57:09	image-delete	delete_product_image	DELETE	https://oz-nails-wa.myshopify.com/admin/api/2024-10/products/9364826685675/images/49825879261419.json	9364826685675		images	200	OK	image_id=49825879261419
2026-05-15 14:57:11	image-delete	delete_product_image	DELETE	https://oz-nails-wa.myshopify.com/admin/api/2024-10/products/9364826718443/images/49825880080619.json	9364826718443		images	200	OK	image_id=49825880080619
2026-05-15 14:57:13	image-delete	delete_product_image	DELETE	https://oz-nails-wa.myshopify.com/admin/api/2024-10/products/9364826751211/images/49825880441067.json	9364826751211		images	200	OK	image_id=49825880441067
2026-05-15 14:57:16	image-delete	delete_product_image	DELETE	https://oz-nails-wa.myshopify.com/admin/api/2024-10/products/9364826783979/images/49825881358571.json	9364826783979		images	200	OK	image_id=49825881358571
2026-05-15 14:57:18	image-delete	delete_product_image	DELETE	https://oz-nails-wa.myshopify.com/admin/api/2024-10/products/9364826816747/images/49825882439915.json	9364826816747		images	200	OK	image_id=49825882439915
2026-05-15 14:57:20	image-delete	delete_product_image	DELETE	https://oz-nails-wa.myshopify.com/admin/api/2024-10/products/9364826849515/images/49825882996971.json	9364826849515		images	200	OK	image_id=49825882996971
2026-05-15 14:57:22	image-delete	delete_product_image	DELETE	https://oz-nails-wa.myshopify.com/admin/api/2024-10/products/9364826882283/images/49825883324651.json	9364826882283		images	200	OK	image_id=49825883324651
2026-05-15 14:57:23	image-delete	delete_product_image	DELETE	https://oz-nails-wa.myshopify.com/admin/api/2024-10/products/9364826915051/images/49825883455723.json	9364826915051		images	200	OK	image_id=49825883455723
2026-05-15 14:57:25	image-delete	delete_product_image	DELETE	https://oz-nails-wa.myshopify.com/admin/api/2024-10/products/9364826947819/images/49825883750635.json	9364826947819		images	200	OK	image_id=49825883750635
2026-05-15 14:57:28	image-delete	delete_product_image	DELETE	https://oz-nails-wa.myshopify.com/admin/api/2024-10/products/9364826980587/images/49825883881707.json	9364826980587		images	200	OK	image_id=49825883881707
2026-05-15 14:57:30	image-delete	delete_product_image	DELETE	https://oz-nails-wa.myshopify.com/admin/api/2024-10/products/9364827013355/images/49825884012779.json	9364827013355		images	200	OK	image_id=49825884012779
2026-05-15 14:57:31	image-delete	delete_product_image	DELETE	https://oz-nails-wa.myshopify.com/admin/api/2024-10/products/9364827078891/images/49825884373227.json	9364827078891		images	200	OK	image_id=49825884373227
2026-05-15 14:57:33	image-delete	delete_product_image	DELETE	https://oz-nails-wa.myshopify.com/admin/api/2024-10/products/9364827111659/images/49825885126891.json	9364827111659		images	200	OK	image_id=49825885126891
2026-05-15 14:57:35	image-delete	delete_product_image	DELETE	https://oz-nails-wa.myshopify.com/admin/api/2024-10/products/9364827144427/images/49825885683947.json	9364827144427		images	200	OK	image_id=49825885683947
2026-05-15 14:57:37	image-delete	delete_product_image	DELETE	https://oz-nails-wa.myshopify.com/admin/api/2024-10/products/9364827177195/images/49825886568683.json	9364827177195		images	200	OK	image_id=49825886568683
2026-05-15 14:57:39	image-delete	delete_product_image	DELETE	https://oz-nails-wa.myshopify.com/admin/api/2024-10/products/9364827209963/images/49825887289579.json	9364827209963		images	200	OK	image_id=49825887289579
2026-05-15 14:57:41	image-delete	delete_product_image	DELETE	https://oz-nails-wa.myshopify.com/admin/api/2024-10/products/9364827242731/images/49825888469227.json	9364827242731		images	200	OK	image_id=49825888469227
2026-05-15 14:57:43	image-delete	delete_product_image	DELETE	https://oz-nails-wa.myshopify.com/admin/api/2024-10/products/9364827275499/images/49825888895211.json	9364827275499		images	200	OK	image_id=49825888895211
2026-05-15 14:57:45	image-delete	delete_product_image	DELETE	https://oz-nails-wa.myshopify.com/admin/api/2024-10/products/9364827308267/images/49825888960747.json	9364827308267		images	200	OK	image_id=49825888960747
2026-05-15 14:57:47	image-delete	delete_product_image	DELETE	https://oz-nails-wa.myshopify.com/admin/api/2024-10/products/9364827341035/images/49825889091819.json	9364827341035		images	200	OK	image_id=49825889091819
2026-05-15 14:57:49	image-delete	delete_product_image	DELETE	https://oz-nails-wa.myshopify.com/admin/api/2024-10/products/9364827373803/images/49825889157355.json	9364827373803		images	200	OK	image_id=49825889157355
2026-05-15 14:57:51	image-delete	delete_product_image	DELETE	https://oz-nails-wa.myshopify.com/admin/api/2024-10/products/9364827406571/images/49825889255659.json	9364827406571		images	200	OK	image_id=49825889255659
2026-05-15 14:57:53	image-delete	delete_product_image	DELETE	https://oz-nails-wa.myshopify.com/admin/api/2024-10/products/9364827439339/images/49825889386731.json	9364827439339		images	200	OK	image_id=49825889386731
2026-05-15 14:57:55	image-delete	delete_product_image	DELETE	https://oz-nails-wa.myshopify.com/admin/api/2024-10/products/9364827472107/images/49825890140395.json	9364827472107		images	200	OK	image_id=49825890140395
2026-05-15 14:57:57	image-delete	delete_product_image	DELETE	https://oz-nails-wa.myshopify.com/admin/api/2024-10/products/9364827504875/images/49825890697451.json	9364827504875		images	200	OK	image_id=49825890697451
2026-05-15 14:57:59	image-delete	delete_product_image	DELETE	https://oz-nails-wa.myshopify.com/admin/api/2024-10/products/9364827537643/images/49825891582187.json	9364827537643		images	200	OK	image_id=49825891582187
2026-05-15 14:58:01	image-delete	delete_product_image	DELETE	https://oz-nails-wa.myshopify.com/admin/api/2024-10/products/9364827570411/images/49825892630763.json	9364827570411		images	200	OK	image_id=49825892630763
2026-05-15 14:58:03	image-delete	delete_product_image	DELETE	https://oz-nails-wa.myshopify.com/admin/api/2024-10/products/9364827635947/images/49825893581035.json	9364827635947		images	200	OK	image_id=49825893581035
2026-05-15 14:58:05	image-delete	delete_product_image	DELETE	https://oz-nails-wa.myshopify.com/admin/api/2024-10/products/9364827668715/images/49825894498539.json	9364827668715		images	200	OK	image_id=49825894498539
2026-05-15 14:58:07	image-delete	delete_product_image	DELETE	https://oz-nails-wa.myshopify.com/admin/api/2024-10/products/9364827701483/images/49825895088363.json	9364827701483		images	200	OK	image_id=49825895088363
2026-05-15 14:58:09	image-delete	delete_product_image	DELETE	https://oz-nails-wa.myshopify.com/admin/api/2024-10/products/9364827799787/images/49825895350507.json	9364827799787		images	200	OK	image_id=49825895350507
2026-05-15 14:58:11	image-delete	delete_product_image	DELETE	https://oz-nails-wa.myshopify.com/admin/api/2024-10/products/9364827963627/images/49825895710955.json	9364827963627		images	200	OK	image_id=49825895710955
2026-05-15 14:58:12	image-delete	delete_product_image	DELETE	https://oz-nails-wa.myshopify.com/admin/api/2024-10/products/9364828029163/images/49825896038635.json	9364828029163		images	200	OK	image_id=49825896038635
2026-05-15 14:58:14	image-delete	delete_product_image	DELETE	https://oz-nails-wa.myshopify.com/admin/api/2024-10/products/9364828094699/images/49825896268011.json	9364828094699		images	200	OK	image_id=49825896268011
2026-05-15 14:58:16	image-delete	delete_product_image	DELETE	https://oz-nails-wa.myshopify.com/admin/api/2024-10/products/9364828127467/images/49825896661227.json	9364828127467		images	200	OK	image_id=49825896661227
2026-05-15 14:58:18	image-delete	delete_product_image	DELETE	https://oz-nails-wa.myshopify.com/admin/api/2024-10/products/9364828193003/images/49825897316587.json	9364828193003		images	200	OK	image_id=49825897316587
2026-05-15 14:58:20	image-delete	delete_product_image	DELETE	https://oz-nails-wa.myshopify.com/admin/api/2024-10/products/9364828225771/images/49825898004715.json	9364828225771		images	200	OK	image_id=49825898004715
2026-05-15 14:58:22	image-delete	delete_product_image	DELETE	https://oz-nails-wa.myshopify.com/admin/api/2024-10/products/9364828291307/images/49825899151595.json	9364828291307		images	200	OK	image_id=49825899151595
2026-05-15 14:58:25	image-delete	delete_product_image	DELETE	https://oz-nails-wa.myshopify.com/admin/api/2024-10/products/9364828324075/images/49825899708651.json	9364828324075		images	200	OK	image_id=49825899708651
2026-05-15 14:58:27	image-delete	delete_product_image	DELETE	https://oz-nails-wa.myshopify.com/admin/api/2024-10/products/9364828356843/images/49825901215979.json	9364828356843		images	200	OK	image_id=49825901215979
2026-05-15 14:58:29	image-delete	delete_product_image	DELETE	https://oz-nails-wa.myshopify.com/admin/api/2024-10/products/9364828455147/images/49825902100715.json	9364828455147		images	200	OK	image_id=49825902100715
2026-05-15 14:58:31	image-delete	delete_product_image	DELETE	https://oz-nails-wa.myshopify.com/admin/api/2024-10/products/9364828520683/images/49825902526699.json	9364828520683		images	200	OK	image_id=49825902526699
2026-05-15 14:58:33	image-delete	delete_product_image	DELETE	https://oz-nails-wa.myshopify.com/admin/api/2024-10/products/9364828553451/images/49825902723307.json	9364828553451		images	200	OK	image_id=49825902723307
2026-05-15 14:58:35	image-delete	delete_product_image	DELETE	https://oz-nails-wa.myshopify.com/admin/api/2024-10/products/9364828586219/images/49825903182059.json	9364828586219		images	200	OK	image_id=49825903182059
2026-05-15 14:58:37	image-delete	delete_product_image	DELETE	https://oz-nails-wa.myshopify.com/admin/api/2024-10/products/9364828651755/images/49825903739115.json	9364828651755		images	200	OK	image_id=49825903739115
2026-05-15 14:58:39	image-delete	delete_product_image	DELETE	https://oz-nails-wa.myshopify.com/admin/api/2024-10/products/9364828684523/images/49825904230635.json	9364828684523		images	200	OK	image_id=49825904230635
2026-05-15 14:58:41	image-delete	delete_product_image	DELETE	https://oz-nails-wa.myshopify.com/admin/api/2024-10/products/9364828717291/images/49825904754923.json	9364828717291		images	200	OK	image_id=49825904754923
2026-05-15 14:58:43	image-delete	delete_product_image	DELETE	https://oz-nails-wa.myshopify.com/admin/api/2024-10/products/9364828750059/images/49825905901803.json	9364828750059		images	200	OK	image_id=49825905901803
2026-05-15 14:58:45	image-delete	delete_product_image	DELETE	https://oz-nails-wa.myshopify.com/admin/api/2024-10/products/9364828782827/images/49825906786539.json	9364828782827		images	200	OK	image_id=49825906786539
2026-05-15 14:58:47	image-delete	delete_product_image	DELETE	https://oz-nails-wa.myshopify.com/admin/api/2024-10/products/9364828848363/images/49825907835115.json	9364828848363		images	200	OK	image_id=49825907835115
2026-05-15 14:58:49	image-delete	delete_product_image	DELETE	https://oz-nails-wa.myshopify.com/admin/api/2024-10/products/9364828881131/images/49825909014763.json	9364828881131		images	200	OK	image_id=49825909014763
2026-05-15 14:58:51	image-delete	delete_product_image	DELETE	https://oz-nails-wa.myshopify.com/admin/api/2024-10/products/9364828913899/images/49825909801195.json	9364828913899		images	200	OK	image_id=49825909801195
2026-05-15 14:58:53	image-delete	delete_product_image	DELETE	https://oz-nails-wa.myshopify.com/admin/api/2024-10/products/9364828946667/images/49825910620395.json	9364828946667		images	200	OK	image_id=49825910620395
2026-05-15 14:58:55	image-delete	delete_product_image	DELETE	https://oz-nails-wa.myshopify.com/admin/api/2024-10/products/9364828979435/images/49825910915307.json	9364828979435		images	200	OK	image_id=49825910915307
2026-05-15 14:58:57	image-delete	delete_product_image	DELETE	https://oz-nails-wa.myshopify.com/admin/api/2024-10/products/9364829012203/images/49825911308523.json	9364829012203		images	200	OK	image_id=49825911308523
2026-05-15 14:58:58	image-delete	delete_product_image	DELETE	https://oz-nails-wa.myshopify.com/admin/api/2024-10/products/9364829044971/images/49825911701739.json	9364829044971		images	200	OK	image_id=49825911701739
2026-05-15 14:59:00	image-delete	delete_product_image	DELETE	https://oz-nails-wa.myshopify.com/admin/api/2024-10/products/9364829077739/images/49825912062187.json	9364829077739		images	200	OK	image_id=49825912062187
2026-05-15 14:59:02	image-delete	delete_product_image	DELETE	https://oz-nails-wa.myshopify.com/admin/api/2024-10/products/9364829143275/images/49825912324331.json	9364829143275		images	200	OK	image_id=49825912324331
2026-05-15 14:59:04	image-delete	delete_product_image	DELETE	https://oz-nails-wa.myshopify.com/admin/api/2024-10/products/9364829176043/images/49825912979691.json	9364829176043		images	200	OK	image_id=49825912979691
2026-05-15 14:59:06	image-delete	delete_product_image	DELETE	https://oz-nails-wa.myshopify.com/admin/api/2024-10/products/9364829208811/images/49825913635051.json	9364829208811		images	200	OK	image_id=49825913635051
2026-05-15 14:59:08	image-delete	delete_product_image	DELETE	https://oz-nails-wa.myshopify.com/admin/api/2024-10/products/9364829241579/images/49825914552555.json	9364829241579		images	200	OK	image_id=49825914552555
2026-05-15 14:59:10	image-delete	delete_product_image	DELETE	https://oz-nails-wa.myshopify.com/admin/api/2024-10/products/9364829274347/images/49825915437291.json	9364829274347		images	200	OK	image_id=49825915437291
2026-05-15 14:59:12	image-delete	delete_product_image	DELETE	https://oz-nails-wa.myshopify.com/admin/api/2024-10/products/9364829307115/images/49825916584171.json	9364829307115		images	200	OK	image_id=49825916584171
2026-05-15 14:59:14	image-delete	delete_product_image	DELETE	https://oz-nails-wa.myshopify.com/admin/api/2024-10/products/9364829372651/images/49825917731051.json	9364829372651		images	200	OK	image_id=49825917731051
2026-05-15 14:59:16	image-delete	delete_product_image	DELETE	https://oz-nails-wa.myshopify.com/admin/api/2024-10/products/9364829405419/images/49825918648555.json	9364829405419		images	200	OK	image_id=49825918648555
2026-05-15 14:59:17	image-delete	delete_product_image	DELETE	https://oz-nails-wa.myshopify.com/admin/api/2024-10/products/9364829438187/images/49825919434987.json	9364829438187		images	200	OK	image_id=49825919434987
2026-05-15 14:59:20	image-delete	delete_product_image	DELETE	https://oz-nails-wa.myshopify.com/admin/api/2024-10/products/9364829503723/images/49825919959275.json	9364829503723		images	200	OK	image_id=49825919959275
2026-05-15 14:59:21	image-delete	delete_product_image	DELETE	https://oz-nails-wa.myshopify.com/admin/api/2024-10/products/9364829536491/images/49825920254187.json	9364829536491		images	200	OK	image_id=49825920254187
2026-05-15 14:59:23	image-delete	delete_product_image	DELETE	https://oz-nails-wa.myshopify.com/admin/api/2024-10/products/9364829569259/images/49825920712939.json	9364829569259		images	200	OK	image_id=49825920712939
2026-05-15 14:59:25	image-delete	delete_product_image	DELETE	https://oz-nails-wa.myshopify.com/admin/api/2024-10/products/9364829602027/images/49825921106155.json	9364829602027		images	200	OK	image_id=49825921106155
2026-05-15 14:59:27	image-delete	delete_product_image	DELETE	https://oz-nails-wa.myshopify.com/admin/api/2024-10/products/9364829634795/images/49825921597675.json	9364829634795		images	200	OK	image_id=49825921597675
2026-05-15 14:59:29	image-delete	delete_product_image	DELETE	https://oz-nails-wa.myshopify.com/admin/api/2024-10/products/9364829667563/images/49825922121963.json	9364829667563		images	200	OK	image_id=49825922121963
2026-05-15 14:59:31	image-delete	delete_product_image	DELETE	https://oz-nails-wa.myshopify.com/admin/api/2024-10/products/9364829700331/images/49825923203307.json	9364829700331		images	200	OK	image_id=49825923203307
2026-05-15 14:59:33	image-delete	delete_product_image	DELETE	https://oz-nails-wa.myshopify.com/admin/api/2024-10/products/9364829733099/images/49825924284651.json	9364829733099		images	200	OK	image_id=49825924284651
2026-05-15 14:59:36	image-delete	delete_product_image	DELETE	https://oz-nails-wa.myshopify.com/admin/api/2024-10/products/9364829765867/images/49825925234923.json	9364829765867		images	200	OK	image_id=49825925234923
2026-05-15 14:59:38	image-delete	delete_product_image	DELETE	https://oz-nails-wa.myshopify.com/admin/api/2024-10/products/9364829798635/images/49825925988587.json	9364829798635		images	200	OK	image_id=49825925988587
2026-05-15 14:59:40	image-delete	delete_product_image	DELETE	https://oz-nails-wa.myshopify.com/admin/api/2024-10/products/9364829831403/images/49825926578411.json	9364829831403		images	200	OK	image_id=49825926578411
2026-05-15 14:59:42	image-delete	delete_product_image	DELETE	https://oz-nails-wa.myshopify.com/admin/api/2024-10/products/9364829864171/images/49825927856363.json	9364829864171		images	200	OK	image_id=49825927856363
2026-05-15 14:59:44	image-delete	delete_product_image	DELETE	https://oz-nails-wa.myshopify.com/admin/api/2024-10/products/9364829896939/images/49825928184043.json	9364829896939		images	200	OK	image_id=49825928184043
2026-05-15 14:59:46	image-delete	delete_product_image	DELETE	https://oz-nails-wa.myshopify.com/admin/api/2024-10/products/9364829929707/images/49825928577259.json	9364829929707		images	200	OK	image_id=49825928577259
2026-05-15 14:59:48	image-delete	delete_product_image	DELETE	https://oz-nails-wa.myshopify.com/admin/api/2024-10/products/9364829962475/images/49825928904939.json	9364829962475		images	200	OK	image_id=49825928904939
2026-05-15 15:00:43	image-delete	delete_product_image	DELETE	https://oz-nails-wa.myshopify.com/admin/api/2024-10/products/9365220786411/images/49825929298155.json	9365220786411		images	200	OK	image_id=49825929298155
2026-05-15 15:00:45	image-delete	delete_product_image	DELETE	https://oz-nails-wa.myshopify.com/admin/api/2024-10/products/9365220851947/images/49825929789675.json	9365220851947		images	200	OK	image_id=49825929789675
2026-05-15 15:00:47	image-delete	delete_product_image	DELETE	https://oz-nails-wa.myshopify.com/admin/api/2024-10/products/9365220950251/images/49825930281195.json	9365220950251		images	200	OK	image_id=49825930281195
2026-05-15 15:00:49	image-delete	delete_product_image	DELETE	https://oz-nails-wa.myshopify.com/admin/api/2024-10/products/9365221048555/images/49825932148971.json	9365221048555		images	200	OK	image_id=49825932148971
2026-05-15 15:00:51	image-delete	delete_product_image	DELETE	https://oz-nails-wa.myshopify.com/admin/api/2024-10/products/9365423096043/images/49825933263083.json	9365423096043		images	200	OK	image_id=49825933263083
2026-05-15 15:00:53	image-delete	delete_product_image	DELETE	https://oz-nails-wa.myshopify.com/admin/api/2024-10/products/9365268955371/images/49825934246123.json	9365268955371		images	200	OK	image_id=49825934246123
2026-05-15 15:00:55	image-delete	delete_product_image	DELETE	https://oz-nails-wa.myshopify.com/admin/api/2024-10/products/9365268988139/images/49825935917291.json	9365268988139		images	200	OK	image_id=49825935917291
2026-05-15 15:00:57	image-delete	delete_product_image	DELETE	https://oz-nails-wa.myshopify.com/admin/api/2024-10/products/9365267939563/images/49825936900331.json	9365267939563		images	200	OK	image_id=49825936900331
2026-05-15 15:00:59	image-delete	delete_product_image	DELETE	https://oz-nails-wa.myshopify.com/admin/api/2024-10/products/9364830028011/images/49825938309355.json	9364830028011		images	200	OK	image_id=49825938309355
2026-05-15 15:01:01	image-delete	delete_product_image	DELETE	https://oz-nails-wa.myshopify.com/admin/api/2024-10/products/9364830060779/images/49825938604267.json	9364830060779		images	200	OK	image_id=49825938604267
2026-05-15 15:01:02	image-delete	delete_product_image	DELETE	https://oz-nails-wa.myshopify.com/admin/api/2024-10/products/9365350482155/images/49825939128555.json	9365350482155		images	200	OK	image_id=49825939128555
2026-05-15 15:01:05	image-delete	delete_product_image	DELETE	https://oz-nails-wa.myshopify.com/admin/api/2024-10/products/9365350514923/images/49825939554539.json	9365350514923		images	200	OK	image_id=49825939554539
2026-05-15 15:01:07	image-delete	delete_product_image	DELETE	https://oz-nails-wa.myshopify.com/admin/api/2024-10/products/9365350547691/images/49825939914987.json	9365350547691		images	200	OK	image_id=49825939914987
2026-05-15 15:01:09	image-delete	delete_product_image	DELETE	https://oz-nails-wa.myshopify.com/admin/api/2024-10/products/9365350678763/images/49825940340971.json	9365350678763		images	200	OK	image_id=49825940340971
2026-05-15 15:01:11	image-delete	delete_product_image	DELETE	https://oz-nails-wa.myshopify.com/admin/api/2024-10/products/9365350744299/images/49825941487851.json	9365350744299		images	200	OK	image_id=49825941487851
2026-05-15 15:01:12	image-delete	delete_product_image	DELETE	https://oz-nails-wa.myshopify.com/admin/api/2024-10/products/9365350908139/images/49825942864107.json	9365350908139		images	200	OK	image_id=49825942864107
2026-05-15 15:01:15	image-delete	delete_product_image	DELETE	https://oz-nails-wa.myshopify.com/admin/api/2024-10/products/9365350940907/images/49825944568043.json	9365350940907		images	200	OK	image_id=49825944568043
2026-05-15 15:01:17	image-delete	delete_product_image	DELETE	https://oz-nails-wa.myshopify.com/admin/api/2024-10/products/9365351006443/images/49825945911531.json	9365351006443		images	200	OK	image_id=49825945911531
2026-05-15 15:01:19	image-delete	delete_product_image	DELETE	https://oz-nails-wa.myshopify.com/admin/api/2024-10/products/9365351137515/images/49825946829035.json	9365351137515		images	200	OK	image_id=49825946829035
2026-05-15 15:01:21	image-delete	delete_product_image	DELETE	https://oz-nails-wa.myshopify.com/admin/api/2024-10/products/9365353136363/images/49825948303595.json	9365353136363		images	200	OK	image_id=49825948303595
2026-05-15 15:01:22	image-delete	delete_product_image	DELETE	https://oz-nails-wa.myshopify.com/admin/api/2024-10/products/9365354676459/images/49825948860651.json	9365354676459		images	200	OK	image_id=49825948860651
2026-05-15 15:01:25	image-delete	delete_product_image	DELETE	https://oz-nails-wa.myshopify.com/admin/api/2024-10/products/9365357592811/images/49825949319403.json	9365357592811		images	200	OK	image_id=49825949319403
2026-05-15 15:01:27	image-delete	delete_product_image	DELETE	https://oz-nails-wa.myshopify.com/admin/api/2024-10/products/9365357953259/images/49825949941995.json	9365357953259		images	200	OK	image_id=49825949941995
2026-05-15 15:01:29	image-delete	delete_product_image	DELETE	https://oz-nails-wa.myshopify.com/admin/api/2024-10/products/9365357986027/images/49825950335211.json	9365357986027		images	200	OK	image_id=49825950335211
2026-05-15 15:01:31	image-delete	delete_product_image	DELETE	https://oz-nails-wa.myshopify.com/admin/api/2024-10/products/9365358051563/images/49825950761195.json	9365358051563		images	200	OK	image_id=49825950761195
2026-05-15 15:01:33	image-delete	delete_product_image	DELETE	https://oz-nails-wa.myshopify.com/admin/api/2024-10/products/9365358084331/images/49825951187179.json	9365358084331		images	200	OK	image_id=49825951187179
2026-05-15 15:01:35	image-delete	delete_product_image	DELETE	https://oz-nails-wa.myshopify.com/admin/api/2024-10/products/9365358149867/images/49825952530667.json	9365358149867		images	200	OK	image_id=49825952530667
2026-05-15 15:01:36	image-delete	delete_product_image	DELETE	https://oz-nails-wa.myshopify.com/admin/api/2024-10/products/9365358182635/images/49825953808619.json	9365358182635		images	200	OK	image_id=49825953808619
2026-05-15 15:01:38	image-delete	delete_product_image	DELETE	https://oz-nails-wa.myshopify.com/admin/api/2024-10/products/9365358215403/images/49825954988267.json	9365358215403		images	200	OK	image_id=49825954988267
2026-05-15 15:01:40	image-delete	delete_product_image	DELETE	https://oz-nails-wa.myshopify.com/admin/api/2024-10/products/9365358248171/images/49825955807467.json	9365358248171		images	200	OK	image_id=49825955807467
2026-05-15 15:01:42	image-delete	delete_product_image	DELETE	https://oz-nails-wa.myshopify.com/admin/api/2024-10/products/9365358313707/images/49825956561131.json	9365358313707		images	200	OK	image_id=49825956561131
2026-05-15 15:01:44	image-delete	delete_product_image	DELETE	https://oz-nails-wa.myshopify.com/admin/api/2024-10/products/9365362933995/images/49825957282027.json	9365362933995		images	200	OK	image_id=49825957282027
2026-05-15 15:01:46	image-delete	delete_product_image	DELETE	https://oz-nails-wa.myshopify.com/admin/api/2024-10/products/9365362999531/images/49825957740779.json	9365362999531		images	200	OK	image_id=49825957740779
2026-05-15 15:01:48	image-delete	delete_product_image	DELETE	https://oz-nails-wa.myshopify.com/admin/api/2024-10/products/9365364080875/images/49825957904619.json	9365364080875		images	200	OK	image_id=49825957904619
2026-05-15 15:01:50	image-delete	delete_product_image	DELETE	https://oz-nails-wa.myshopify.com/admin/api/2024-10/products/9365368996075/images/49825958363371.json	9365368996075		images	200	OK	image_id=49825958363371
2026-05-15 15:01:52	image-delete	delete_product_image	DELETE	https://oz-nails-wa.myshopify.com/admin/api/2024-10/products/9365369061611/images/49825958822123.json	9365369061611		images	200	OK	image_id=49825958822123
2026-05-15 15:01:54	image-delete	delete_product_image	DELETE	https://oz-nails-wa.myshopify.com/admin/api/2024-10/products/9365369094379/images/49825959215339.json	9365369094379		images	200	OK	image_id=49825959215339
2026-05-15 15:01:56	image-delete	delete_product_image	DELETE	https://oz-nails-wa.myshopify.com/admin/api/2024-10/products/9365369127147/images/49825960132843.json	9365369127147		images	200	OK	image_id=49825960132843
2026-05-15 15:01:58	image-delete	delete_product_image	DELETE	https://oz-nails-wa.myshopify.com/admin/api/2024-10/products/9365369192683/images/49825960853739.json	9365369192683		images	200	OK	image_id=49825960853739
2026-05-15 15:02:00	image-delete	delete_product_image	DELETE	https://oz-nails-wa.myshopify.com/admin/api/2024-10/products/9365369225451/images/49825961804011.json	9365369225451		images	200	OK	image_id=49825961804011
2026-05-15 15:02:02	image-delete	delete_product_image	DELETE	https://oz-nails-wa.myshopify.com/admin/api/2024-10/products/9365369290987/images/49825962655979.json	9365369290987		images	200	OK	image_id=49825962655979
2026-05-15 15:02:04	image-delete	delete_product_image	DELETE	https://oz-nails-wa.myshopify.com/admin/api/2024-10/products/9365369323755/images/49825963933931.json	9365369323755		images	200	OK	image_id=49825963933931
2026-05-15 15:02:06	image-delete	delete_product_image	DELETE	https://oz-nails-wa.myshopify.com/admin/api/2024-10/products/9365369389291/images/49825964851435.json	9365369389291		images	200	OK	image_id=49825964851435
2026-05-15 15:02:09	image-delete	delete_product_image	DELETE	https://oz-nails-wa.myshopify.com/admin/api/2024-10/products/9365371519211/images/49825965932779.json	9365371519211		images	200	OK	image_id=49825965932779
2026-05-15 15:02:10	image-delete	delete_product_image	DELETE	https://oz-nails-wa.myshopify.com/admin/api/2024-10/products/9365375385835/images/49825966424299.json	9365375385835		images	200	OK	image_id=49825966424299
2026-05-15 15:02:12	image-delete	delete_product_image	DELETE	https://oz-nails-wa.myshopify.com/admin/api/2024-10/products/9365375451371/images/49825966850283.json	9365375451371		images	200	OK	image_id=49825966850283
2026-05-15 15:02:14	image-delete	delete_product_image	DELETE	https://oz-nails-wa.myshopify.com/admin/api/2024-10/products/9365378990315/images/49825967210731.json	9365378990315		images	200	OK	image_id=49825967210731
2026-05-15 15:02:16	image-delete	delete_product_image	DELETE	https://oz-nails-wa.myshopify.com/admin/api/2024-10/products/9365381644523/images/49825967603947.json	9365381644523		images	200	OK	image_id=49825967603947
2026-05-15 15:02:18	image-delete	delete_product_image	DELETE	https://oz-nails-wa.myshopify.com/admin/api/2024-10/products/9365384036587/images/49825967997163.json	9365384036587		images	200	OK	image_id=49825967997163
2026-05-15 15:02:20	image-delete	delete_product_image	DELETE	https://oz-nails-wa.myshopify.com/admin/api/2024-10/products/9365385511147/images/49825968849131.json	9365385511147		images	200	OK	image_id=49825968849131
2026-05-15 15:02:22	image-delete	delete_product_image	DELETE	https://oz-nails-wa.myshopify.com/admin/api/2024-10/products/9365385609451/images/49825969602795.json	9365385609451		images	200	OK	image_id=49825969602795
2026-05-15 15:02:24	image-delete	delete_product_image	DELETE	https://oz-nails-wa.myshopify.com/admin/api/2024-10/products/9365388886251/images/49825970520299.json	9365388886251		images	200	OK	image_id=49825970520299
2026-05-15 15:02:26	image-delete	delete_product_image	DELETE	https://oz-nails-wa.myshopify.com/admin/api/2024-10/products/9365389902059/images/49825971503339.json	9365389902059		images	200	OK	image_id=49825971503339
2026-05-15 15:02:28	image-delete	delete_product_image	DELETE	https://oz-nails-wa.myshopify.com/admin/api/2024-10/products/9365391900907/images/49825972846827.json	9365391900907		images	200	OK	image_id=49825972846827
2026-05-15 15:02:30	image-delete	delete_product_image	DELETE	https://oz-nails-wa.myshopify.com/admin/api/2024-10/products/9365393473771/images/49825974321387.json	9365393473771		images	200	OK	image_id=49825974321387
2026-05-15 15:02:32	image-delete	delete_product_image	DELETE	https://oz-nails-wa.myshopify.com/admin/api/2024-10/products/9365396127979/images/49825975402731.json	9365396127979		images	200	OK	image_id=49825975402731
2026-05-15 15:02:34	image-delete	delete_product_image	DELETE	https://oz-nails-wa.myshopify.com/admin/api/2024-10/products/9365396553963/images/49825975861483.json	9365396553963		images	200	OK	image_id=49825975861483
2026-05-15 15:02:36	image-delete	delete_product_image	DELETE	https://oz-nails-wa.myshopify.com/admin/api/2024-10/products/9365398552811/images/49825976123627.json	9365398552811		images	200	OK	image_id=49825976123627
2026-05-15 15:02:38	image-delete	delete_product_image	DELETE	https://oz-nails-wa.myshopify.com/admin/api/2024-10/products/9365242675435/images/49825976582379.json	9365242675435		images	200	OK	image_id=49825976582379
2026-05-15 15:02:40	image-delete	delete_product_image	DELETE	https://oz-nails-wa.myshopify.com/admin/api/2024-10/products/9364830650603/images/49825977008363.json	9364830650603		images	200	OK	image_id=49825977008363
2026-05-15 15:02:42	image-delete	delete_product_image	DELETE	https://oz-nails-wa.myshopify.com/admin/api/2024-10/products/9364830683371/images/49825977434347.json	9364830683371		images	200	OK	image_id=49825977434347
2026-05-15 15:02:43	image-delete	delete_product_image	DELETE	https://oz-nails-wa.myshopify.com/admin/api/2024-10/products/9364830716139/images/49825978122475.json	9364830716139		images	200	OK	image_id=49825978122475
2026-05-15 15:02:45	image-delete	delete_product_image	DELETE	https://oz-nails-wa.myshopify.com/admin/api/2024-10/products/9364830781675/images/49825979138283.json	9364830781675		images	200	OK	image_id=49825979138283
2026-05-15 15:02:47	image-delete	delete_product_image	DELETE	https://oz-nails-wa.myshopify.com/admin/api/2024-10/products/9364830847211/images/49825980285163.json	9364830847211		images	200	OK	image_id=49825980285163
2026-05-15 15:02:49	image-delete	delete_product_image	DELETE	https://oz-nails-wa.myshopify.com/admin/api/2024-10/products/9364830879979/images/49825981530347.json	9364830879979		images	200	OK	image_id=49825981530347
2026-05-15 15:02:51	image-delete	delete_product_image	DELETE	https://oz-nails-wa.myshopify.com/admin/api/2024-10/products/9364830912747/images/49825983004907.json	9364830912747		images	200	OK	image_id=49825983004907
2026-05-15 15:02:53	image-delete	delete_product_image	DELETE	https://oz-nails-wa.myshopify.com/admin/api/2024-10/products/9364830945515/images/49825984479467.json	9364830945515		images	200	OK	image_id=49825984479467
2026-05-15 15:02:55	image-delete	delete_product_image	DELETE	https://oz-nails-wa.myshopify.com/admin/api/2024-10/products/9364830978283/images/49825985233131.json	9364830978283		images	200	OK	image_id=49825985233131
2026-05-15 15:02:57	image-delete	delete_product_image	DELETE	https://oz-nails-wa.myshopify.com/admin/api/2024-10/products/9364831011051/images/49825985691883.json	9364831011051		images	200	OK	image_id=49825985691883
2026-05-15 15:02:59	image-delete	delete_product_image	DELETE	https://oz-nails-wa.myshopify.com/admin/api/2024-10/products/9364831043819/images/49825986707691.json	9364831043819		images	200	OK	image_id=49825986707691
2026-05-15 15:03:01	image-delete	delete_product_image	DELETE	https://oz-nails-wa.myshopify.com/admin/api/2024-10/products/9364831076587/images/49825987166443.json	9364831076587		images	200	OK	image_id=49825987166443
2026-05-15 15:03:03	image-delete	delete_product_image	DELETE	https://oz-nails-wa.myshopify.com/admin/api/2024-10/products/9364831109355/images/49825987559659.json	9364831109355		images	200	OK	image_id=49825987559659
2026-05-15 15:03:05	image-delete	delete_product_image	DELETE	https://oz-nails-wa.myshopify.com/admin/api/2024-10/products/9364831142123/images/49825987789035.json	9364831142123		images	200	OK	image_id=49825987789035
2026-05-15 15:03:06	image-delete	delete_product_image	DELETE	https://oz-nails-wa.myshopify.com/admin/api/2024-10/products/9364831174891/images/49825988772075.json	9364831174891		images	200	OK	image_id=49825988772075
2026-05-15 15:03:08	image-delete	delete_product_image	DELETE	https://oz-nails-wa.myshopify.com/admin/api/2024-10/products/9364831207659/images/49825990246635.json	9364831207659		images	200	OK	image_id=49825990246635
2026-05-15 15:03:10	image-delete	delete_product_image	DELETE	https://oz-nails-wa.myshopify.com/admin/api/2024-10/products/9364831240427/images/49825991557355.json	9364831240427		images	200	OK	image_id=49825991557355
2026-05-15 15:03:13	image-delete	delete_product_image	DELETE	https://oz-nails-wa.myshopify.com/admin/api/2024-10/products/9364831273195/images/49825992933611.json	9364831273195		images	200	OK	image_id=49825992933611
2026-05-15 15:03:14	image-delete	delete_product_image	DELETE	https://oz-nails-wa.myshopify.com/admin/api/2024-10/products/9364831305963/images/49825994146027.json	9364831305963		images	200	OK	image_id=49825994146027
2026-05-15 15:03:16	image-delete	delete_product_image	DELETE	https://oz-nails-wa.myshopify.com/admin/api/2024-10/products/9364831338731/images/49825995325675.json	9364831338731		images	200	OK	image_id=49825995325675
2026-05-15 15:03:18	image-delete	delete_product_image	DELETE	https://oz-nails-wa.myshopify.com/admin/api/2024-10/products/9364831371499/images/49825995784427.json	9364831371499		images	200	OK	image_id=49825995784427
2026-05-15 15:03:20	image-delete	delete_product_image	DELETE	https://oz-nails-wa.myshopify.com/admin/api/2024-10/products/9364831404267/images/49825996275947.json	9364831404267		images	200	OK	image_id=49825996275947
2026-05-15 15:03:22	image-delete	delete_product_image	DELETE	https://oz-nails-wa.myshopify.com/admin/api/2024-10/products/9364831437035/images/49825996800235.json	9364831437035		images	200	OK	image_id=49825996800235
2026-05-15 15:03:24	image-delete	delete_product_image	DELETE	https://oz-nails-wa.myshopify.com/admin/api/2024-10/products/9364831469803/images/49825997455595.json	9364831469803		images	200	OK	image_id=49825997455595
2026-05-15 15:03:26	image-delete	delete_product_image	DELETE	https://oz-nails-wa.myshopify.com/admin/api/2024-10/products/9364831502571/images/49825997979883.json	9364831502571		images	200	OK	image_id=49825997979883
2026-05-15 15:03:28	image-delete	delete_product_image	DELETE	https://oz-nails-wa.myshopify.com/admin/api/2024-10/products/9364831535339/images/49825999323371.json	9364831535339		images	200	OK	image_id=49825999323371
2026-05-15 15:03:30	image-delete	delete_product_image	DELETE	https://oz-nails-wa.myshopify.com/admin/api/2024-10/products/9364831600875/images/49826000535787.json	9364831600875		images	200	OK	image_id=49826000535787
2026-05-15 15:03:31	image-delete	delete_product_image	DELETE	https://oz-nails-wa.myshopify.com/admin/api/2024-10/products/9364831633643/images/49826001649899.json	9364831633643		images	200	OK	image_id=49826001649899
2026-05-15 15:03:33	image-delete	delete_product_image	DELETE	https://oz-nails-wa.myshopify.com/admin/api/2024-10/products/9364831666411/images/49826002927851.json	9364831666411		images	200	OK	image_id=49826002927851
2026-05-15 15:03:35	image-delete	delete_product_image	DELETE	https://oz-nails-wa.myshopify.com/admin/api/2024-10/products/9364831699179/images/49826004402411.json	9364831699179		images	200	OK	image_id=49826004402411
2026-05-15 15:03:38	image-delete	delete_product_image	DELETE	https://oz-nails-wa.myshopify.com/admin/api/2024-10/products/9364831731947/images/49826005254379.json	9364831731947		images	200	OK	image_id=49826005254379
2026-05-15 15:03:40	image-delete	delete_product_image	DELETE	https://oz-nails-wa.myshopify.com/admin/api/2024-10/products/9364831797483/images/49826005942507.json	9364831797483		images	200	OK	image_id=49826005942507
2026-05-15 15:03:41	image-delete	delete_product_image	DELETE	https://oz-nails-wa.myshopify.com/admin/api/2024-10/products/9364831863019/images/49826006499563.json	9364831863019		images	200	OK	image_id=49826006499563
2026-05-15 15:03:43	image-delete	delete_product_image	DELETE	https://oz-nails-wa.myshopify.com/admin/api/2024-10/products/9364831895787/images/49826006860011.json	9364831895787		images	200	OK	image_id=49826006860011
2026-05-15 15:03:45	image-delete	delete_product_image	DELETE	https://oz-nails-wa.myshopify.com/admin/api/2024-10/products/9364831928555/images/49826007384299.json	9364831928555		images	200	OK	image_id=49826007384299
2026-05-15 15:03:47	image-delete	delete_product_image	DELETE	https://oz-nails-wa.myshopify.com/admin/api/2024-10/products/9364831961323/images/49826007843051.json	9364831961323		images	200	OK	image_id=49826007843051
2026-05-15 15:03:49	image-delete	delete_product_image	DELETE	https://oz-nails-wa.myshopify.com/admin/api/2024-10/products/9364831994091/images/49826008629483.json	9364831994091		images	200	OK	image_id=49826008629483
2026-05-15 15:03:51	image-delete	delete_product_image	DELETE	https://oz-nails-wa.myshopify.com/admin/api/2024-10/products/9364832026859/images/49826009481451.json	9364832026859		images	200	OK	image_id=49826009481451
2026-05-15 15:03:53	image-delete	delete_product_image	DELETE	https://oz-nails-wa.myshopify.com/admin/api/2024-10/products/9364832092395/images/49826010562795.json	9364832092395		images	200	OK	image_id=49826010562795
2026-05-15 15:03:55	image-delete	delete_product_image	DELETE	https://oz-nails-wa.myshopify.com/admin/api/2024-10/products/9364832157931/images/49826011709675.json	9364832157931		images	200	OK	image_id=49826011709675
2026-05-15 15:03:57	image-delete	delete_product_image	DELETE	https://oz-nails-wa.myshopify.com/admin/api/2024-10/products/9364832190699/images/49826012561643.json	9364832190699		images	200	OK	image_id=49826012561643
2026-05-15 15:03:59	image-delete	delete_product_image	DELETE	https://oz-nails-wa.myshopify.com/admin/api/2024-10/products/9364832223467/images/49826013446379.json	9364832223467		images	200	OK	image_id=49826013446379
2026-05-15 15:04:01	image-delete	delete_product_image	DELETE	https://oz-nails-wa.myshopify.com/admin/api/2024-10/products/9364832256235/images/49826014560491.json	9364832256235		images	200	OK	image_id=49826014560491
2026-05-15 15:04:03	image-delete	delete_product_image	DELETE	https://oz-nails-wa.myshopify.com/admin/api/2024-10/products/9364832289003/images/49826014855403.json	9364832289003		images	200	OK	image_id=49826014855403
2026-05-15 15:04:05	image-delete	delete_product_image	DELETE	https://oz-nails-wa.myshopify.com/admin/api/2024-10/products/9364832321771/images/49826015379691.json	9364832321771		images	200	OK	image_id=49826015379691
2026-05-15 15:04:07	image-delete	delete_product_image	DELETE	https://oz-nails-wa.myshopify.com/admin/api/2024-10/products/9364832354539/images/49826015740139.json	9364832354539		images	200	OK	image_id=49826015740139
2026-05-15 15:04:09	image-delete	delete_product_image	DELETE	https://oz-nails-wa.myshopify.com/admin/api/2024-10/products/9364832387307/images/49826016329963.json	9364832387307		images	200	OK	image_id=49826016329963
2026-05-15 15:04:11	image-delete	delete_product_image	DELETE	https://oz-nails-wa.myshopify.com/admin/api/2024-10/products/9364832420075/images/49826016755947.json	9364832420075		images	200	OK	image_id=49826016755947
2026-05-15 15:04:13	image-delete	delete_product_image	DELETE	https://oz-nails-wa.myshopify.com/admin/api/2024-10/products/9364832452843/images/49826017837291.json	9364832452843		images	200	OK	image_id=49826017837291
2026-05-15 15:04:14	image-delete	delete_product_image	DELETE	https://oz-nails-wa.myshopify.com/admin/api/2024-10/products/9364832485611/images/49826018787563.json	9364832485611		images	200	OK	image_id=49826018787563
2026-05-15 15:04:16	image-delete	delete_product_image	DELETE	https://oz-nails-wa.myshopify.com/admin/api/2024-10/products/9364832518379/images/49826019803371.json	9364832518379		images	200	OK	image_id=49826019803371
2026-05-15 15:04:18	image-delete	delete_product_image	DELETE	https://oz-nails-wa.myshopify.com/admin/api/2024-10/products/9364832551147/images/49826020557035.json	9364832551147		images	200	OK	image_id=49826020557035
2026-05-15 15:04:20	image-delete	delete_product_image	DELETE	https://oz-nails-wa.myshopify.com/admin/api/2024-10/products/9364832583915/images/49826021245163.json	9364832583915		images	200	OK	image_id=49826021245163
2026-05-15 15:04:22	image-delete	delete_product_image	DELETE	https://oz-nails-wa.myshopify.com/admin/api/2024-10/products/9364832616683/images/49826022293739.json	9364832616683		images	200	OK	image_id=49826022293739
2026-05-15 15:04:24	image-delete	delete_product_image	DELETE	https://oz-nails-wa.myshopify.com/admin/api/2024-10/products/9364832649451/images/49826022785259.json	9364832649451		images	200	OK	image_id=49826022785259
2026-05-15 15:04:26	image-delete	delete_product_image	DELETE	https://oz-nails-wa.myshopify.com/admin/api/2024-10/products/9364832682219/images/49826023244011.json	9364832682219		images	200	OK	image_id=49826023244011
2026-05-15 15:04:28	image-delete	delete_product_image	DELETE	https://oz-nails-wa.myshopify.com/admin/api/2024-10/products/9364832714987/images/49826023702763.json	9364832714987		images	200	OK	image_id=49826023702763
2026-05-15 15:04:31	image-delete	delete_product_image	DELETE	https://oz-nails-wa.myshopify.com/admin/api/2024-10/products/9364832747755/images/49826024227051.json	9364832747755		images	200	OK	image_id=49826024227051
2026-05-15 15:04:32	image-delete	delete_product_image	DELETE	https://oz-nails-wa.myshopify.com/admin/api/2024-10/products/9364832780523/images/49826024489195.json	9364832780523		images	200	OK	image_id=49826024489195
2026-05-15 15:04:34	image-delete	delete_product_image	DELETE	https://oz-nails-wa.myshopify.com/admin/api/2024-10/products/9364832813291/images/49826025210091.json	9364832813291		images	200	OK	image_id=49826025210091
2026-05-15 15:04:36	image-delete	delete_product_image	DELETE	https://oz-nails-wa.myshopify.com/admin/api/2024-10/products/9364832846059/images/49826026225899.json	9364832846059		images	200	OK	image_id=49826026225899
2026-05-15 15:04:38	image-delete	delete_product_image	DELETE	https://oz-nails-wa.myshopify.com/admin/api/2024-10/products/9364832878827/images/49826027176171.json	9364832878827		images	200	OK	image_id=49826027176171
2026-05-15 15:04:40	image-delete	delete_product_image	DELETE	https://oz-nails-wa.myshopify.com/admin/api/2024-10/products/9364832911595/images/49826028191979.json	9364832911595		images	200	OK	image_id=49826028191979
2026-05-15 15:04:42	image-delete	delete_product_image	DELETE	https://oz-nails-wa.myshopify.com/admin/api/2024-10/products/9364832944363/images/49826029535467.json	9364832944363		images	200	OK	image_id=49826029535467
2026-05-15 15:04:44	image-delete	delete_product_image	DELETE	https://oz-nails-wa.myshopify.com/admin/api/2024-10/products/9364832977131/images/49826030452971.json	9364832977131		images	200	OK	image_id=49826030452971
2026-05-15 15:04:46	image-delete	delete_product_image	DELETE	https://oz-nails-wa.myshopify.com/admin/api/2024-10/products/9364833009899/images/49826030715115.json	9364833009899		images	200	OK	image_id=49826030715115
2026-05-15 15:04:48	image-delete	delete_product_image	DELETE	https://oz-nails-wa.myshopify.com/admin/api/2024-10/products/9364833042667/images/49826031141099.json	9364833042667		images	200	OK	image_id=49826031141099
2026-05-15 15:04:50	image-delete	delete_product_image	DELETE	https://oz-nails-wa.myshopify.com/admin/api/2024-10/products/9364833075435/images/49826031534315.json	9364833075435		images	200	OK	image_id=49826031534315
2026-05-15 15:04:52	image-delete	delete_product_image	DELETE	https://oz-nails-wa.myshopify.com/admin/api/2024-10/products/9364833108203/images/49826031763691.json	9364833108203		images	200	OK	image_id=49826031763691
2026-05-15 15:04:54	image-delete	delete_product_image	DELETE	https://oz-nails-wa.myshopify.com/admin/api/2024-10/products/9364833140971/images/49826032255211.json	9364833140971		images	200	OK	image_id=49826032255211
2026-05-15 15:04:56	image-delete	delete_product_image	DELETE	https://oz-nails-wa.myshopify.com/admin/api/2024-10/products/9364833173739/images/49826032877803.json	9364833173739		images	200	OK	image_id=49826032877803
2026-05-15 15:04:58	image-delete	delete_product_image	DELETE	https://oz-nails-wa.myshopify.com/admin/api/2024-10/products/9364833206507/images/49826033729771.json	9364833206507		images	200	OK	image_id=49826033729771
2026-05-15 15:05:00	image-delete	delete_product_image	DELETE	https://oz-nails-wa.myshopify.com/admin/api/2024-10/products/9364833239275/images/49826034745579.json	9364833239275		images	200	OK	image_id=49826034745579
2026-05-15 15:05:02	image-delete	delete_product_image	DELETE	https://oz-nails-wa.myshopify.com/admin/api/2024-10/products/9364833272043/images/49826035957995.json	9364833272043		images	200	OK	image_id=49826035957995
2026-05-15 15:05:04	image-delete	delete_product_image	DELETE	https://oz-nails-wa.myshopify.com/admin/api/2024-10/products/9364833304811/images/49826036908267.json	9364833304811		images	200	OK	image_id=49826036908267
2026-05-15 15:05:06	image-delete	delete_product_image	DELETE	https://oz-nails-wa.myshopify.com/admin/api/2024-10/products/9364833337579/images/49826038022379.json	9364833337579		images	200	OK	image_id=49826038022379
2026-05-15 15:05:08	image-delete	delete_product_image	DELETE	https://oz-nails-wa.myshopify.com/admin/api/2024-10/products/9364833403115/images/49826038972651.json	9364833403115		images	200	OK	image_id=49826038972651
2026-05-15 15:05:10	image-delete	delete_product_image	DELETE	https://oz-nails-wa.myshopify.com/admin/api/2024-10/products/9364833435883/images/49826039365867.json	9364833435883		images	200	OK	image_id=49826039365867
2026-05-15 15:05:12	image-delete	delete_product_image	DELETE	https://oz-nails-wa.myshopify.com/admin/api/2024-10/products/9364833468651/images/49826040152299.json	9364833468651		images	200	OK	image_id=49826040152299
2026-05-15 15:05:14	image-delete	delete_product_image	DELETE	https://oz-nails-wa.myshopify.com/admin/api/2024-10/products/9364833501419/images/49826040578283.json	9364833501419		images	200	OK	image_id=49826040578283
2026-05-15 15:05:16	image-delete	delete_product_image	DELETE	https://oz-nails-wa.myshopify.com/admin/api/2024-10/products/9364833534187/images/49826040971499.json	9364833534187		images	200	OK	image_id=49826040971499
2026-05-15 15:05:18	image-delete	delete_product_image	DELETE	https://oz-nails-wa.myshopify.com/admin/api/2024-10/products/9364833566955/images/49826041397483.json	9364833566955		images	200	OK	image_id=49826041397483
2026-05-15 15:05:20	image-delete	delete_product_image	DELETE	https://oz-nails-wa.myshopify.com/admin/api/2024-10/products/9364833599723/images/49826042380523.json	9364833599723		images	200	OK	image_id=49826042380523
2026-05-15 15:05:22	image-delete	delete_product_image	DELETE	https://oz-nails-wa.myshopify.com/admin/api/2024-10/products/9364833632491/images/49826043625707.json	9364833632491		images	200	OK	image_id=49826043625707
2026-05-15 15:05:24	image-delete	delete_product_image	DELETE	https://oz-nails-wa.myshopify.com/admin/api/2024-10/products/9364833665259/images/49826044477675.json	9364833665259		images	200	OK	image_id=49826044477675
2026-05-15 15:05:26	image-delete	delete_product_image	DELETE	https://oz-nails-wa.myshopify.com/admin/api/2024-10/products/9364833698027/images/49826045526251.json	9364833698027		images	200	OK	image_id=49826045526251
2026-05-15 15:05:27	image-delete	delete_product_image	DELETE	https://oz-nails-wa.myshopify.com/admin/api/2024-10/products/9364833730795/images/49826046443755.json	9364833730795		images	200	OK	image_id=49826046443755
2026-05-15 15:05:29	image-delete	delete_product_image	DELETE	https://oz-nails-wa.myshopify.com/admin/api/2024-10/products/9364833763563/images/49826047361259.json	9364833763563		images	200	OK	image_id=49826047361259
2026-05-15 15:05:31	image-delete	delete_product_image	DELETE	https://oz-nails-wa.myshopify.com/admin/api/2024-10/products/9364833796331/images/49826047852779.json	9364833796331		images	200	OK	image_id=49826047852779
2026-05-15 15:05:33	image-delete	delete_product_image	DELETE	https://oz-nails-wa.myshopify.com/admin/api/2024-10/products/9364833829099/images/49826048180459.json	9364833829099		images	200	OK	image_id=49826048180459
2026-05-15 15:05:35	image-delete	delete_product_image	DELETE	https://oz-nails-wa.myshopify.com/admin/api/2024-10/products/9364833894635/images/49826048311531.json	9364833894635		images	200	OK	image_id=49826048311531
2026-05-15 15:05:37	image-delete	delete_product_image	DELETE	https://oz-nails-wa.myshopify.com/admin/api/2024-10/products/9364833927403/images/49826048770283.json	9364833927403		images	200	OK	image_id=49826048770283
2026-05-15 15:05:39	image-delete	delete_product_image	DELETE	https://oz-nails-wa.myshopify.com/admin/api/2024-10/products/9364833960171/images/49826049097963.json	9364833960171		images	200	OK	image_id=49826049097963
2026-05-15 15:05:41	image-delete	delete_product_image	DELETE	https://oz-nails-wa.myshopify.com/admin/api/2024-10/products/9364834025707/images/49826049622251.json	9364834025707		images	200	OK	image_id=49826049622251
2026-05-15 15:05:43	image-delete	delete_product_image	DELETE	https://oz-nails-wa.myshopify.com/admin/api/2024-10/products/9364834058475/images/49826050769131.json	9364834058475		images	200	OK	image_id=49826050769131
2026-05-15 15:05:45	image-delete	delete_product_image	DELETE	https://oz-nails-wa.myshopify.com/admin/api/2024-10/products/9364834124011/images/49826052473067.json	9364834124011		images	200	OK	image_id=49826052473067
2026-05-15 15:05:47	image-delete	delete_product_image	DELETE	https://oz-nails-wa.myshopify.com/admin/api/2024-10/products/9364834156779/images/49826054340843.json	9364834156779		images	200	OK	image_id=49826054340843
2026-05-15 15:05:48	image-delete	delete_product_image	DELETE	https://oz-nails-wa.myshopify.com/admin/api/2024-10/products/9364834189547/images/49826056012011.json	9364834189547		images	200	OK	image_id=49826056012011
2026-05-15 15:05:50	image-delete	delete_product_image	DELETE	https://oz-nails-wa.myshopify.com/admin/api/2024-10/products/9364834222315/images/49826057289963.json	9364834222315		images	200	OK	image_id=49826057289963
2026-05-15 15:05:52	image-delete	delete_product_image	DELETE	https://oz-nails-wa.myshopify.com/admin/api/2024-10/products/9364834255083/images/49826058010859.json	9364834255083		images	200	OK	image_id=49826058010859
2026-05-15 15:05:54	image-delete	delete_product_image	DELETE	https://oz-nails-wa.myshopify.com/admin/api/2024-10/products/9364834287851/images/49826059813099.json	9364834287851		images	200	OK	image_id=49826059813099
2026-05-15 15:05:56	image-delete	delete_product_image	DELETE	https://oz-nails-wa.myshopify.com/admin/api/2024-10/products/9364834320619/images/49826062565611.json	9364834320619		images	200	OK	image_id=49826062565611
2026-05-15 15:05:58	image-delete	delete_product_image	DELETE	https://oz-nails-wa.myshopify.com/admin/api/2024-10/products/9364834353387/images/49826063974635.json	9364834353387		images	200	OK	image_id=49826063974635
2026-05-15 15:06:00	image-delete	delete_product_image	DELETE	https://oz-nails-wa.myshopify.com/admin/api/2024-10/products/9364834386155/images/49826065613035.json	9364834386155		images	200	OK	image_id=49826065613035
2026-05-15 15:06:02	image-delete	delete_product_image	DELETE	https://oz-nails-wa.myshopify.com/admin/api/2024-10/products/9364834451691/images/49826066890987.json	9364834451691		images	200	OK	image_id=49826066890987
2026-05-15 15:06:03	image-delete	delete_product_image	DELETE	https://oz-nails-wa.myshopify.com/admin/api/2024-10/products/9364834484459/images/49826069119211.json	9364834484459		images	200	OK	image_id=49826069119211
2026-05-15 15:06:05	image-delete	delete_product_image	DELETE	https://oz-nails-wa.myshopify.com/admin/api/2024-10/products/9364834517227/images/49826071445739.json	9364834517227		images	200	OK	image_id=49826071445739
2026-05-15 15:06:07	image-delete	delete_product_image	DELETE	https://oz-nails-wa.myshopify.com/admin/api/2024-10/products/9364834549995/images/49826073739499.json	9364834549995		images	200	OK	image_id=49826073739499
2026-05-15 15:06:09	image-delete	delete_product_image	DELETE	https://oz-nails-wa.myshopify.com/admin/api/2024-10/products/9364834582763/images/49826076917995.json	9364834582763		images	200	OK	image_id=49826076917995
2026-05-15 15:06:11	image-delete	delete_product_image	DELETE	https://oz-nails-wa.myshopify.com/admin/api/2024-10/products/9364834615531/images/49826080391403.json	9364834615531		images	200	OK	image_id=49826080391403
2026-05-15 15:06:13	image-delete	delete_product_image	DELETE	https://oz-nails-wa.myshopify.com/admin/api/2024-10/products/9364834648299/images/49826083143915.json	9364834648299		images	200	OK	image_id=49826083143915
2026-05-15 15:06:15	image-delete	delete_product_image	DELETE	https://oz-nails-wa.myshopify.com/admin/api/2024-10/products/9364834681067/images/49826086748395.json	9364834681067		images	200	OK	image_id=49826086748395
2026-05-15 15:06:17	image-delete	delete_product_image	DELETE	https://oz-nails-wa.myshopify.com/admin/api/2024-10/products/9364834713835/images/49826089566443.json	9364834713835		images	200	OK	image_id=49826089566443
2026-05-15 15:06:19	image-delete	delete_product_image	DELETE	https://oz-nails-wa.myshopify.com/admin/api/2024-10/products/9364834746603/images/49826091008235.json	9364834746603		images	200	OK	image_id=49826091008235
2026-05-15 15:06:21	image-delete	delete_product_image	DELETE	https://oz-nails-wa.myshopify.com/admin/api/2024-10/products/9364834779371/images/49826093924587.json	9364834779371		images	200	OK	image_id=49826093924587
2026-05-15 15:06:22	image-delete	delete_product_image	DELETE	https://oz-nails-wa.myshopify.com/admin/api/2024-10/products/9364834812139/images/49826095857899.json	9364834812139		images	200	OK	image_id=49826095857899
2026-05-15 15:06:24	image-delete	delete_product_image	DELETE	https://oz-nails-wa.myshopify.com/admin/api/2024-10/products/9364834844907/images/49826097725675.json	9364834844907		images	200	OK	image_id=49826097725675
2026-05-15 15:06:26	image-delete	delete_product_image	DELETE	https://oz-nails-wa.myshopify.com/admin/api/2024-10/products/9364834877675/images/49826100805867.json	9364834877675		images	200	OK	image_id=49826100805867
2026-05-15 15:06:28	image-delete	delete_product_image	DELETE	https://oz-nails-wa.myshopify.com/admin/api/2024-10/products/9364834910443/images/49826103918827.json	9364834910443		images	200	OK	image_id=49826103918827
2026-05-15 15:06:30	image-delete	delete_product_image	DELETE	https://oz-nails-wa.myshopify.com/admin/api/2024-10/products/9364834943211/images/49826106081515.json	9364834943211		images	200	OK	image_id=49826106081515
2026-05-15 15:06:32	image-delete	delete_product_image	DELETE	https://oz-nails-wa.myshopify.com/admin/api/2024-10/products/9364834975979/images/49826108637419.json	9364834975979		images	200	OK	image_id=49826108637419
2026-05-15 15:06:34	image-delete	delete_product_image	DELETE	https://oz-nails-wa.myshopify.com/admin/api/2024-10/products/9364835008747/images/49826111652075.json	9364835008747		images	200	OK	image_id=49826111652075
2026-05-15 15:06:36	image-delete	delete_product_image	DELETE	https://oz-nails-wa.myshopify.com/admin/api/2024-10/products/9364835041515/images/49826114928875.json	9364835041515		images	200	OK	image_id=49826114928875
2026-05-15 15:06:38	image-delete	delete_product_image	DELETE	https://oz-nails-wa.myshopify.com/admin/api/2024-10/products/9364835107051/images/49826117124331.json	9364835107051		images	200	OK	image_id=49826117124331
2026-05-15 15:06:39	image-delete	delete_product_image	DELETE	https://oz-nails-wa.myshopify.com/admin/api/2024-10/products/9364835139819/images/49826119483627.json	9364835139819		images	200	OK	image_id=49826119483627
2026-05-15 15:06:41	image-delete	delete_product_image	DELETE	https://oz-nails-wa.myshopify.com/admin/api/2024-10/products/9364835238123/images/49826121679083.json	9364835238123		images	200	OK	image_id=49826121679083
2026-05-15 15:06:43	image-delete	delete_product_image	DELETE	https://oz-nails-wa.myshopify.com/admin/api/2024-10/products/9364835270891/images/49826124398827.json	9364835270891		images	200	OK	image_id=49826124398827
2026-05-15 15:06:45	image-delete	delete_product_image	DELETE	https://oz-nails-wa.myshopify.com/admin/api/2024-10/products/9364835336427/images/49826126495979.json	9364835336427		images	200	OK	image_id=49826126495979
2026-05-15 15:06:47	image-delete	delete_product_image	DELETE	https://oz-nails-wa.myshopify.com/admin/api/2024-10/products/9364835369195/images/49826128920811.json	9364835369195		images	200	OK	image_id=49826128920811
2026-05-15 15:06:49	image-delete	delete_product_image	DELETE	https://oz-nails-wa.myshopify.com/admin/api/2024-10/products/9364835401963/images/49826130919659.json	9364835401963		images	200	OK	image_id=49826130919659
2026-05-15 15:06:51	image-delete	delete_product_image	DELETE	https://oz-nails-wa.myshopify.com/admin/api/2024-10/products/9364835434731/images/49826133541099.json	9364835434731		images	200	OK	image_id=49826133541099
2026-05-15 15:06:53	image-delete	delete_product_image	DELETE	https://oz-nails-wa.myshopify.com/admin/api/2024-10/products/9364835467499/images/49826134589675.json	9364835467499		images	200	OK	image_id=49826134589675
2026-05-15 15:06:55	image-delete	delete_product_image	DELETE	https://oz-nails-wa.myshopify.com/admin/api/2024-10/products/9364835533035/images/49826135802091.json	9364835533035		images	200	OK	image_id=49826135802091
2026-05-15 15:06:56	image-delete	delete_product_image	DELETE	https://oz-nails-wa.myshopify.com/admin/api/2024-10/products/9364835565803/images/49826137440491.json	9364835565803		images	200	OK	image_id=49826137440491
2026-05-15 15:06:58	image-delete	delete_product_image	DELETE	https://oz-nails-wa.myshopify.com/admin/api/2024-10/products/9364835598571/images/49826139209963.json	9364835598571		images	200	OK	image_id=49826139209963
2026-05-15 15:07:00	image-delete	delete_product_image	DELETE	https://oz-nails-wa.myshopify.com/admin/api/2024-10/products/9364835631339/images/49826140520683.json	9364835631339		images	200	OK	image_id=49826140520683
2026-05-15 15:07:02	image-delete	delete_product_image	DELETE	https://oz-nails-wa.myshopify.com/admin/api/2024-10/products/9364835696875/images/49826141634795.json	9364835696875		images	200	OK	image_id=49826141634795
2026-05-15 15:07:04	image-delete	delete_product_image	DELETE	https://oz-nails-wa.myshopify.com/admin/api/2024-10/products/9364835762411/images/49826142257387.json	9364835762411		images	200	OK	image_id=49826142257387
2026-05-15 15:07:06	image-delete	delete_product_image	DELETE	https://oz-nails-wa.myshopify.com/admin/api/2024-10/products/9364835795179/images/49826144387307.json	9364835795179		images	200	OK	image_id=49826144387307
2026-05-15 15:07:08	image-delete	delete_product_image	DELETE	https://oz-nails-wa.myshopify.com/admin/api/2024-10/products/9364835827947/images/49826147926251.json	9364835827947		images	200	OK	image_id=49826147926251
2026-05-15 15:07:10	image-delete	delete_product_image	DELETE	https://oz-nails-wa.myshopify.com/admin/api/2024-10/products/9364835860715/images/49826149335275.json	9364835860715		images	200	OK	image_id=49826149335275
2026-05-15 15:07:12	image-delete	delete_product_image	DELETE	https://oz-nails-wa.myshopify.com/admin/api/2024-10/products/9364835893483/images/49826152317163.json	9364835893483		images	200	OK	image_id=49826152317163
2026-05-15 15:07:13	image-delete	delete_product_image	DELETE	https://oz-nails-wa.myshopify.com/admin/api/2024-10/products/9364835959019/images/49826155626731.json	9364835959019		images	200	OK	image_id=49826155626731
2026-05-15 15:07:15	image-delete	delete_product_image	DELETE	https://oz-nails-wa.myshopify.com/admin/api/2024-10/products/9364835991787/images/49826157920491.json	9364835991787		images	200	OK	image_id=49826157920491
2026-05-15 15:07:17	image-delete	delete_product_image	DELETE	https://oz-nails-wa.myshopify.com/admin/api/2024-10/products/9364836024555/images/49826160541931.json	9364836024555		images	200	OK	image_id=49826160541931
2026-05-15 15:07:19	image-delete	delete_product_image	DELETE	https://oz-nails-wa.myshopify.com/admin/api/2024-10/products/9364836057323/images/49826163196139.json	9364836057323		images	200	OK	image_id=49826163196139
2026-05-15 15:07:21	image-delete	delete_product_image	DELETE	https://oz-nails-wa.myshopify.com/admin/api/2024-10/products/9364836090091/images/49826164769003.json	9364836090091		images	200	OK	image_id=49826164769003
2026-05-15 15:07:23	image-delete	delete_product_image	DELETE	https://oz-nails-wa.myshopify.com/admin/api/2024-10/products/9364836122859/images/49826166079723.json	9364836122859		images	200	OK	image_id=49826166079723
2026-05-15 15:07:25	image-delete	delete_product_image	DELETE	https://oz-nails-wa.myshopify.com/admin/api/2024-10/products/9364836155627/images/49826167455979.json	9364836155627		images	200	OK	image_id=49826167455979
2026-05-15 15:07:27	image-delete	delete_product_image	DELETE	https://oz-nails-wa.myshopify.com/admin/api/2024-10/products/9364836188395/images/49826170831083.json	9364836188395		images	200	OK	image_id=49826170831083
2026-05-15 15:07:29	image-delete	delete_product_image	DELETE	https://oz-nails-wa.myshopify.com/admin/api/2024-10/products/9364836221163/images/49826172240107.json	9364836221163		images	200	OK	image_id=49826172240107
2026-05-15 15:07:31	image-delete	delete_product_image	DELETE	https://oz-nails-wa.myshopify.com/admin/api/2024-10/products/9364836253931/images/49826173026539.json	9364836253931		images	200	OK	image_id=49826173026539
2026-05-15 15:07:32	image-delete	delete_product_image	DELETE	https://oz-nails-wa.myshopify.com/admin/api/2024-10/products/9364836286699/images/49826174206187.json	9364836286699		images	200	OK	image_id=49826174206187
2026-05-15 15:07:34	image-delete	delete_product_image	DELETE	https://oz-nails-wa.myshopify.com/admin/api/2024-10/products/9364836319467/images/49826175156459.json	9364836319467		images	200	OK	image_id=49826175156459
2026-05-15 15:07:36	image-delete	delete_product_image	DELETE	https://oz-nails-wa.myshopify.com/admin/api/2024-10/products/9364836352235/images/49826176106731.json	9364836352235		images	200	OK	image_id=49826176106731
2026-05-15 15:07:38	image-delete	delete_product_image	DELETE	https://oz-nails-wa.myshopify.com/admin/api/2024-10/products/9364836385003/images/49826177024235.json	9364836385003		images	200	OK	image_id=49826177024235
2026-05-15 15:07:40	image-delete	delete_product_image	DELETE	https://oz-nails-wa.myshopify.com/admin/api/2024-10/products/9364836450539/images/49826178367723.json	9364836450539		images	200	OK	image_id=49826178367723
2026-05-15 15:07:42	image-delete	delete_product_image	DELETE	https://oz-nails-wa.myshopify.com/admin/api/2024-10/products/9364836483307/images/49826178892011.json	9364836483307		images	200	OK	image_id=49826178892011
2026-05-15 15:07:44	image-delete	delete_product_image	DELETE	https://oz-nails-wa.myshopify.com/admin/api/2024-10/products/9364836516075/images/49826179547371.json	9364836516075		images	200	OK	image_id=49826179547371
2026-05-15 15:07:46	image-delete	delete_product_image	DELETE	https://oz-nails-wa.myshopify.com/admin/api/2024-10/products/9364836548843/images/49826180694251.json	9364836548843		images	200	OK	image_id=49826180694251
2026-05-15 15:07:48	image-delete	delete_product_image	DELETE	https://oz-nails-wa.myshopify.com/admin/api/2024-10/products/9364836581611/images/49826182070507.json	9364836581611		images	200	OK	image_id=49826182070507
2026-05-15 15:07:50	image-delete	delete_product_image	DELETE	https://oz-nails-wa.myshopify.com/admin/api/2024-10/products/9364836614379/images/49826184331499.json	9364836614379		images	200	OK	image_id=49826184331499
2026-05-15 15:07:52	image-delete	delete_product_image	DELETE	https://oz-nails-wa.myshopify.com/admin/api/2024-10/products/9364836647147/images/49826185314539.json	9364836647147		images	200	OK	image_id=49826185314539
2026-05-15 15:07:54	image-delete	delete_product_image	DELETE	https://oz-nails-wa.myshopify.com/admin/api/2024-10/products/9364836679915/images/49826186559723.json	9364836679915		images	200	OK	image_id=49826186559723
2026-05-15 15:07:56	image-delete	delete_product_image	DELETE	https://oz-nails-wa.myshopify.com/admin/api/2024-10/products/9364836712683/images/49826187739371.json	9364836712683		images	200	OK	image_id=49826187739371
2026-05-15 15:07:57	image-delete	delete_product_image	DELETE	https://oz-nails-wa.myshopify.com/admin/api/2024-10/products/9364836745451/images/49826189148395.json	9364836745451		images	200	OK	image_id=49826189148395
2026-05-15 15:07:59	image-delete	delete_product_image	DELETE	https://oz-nails-wa.myshopify.com/admin/api/2024-10/products/9364836778219/images/49826189934827.json	9364836778219		images	200	OK	image_id=49826189934827
2026-05-15 15:08:01	image-delete	delete_product_image	DELETE	https://oz-nails-wa.myshopify.com/admin/api/2024-10/products/9364836810987/images/49826191212779.json	9364836810987		images	200	OK	image_id=49826191212779
2026-05-15 15:08:03	image-delete	delete_product_image	DELETE	https://oz-nails-wa.myshopify.com/admin/api/2024-10/products/9364836843755/images/49826192294123.json	9364836843755		images	200	OK	image_id=49826192294123
2026-05-15 15:08:05	image-delete	delete_product_image	DELETE	https://oz-nails-wa.myshopify.com/admin/api/2024-10/products/9364836876523/images/49826192687339.json	9364836876523		images	200	OK	image_id=49826192687339
2026-05-15 15:08:07	image-delete	delete_product_image	DELETE	https://oz-nails-wa.myshopify.com/admin/api/2024-10/products/9364836909291/images/49826193539307.json	9364836909291		images	200	OK	image_id=49826193539307
2026-05-15 15:08:09	image-delete	delete_product_image	DELETE	https://oz-nails-wa.myshopify.com/admin/api/2024-10/products/9364836942059/images/49826194555115.json	9364836942059		images	200	OK	image_id=49826194555115
2026-05-15 15:08:11	image-delete	delete_product_image	DELETE	https://oz-nails-wa.myshopify.com/admin/api/2024-10/products/9364837007595/images/49826195341547.json	9364837007595		images	200	OK	image_id=49826195341547
2026-05-15 15:08:13	image-delete	delete_product_image	DELETE	https://oz-nails-wa.myshopify.com/admin/api/2024-10/products/9364837040363/images/49826196422891.json	9364837040363		images	200	OK	image_id=49826196422891
2026-05-15 15:08:15	image-delete	delete_product_image	DELETE	https://oz-nails-wa.myshopify.com/admin/api/2024-10/products/9364837073131/images/49826197700843.json	9364837073131		images	200	OK	image_id=49826197700843
2026-05-15 15:08:17	image-delete	delete_product_image	DELETE	https://oz-nails-wa.myshopify.com/admin/api/2024-10/products/9364837105899/images/49826199306475.json	9364837105899		images	200	OK	image_id=49826199306475
2026-05-15 15:08:19	image-delete	delete_product_image	DELETE	https://oz-nails-wa.myshopify.com/admin/api/2024-10/products/9364837138667/images/49826200649963.json	9364837138667		images	200	OK	image_id=49826200649963
2026-05-15 15:08:21	image-delete	delete_product_image	DELETE	https://oz-nails-wa.myshopify.com/admin/api/2024-10/products/9364837171435/images/49826202353899.json	9364837171435		images	200	OK	image_id=49826202353899
2026-05-15 15:08:22	image-delete	delete_product_image	DELETE	https://oz-nails-wa.myshopify.com/admin/api/2024-10/products/9364837204203/images/49826203861227.json	9364837204203		images	200	OK	image_id=49826203861227
2026-05-15 15:08:24	image-delete	delete_product_image	DELETE	https://oz-nails-wa.myshopify.com/admin/api/2024-10/products/9364837236971/images/49826204418283.json	9364837236971		images	200	OK	image_id=49826204418283
2026-05-15 15:08:26	image-delete	delete_product_image	DELETE	https://oz-nails-wa.myshopify.com/admin/api/2024-10/products/9364837269739/images/49826204942571.json	9364837269739		images	200	OK	image_id=49826204942571
2026-05-15 15:08:28	image-delete	delete_product_image	DELETE	https://oz-nails-wa.myshopify.com/admin/api/2024-10/products/9364837302507/images/49826205401323.json	9364837302507		images	200	OK	image_id=49826205401323
2026-05-15 15:08:30	image-delete	delete_product_image	DELETE	https://oz-nails-wa.myshopify.com/admin/api/2024-10/products/9364837335275/images/49826206023915.json	9364837335275		images	200	OK	image_id=49826206023915
2026-05-15 15:08:32	image-delete	delete_product_image	DELETE	https://oz-nails-wa.myshopify.com/admin/api/2024-10/products/9364837368043/images/49826206548203.json	9364837368043		images	200	OK	image_id=49826206548203
2026-05-15 15:08:34	image-delete	delete_product_image	DELETE	https://oz-nails-wa.myshopify.com/admin/api/2024-10/products/9364837433579/images/49826207006955.json	9364837433579		images	200	OK	image_id=49826207006955
2026-05-15 15:08:36	image-delete	delete_product_image	DELETE	https://oz-nails-wa.myshopify.com/admin/api/2024-10/products/9364837466347/images/49826207695083.json	9364837466347		images	200	OK	image_id=49826207695083
2026-05-15 15:08:38	image-delete	delete_product_image	DELETE	https://oz-nails-wa.myshopify.com/admin/api/2024-10/products/9364837531883/images/49826208710891.json	9364837531883		images	200	OK	image_id=49826208710891
2026-05-15 15:08:40	image-delete	delete_product_image	DELETE	https://oz-nails-wa.myshopify.com/admin/api/2024-10/products/9364837597419/images/49826209530091.json	9364837597419		images	200	OK	image_id=49826209530091
2026-05-15 15:08:41	image-delete	delete_product_image	DELETE	https://oz-nails-wa.myshopify.com/admin/api/2024-10/products/9364837662955/images/49826210316523.json	9364837662955		images	200	OK	image_id=49826210316523
2026-05-15 15:08:43	image-delete	delete_product_image	DELETE	https://oz-nails-wa.myshopify.com/admin/api/2024-10/products/9364837761259/images/49826211332331.json	9364837761259		images	200	OK	image_id=49826211332331
2026-05-15 15:08:46	image-delete	delete_product_image	DELETE	https://oz-nails-wa.myshopify.com/admin/api/2024-10/products/9364837794027/images/49826211922155.json	9364837794027		images	200	OK	image_id=49826211922155
2026-05-15 15:08:48	image-delete	delete_product_image	DELETE	https://oz-nails-wa.myshopify.com/admin/api/2024-10/products/9364837826795/images/49826212643051.json	9364837826795		images	200	OK	image_id=49826212643051
2026-05-15 15:08:49	image-delete	delete_product_image	DELETE	https://oz-nails-wa.myshopify.com/admin/api/2024-10/products/9364837925099/images/49826212774123.json	9364837925099		images	200	OK	image_id=49826212774123
2026-05-15 15:08:52	image-delete	delete_product_image	DELETE	https://oz-nails-wa.myshopify.com/admin/api/2024-10/products/9364837957867/images/49826212937963.json	9364837957867		images	200	OK	image_id=49826212937963
2026-05-15 15:08:53	image-delete	delete_product_image	DELETE	https://oz-nails-wa.myshopify.com/admin/api/2024-10/products/9364838023403/images/49826213069035.json	9364838023403		images	200	OK	image_id=49826213069035
2026-05-15 15:08:55	image-delete	delete_product_image	DELETE	https://oz-nails-wa.myshopify.com/admin/api/2024-10/products/9364838056171/images/49826213298411.json	9364838056171		images	200	OK	image_id=49826213298411
2026-05-15 15:08:57	image-delete	delete_product_image	DELETE	https://oz-nails-wa.myshopify.com/admin/api/2024-10/products/9364838088939/images/49826213396715.json	9364838088939		images	200	OK	image_id=49826213396715
2026-05-15 15:08:59	image-delete	delete_product_image	DELETE	https://oz-nails-wa.myshopify.com/admin/api/2024-10/products/9364838121707/images/49826214150379.json	9364838121707		images	200	OK	image_id=49826214150379
2026-05-15 15:09:01	image-delete	delete_product_image	DELETE	https://oz-nails-wa.myshopify.com/admin/api/2024-10/products/9364838220011/images/49826214805739.json	9364838220011		images	200	OK	image_id=49826214805739
2026-05-15 15:09:03	image-delete	delete_product_image	DELETE	https://oz-nails-wa.myshopify.com/admin/api/2024-10/products/9364838252779/images/49826215624939.json	9364838252779		images	200	OK	image_id=49826215624939
2026-05-15 15:09:05	image-delete	delete_product_image	DELETE	https://oz-nails-wa.myshopify.com/admin/api/2024-10/products/9364838318315/images/49826216804587.json	9364838318315		images	200	OK	image_id=49826216804587
2026-05-15 15:09:07	image-delete	delete_product_image	DELETE	https://oz-nails-wa.myshopify.com/admin/api/2024-10/products/9364838351083/images/49826217558251.json	9364838351083		images	200	OK	image_id=49826217558251
2026-05-15 15:09:09	image-delete	delete_product_image	DELETE	https://oz-nails-wa.myshopify.com/admin/api/2024-10/products/9364838383851/images/49826217853163.json	9364838383851		images	200	OK	image_id=49826217853163
2026-05-15 15:09:11	image-delete	delete_product_image	DELETE	https://oz-nails-wa.myshopify.com/admin/api/2024-10/products/9364838449387/images/49826218148075.json	9364838449387		images	200	OK	image_id=49826218148075
2026-05-15 15:09:12	image-delete	delete_product_image	DELETE	https://oz-nails-wa.myshopify.com/admin/api/2024-10/products/9364838482155/images/49826218311915.json	9364838482155		images	200	OK	image_id=49826218311915
2026-05-15 15:09:14	image-delete	delete_product_image	DELETE	https://oz-nails-wa.myshopify.com/admin/api/2024-10/products/9364838547691/images/49826218410219.json	9364838547691		images	200	OK	image_id=49826218410219
2026-05-15 15:09:16	image-delete	delete_product_image	DELETE	https://oz-nails-wa.myshopify.com/admin/api/2024-10/products/9364838580459/images/49826218606827.json	9364838580459		images	200	OK	image_id=49826218606827
2026-05-15 15:09:18	image-delete	delete_product_image	DELETE	https://oz-nails-wa.myshopify.com/admin/api/2024-10/products/9364838613227/images/49826219557099.json	9364838613227		images	200	OK	image_id=49826219557099
2026-05-15 15:09:20	image-delete	delete_product_image	DELETE	https://oz-nails-wa.myshopify.com/admin/api/2024-10/products/9364838645995/images/49826220474603.json	9364838645995		images	200	OK	image_id=49826220474603
2026-05-15 15:09:22	image-delete	delete_product_image	DELETE	https://oz-nails-wa.myshopify.com/admin/api/2024-10/products/9364838678763/images/49826221359339.json	9364838678763		images	200	OK	image_id=49826221359339
2026-05-15 15:09:24	image-delete	delete_product_image	DELETE	https://oz-nails-wa.myshopify.com/admin/api/2024-10/products/9364838711531/images/49826222768363.json	9364838711531		images	200	OK	image_id=49826222768363
2026-05-15 15:09:26	image-delete	delete_product_image	DELETE	https://oz-nails-wa.myshopify.com/admin/api/2024-10/products/9364838777067/images/49826223980779.json	9364838777067		images	200	OK	image_id=49826223980779
2026-05-15 15:09:28	image-delete	delete_product_image	DELETE	https://oz-nails-wa.myshopify.com/admin/api/2024-10/products/9364838809835/images/49826224865515.json	9364838809835		images	200	OK	image_id=49826224865515
2026-05-15 15:09:30	image-delete	delete_product_image	DELETE	https://oz-nails-wa.myshopify.com/admin/api/2024-10/products/9364838842603/images/49826225127659.json	9364838842603		images	200	OK	image_id=49826225127659
2026-05-15 15:09:31	image-delete	delete_product_image	DELETE	https://oz-nails-wa.myshopify.com/admin/api/2024-10/products/9364838875371/images/49826226340075.json	9364838875371		images	200	OK	image_id=49826226340075
2026-05-15 15:09:33	image-delete	delete_product_image	DELETE	https://oz-nails-wa.myshopify.com/admin/api/2024-10/products/9364838908139/images/49826228601067.json	9364838908139		images	200	OK	image_id=49826228601067
2026-05-15 15:09:35	image-delete	delete_product_image	DELETE	https://oz-nails-wa.myshopify.com/admin/api/2024-10/products/9367163011307/images/49826228895979.json	9367163011307		images	200	OK	image_id=49826228895979
2026-05-15 15:09:37	image-delete	delete_product_image	DELETE	https://oz-nails-wa.myshopify.com/admin/api/2024-10/products/9367164125419/images/49826229092587.json	9367164125419		images	200	OK	image_id=49826229092587
2026-05-15 15:09:39	image-delete	delete_product_image	DELETE	https://oz-nails-wa.myshopify.com/admin/api/2024-10/products/9367165993195/images/49826229977323.json	9367165993195		images	200	OK	image_id=49826229977323
2026-05-15 15:09:41	image-delete	delete_product_image	DELETE	https://oz-nails-wa.myshopify.com/admin/api/2024-10/products/9367167172843/images/49826230632683.json	9367167172843		images	200	OK	image_id=49826230632683
2026-05-15 15:09:43	image-delete	delete_product_image	DELETE	https://oz-nails-wa.myshopify.com/admin/api/2024-10/products/9367169892587/images/49826231320811.json	9367169892587		images	200	OK	image_id=49826231320811
2026-05-15 15:09:45	image-delete	delete_product_image	DELETE	https://oz-nails-wa.myshopify.com/admin/api/2024-10/products/9367170121963/images/49826232205547.json	9367170121963		images	200	OK	image_id=49826232205547
2026-05-15 15:09:47	image-delete	delete_product_image	DELETE	https://oz-nails-wa.myshopify.com/admin/api/2024-10/products/9367171956971/images/49826233024747.json	9367171956971		images	200	OK	image_id=49826233024747
2026-05-15 15:09:49	image-delete	delete_product_image	DELETE	https://oz-nails-wa.myshopify.com/admin/api/2024-10/products/9367174447339/images/49826233614571.json	9367174447339		images	200	OK	image_id=49826233614571
2026-05-15 15:09:51	image-delete	delete_product_image	DELETE	https://oz-nails-wa.myshopify.com/admin/api/2024-10/products/9364838940907/images/49826233778411.json	9364838940907		images	200	OK	image_id=49826233778411
2026-05-15 15:09:53	image-delete	delete_product_image	DELETE	https://oz-nails-wa.myshopify.com/admin/api/2024-10/products/9367174938859/images/49826233909483.json	9367174938859		images	200	OK	image_id=49826233909483
2026-05-15 15:09:55	image-delete	delete_product_image	DELETE	https://oz-nails-wa.myshopify.com/admin/api/2024-10/products/9367176839403/images/49826234302699.json	9367176839403		images	200	OK	image_id=49826234302699
2026-05-15 15:09:57	image-delete	delete_product_image	DELETE	https://oz-nails-wa.myshopify.com/admin/api/2024-10/products/9364838973675/images/49826234630379.json	9364838973675		images	200	OK	image_id=49826234630379
2026-05-15 15:09:59	image-delete	delete_product_image	DELETE	https://oz-nails-wa.myshopify.com/admin/api/2024-10/products/9364839006443/images/49826234859755.json	9364839006443		images	200	OK	image_id=49826234859755
2026-05-15 15:10:00	image-delete	delete_product_image	DELETE	https://oz-nails-wa.myshopify.com/admin/api/2024-10/products/9364839071979/images/49826235318507.json	9364839071979		images	200	OK	image_id=49826235318507
2026-05-15 15:10:02	image-delete	delete_product_image	DELETE	https://oz-nails-wa.myshopify.com/admin/api/2024-10/products/9365424505067/images/49826236072171.json	9365424505067		images	200	OK	image_id=49826236072171
2026-05-15 15:10:05	image-delete	delete_product_image	DELETE	https://oz-nails-wa.myshopify.com/admin/api/2024-10/products/9365425750251/images/49826236661995.json	9365425750251		images	200	OK	image_id=49826236661995
2026-05-15 15:10:06	image-delete	delete_product_image	DELETE	https://oz-nails-wa.myshopify.com/admin/api/2024-10/products/9365266268395/images/49826237415659.json	9365266268395		images	200	OK	image_id=49826237415659
2026-05-15 15:10:09	image-delete	delete_product_image	DELETE	https://oz-nails-wa.myshopify.com/admin/api/2024-10/products/9365266301163/images/49826238005483.json	9365266301163		images	200	OK	image_id=49826238005483
2026-05-15 15:10:10	image-delete	delete_product_image	DELETE	https://oz-nails-wa.myshopify.com/admin/api/2024-10/products/9367177494763/images/49826238988523.json	9367177494763		images	200	OK	image_id=49826238988523
2026-05-15 15:10:12	image-delete	delete_product_image	DELETE	https://oz-nails-wa.myshopify.com/admin/api/2024-10/products/9367179100395/images/49826239906027.json	9367179100395		images	200	OK	image_id=49826239906027
2026-05-15 15:10:14	image-delete	delete_product_image	DELETE	https://oz-nails-wa.myshopify.com/admin/api/2024-10/products/9367180443883/images/49826240069867.json	9367180443883		images	200	OK	image_id=49826240069867
2026-05-15 15:10:16	image-delete	delete_product_image	DELETE	https://oz-nails-wa.myshopify.com/admin/api/2024-10/products/9367182016747/images/49826240200939.json	9367182016747		images	200	OK	image_id=49826240200939
2026-05-15 15:10:18	image-delete	delete_product_image	DELETE	https://oz-nails-wa.myshopify.com/admin/api/2024-10/products/9367185326315/images/49826240397547.json	9367185326315		images	200	OK	image_id=49826240397547
2026-05-15 15:10:20	image-delete	delete_product_image	DELETE	https://oz-nails-wa.myshopify.com/admin/api/2024-10/products/9367186800875/images/49826240528619.json	9367186800875		images	200	OK	image_id=49826240528619
2026-05-15 15:10:22	image-delete	delete_product_image	DELETE	https://oz-nails-wa.myshopify.com/admin/api/2024-10/products/9367187914987/images/49826240725227.json	9367187914987		images	200	OK	image_id=49826240725227
2026-05-15 15:10:24	image-delete	delete_product_image	DELETE	https://oz-nails-wa.myshopify.com/admin/api/2024-10/products/9367188406507/images/49826240954603.json	9367188406507		images	200	OK	image_id=49826240954603
2026-05-15 15:10:26	image-delete	delete_product_image	DELETE	https://oz-nails-wa.myshopify.com/admin/api/2024-10/products/9367190470891/images/49826241839339.json	9367190470891		images	200	OK	image_id=49826241839339
2026-05-15 15:10:28	image-delete	delete_product_image	DELETE	https://oz-nails-wa.myshopify.com/admin/api/2024-10/products/9367193354475/images/49826242330859.json	9367193354475		images	200	OK	image_id=49826242330859
2026-05-15 15:10:30	image-delete	delete_product_image	DELETE	https://oz-nails-wa.myshopify.com/admin/api/2024-10/products/9364839104747/images/49826242822379.json	9364839104747		images	200	OK	image_id=49826242822379
2026-05-15 15:10:32	image-delete	delete_product_image	DELETE	https://oz-nails-wa.myshopify.com/admin/api/2024-10/products/9364839137515/images/49826243772651.json	9364839137515		images	200	OK	image_id=49826243772651
2026-05-15 15:10:36	image-delete	delete_product_image	DELETE	https://oz-nails-wa.myshopify.com/admin/api/2024-10/products/9366018490603/images/49826244460779.json	9366018490603		images	200	OK	image_id=49826244460779
2026-05-15 15:10:38	image-delete	delete_product_image	DELETE	https://oz-nails-wa.myshopify.com/admin/api/2024-10/products/9366107685099/images/49826246066411.json	9366107685099		images	200	OK	image_id=49826246066411
2026-05-15 15:10:40	image-delete	delete_product_image	DELETE	https://oz-nails-wa.myshopify.com/admin/api/2024-10/products/9365242806507/images/49826249736427.json	9365242806507		images	200	OK	image_id=49826249736427
2026-05-15 15:10:42	image-delete	delete_product_image	DELETE	https://oz-nails-wa.myshopify.com/admin/api/2024-10/products/9364839170283/images/49826250719467.json	9364839170283		images	200	OK	image_id=49826250719467
2026-05-15 15:10:44	image-delete	delete_product_image	DELETE	https://oz-nails-wa.myshopify.com/admin/api/2024-10/products/9364839268587/images/49826251571435.json	9364839268587		images	200	OK	image_id=49826251571435
2026-05-15 15:10:46	image-delete	delete_product_image	DELETE	https://oz-nails-wa.myshopify.com/admin/api/2024-10/products/9365267349739/images/49826253570283.json	9365267349739		images	200	OK	image_id=49826253570283
2026-05-15 15:10:48	image-delete	delete_product_image	DELETE	https://oz-nails-wa.myshopify.com/admin/api/2024-10/products/9365267251435/images/49826255864043.json	9365267251435		images	200	OK	image_id=49826255864043
2026-05-15 15:10:50	image-delete	delete_product_image	DELETE	https://oz-nails-wa.myshopify.com/admin/api/2024-10/products/9364839301355/images/49826256617707.json	9364839301355		images	200	OK	image_id=49826256617707
2026-05-15 15:10:52	image-delete	delete_product_image	DELETE	https://oz-nails-wa.myshopify.com/admin/api/2024-10/products/9364839334123/images/49826257305835.json	9364839334123		images	200	OK	image_id=49826257305835
2026-05-15 15:10:56	image-delete	delete_product_image	DELETE	https://oz-nails-wa.myshopify.com/admin/api/2024-10/products/9367021945067/images/49826258092267.json	9367021945067		images	200	OK	image_id=49826258092267
2026-05-15 15:10:57	image-delete	delete_product_image	DELETE	https://oz-nails-wa.myshopify.com/admin/api/2024-10/products/9367195681003/images/49826258845931.json	9367195681003		images	200	OK	image_id=49826258845931
2026-05-15 15:10:59	image-delete	delete_product_image	DELETE	https://oz-nails-wa.myshopify.com/admin/api/2024-10/products/9367196893419/images/49826259501291.json	9367196893419		images	200	OK	image_id=49826259501291
2026-05-15 15:11:01	image-delete	delete_product_image	DELETE	https://oz-nails-wa.myshopify.com/admin/api/2024-10/products/9367198335211/images/49826260091115.json	9367198335211		images	200	OK	image_id=49826260091115
2026-05-15 15:11:03	image-delete	delete_product_image	DELETE	https://oz-nails-wa.myshopify.com/admin/api/2024-10/products/9367198761195/images/49826261074155.json	9367198761195		images	200	OK	image_id=49826261074155
2026-05-15 15:11:05	image-delete	delete_product_image	DELETE	https://oz-nails-wa.myshopify.com/admin/api/2024-10/products/9367199809771/images/49826261696747.json	9367199809771		images	200	OK	image_id=49826261696747
2026-05-15 15:11:07	image-delete	delete_product_image	DELETE	https://oz-nails-wa.myshopify.com/admin/api/2024-10/products/9367203184875/images/49826262024427.json	9367203184875		images	200	OK	image_id=49826262024427
2026-05-15 15:11:09	image-delete	delete_product_image	DELETE	https://oz-nails-wa.myshopify.com/admin/api/2024-10/products/9367203971307/images/49826262188267.json	9367203971307		images	200	OK	image_id=49826262188267
2026-05-15 15:11:11	image-delete	delete_product_image	DELETE	https://oz-nails-wa.myshopify.com/admin/api/2024-10/products/9367205511403/images/49826262679787.json	9367205511403		images	200	OK	image_id=49826262679787
2026-05-15 15:11:12	image-delete	delete_product_image	DELETE	https://oz-nails-wa.myshopify.com/admin/api/2024-10/products/9367208394987/images/49826262843627.json	9367208394987		images	200	OK	image_id=49826262843627
2026-05-15 15:11:14	image-delete	delete_product_image	DELETE	https://oz-nails-wa.myshopify.com/admin/api/2024-10/products/9367208591595/images/49826262974699.json	9367208591595		images	200	OK	image_id=49826262974699
2026-05-15 15:11:16	image-delete	delete_product_image	DELETE	https://oz-nails-wa.myshopify.com/admin/api/2024-10/products/9367210131691/images/49826263171307.json	9367210131691		images	200	OK	image_id=49826263171307
2026-05-15 15:11:18	image-delete	delete_product_image	DELETE	https://oz-nails-wa.myshopify.com/admin/api/2024-10/products/9367213670635/images/49826263924971.json	9367213670635		images	200	OK	image_id=49826263924971
2026-05-15 15:11:21	image-delete	delete_product_image	DELETE	https://oz-nails-wa.myshopify.com/admin/api/2024-10/products/9367213768939/images/49826264547563.json	9367213768939		images	200	OK	image_id=49826264547563
2026-05-15 15:11:23	image-delete	delete_product_image	DELETE	https://oz-nails-wa.myshopify.com/admin/api/2024-10/products/9367215210731/images/49826265071851.json	9367215210731		images	200	OK	image_id=49826265071851
2026-05-15 15:11:25	image-delete	delete_product_image	DELETE	https://oz-nails-wa.myshopify.com/admin/api/2024-10/products/9367215931627/images/49826265727211.json	9367215931627		images	200	OK	image_id=49826265727211
2026-05-15 15:11:27	image-delete	delete_product_image	DELETE	https://oz-nails-wa.myshopify.com/admin/api/2024-10/products/9367215964395/images/49826266546411.json	9367215964395		images	200	OK	image_id=49826266546411
2026-05-15 15:11:29	image-delete	delete_product_image	DELETE	https://oz-nails-wa.myshopify.com/admin/api/2024-10/products/9367216029931/images/49826267988203.json	9367216029931		images	200	OK	image_id=49826267988203
2026-05-15 15:11:31	image-delete	delete_product_image	DELETE	https://oz-nails-wa.myshopify.com/admin/api/2024-10/products/9367216521451/images/49826268414187.json	9367216521451		images	200	OK	image_id=49826268414187
2026-05-15 15:11:33	image-delete	delete_product_image	DELETE	https://oz-nails-wa.myshopify.com/admin/api/2024-10/products/9367221436651/images/49826268610795.json	9367221436651		images	200	OK	image_id=49826268610795
2026-05-15 15:11:35	image-delete	delete_product_image	DELETE	https://oz-nails-wa.myshopify.com/admin/api/2024-10/products/9367223402731/images/49826268741867.json	9367223402731		images	200	OK	image_id=49826268741867
2026-05-15 15:11:37	image-delete	delete_product_image	DELETE	https://oz-nails-wa.myshopify.com/admin/api/2024-10/products/9367225696491/images/49826268872939.json	9367225696491		images	200	OK	image_id=49826268872939
2026-05-15 15:11:39	image-delete	delete_product_image	DELETE	https://oz-nails-wa.myshopify.com/admin/api/2024-10/products/9367226253547/images/49826269135083.json	9367226253547		images	200	OK	image_id=49826269135083
2026-05-15 15:11:40	image-delete	delete_product_image	DELETE	https://oz-nails-wa.myshopify.com/admin/api/2024-10/products/9367227269355/images/49826269298923.json	9367227269355		images	200	OK	image_id=49826269298923
2026-05-15 15:11:42	image-delete	delete_product_image	DELETE	https://oz-nails-wa.myshopify.com/admin/api/2024-10/products/9367231267051/images/49826269626603.json	9367231267051		images	200	OK	image_id=49826269626603
2026-05-15 15:11:44	image-delete	delete_product_image	DELETE	https://oz-nails-wa.myshopify.com/admin/api/2024-10/products/9367231365355/images/49826270380267.json	9367231365355		images	200	OK	image_id=49826270380267
2026-05-15 15:11:46	image-delete	delete_product_image	DELETE	https://oz-nails-wa.myshopify.com/admin/api/2024-10/products/9367231824107/images/49826271035627.json	9367231824107		images	200	OK	image_id=49826271035627
2026-05-15 15:11:48	image-delete	delete_product_image	DELETE	https://oz-nails-wa.myshopify.com/admin/api/2024-10/products/9367232839915/images/49826272542955.json	9367232839915		images	200	OK	image_id=49826272542955
2026-05-15 15:11:50	image-delete	delete_product_image	DELETE	https://oz-nails-wa.myshopify.com/admin/api/2024-10/products/9367236641003/images/49826273296619.json	9367236641003		images	200	OK	image_id=49826273296619
2026-05-15 15:11:52	image-delete	delete_product_image	DELETE	https://oz-nails-wa.myshopify.com/admin/api/2024-10/products/9367237034219/images/49826274902251.json	9367237034219		images	200	OK	image_id=49826274902251
2026-05-15 15:11:54	image-delete	delete_product_image	DELETE	https://oz-nails-wa.myshopify.com/admin/api/2024-10/products/9367239360747/images/49826276114667.json	9367239360747		images	200	OK	image_id=49826276114667
2026-05-15 15:11:55	image-delete	delete_product_image	DELETE	https://oz-nails-wa.myshopify.com/admin/api/2024-10/products/9367239983339/images/49826276212971.json	9367239983339		images	200	OK	image_id=49826276212971
2026-05-15 15:11:57	image-delete	delete_product_image	DELETE	https://oz-nails-wa.myshopify.com/admin/api/2024-10/products/9367242211563/images/49826276344043.json	9367242211563		images	200	OK	image_id=49826276344043
2026-05-15 15:11:59	image-delete	delete_product_image	DELETE	https://oz-nails-wa.myshopify.com/admin/api/2024-10/products/9367243522283/images/49826276442347.json	9367243522283		images	200	OK	image_id=49826276442347
2026-05-15 15:12:01	image-delete	delete_product_image	DELETE	https://oz-nails-wa.myshopify.com/admin/api/2024-10/products/9367245291755/images/49826276638955.json	9367245291755		images	200	OK	image_id=49826276638955
2026-05-15 15:12:03	image-delete	delete_product_image	DELETE	https://oz-nails-wa.myshopify.com/admin/api/2024-10/products/9367247159531/images/49826276802795.json	9367247159531		images	200	OK	image_id=49826276802795
2026-05-15 15:12:05	image-delete	delete_product_image	DELETE	https://oz-nails-wa.myshopify.com/admin/api/2024-10/products/9367249027307/images/49826277064939.json	9367249027307		images	200	OK	image_id=49826277064939
2026-05-15 15:12:07	image-delete	delete_product_image	DELETE	https://oz-nails-wa.myshopify.com/admin/api/2024-10/products/9367250436331/images/49826277818603.json	9367250436331		images	200	OK	image_id=49826277818603
2026-05-15 15:12:09	image-delete	delete_product_image	DELETE	https://oz-nails-wa.myshopify.com/admin/api/2024-10/products/9367253090539/images/49826278506731.json	9367253090539		images	200	OK	image_id=49826278506731
2026-05-15 15:12:11	image-delete	delete_product_image	DELETE	https://oz-nails-wa.myshopify.com/admin/api/2024-10/products/9367254958315/images/49826279588075.json	9367254958315		images	200	OK	image_id=49826279588075
2026-05-15 15:12:13	image-delete	delete_product_image	DELETE	https://oz-nails-wa.myshopify.com/admin/api/2024-10/products/9367255515371/images/49826280145131.json	9367255515371		images	200	OK	image_id=49826280145131
2026-05-15 15:12:15	image-delete	delete_product_image	DELETE	https://oz-nails-wa.myshopify.com/admin/api/2024-10/products/9367258104043/images/49826280964331.json	9367258104043		images	200	OK	image_id=49826280964331
2026-05-15 15:12:17	image-delete	delete_product_image	DELETE	https://oz-nails-wa.myshopify.com/admin/api/2024-10/products/9367260463339/images/49826281717995.json	9367260463339		images	200	OK	image_id=49826281717995
2026-05-15 15:12:19	image-delete	delete_product_image	DELETE	https://oz-nails-wa.myshopify.com/admin/api/2024-10/products/9367261020395/images/49826282209515.json	9367261020395		images	200	OK	image_id=49826282209515
2026-05-15 15:12:21	image-delete	delete_product_image	DELETE	https://oz-nails-wa.myshopify.com/admin/api/2024-10/products/9367263576299/images/49826282438891.json	9367263576299		images	200	OK	image_id=49826282438891
2026-05-15 15:12:23	image-delete	delete_product_image	DELETE	https://oz-nails-wa.myshopify.com/admin/api/2024-10/products/9367264624875/images/49826282569963.json	9367264624875		images	200	OK	image_id=49826282569963
2026-05-15 15:12:25	image-delete	delete_product_image	DELETE	https://oz-nails-wa.myshopify.com/admin/api/2024-10/products/9367266918635/images/49826282832107.json	9367266918635		images	200	OK	image_id=49826282832107
2026-05-15 15:12:27	image-delete	delete_product_image	DELETE	https://oz-nails-wa.myshopify.com/admin/api/2024-10/products/9367268491499/images/49826282930411.json	9367268491499		images	200	OK	image_id=49826282930411
2026-05-15 15:12:29	image-delete	delete_product_image	DELETE	https://oz-nails-wa.myshopify.com/admin/api/2024-10/products/9367269900523/images/49826283749611.json	9367269900523		images	200	OK	image_id=49826283749611
2026-05-15 15:12:31	image-delete	delete_product_image	DELETE	https://oz-nails-wa.myshopify.com/admin/api/2024-10/products/9367271637227/images/49826284208363.json	9367271637227		images	200	OK	image_id=49826284208363
2026-05-15 15:12:33	image-delete	delete_product_image	DELETE	https://oz-nails-wa.myshopify.com/admin/api/2024-10/products/9367273799915/images/49826285093099.json	9367273799915		images	200	OK	image_id=49826285093099
2026-05-15 15:12:35	image-delete	delete_product_image	DELETE	https://oz-nails-wa.myshopify.com/admin/api/2024-10/products/9367274488043/images/49826285879531.json	9367274488043		images	200	OK	image_id=49826285879531
2026-05-15 15:12:37	image-delete	delete_product_image	DELETE	https://oz-nails-wa.myshopify.com/admin/api/2024-10/products/9367276388587/images/49826286534891.json	9367276388587		images	200	OK	image_id=49826286534891
2026-05-15 15:12:39	image-delete	delete_product_image	DELETE	https://oz-nails-wa.myshopify.com/admin/api/2024-10/products/9367278682347/images/49826287190251.json	9367278682347		images	200	OK	image_id=49826287190251
2026-05-15 15:12:41	image-delete	delete_product_image	DELETE	https://oz-nails-wa.myshopify.com/admin/api/2024-10/products/9367279763691/images/49826287616235.json	9367279763691		images	200	OK	image_id=49826287616235
2026-05-15 15:12:43	image-delete	delete_product_image	DELETE	https://oz-nails-wa.myshopify.com/admin/api/2024-10/products/9367281664235/images/49826287812843.json	9367281664235		images	200	OK	image_id=49826287812843
2026-05-15 15:12:45	image-delete	delete_product_image	DELETE	https://oz-nails-wa.myshopify.com/admin/api/2024-10/products/9367283400939/images/49826287976683.json	9367283400939		images	200	OK	image_id=49826287976683
2026-05-15 15:12:47	image-delete	delete_product_image	DELETE	https://oz-nails-wa.myshopify.com/admin/api/2024-10/products/9367285661931/images/49826288173291.json	9367285661931		images	200	OK	image_id=49826288173291
2026-05-15 15:12:49	image-delete	delete_product_image	DELETE	https://oz-nails-wa.myshopify.com/admin/api/2024-10/products/9367286972651/images/49826288435435.json	9367286972651		images	200	OK	image_id=49826288435435
2026-05-15 15:12:51	image-delete	delete_product_image	DELETE	https://oz-nails-wa.myshopify.com/admin/api/2024-10/products/9367289168107/images/49826288730347.json	9367289168107		images	200	OK	image_id=49826288730347
2026-05-15 15:12:53	image-delete	delete_product_image	DELETE	https://oz-nails-wa.myshopify.com/admin/api/2024-10/products/9367291003115/images/49826289713387.json	9367291003115		images	200	OK	image_id=49826289713387
2026-05-15 15:12:55	image-delete	delete_product_image	DELETE	https://oz-nails-wa.myshopify.com/admin/api/2024-10/products/9367291953387/images/49826290204907.json	9367291953387		images	200	OK	image_id=49826290204907
2026-05-15 15:12:57	image-delete	delete_product_image	DELETE	https://oz-nails-wa.myshopify.com/admin/api/2024-10/products/9367293755627/images/49826291056875.json	9367293755627		images	200	OK	image_id=49826291056875
2026-05-15 15:12:59	image-delete	delete_product_image	DELETE	https://oz-nails-wa.myshopify.com/admin/api/2024-10/products/9367294378219/images/49826292072683.json	9367294378219		images	200	OK	image_id=49826292072683
2026-05-15 15:13:01	image-delete	delete_product_image	DELETE	https://oz-nails-wa.myshopify.com/admin/api/2024-10/products/9367295000811/images/49826293121259.json	9367295000811		images	200	OK	image_id=49826293121259
2026-05-15 15:13:03	image-delete	delete_product_image	DELETE	https://oz-nails-wa.myshopify.com/admin/api/2024-10/products/9367296704747/images/49826293809387.json	9367296704747		images	200	OK	image_id=49826293809387
2026-05-15 15:13:04	image-delete	delete_product_image	DELETE	https://oz-nails-wa.myshopify.com/admin/api/2024-10/products/9367300833515/images/49826294005995.json	9367300833515		images	200	OK	image_id=49826294005995
2026-05-15 15:13:06	image-delete	delete_product_image	DELETE	https://oz-nails-wa.myshopify.com/admin/api/2024-10/products/9367301325035/images/49826294300907.json	9367301325035		images	200	OK	image_id=49826294300907
2026-05-15 15:13:08	image-delete	delete_product_image	DELETE	https://oz-nails-wa.myshopify.com/admin/api/2024-10/products/9367303422187/images/49826294497515.json	9367303422187		images	200	OK	image_id=49826294497515
2026-05-15 15:13:10	image-delete	delete_product_image	DELETE	https://oz-nails-wa.myshopify.com/admin/api/2024-10/products/9367304962283/images/49826294628587.json	9367304962283		images	200	OK	image_id=49826294628587
2026-05-15 15:13:12	image-delete	delete_product_image	DELETE	https://oz-nails-wa.myshopify.com/admin/api/2024-10/products/9367306698987/images/49826294825195.json	9367306698987		images	200	OK	image_id=49826294825195
2026-05-15 15:13:14	image-delete	delete_product_image	DELETE	https://oz-nails-wa.myshopify.com/admin/api/2024-10/products/9367307780331/images/49826295120107.json	9367307780331		images	200	OK	image_id=49826295120107
2026-05-15 15:13:16	image-delete	delete_product_image	DELETE	https://oz-nails-wa.myshopify.com/admin/api/2024-10/products/9367309746411/images/49826295972075.json	9367309746411		images	200	OK	image_id=49826295972075
2026-05-15 15:13:18	image-delete	delete_product_image	DELETE	https://oz-nails-wa.myshopify.com/admin/api/2024-10/products/9367311220971/images/49826296856811.json	9367311220971		images	200	OK	image_id=49826296856811
2026-05-15 15:13:19	image-delete	delete_product_image	DELETE	https://oz-nails-wa.myshopify.com/admin/api/2024-10/products/9367312007403/images/49826297807083.json	9367312007403		images	200	OK	image_id=49826297807083
2026-05-15 15:13:21	image-delete	delete_product_image	DELETE	https://oz-nails-wa.myshopify.com/admin/api/2024-10/products/9367313940715/images/49826298757355.json	9367313940715		images	200	OK	image_id=49826298757355
2026-05-15 15:13:23	image-delete	delete_product_image	DELETE	https://oz-nails-wa.myshopify.com/admin/api/2024-10/products/9367317512427/images/49826299379947.json	9367317512427		images	200	OK	image_id=49826299379947
2026-05-15 15:13:25	image-delete	delete_product_image	DELETE	https://oz-nails-wa.myshopify.com/admin/api/2024-10/products/9367318069483/images/49826299937003.json	9367318069483		images	200	OK	image_id=49826299937003
2026-05-15 15:13:27	image-delete	delete_product_image	DELETE	https://oz-nails-wa.myshopify.com/admin/api/2024-10/products/9367320232171/images/49826300100843.json	9367320232171		images	200	OK	image_id=49826300100843
2026-05-15 15:13:29	image-delete	delete_product_image	DELETE	https://oz-nails-wa.myshopify.com/admin/api/2024-10/products/9367322034411/images/49826300330219.json	9367322034411		images	200	OK	image_id=49826300330219
2026-05-15 15:13:30	image-delete	delete_product_image	DELETE	https://oz-nails-wa.myshopify.com/admin/api/2024-10/products/9367323050219/images/49826300461291.json	9367323050219		images	200	OK	image_id=49826300461291
2026-05-15 15:13:32	image-delete	delete_product_image	DELETE	https://oz-nails-wa.myshopify.com/admin/api/2024-10/products/9367325114603/images/49826300723435.json	9367325114603		images	200	OK	image_id=49826300723435
2026-05-15 15:13:34	image-delete	delete_product_image	DELETE	https://oz-nails-wa.myshopify.com/admin/api/2024-10/products/9367326523627/images/49826300952811.json	9367326523627		images	200	OK	image_id=49826300952811
2026-05-15 15:13:36	image-delete	delete_product_image	DELETE	https://oz-nails-wa.myshopify.com/admin/api/2024-10/products/9367328817387/images/49826301477099.json	9367328817387		images	200	OK	image_id=49826301477099
2026-05-15 15:13:38	image-delete	delete_product_image	DELETE	https://oz-nails-wa.myshopify.com/admin/api/2024-10/products/9367330488555/images/49826302361835.json	9367330488555		images	200	OK	image_id=49826302361835
2026-05-15 15:13:40	image-delete	delete_product_image	DELETE	https://oz-nails-wa.myshopify.com/admin/api/2024-10/products/9367331406059/images/49826303377643.json	9367331406059		images	200	OK	image_id=49826303377643
2026-05-15 15:13:42	image-delete	delete_product_image	DELETE	https://oz-nails-wa.myshopify.com/admin/api/2024-10/products/9367332946155/images/49826304262379.json	9367332946155		images	200	OK	image_id=49826304262379
2026-05-15 15:13:44	image-delete	delete_product_image	DELETE	https://oz-nails-wa.myshopify.com/admin/api/2024-10/products/9367334813931/images/49826305343723.json	9367334813931		images	200	OK	image_id=49826305343723
2026-05-15 15:13:46	image-delete	delete_product_image	DELETE	https://oz-nails-wa.myshopify.com/admin/api/2024-10/products/9367335829739/images/49826306392299.json	9367335829739		images	200	OK	image_id=49826306392299
2026-05-15 15:13:48	image-delete	delete_product_image	DELETE	https://oz-nails-wa.myshopify.com/admin/api/2024-10/products/9367337763051/images/49826306719979.json	9367337763051		images	200	OK	image_id=49826306719979
2026-05-15 15:13:50	image-delete	delete_product_image	DELETE	https://oz-nails-wa.myshopify.com/admin/api/2024-10/products/9367340056811/images/49826306916587.json	9367340056811		images	200	OK	image_id=49826306916587
2026-05-15 15:13:52	image-delete	delete_product_image	DELETE	https://oz-nails-wa.myshopify.com/admin/api/2024-10/products/9367341727979/images/49826307211499.json	9367341727979		images	200	OK	image_id=49826307211499
2026-05-15 15:13:54	image-delete	delete_product_image	DELETE	https://oz-nails-wa.myshopify.com/admin/api/2024-10/products/9367342547179/images/49826307440875.json	9367342547179		images	200	OK	image_id=49826307440875
2026-05-15 15:13:56	image-delete	delete_product_image	DELETE	https://oz-nails-wa.myshopify.com/admin/api/2024-10/products/9367344251115/images/49826307670251.json	9367344251115		images	200	OK	image_id=49826307670251
2026-05-15 15:13:58	image-delete	delete_product_image	DELETE	https://oz-nails-wa.myshopify.com/admin/api/2024-10/products/9367345103083/images/49826308096235.json	9367345103083		images	200	OK	image_id=49826308096235
2026-05-15 15:13:59	image-delete	delete_product_image	DELETE	https://oz-nails-wa.myshopify.com/admin/api/2024-10/products/9367346938091/images/49826309243115.json	9367346938091		images	200	OK	image_id=49826309243115
2026-05-15 15:14:01	image-delete	delete_product_image	DELETE	https://oz-nails-wa.myshopify.com/admin/api/2024-10/products/9367348183275/images/49826309931243.json	9367348183275		images	200	OK	image_id=49826309931243
2026-05-15 15:14:03	image-delete	delete_product_image	DELETE	https://oz-nails-wa.myshopify.com/admin/api/2024-10/products/9367351918827/images/49826311012587.json	9367351918827		images	200	OK	image_id=49826311012587
2026-05-15 15:14:05	image-delete	delete_product_image	DELETE	https://oz-nails-wa.myshopify.com/admin/api/2024-10/products/9367353131243/images/49826312454379.json	9367353131243		images	200	OK	image_id=49826312454379
2026-05-15 15:14:07	image-delete	delete_product_image	DELETE	https://oz-nails-wa.myshopify.com/admin/api/2024-10/products/9367353164011/images/49826313470187.json	9367353164011		images	200	OK	image_id=49826313470187
2026-05-15 15:14:09	image-delete	delete_product_image	DELETE	https://oz-nails-wa.myshopify.com/admin/api/2024-10/products/9367356899563/images/49826313699563.json	9367356899563		images	200	OK	image_id=49826313699563
2026-05-15 15:14:11	image-delete	delete_product_image	DELETE	https://oz-nails-wa.myshopify.com/admin/api/2024-10/products/9367356997867/images/49826313961707.json	9367356997867		images	200	OK	image_id=49826313961707
2026-05-15 15:14:13	image-delete	delete_product_image	DELETE	https://oz-nails-wa.myshopify.com/admin/api/2024-10/products/9367360307435/images/49826314125547.json	9367360307435		images	200	OK	image_id=49826314125547
2026-05-15 15:14:15	image-delete	delete_product_image	DELETE	https://oz-nails-wa.myshopify.com/admin/api/2024-10/products/9367361290475/images/49826314354923.json	9367361290475		images	200	OK	image_id=49826314354923
2026-05-15 15:14:17	image-delete	delete_product_image	DELETE	https://oz-nails-wa.myshopify.com/admin/api/2024-10/products/9367361356011/images/49826314846443.json	9367361356011		images	200	OK	image_id=49826314846443
2026-05-15 15:14:19	image-delete	delete_product_image	DELETE	https://oz-nails-wa.myshopify.com/admin/api/2024-10/products/9367361421547/images/49826315272427.json	9367361421547		images	200	OK	image_id=49826315272427
2026-05-15 15:14:21	image-delete	delete_product_image	DELETE	https://oz-nails-wa.myshopify.com/admin/api/2024-10/products/9367364698347/images/49826315927787.json	9367364698347		images	200	OK	image_id=49826315927787
2026-05-15 15:14:22	image-delete	delete_product_image	DELETE	https://oz-nails-wa.myshopify.com/admin/api/2024-10/products/9367367155947/images/49826316517611.json	9367367155947		images	200	OK	image_id=49826316517611
2026-05-15 15:14:24	image-delete	delete_product_image	DELETE	https://oz-nails-wa.myshopify.com/admin/api/2024-10/products/9367367319787/images/49826318057707.json	9367367319787		images	200	OK	image_id=49826318057707
2026-05-15 15:14:26	image-delete	delete_product_image	DELETE	https://oz-nails-wa.myshopify.com/admin/api/2024-10/products/9367372005611/images/49826319532267.json	9367372005611		images	200	OK	image_id=49826319532267
2026-05-15 15:14:28	image-delete	delete_product_image	DELETE	https://oz-nails-wa.myshopify.com/admin/api/2024-10/products/9367372726507/images/49826320679147.json	9367372726507		images	200	OK	image_id=49826320679147
2026-05-15 15:14:30	image-delete	delete_product_image	DELETE	https://oz-nails-wa.myshopify.com/admin/api/2024-10/products/9367373414635/images/49826321465579.json	9367373414635		images	200	OK	image_id=49826321465579
2026-05-15 15:14:32	image-delete	delete_product_image	DELETE	https://oz-nails-wa.myshopify.com/admin/api/2024-10/products/9367376462059/images/49826321727723.json	9367376462059		images	200	OK	image_id=49826321727723
2026-05-15 15:14:35	image-delete	delete_product_image	DELETE	https://oz-nails-wa.myshopify.com/admin/api/2024-10/products/9367376658667/images/49826322088171.json	9367376658667		images	200	OK	image_id=49826322088171
2026-05-15 15:14:36	image-delete	delete_product_image	DELETE	https://oz-nails-wa.myshopify.com/admin/api/2024-10/products/9367377412331/images/49826322481387.json	9367377412331		images	200	OK	image_id=49826322481387
2026-05-15 15:14:38	image-delete	delete_product_image	DELETE	https://oz-nails-wa.myshopify.com/admin/api/2024-10/products/9367381377259/images/49826322874603.json	9367381377259		images	200	OK	image_id=49826322874603
2026-05-15 15:14:40	image-delete	delete_product_image	DELETE	https://oz-nails-wa.myshopify.com/admin/api/2024-10/products/9367382229227/images/49826323103979.json	9367382229227		images	200	OK	image_id=49826323103979
2026-05-15 15:14:42	image-delete	delete_product_image	DELETE	https://oz-nails-wa.myshopify.com/admin/api/2024-10/products/9367383834859/images/49826323792107.json	9367383834859		images	200	OK	image_id=49826323792107
2026-05-15 15:14:44	image-delete	delete_product_image	DELETE	https://oz-nails-wa.myshopify.com/admin/api/2024-10/products/9367384621291/images/49826324480235.json	9367384621291		images	200	OK	image_id=49826324480235
2026-05-15 15:14:46	image-delete	delete_product_image	DELETE	https://oz-nails-wa.myshopify.com/admin/api/2024-10/products/9367385407723/images/49826325594347.json	9367385407723		images	200	OK	image_id=49826325594347
2026-05-15 15:14:48	image-delete	delete_product_image	DELETE	https://oz-nails-wa.myshopify.com/admin/api/2024-10/products/9367388356843/images/49826326511851.json	9367388356843		images	200	OK	image_id=49826326511851
2026-05-15 15:14:50	image-delete	delete_product_image	DELETE	https://oz-nails-wa.myshopify.com/admin/api/2024-10/products/9367389765867/images/49826327462123.json	9367389765867		images	200	OK	image_id=49826327462123
2026-05-15 15:14:52	image-delete	delete_product_image	DELETE	https://oz-nails-wa.myshopify.com/admin/api/2024-10/products/9367391895787/images/49826328051947.json	9367391895787		images	200	OK	image_id=49826328051947
2026-05-15 15:14:54	image-delete	delete_product_image	DELETE	https://oz-nails-wa.myshopify.com/admin/api/2024-10/products/9367394124011/images/49826328346859.json	9367394124011		images	200	OK	image_id=49826328346859
2026-05-15 15:14:55	image-delete	delete_product_image	DELETE	https://oz-nails-wa.myshopify.com/admin/api/2024-10/products/9367394484459/images/49826328576235.json	9367394484459		images	200	OK	image_id=49826328576235
2026-05-15 15:14:58	image-delete	delete_product_image	DELETE	https://oz-nails-wa.myshopify.com/admin/api/2024-10/products/9367396942059/images/49826328772843.json	9367396942059		images	200	OK	image_id=49826328772843
2026-05-15 15:15:00	image-delete	delete_product_image	DELETE	https://oz-nails-wa.myshopify.com/admin/api/2024-10/products/9367397859563/images/49826328969451.json	9367397859563		images	200	OK	image_id=49826328969451
2026-05-15 15:15:01	image-delete	delete_product_image	DELETE	https://oz-nails-wa.myshopify.com/admin/api/2024-10/products/9367399530731/images/49826329297131.json	9367399530731		images	200	OK	image_id=49826329297131
2026-05-15 15:15:03	image-delete	delete_product_image	DELETE	https://oz-nails-wa.myshopify.com/admin/api/2024-10/products/9367401267435/images/49826330738923.json	9367401267435		images	200	OK	image_id=49826330738923
2026-05-15 15:15:05	image-delete	delete_product_image	DELETE	https://oz-nails-wa.myshopify.com/admin/api/2024-10/products/9367403200747/images/49826331984107.json	9367403200747		images	200	OK	image_id=49826331984107
2026-05-15 15:15:07	image-delete	delete_product_image	DELETE	https://oz-nails-wa.myshopify.com/admin/api/2024-10/products/9367404904683/images/49826333032683.json	9367404904683		images	200	OK	image_id=49826333032683
2026-05-15 15:15:09	image-delete	delete_product_image	DELETE	https://oz-nails-wa.myshopify.com/admin/api/2024-10/products/9367406248171/images/49826336243947.json	9367406248171		images	200	OK	image_id=49826336243947
2026-05-15 15:15:11	image-delete	delete_product_image	DELETE	https://oz-nails-wa.myshopify.com/admin/api/2024-10/products/9367408673003/images/49826338996459.json	9367408673003		images	200	OK	image_id=49826338996459
2026-05-15 15:15:13	image-delete	delete_product_image	DELETE	https://oz-nails-wa.myshopify.com/admin/api/2024-10/products/9367409393899/images/49826341093611.json	9367409393899		images	200	OK	image_id=49826341093611
2026-05-15 15:15:15	image-delete	delete_product_image	DELETE	https://oz-nails-wa.myshopify.com/admin/api/2024-10/products/9367410999531/images/49826342076651.json	9367410999531		images	200	OK	image_id=49826342076651
2026-05-15 15:15:17	image-delete	delete_product_image	DELETE	https://oz-nails-wa.myshopify.com/admin/api/2024-10/products/9367413522667/images/49826343256299.json	9367413522667		images	200	OK	image_id=49826343256299
2026-05-15 15:15:19	image-delete	delete_product_image	DELETE	https://oz-nails-wa.myshopify.com/admin/api/2024-10/products/9367414046955/images/49826344075499.json	9367414046955		images	200	OK	image_id=49826344075499
2026-05-15 15:15:21	image-delete	delete_product_image	DELETE	https://oz-nails-wa.myshopify.com/admin/api/2024-10/products/9367414898923/images/49826344403179.json	9367414898923		images	200	OK	image_id=49826344403179
2026-05-15 15:15:23	image-delete	delete_product_image	DELETE	https://oz-nails-wa.myshopify.com/admin/api/2024-10/products/9367417454827/images/49826344960235.json	9367417454827		images	200	OK	image_id=49826344960235
2026-05-15 15:15:25	image-delete	delete_product_image	DELETE	https://oz-nails-wa.myshopify.com/admin/api/2024-10/products/9367419453675/images/49826345484523.json	9367419453675		images	200	OK	image_id=49826345484523
2026-05-15 15:15:27	image-delete	delete_product_image	DELETE	https://oz-nails-wa.myshopify.com/admin/api/2024-10/products/9367421321451/images/49826346598635.json	9367421321451		images	200	OK	image_id=49826346598635
2026-05-15 15:15:28	image-delete	delete_product_image	DELETE	https://oz-nails-wa.myshopify.com/admin/api/2024-10/products/9367423779051/images/49826347352299.json	9367423779051		images	200	OK	image_id=49826347352299
2026-05-15 15:15:31	image-delete	delete_product_image	DELETE	https://oz-nails-wa.myshopify.com/admin/api/2024-10/products/9367424827627/images/49826348073195.json	9367424827627		images	200	OK	image_id=49826348073195
2026-05-15 15:15:33	image-delete	delete_product_image	DELETE	https://oz-nails-wa.myshopify.com/admin/api/2024-10/products/9367426531563/images/49826349089003.json	9367426531563		images	200	OK	image_id=49826349089003
2026-05-15 15:15:35	image-delete	delete_product_image	DELETE	https://oz-nails-wa.myshopify.com/admin/api/2024-10/products/9367427547371/images/49826350694635.json	9367427547371		images	200	OK	image_id=49826350694635
2026-05-15 15:15:37	image-delete	delete_product_image	DELETE	https://oz-nails-wa.myshopify.com/admin/api/2024-10/products/9367428006123/images/49826352169195.json	9367428006123		images	200	OK	image_id=49826352169195
2026-05-15 15:15:39	image-delete	delete_product_image	DELETE	https://oz-nails-wa.myshopify.com/admin/api/2024-10/products/9367428333803/images/49826352988395.json	9367428333803		images	200	OK	image_id=49826352988395
2026-05-15 15:15:41	image-delete	delete_product_image	DELETE	https://oz-nails-wa.myshopify.com/admin/api/2024-10/products/9367429153003/images/49826353119467.json	9367429153003		images	200	OK	image_id=49826353119467
2026-05-15 15:15:43	image-delete	delete_product_image	DELETE	https://oz-nails-wa.myshopify.com/admin/api/2024-10/products/9367431413995/images/49826353283307.json	9367431413995		images	200	OK	image_id=49826353283307
2026-05-15 15:15:45	image-delete	delete_product_image	DELETE	https://oz-nails-wa.myshopify.com/admin/api/2024-10/products/9367435509995/images/49826353479915.json	9367435509995		images	200	OK	image_id=49826353479915
2026-05-15 15:15:47	image-delete	delete_product_image	DELETE	https://oz-nails-wa.myshopify.com/admin/api/2024-10/products/9367437902059/images/49826354200811.json	9367437902059		images	200	OK	image_id=49826354200811
2026-05-15 15:15:49	image-delete	delete_product_image	DELETE	https://oz-nails-wa.myshopify.com/admin/api/2024-10/products/9367438754027/images/49826354987243.json	9367438754027		images	200	OK	image_id=49826354987243
2026-05-15 15:15:51	image-delete	delete_product_image	DELETE	https://oz-nails-wa.myshopify.com/admin/api/2024-10/products/9367441080555/images/49826355740907.json	9367441080555		images	200	OK	image_id=49826355740907
2026-05-15 15:15:53	image-delete	delete_product_image	DELETE	https://oz-nails-wa.myshopify.com/admin/api/2024-10/products/9367441735915/images/49826356658411.json	9367441735915		images	200	OK	image_id=49826356658411
2026-05-15 15:15:55	image-delete	delete_product_image	DELETE	https://oz-nails-wa.myshopify.com/admin/api/2024-10/products/9367443865835/images/49826357674219.json	9367443865835		images	200	OK	image_id=49826357674219
2026-05-15 15:15:57	image-delete	delete_product_image	DELETE	https://oz-nails-wa.myshopify.com/admin/api/2024-10/products/9367445438699/images/49826358493419.json	9367445438699		images	200	OK	image_id=49826358493419
2026-05-15 15:15:59	image-delete	delete_product_image	DELETE	https://oz-nails-wa.myshopify.com/admin/api/2024-10/products/9367447273707/images/49826358821099.json	9367447273707		images	200	OK	image_id=49826358821099
2026-05-15 15:16:01	image-delete	delete_product_image	DELETE	https://oz-nails-wa.myshopify.com/admin/api/2024-10/products/9367448518891/images/49826359116011.json	9367448518891		images	200	OK	image_id=49826359116011
2026-05-15 15:16:03	image-delete	delete_product_image	DELETE	https://oz-nails-wa.myshopify.com/admin/api/2024-10/products/9367450648811/images/49826359312619.json	9367450648811		images	200	OK	image_id=49826359312619
2026-05-15 15:16:05	image-delete	delete_product_image	DELETE	https://oz-nails-wa.myshopify.com/admin/api/2024-10/products/9367452713195/images/49826359673067.json	9367452713195		images	200	OK	image_id=49826359673067
2026-05-15 15:16:08	image-delete	delete_product_image	DELETE	https://oz-nails-wa.myshopify.com/admin/api/2024-10/products/9367453532395/images/49826359836907.json	9367453532395		images	200	OK	image_id=49826359836907
2026-05-15 15:16:09	image-delete	delete_product_image	DELETE	https://oz-nails-wa.myshopify.com/admin/api/2024-10/products/9367454384363/images/49826360393963.json	9367454384363		images	200	OK	image_id=49826360393963
2026-05-15 15:16:11	image-delete	delete_product_image	DELETE	https://oz-nails-wa.myshopify.com/admin/api/2024-10/products/9367456809195/images/49826361245931.json	9367456809195		images	200	OK	image_id=49826361245931
2026-05-15 15:16:13	image-delete	delete_product_image	DELETE	https://oz-nails-wa.myshopify.com/admin/api/2024-10/products/9367459168491/images/49826362917099.json	9367459168491		images	200	OK	image_id=49826362917099
2026-05-15 15:16:15	image-delete	delete_product_image	DELETE	https://oz-nails-wa.myshopify.com/admin/api/2024-10/products/9367461101803/images/49826363769067.json	9367461101803		images	200	OK	image_id=49826363769067
2026-05-15 15:16:17	image-delete	delete_product_image	DELETE	https://oz-nails-wa.myshopify.com/admin/api/2024-10/products/9367461593323/images/49826364358891.json	9367461593323		images	200	OK	image_id=49826364358891
2026-05-15 15:16:19	image-delete	delete_product_image	DELETE	https://oz-nails-wa.myshopify.com/admin/api/2024-10/products/9367464083691/images/49826365571307.json	9367464083691		images	200	OK	image_id=49826365571307
2026-05-15 15:16:21	image-delete	delete_product_image	DELETE	https://oz-nails-wa.myshopify.com/admin/api/2024-10/products/9367465328875/images/49826366619883.json	9367465328875		images	200	OK	image_id=49826366619883
2026-05-15 15:16:23	image-delete	delete_product_image	DELETE	https://oz-nails-wa.myshopify.com/admin/api/2024-10/products/9367467196651/images/49826367242475.json	9367467196651		images	200	OK	image_id=49826367242475
2026-05-15 15:16:26	image-delete	delete_product_image	DELETE	https://oz-nails-wa.myshopify.com/admin/api/2024-10/products/9367469129963/images/49826367733995.json	9367469129963		images	200	OK	image_id=49826367733995
2026-05-15 15:16:28	image-delete	delete_product_image	DELETE	https://oz-nails-wa.myshopify.com/admin/api/2024-10/products/9367470440683/images/49826367930603.json	9367470440683		images	200	OK	image_id=49826367930603
2026-05-15 15:16:30	image-delete	delete_product_image	DELETE	https://oz-nails-wa.myshopify.com/admin/api/2024-10/products/9367471489259/images/49826368291051.json	9367471489259		images	200	OK	image_id=49826368291051
2026-05-15 15:16:32	image-delete	delete_product_image	DELETE	https://oz-nails-wa.myshopify.com/admin/api/2024-10/products/9367473651947/images/49826368487659.json	9367473651947		images	200	OK	image_id=49826368487659
2026-05-15 15:16:34	image-delete	delete_product_image	DELETE	https://oz-nails-wa.myshopify.com/admin/api/2024-10/products/9367475192043/images/49826368749803.json	9367475192043		images	200	OK	image_id=49826368749803
2026-05-15 15:16:36	image-delete	delete_product_image	DELETE	https://oz-nails-wa.myshopify.com/admin/api/2024-10/products/9367477289195/images/49826369437931.json	9367477289195		images	200	OK	image_id=49826369437931
2026-05-15 15:16:38	image-delete	delete_product_image	DELETE	https://oz-nails-wa.myshopify.com/admin/api/2024-10/products/9367478403307/images/49826370879723.json	9367478403307		images	200	OK	image_id=49826370879723
2026-05-15 15:16:40	image-delete	delete_product_image	DELETE	https://oz-nails-wa.myshopify.com/admin/api/2024-10/products/9367479714027/images/49826371666155.json	9367479714027		images	200	OK	image_id=49826371666155
2026-05-15 15:16:42	image-delete	delete_product_image	DELETE	https://oz-nails-wa.myshopify.com/admin/api/2024-10/products/9367481680107/images/49826372387051.json	9367481680107		images	200	OK	image_id=49826372387051
2026-05-15 15:16:44	image-delete	delete_product_image	DELETE	https://oz-nails-wa.myshopify.com/admin/api/2024-10/products/9367483842795/images/49826373140715.json	9367483842795		images	200	OK	image_id=49826373140715
2026-05-15 15:16:46	image-delete	delete_product_image	DELETE	https://oz-nails-wa.myshopify.com/admin/api/2024-10/products/9367485186283/images/49826374189291.json	9367485186283		images	200	OK	image_id=49826374189291
2026-05-15 15:16:48	image-delete	delete_product_image	DELETE	https://oz-nails-wa.myshopify.com/admin/api/2024-10/products/9367487217899/images/49826374779115.json	9367487217899		images	200	OK	image_id=49826374779115
2026-05-15 15:16:50	image-delete	delete_product_image	DELETE	https://oz-nails-wa.myshopify.com/admin/api/2024-10/products/9367487742187/images/49826374942955.json	9367487742187		images	200	OK	image_id=49826374942955
2026-05-15 15:16:52	image-delete	delete_product_image	DELETE	https://oz-nails-wa.myshopify.com/admin/api/2024-10/products/9367489511659/images/49826375172331.json	9367489511659		images	200	OK	image_id=49826375172331
2026-05-15 15:16:54	image-delete	delete_product_image	DELETE	https://oz-nails-wa.myshopify.com/admin/api/2024-10/products/9367490887915/images/49826375336171.json	9367490887915		images	200	OK	image_id=49826375336171
2026-05-15 15:16:56	image-delete	delete_product_image	DELETE	https://oz-nails-wa.myshopify.com/admin/api/2024-10/products/9367492329707/images/49826375532779.json	9367492329707		images	200	OK	image_id=49826375532779
2026-05-15 15:16:58	image-delete	delete_product_image	DELETE	https://oz-nails-wa.myshopify.com/admin/api/2024-10/products/9367494394091/images/49826376220907.json	9367494394091		images	200	OK	image_id=49826376220907
2026-05-15 15:17:00	image-delete	delete_product_image	DELETE	https://oz-nails-wa.myshopify.com/admin/api/2024-10/products/9367495246059/images/49826377072875.json	9367495246059		images	200	OK	image_id=49826377072875
2026-05-15 15:17:02	image-delete	delete_product_image	DELETE	https://oz-nails-wa.myshopify.com/admin/api/2024-10/products/9367497146603/images/49826378252523.json	9367497146603		images	200	OK	image_id=49826378252523
2026-05-15 15:17:04	image-delete	delete_product_image	DELETE	https://oz-nails-wa.myshopify.com/admin/api/2024-10/products/9367498555627/images/49826379399403.json	9367498555627		images	200	OK	image_id=49826379399403
2026-05-15 15:17:06	image-delete	delete_product_image	DELETE	https://oz-nails-wa.myshopify.com/admin/api/2024-10/products/9367499407595/images/49826380677355.json	9367499407595		images	200	OK	image_id=49826380677355
2026-05-15 15:17:08	image-delete	delete_product_image	DELETE	https://oz-nails-wa.myshopify.com/admin/api/2024-10/products/9367502127339/images/49826382250219.json	9367502127339		images	200	OK	image_id=49826382250219
2026-05-15 15:17:10	image-delete	delete_product_image	DELETE	https://oz-nails-wa.myshopify.com/admin/api/2024-10/products/9367503601899/images/49826383298795.json	9367503601899		images	200	OK	image_id=49826383298795
2026-05-15 15:17:12	image-delete	delete_product_image	DELETE	https://oz-nails-wa.myshopify.com/admin/api/2024-10/products/9367504879851/images/49826383757547.json	9367504879851		images	200	OK	image_id=49826383757547
2026-05-15 15:17:14	image-delete	delete_product_image	DELETE	https://oz-nails-wa.myshopify.com/admin/api/2024-10/products/9367506878699/images/49826384052459.json	9367506878699		images	200	OK	image_id=49826384052459
2026-05-15 15:17:15	image-delete	delete_product_image	DELETE	https://oz-nails-wa.myshopify.com/admin/api/2024-10/products/9367507665131/images/49826384314603.json	9367507665131		images	200	OK	image_id=49826384314603
2026-05-15 15:17:17	image-delete	delete_product_image	DELETE	https://oz-nails-wa.myshopify.com/admin/api/2024-10/products/9367509991659/images/49826384576747.json	9367509991659		images	200	OK	image_id=49826384576747
2026-05-15 15:17:19	image-delete	delete_product_image	DELETE	https://oz-nails-wa.myshopify.com/admin/api/2024-10/products/9367510974699/images/49826385101035.json	9367510974699		images	200	OK	image_id=49826385101035
2026-05-15 15:17:21	image-delete	delete_product_image	DELETE	https://oz-nails-wa.myshopify.com/admin/api/2024-10/products/9367511531755/images/49826385527019.json	9367511531755		images	200	OK	image_id=49826385527019
2026-05-15 15:17:23	image-delete	delete_product_image	DELETE	https://oz-nails-wa.myshopify.com/admin/api/2024-10/products/9367512482027/images/49826387460331.json	9367512482027		images	200	OK	image_id=49826387460331
2026-05-15 15:17:25	image-delete	delete_product_image	DELETE	https://oz-nails-wa.myshopify.com/admin/api/2024-10/products/9367513235691/images/49826388869355.json	9367513235691		images	200	OK	image_id=49826388869355
2026-05-15 15:17:27	image-delete	delete_product_image	DELETE	https://oz-nails-wa.myshopify.com/admin/api/2024-10/products/9367515496683/images/49826390081771.json	9367515496683		images	200	OK	image_id=49826390081771
2026-05-15 15:17:29	image-delete	delete_product_image	DELETE	https://oz-nails-wa.myshopify.com/admin/api/2024-10/products/9367516414187/images/49826391261419.json	9367516414187		images	200	OK	image_id=49826391261419
2026-05-15 15:17:31	image-delete	delete_product_image	DELETE	https://oz-nails-wa.myshopify.com/admin/api/2024-10/products/9367517167851/images/49826392408299.json	9367517167851		images	200	OK	image_id=49826392408299
2026-05-15 15:17:33	image-delete	delete_product_image	DELETE	https://oz-nails-wa.myshopify.com/admin/api/2024-10/products/9367520542955/images/49826394046699.json	9367520542955		images	200	OK	image_id=49826394046699
2026-05-15 15:17:35	image-delete	delete_product_image	DELETE	https://oz-nails-wa.myshopify.com/admin/api/2024-10/products/9367522476267/images/49826394472683.json	9367522476267		images	200	OK	image_id=49826394472683
2026-05-15 15:17:37	image-delete	delete_product_image	DELETE	https://oz-nails-wa.myshopify.com/admin/api/2024-10/products/9367522869483/images/49826395160811.json	9367522869483		images	200	OK	image_id=49826395160811
2026-05-15 15:17:39	image-delete	delete_product_image	DELETE	https://oz-nails-wa.myshopify.com/admin/api/2024-10/products/9367523000555/images/49826395324651.json	9367523000555		images	200	OK	image_id=49826395324651
2026-05-15 15:17:41	image-delete	delete_product_image	DELETE	https://oz-nails-wa.myshopify.com/admin/api/2024-10/products/9367523688683/images/49826395816171.json	9367523688683		images	200	OK	image_id=49826395816171
2026-05-15 15:17:43	image-delete	delete_product_image	DELETE	https://oz-nails-wa.myshopify.com/admin/api/2024-10/products/9367524999403/images/49826396045547.json	9367524999403		images	200	OK	image_id=49826396045547
2026-05-15 15:17:45	image-delete	delete_product_image	DELETE	https://oz-nails-wa.myshopify.com/admin/api/2024-10/products/9367525032171/images/49826396569835.json	9367525032171		images	200	OK	image_id=49826396569835
2026-05-15 15:17:46	image-delete	delete_product_image	DELETE	https://oz-nails-wa.myshopify.com/admin/api/2024-10/products/9367527784683/images/49826397552875.json	9367527784683		images	200	OK	image_id=49826397552875
2026-05-15 15:17:48	image-delete	delete_product_image	DELETE	https://oz-nails-wa.myshopify.com/admin/api/2024-10/products/9367528997099/images/49826398830827.json	9367528997099		images	200	OK	image_id=49826398830827
2026-05-15 15:17:50	image-delete	delete_product_image	DELETE	https://oz-nails-wa.myshopify.com/admin/api/2024-10/products/9367530471659/images/49826400174315.json	9367530471659		images	200	OK	image_id=49826400174315
2026-05-15 15:17:52	image-delete	delete_product_image	DELETE	https://oz-nails-wa.myshopify.com/admin/api/2024-10/products/9367532142827/images/49826401550571.json	9367532142827		images	200	OK	image_id=49826401550571
2026-05-15 15:17:54	image-delete	delete_product_image	DELETE	https://oz-nails-wa.myshopify.com/admin/api/2024-10/products/9367533256939/images/49826403025131.json	9367533256939		images	200	OK	image_id=49826403025131
2026-05-15 15:17:56	image-delete	delete_product_image	DELETE	https://oz-nails-wa.myshopify.com/admin/api/2024-10/products/9367535878379/images/49826404204779.json	9367535878379		images	200	OK	image_id=49826404204779
2026-05-15 15:17:58	image-delete	delete_product_image	DELETE	https://oz-nails-wa.myshopify.com/admin/api/2024-10/products/9367536500971/images/49826405023979.json	9367536500971		images	200	OK	image_id=49826405023979
2026-05-15 15:18:00	image-delete	delete_product_image	DELETE	https://oz-nails-wa.myshopify.com/admin/api/2024-10/products/9367536926955/images/49826405220587.json	9367536926955		images	200	OK	image_id=49826405220587
2026-05-15 15:18:02	image-delete	delete_product_image	DELETE	https://oz-nails-wa.myshopify.com/admin/api/2024-10/products/9367539515627/images/49826405679339.json	9367539515627		images	200	OK	image_id=49826405679339
2026-05-15 15:18:04	image-delete	delete_product_image	DELETE	https://oz-nails-wa.myshopify.com/admin/api/2024-10/products/9367540138219/images/49826405974251.json	9367540138219		images	200	OK	image_id=49826405974251
2026-05-15 15:18:06	image-delete	delete_product_image	DELETE	https://oz-nails-wa.myshopify.com/admin/api/2024-10/products/9367540465899/images/49826406465771.json	9367540465899		images	200	OK	image_id=49826406465771
2026-05-15 15:18:08	image-delete	delete_product_image	DELETE	https://oz-nails-wa.myshopify.com/admin/api/2024-10/products/9367540793579/images/49826406826219.json	9367540793579		images	200	OK	image_id=49826406826219
2026-05-15 15:18:10	image-delete	delete_product_image	DELETE	https://oz-nails-wa.myshopify.com/admin/api/2024-10/products/9367543873771/images/49826407809259.json	9367543873771		images	200	OK	image_id=49826407809259
2026-05-15 15:18:12	image-delete	delete_product_image	DELETE	https://oz-nails-wa.myshopify.com/admin/api/2024-10/products/9367544987883/images/49826408956139.json	9367544987883		images	200	OK	image_id=49826408956139
2026-05-15 15:18:14	image-delete	delete_product_image	DELETE	https://oz-nails-wa.myshopify.com/admin/api/2024-10/products/9367546724587/images/49826409840875.json	9367546724587		images	200	OK	image_id=49826409840875
2026-05-15 15:18:15	image-delete	delete_product_image	DELETE	https://oz-nails-wa.myshopify.com/admin/api/2024-10/products/9367547773163/images/49826410987755.json	9367547773163		images	200	OK	image_id=49826410987755
2026-05-15 15:18:18	image-delete	delete_product_image	DELETE	https://oz-nails-wa.myshopify.com/admin/api/2024-10/products/9367549477099/images/49826412134635.json	9367549477099		images	200	OK	image_id=49826412134635
2026-05-15 15:18:19	image-delete	delete_product_image	DELETE	https://oz-nails-wa.myshopify.com/admin/api/2024-10/products/9367549673707/images/49826412789995.json	9367549673707		images	200	OK	image_id=49826412789995
2026-05-15 15:18:21	image-delete	delete_product_image	DELETE	https://oz-nails-wa.myshopify.com/admin/api/2024-10/products/9367550066923/images/49826413248747.json	9367550066923		images	200	OK	image_id=49826413248747
2026-05-15 15:18:23	image-delete	delete_product_image	DELETE	https://oz-nails-wa.myshopify.com/admin/api/2024-10/products/9367550525675/images/49826414297323.json	9367550525675		images	200	OK	image_id=49826414297323
2026-05-15 15:18:25	image-delete	delete_product_image	DELETE	https://oz-nails-wa.myshopify.com/admin/api/2024-10/products/9367551410411/images/49826414559467.json	9367551410411		images	200	OK	image_id=49826414559467
2026-05-15 15:18:27	image-delete	delete_product_image	DELETE	https://oz-nails-wa.myshopify.com/admin/api/2024-10/products/9367551869163/images/49826414821611.json	9367551869163		images	200	OK	image_id=49826414821611
2026-05-15 15:18:29	image-delete	delete_product_image	DELETE	https://oz-nails-wa.myshopify.com/admin/api/2024-10/products/9367554097387/images/49826415149291.json	9367554097387		images	200	OK	image_id=49826415149291
2026-05-15 15:18:31	image-delete	delete_product_image	DELETE	https://oz-nails-wa.myshopify.com/admin/api/2024-10/products/9367554523371/images/49826416165099.json	9367554523371		images	200	OK	image_id=49826416165099
2026-05-15 15:18:33	image-delete	delete_product_image	DELETE	https://oz-nails-wa.myshopify.com/admin/api/2024-10/products/9367555113195/images/49826417639659.json	9367555113195		images	200	OK	image_id=49826417639659
2026-05-15 15:18:35	image-delete	delete_product_image	DELETE	https://oz-nails-wa.myshopify.com/admin/api/2024-10/products/9367558226155/images/49826418589931.json	9367558226155		images	200	OK	image_id=49826418589931
2026-05-15 15:18:37	image-delete	delete_product_image	DELETE	https://oz-nails-wa.myshopify.com/admin/api/2024-10/products/9367558914283/images/49826419802347.json	9367558914283		images	200	OK	image_id=49826419802347
2026-05-15 15:18:38	image-delete	delete_product_image	DELETE	https://oz-nails-wa.myshopify.com/admin/api/2024-10/products/9367560356075/images/49826420818155.json	9367560356075		images	200	OK	image_id=49826420818155
2026-05-15 15:18:40	image-delete	delete_product_image	DELETE	https://oz-nails-wa.myshopify.com/admin/api/2024-10/products/9367560454379/images/49826421440747.json	9367560454379		images	200	OK	image_id=49826421440747
2026-05-15 15:18:42	image-delete	delete_product_image	DELETE	https://oz-nails-wa.myshopify.com/admin/api/2024-10/products/9367563534571/images/49826421965035.json	9367563534571		images	200	OK	image_id=49826421965035
2026-05-15 15:18:44	image-delete	delete_product_image	DELETE	https://oz-nails-wa.myshopify.com/admin/api/2024-10/products/9367563763947/images/49826422194411.json	9367563763947		images	200	OK	image_id=49826422194411
2026-05-15 15:18:46	image-delete	delete_product_image	DELETE	https://oz-nails-wa.myshopify.com/admin/api/2024-10/products/9367564091627/images/49826422423787.json	9367564091627		images	200	OK	image_id=49826422423787
2026-05-15 15:18:48	image-delete	delete_product_image	DELETE	https://oz-nails-wa.myshopify.com/admin/api/2024-10/products/9367564484843/images/49826422685931.json	9367564484843		images	200	OK	image_id=49826422685931
2026-05-15 15:18:50	image-delete	delete_product_image	DELETE	https://oz-nails-wa.myshopify.com/admin/api/2024-10/products/9367564714219/images/49826423931115.json	9367564714219		images	200	OK	image_id=49826423931115
2026-05-15 15:18:52	image-delete	delete_product_image	DELETE	https://oz-nails-wa.myshopify.com/admin/api/2024-10/products/9367564812523/images/49826425176299.json	9367564812523		images	200	OK	image_id=49826425176299
2026-05-15 15:18:54	image-delete	delete_product_image	DELETE	https://oz-nails-wa.myshopify.com/admin/api/2024-10/products/9367565304043/images/49826426290411.json	9367565304043		images	200	OK	image_id=49826426290411
2026-05-15 15:18:56	image-delete	delete_product_image	DELETE	https://oz-nails-wa.myshopify.com/admin/api/2024-10/products/9367565500651/images/49826427863275.json	9367565500651		images	200	OK	image_id=49826427863275
2026-05-15 15:18:58	image-delete	delete_product_image	DELETE	https://oz-nails-wa.myshopify.com/admin/api/2024-10/products/9367565566187/images/49826428846315.json	9367565566187		images	200	OK	image_id=49826428846315
2026-05-15 15:19:00	image-delete	delete_product_image	DELETE	https://oz-nails-wa.myshopify.com/admin/api/2024-10/products/9367565631723/images/49826429763819.json	9367565631723		images	200	OK	image_id=49826429763819
2026-05-15 15:19:02	image-delete	delete_product_image	DELETE	https://oz-nails-wa.myshopify.com/admin/api/2024-10/products/9367565762795/images/49826430222571.json	9367565762795		images	200	OK	image_id=49826430222571
2026-05-15 15:19:04	image-delete	delete_product_image	DELETE	https://oz-nails-wa.myshopify.com/admin/api/2024-10/products/9367565828331/images/49826430484715.json	9367565828331		images	200	OK	image_id=49826430484715
2026-05-15 15:19:06	image-delete	delete_product_image	DELETE	https://oz-nails-wa.myshopify.com/admin/api/2024-10/products/9367566057707/images/49826430681323.json	9367566057707		images	200	OK	image_id=49826430681323
2026-05-15 15:19:08	image-delete	delete_product_image	DELETE	https://oz-nails-wa.myshopify.com/admin/api/2024-10/products/9367566254315/images/49826431041771.json	9367566254315		images	200	OK	image_id=49826431041771
2026-05-15 15:19:10	image-delete	delete_product_image	DELETE	https://oz-nails-wa.myshopify.com/admin/api/2024-10/products/9367566352619/images/49826431598827.json	9367566352619		images	200	OK	image_id=49826431598827
2026-05-15 15:19:12	image-delete	delete_product_image	DELETE	https://oz-nails-wa.myshopify.com/admin/api/2024-10/products/9367566614763/images/49826432680171.json	9367566614763		images	200	OK	image_id=49826432680171
2026-05-15 15:19:14	image-delete	delete_product_image	DELETE	https://oz-nails-wa.myshopify.com/admin/api/2024-10/products/9367566745835/images/49826433630443.json	9367566745835		images	200	OK	image_id=49826433630443
2026-05-15 15:19:16	image-delete	delete_product_image	DELETE	https://oz-nails-wa.myshopify.com/admin/api/2024-10/products/9367566778603/images/49826434810091.json	9367566778603		images	200	OK	image_id=49826434810091
2026-05-15 15:19:50	image-delete	delete_product_image	DELETE	https://oz-nails-wa.myshopify.com/admin/api/2024-10/products/9367003332843/images/49826436317419.json	9367003332843		images	200	OK	image_id=49826436317419
2026-05-15 15:19:52	image-delete	delete_product_image	DELETE	https://oz-nails-wa.myshopify.com/admin/api/2024-10/products/9364839399659/images/49826437038315.json	9364839399659		images	200	OK	image_id=49826437038315
2026-05-15 15:19:54	image-delete	delete_product_image	DELETE	https://oz-nails-wa.myshopify.com/admin/api/2024-10/products/9364839432427/images/49826438971627.json	9364839432427		images	200	OK	image_id=49826438971627
2026-05-15 15:19:56	image-delete	delete_product_image	DELETE	https://oz-nails-wa.myshopify.com/admin/api/2024-10/products/9365429125355/images/49826439463147.json	9365429125355		images	200	OK	image_id=49826439463147
2026-05-15 15:19:58	image-delete	delete_product_image	DELETE	https://oz-nails-wa.myshopify.com/admin/api/2024-10/products/9365196046571/images/49826439692523.json	9365196046571		images	200	OK	image_id=49826439692523
2026-05-15 15:20:00	image-delete	delete_product_image	DELETE	https://oz-nails-wa.myshopify.com/admin/api/2024-10/products/9365279637739/images/49826439889131.json	9365279637739		images	200	OK	image_id=49826439889131
2026-05-15 15:20:02	image-delete	delete_product_image	DELETE	https://oz-nails-wa.myshopify.com/admin/api/2024-10/products/9364839465195/images/49826440118507.json	9364839465195		images	200	OK	image_id=49826440118507
2026-05-15 15:20:04	image-delete	delete_product_image	DELETE	https://oz-nails-wa.myshopify.com/admin/api/2024-10/products/9365429223659/images/49826440347883.json	9365429223659		images	200	OK	image_id=49826440347883
2026-05-15 15:20:06	image-delete	delete_product_image	DELETE	https://oz-nails-wa.myshopify.com/admin/api/2024-10/products/9364839497963/images/49826440544491.json	9364839497963		images	200	OK	image_id=49826440544491
2026-05-15 15:20:08	image-delete	delete_product_image	DELETE	https://oz-nails-wa.myshopify.com/admin/api/2024-10/products/9367566844139/images/49826441593067.json	9367566844139		images	200	OK	image_id=49826441593067
2026-05-15 15:20:10	image-delete	delete_product_image	DELETE	https://oz-nails-wa.myshopify.com/admin/api/2024-10/products/9367567040747/images/49826442608875.json	9367567040747		images	200	OK	image_id=49826442608875
2026-05-15 15:20:12	image-delete	delete_product_image	DELETE	https://oz-nails-wa.myshopify.com/admin/api/2024-10/products/9367567106283/images/49826444280043.json	9367567106283		images	200	OK	image_id=49826444280043
2026-05-15 15:20:14	image-delete	delete_product_image	DELETE	https://oz-nails-wa.myshopify.com/admin/api/2024-10/products/9367567237355/images/49826445361387.json	9367567237355		images	200	OK	image_id=49826445361387
2026-05-15 15:20:16	image-delete	delete_product_image	DELETE	https://oz-nails-wa.myshopify.com/admin/api/2024-10/products/9367567270123/images/49826446278891.json	9367567270123		images	200	OK	image_id=49826446278891
2026-05-15 15:20:17	image-delete	delete_product_image	DELETE	https://oz-nails-wa.myshopify.com/admin/api/2024-10/products/9367567335659/images/49826447229163.json	9367567335659		images	200	OK	image_id=49826447229163
2026-05-15 15:20:19	image-delete	delete_product_image	DELETE	https://oz-nails-wa.myshopify.com/admin/api/2024-10/products/9367567401195/images/49826447589611.json	9367567401195		images	200	OK	image_id=49826447589611
2026-05-15 15:20:21	image-delete	delete_product_image	DELETE	https://oz-nails-wa.myshopify.com/admin/api/2024-10/products/9367567499499/images/49826447786219.json	9367567499499		images	200	OK	image_id=49826447786219
2026-05-15 15:20:23	image-delete	delete_product_image	DELETE	https://oz-nails-wa.myshopify.com/admin/api/2024-10/products/9367567663339/images/49826449260779.json	9367567663339		images	200	OK	image_id=49826449260779
2026-05-15 15:20:25	image-delete	delete_product_image	DELETE	https://oz-nails-wa.myshopify.com/admin/api/2024-10/products/9367567761643/images/49826450735339.json	9367567761643		images	200	OK	image_id=49826450735339
2026-05-15 15:20:27	image-delete	delete_product_image	DELETE	https://oz-nails-wa.myshopify.com/admin/api/2024-10/products/9367567925483/images/49826452144363.json	9367567925483		images	200	OK	image_id=49826452144363
2026-05-15 15:20:29	image-delete	delete_product_image	DELETE	https://oz-nails-wa.myshopify.com/admin/api/2024-10/products/9367568023787/images/49826453324011.json	9367568023787		images	200	OK	image_id=49826453324011
2026-05-15 15:20:31	image-delete	delete_product_image	DELETE	https://oz-nails-wa.myshopify.com/admin/api/2024-10/products/9367568089323/images/49826454339819.json	9367568089323		images	200	OK	image_id=49826454339819
2026-05-15 15:20:33	image-delete	delete_product_image	DELETE	https://oz-nails-wa.myshopify.com/admin/api/2024-10/products/9367568154859/images/49826455453931.json	9367568154859		images	200	OK	image_id=49826455453931
2026-05-15 15:20:35	image-delete	delete_product_image	DELETE	https://oz-nails-wa.myshopify.com/admin/api/2024-10/products/9367568285931/images/49826456142059.json	9367568285931		images	200	OK	image_id=49826456142059
2026-05-15 15:20:37	image-delete	delete_product_image	DELETE	https://oz-nails-wa.myshopify.com/admin/api/2024-10/products/9367568351467/images/49826457125099.json	9367568351467		images	200	OK	image_id=49826457125099
2026-05-15 15:20:39	image-delete	delete_product_image	DELETE	https://oz-nails-wa.myshopify.com/admin/api/2024-10/products/9367568449771/images/49826459189483.json	9367568449771		images	200	OK	image_id=49826459189483
2026-05-15 15:20:41	image-delete	delete_product_image	DELETE	https://oz-nails-wa.myshopify.com/admin/api/2024-10/products/9367568613611/images/49826460172523.json	9367568613611		images	200	OK	image_id=49826460172523
2026-05-15 15:20:43	image-delete	delete_product_image	DELETE	https://oz-nails-wa.myshopify.com/admin/api/2024-10/products/9367568679147/images/49826460696811.json	9367568679147		images	200	OK	image_id=49826460696811
2026-05-15 15:20:45	image-delete	delete_product_image	DELETE	https://oz-nails-wa.myshopify.com/admin/api/2024-10/products/9367568744683/images/49826460893419.json	9367568744683		images	200	OK	image_id=49826460893419
2026-05-15 15:20:47	image-delete	delete_product_image	DELETE	https://oz-nails-wa.myshopify.com/admin/api/2024-10/products/9367568777451/images/49826461548779.json	9367568777451		images	200	OK	image_id=49826461548779
2026-05-15 15:20:49	image-delete	delete_product_image	DELETE	https://oz-nails-wa.myshopify.com/admin/api/2024-10/products/9367568941291/images/49826462171371.json	9367568941291		images	200	OK	image_id=49826462171371
2026-05-15 15:20:51	image-delete	delete_product_image	DELETE	https://oz-nails-wa.myshopify.com/admin/api/2024-10/products/9367569006827/images/49826462859499.json	9367569006827		images	200	OK	image_id=49826462859499
2026-05-15 15:20:52	image-delete	delete_product_image	DELETE	https://oz-nails-wa.myshopify.com/admin/api/2024-10/products/9367569203435/images/49826463613163.json	9367569203435		images	200	OK	image_id=49826463613163
2026-05-15 15:20:55	image-delete	delete_product_image	DELETE	https://oz-nails-wa.myshopify.com/admin/api/2024-10/products/9365312602347/images/49826464497899.json	9365312602347		images	200	OK	image_id=49826464497899
2026-05-15 15:20:57	image-delete	delete_product_image	DELETE	https://oz-nails-wa.myshopify.com/admin/api/2024-10/products/9364936065259/images/49826465349867.json	9364936065259		images	200	OK	image_id=49826465349867
2026-05-15 15:20:59	image-delete	delete_product_image	DELETE	https://oz-nails-wa.myshopify.com/admin/api/2024-10/products/9365265383659/images/49826466267371.json	9365265383659		images	200	OK	image_id=49826466267371
2026-05-15 15:21:02	image-delete	delete_product_image	DELETE	https://oz-nails-wa.myshopify.com/admin/api/2024-10/products/9365197324523/images/49826467021035.json	9365197324523		images	200	OK	image_id=49826467021035
2026-05-15 15:21:05	image-delete	delete_product_image	DELETE	https://oz-nails-wa.myshopify.com/admin/api/2024-10/products/9366001746155/images/49826467938539.json	9366001746155		images	200	OK	image_id=49826467938539
2026-05-15 15:21:07	image-delete	delete_product_image	DELETE	https://oz-nails-wa.myshopify.com/admin/api/2024-10/products/9365221245163/images/49826468593899.json	9365221245163		images	200	OK	image_id=49826468593899
2026-05-15 15:21:09	image-delete	delete_product_image	DELETE	https://oz-nails-wa.myshopify.com/admin/api/2024-10/products/9365221310699/images/49826469347563.json	9365221310699		images	200	OK	image_id=49826469347563
2026-05-15 15:21:11	image-delete	delete_product_image	DELETE	https://oz-nails-wa.myshopify.com/admin/api/2024-10/products/9365221409003/images/49826470068459.json	9365221409003		images	200	OK	image_id=49826470068459
2026-05-15 15:21:13	image-delete	delete_product_image	DELETE	https://oz-nails-wa.myshopify.com/admin/api/2024-10/products/9365221540075/images/49826470494443.json	9365221540075		images	200	OK	image_id=49826470494443
2026-05-15 15:21:15	image-delete	delete_product_image	DELETE	https://oz-nails-wa.myshopify.com/admin/api/2024-10/products/9364839530731/images/49826470953195.json	9364839530731		images	200	OK	image_id=49826470953195
2026-05-15 15:21:17	image-delete	delete_product_image	DELETE	https://oz-nails-wa.myshopify.com/admin/api/2024-10/products/9364839563499/images/49826471739627.json	9364839563499		images	200	OK	image_id=49826471739627
2026-05-15 15:21:19	image-delete	delete_product_image	DELETE	https://oz-nails-wa.myshopify.com/admin/api/2024-10/products/9367569400043/images/49826472460523.json	9367569400043		images	200	OK	image_id=49826472460523
2026-05-15 15:22:03	image-delete	delete_product_image	DELETE	https://oz-nails-wa.myshopify.com/admin/api/2024-10/products/9364839629035/images/49826473410795.json	9364839629035		images	200	OK	image_id=49826473410795
2026-05-15 15:22:05	image-delete	delete_product_image	DELETE	https://oz-nails-wa.myshopify.com/admin/api/2024-10/products/9364839661803/images/49826474000619.json	9364839661803		images	200	OK	image_id=49826474000619
2026-05-15 15:22:07	image-delete	delete_product_image	DELETE	https://oz-nails-wa.myshopify.com/admin/api/2024-10/products/9364839694571/images/49826474492139.json	9364839694571		images	200	OK	image_id=49826474492139
2026-05-15 15:22:09	image-delete	delete_product_image	DELETE	https://oz-nails-wa.myshopify.com/admin/api/2024-10/products/9364839760107/images/49826474721515.json	9364839760107		images	200	OK	image_id=49826474721515
2026-05-15 15:22:11	image-delete	delete_product_image	DELETE	https://oz-nails-wa.myshopify.com/admin/api/2024-10/products/9365220688107/images/49826474918123.json	9365220688107		images	200	OK	image_id=49826474918123
2026-05-15 15:22:13	image-delete	delete_product_image	DELETE	https://oz-nails-wa.myshopify.com/admin/api/2024-10/products/9367571726571/images/49826475114731.json	9367571726571		images	200	OK	image_id=49826475114731
2026-05-15 15:22:59	image-delete	delete_product_image	DELETE	https://oz-nails-wa.myshopify.com/admin/api/2024-10/products/9365430337771/images/49826475409643.json	9365430337771		images	200	OK	image_id=49826475409643
2026-05-15 15:23:01	image-delete	delete_product_image	DELETE	https://oz-nails-wa.myshopify.com/admin/api/2024-10/products/9367569465579/images/49826475606251.json	9367569465579		images	200	OK	image_id=49826475606251
2026-05-15 15:23:03	image-delete	delete_product_image	DELETE	https://oz-nails-wa.myshopify.com/admin/api/2024-10/products/9367569498347/images/49826475770091.json	9367569498347		images	200	OK	image_id=49826475770091
2026-05-15 15:23:05	image-delete	delete_product_image	DELETE	https://oz-nails-wa.myshopify.com/admin/api/2024-10/products/9367569531115/images/49826476097771.json	9367569531115		images	200	OK	image_id=49826476097771
2026-05-15 15:23:07	image-delete	delete_product_image	DELETE	https://oz-nails-wa.myshopify.com/admin/api/2024-10/products/9367569563883/images/49826476294379.json	9367569563883		images	200	OK	image_id=49826476294379
2026-05-15 15:23:09	image-delete	delete_product_image	DELETE	https://oz-nails-wa.myshopify.com/admin/api/2024-10/products/9367569694955/images/49826476458219.json	9367569694955		images	200	OK	image_id=49826476458219
2026-05-15 15:23:11	image-delete	delete_product_image	DELETE	https://oz-nails-wa.myshopify.com/admin/api/2024-10/products/9367569826027/images/49826476654827.json	9367569826027		images	200	OK	image_id=49826476654827
2026-05-15 15:23:13	image-delete	delete_product_image	DELETE	https://oz-nails-wa.myshopify.com/admin/api/2024-10/products/9367569891563/images/49826476884203.json	9367569891563		images	200	OK	image_id=49826476884203
2026-05-15 15:23:15	image-delete	delete_product_image	DELETE	https://oz-nails-wa.myshopify.com/admin/api/2024-10/products/9367569924331/images/49826477146347.json	9367569924331		images	200	OK	image_id=49826477146347
2026-05-15 15:23:17	image-delete	delete_product_image	DELETE	https://oz-nails-wa.myshopify.com/admin/api/2024-10/products/9367569957099/images/49826477277419.json	9367569957099		images	200	OK	image_id=49826477277419
2026-05-15 15:23:19	image-delete	delete_product_image	DELETE	https://oz-nails-wa.myshopify.com/admin/api/2024-10/products/9367570088171/images/49826477867243.json	9367570088171		images	200	OK	image_id=49826477867243
2026-05-15 15:23:21	image-delete	delete_product_image	DELETE	https://oz-nails-wa.myshopify.com/admin/api/2024-10/products/9367570219243/images/49826478457067.json	9367570219243		images	200	OK	image_id=49826478457067
2026-05-15 15:23:23	image-delete	delete_product_image	DELETE	https://oz-nails-wa.myshopify.com/admin/api/2024-10/products/9367570252011/images/49826479145195.json	9367570252011		images	200	OK	image_id=49826479145195
2026-05-15 15:23:25	image-delete	delete_product_image	DELETE	https://oz-nails-wa.myshopify.com/admin/api/2024-10/products/9367570350315/images/49826479800555.json	9367570350315		images	200	OK	image_id=49826479800555
2026-05-15 15:23:27	image-delete	delete_product_image	DELETE	https://oz-nails-wa.myshopify.com/admin/api/2024-10/products/9367570415851/images/49826480521451.json	9367570415851		images	200	OK	image_id=49826480521451
2026-05-15 15:23:28	image-delete	delete_product_image	DELETE	https://oz-nails-wa.myshopify.com/admin/api/2024-10/products/9367570481387/images/49826480914667.json	9367570481387		images	200	OK	image_id=49826480914667
2026-05-15 15:23:30	image-delete	delete_product_image	DELETE	https://oz-nails-wa.myshopify.com/admin/api/2024-10/products/9367570514155/images/49826481078507.json	9367570514155		images	200	OK	image_id=49826481078507
2026-05-15 15:23:32	image-delete	delete_product_image	DELETE	https://oz-nails-wa.myshopify.com/admin/api/2024-10/products/9367570579691/images/49826481209579.json	9367570579691		images	200	OK	image_id=49826481209579
2026-05-15 15:23:34	image-delete	delete_product_image	DELETE	https://oz-nails-wa.myshopify.com/admin/api/2024-10/products/9367570612459/images/49826481668331.json	9367570612459		images	200	OK	image_id=49826481668331
2026-05-15 15:23:37	image-delete	delete_product_image	DELETE	https://oz-nails-wa.myshopify.com/admin/api/2024-10/products/9367570841835/images/49826481799403.json	9367570841835		images	200	OK	image_id=49826481799403
2026-05-15 15:23:39	image-delete	delete_product_image	DELETE	https://oz-nails-wa.myshopify.com/admin/api/2024-10/products/9367571136747/images/49826481996011.json	9367571136747		images	200	OK	image_id=49826481996011
2026-05-15 15:23:41	image-delete	delete_product_image	DELETE	https://oz-nails-wa.myshopify.com/admin/api/2024-10/products/9367571398891/images/49826482192619.json	9367571398891		images	200	OK	image_id=49826482192619
2026-05-15 15:23:42	image-delete	delete_product_image	DELETE	https://oz-nails-wa.myshopify.com/admin/api/2024-10/products/9367571497195/images/49826483044587.json	9367571497195		images	200	OK	image_id=49826483044587
2026-05-15 15:23:44	image-delete	delete_product_image	DELETE	https://oz-nails-wa.myshopify.com/admin/api/2024-10/products/9367571628267/images/49826483765483.json	9367571628267		images	200	OK	image_id=49826483765483
2026-05-15 15:23:46	image-delete	delete_product_image	DELETE	https://oz-nails-wa.myshopify.com/admin/api/2024-10/products/9367571661035/images/49826484486379.json	9367571661035		images	200	OK	image_id=49826484486379
2026-05-15 15:23:48	image-delete	delete_product_image	DELETE	https://oz-nails-wa.myshopify.com/admin/api/2024-10/products/9365418639595/images/49826485108971.json	9365418639595		images	200	OK	image_id=49826485108971
2026-05-15 15:23:50	image-delete	delete_product_image	DELETE	https://oz-nails-wa.myshopify.com/admin/api/2024-10/products/9365409792235/images/49826486354155.json	9365409792235		images	200	OK	image_id=49826486354155
2026-05-15 15:24:34	image-delete	delete_product_image	DELETE	https://oz-nails-wa.myshopify.com/admin/api/2024-10/products/9367571693803/images/49826487107819.json	9367571693803		images	200	OK	image_id=49826487107819
2026-05-15 15:24:37	image-delete	delete_product_image	DELETE	https://oz-nails-wa.myshopify.com/admin/api/2024-10/products/9365224620267/images/49826487795947.json	9365224620267		images	200	OK	image_id=49826487795947
2026-05-15 15:24:39	image-delete	delete_product_image	DELETE	https://oz-nails-wa.myshopify.com/admin/api/2024-10/products/9364839792875/images/49826487927019.json	9364839792875		images	200	OK	image_id=49826487927019
2026-05-15 15:24:41	image-delete	delete_product_image	DELETE	https://oz-nails-wa.myshopify.com/admin/api/2024-10/products/9365279703275/images/49826488189163.json	9365279703275		images	200	OK	image_id=49826488189163
2026-05-15 15:24:44	image-delete	delete_product_image	DELETE	https://oz-nails-wa.myshopify.com/admin/api/2024-10/products/9364839825643/images/49826488549611.json	9364839825643		images	200	OK	image_id=49826488549611
2026-05-15 15:24:46	image-delete	delete_product_image	DELETE	https://oz-nails-wa.myshopify.com/admin/api/2024-10/products/9364839858411/images/49826488778987.json	9364839858411		images	200	OK	image_id=49826488778987
2026-05-15 15:24:48	image-delete	delete_product_image	DELETE	https://oz-nails-wa.myshopify.com/admin/api/2024-10/products/9364839891179/images/49826489204971.json	9364839891179		images	200	OK	image_id=49826489204971
2026-05-15 15:24:50	image-delete	delete_product_image	DELETE	https://oz-nails-wa.myshopify.com/admin/api/2024-10/products/9364839923947/images/49826489958635.json	9364839923947		images	200	OK	image_id=49826489958635
2026-05-15 15:24:52	image-delete	delete_product_image	DELETE	https://oz-nails-wa.myshopify.com/admin/api/2024-10/products/9364839956715/images/49826490777835.json	9364839956715		images	200	OK	image_id=49826490777835
2026-05-15 15:24:54	image-delete	delete_product_image	DELETE	https://oz-nails-wa.myshopify.com/admin/api/2024-10/products/9364840055019/images/49826491629803.json	9364840055019		images	200	OK	image_id=49826491629803
2026-05-15 15:24:55	image-delete	delete_product_image	DELETE	https://oz-nails-wa.myshopify.com/admin/api/2024-10/products/9364840087787/images/49826492449003.json	9364840087787		images	200	OK	image_id=49826492449003
2026-05-15 15:24:57	image-delete	delete_product_image	DELETE	https://oz-nails-wa.myshopify.com/admin/api/2024-10/products/9364840120555/images/49826493366507.json	9364840120555		images	200	OK	image_id=49826493366507
2026-05-15 15:24:59	image-delete	delete_product_image	DELETE	https://oz-nails-wa.myshopify.com/admin/api/2024-10/products/9364840153323/images/49826494644459.json	9364840153323		images	200	OK	image_id=49826494644459
2026-05-15 15:25:01	image-delete	delete_product_image	DELETE	https://oz-nails-wa.myshopify.com/admin/api/2024-10/products/9364840186091/images/49826495103211.json	9364840186091		images	200	OK	image_id=49826495103211
2026-05-15 15:25:03	image-delete	delete_product_image	DELETE	https://oz-nails-wa.myshopify.com/admin/api/2024-10/products/9364840218859/images/49826495561963.json	9364840218859		images	200	OK	image_id=49826495561963
2026-05-15 15:25:05	image-delete	delete_product_image	DELETE	https://oz-nails-wa.myshopify.com/admin/api/2024-10/products/9364840284395/images/49826495791339.json	9364840284395		images	200	OK	image_id=49826495791339
2026-05-15 15:25:07	image-delete	delete_product_image	DELETE	https://oz-nails-wa.myshopify.com/admin/api/2024-10/products/9364840317163/images/49826497003755.json	9364840317163		images	200	OK	image_id=49826497003755
2026-05-15 15:25:09	image-delete	delete_product_image	DELETE	https://oz-nails-wa.myshopify.com/admin/api/2024-10/products/9364840349931/images/49826498412779.json	9364840349931		images	200	OK	image_id=49826498412779
2026-05-15 15:25:11	image-delete	delete_product_image	DELETE	https://oz-nails-wa.myshopify.com/admin/api/2024-10/products/9364840382699/images/49826500149483.json	9364840382699		images	200	OK	image_id=49826500149483
2026-05-15 15:25:13	image-delete	delete_product_image	DELETE	https://oz-nails-wa.myshopify.com/admin/api/2024-10/products/9364840415467/images/49826502705387.json	9364840415467		images	200	OK	image_id=49826502705387
2026-05-15 15:25:15	image-delete	delete_product_image	DELETE	https://oz-nails-wa.myshopify.com/admin/api/2024-10/products/9364840448235/images/49826503917803.json	9364840448235		images	200	OK	image_id=49826503917803
2026-05-15 15:25:17	image-delete	delete_product_image	DELETE	https://oz-nails-wa.myshopify.com/admin/api/2024-10/products/9364840481003/images/49826505556203.json	9364840481003		images	200	OK	image_id=49826505556203
2026-05-15 15:25:19	image-delete	delete_product_image	DELETE	https://oz-nails-wa.myshopify.com/admin/api/2024-10/products/9364840513771/images/49826506146027.json	9364840513771		images	200	OK	image_id=49826506146027
2026-05-15 15:25:21	image-delete	delete_product_image	DELETE	https://oz-nails-wa.myshopify.com/admin/api/2024-10/products/9364840546539/images/49826506997995.json	9364840546539		images	200	OK	image_id=49826506997995
2026-05-15 15:25:23	image-delete	delete_product_image	DELETE	https://oz-nails-wa.myshopify.com/admin/api/2024-10/products/9364840579307/images/49826507751659.json	9364840579307		images	200	OK	image_id=49826507751659
2026-05-15 15:25:24	image-delete	delete_product_image	DELETE	https://oz-nails-wa.myshopify.com/admin/api/2024-10/products/9364840612075/images/49826508177643.json	9364840612075		images	200	OK	image_id=49826508177643
2026-05-15 15:25:26	image-delete	delete_product_image	DELETE	https://oz-nails-wa.myshopify.com/admin/api/2024-10/products/9364840644843/images/49826508407019.json	9364840644843		images	200	OK	image_id=49826508407019
2026-05-15 15:25:29	image-delete	delete_product_image	DELETE	https://oz-nails-wa.myshopify.com/admin/api/2024-10/products/9364840677611/images/49826508636395.json	9364840677611		images	200	OK	image_id=49826508636395
2026-05-15 15:25:31	image-delete	delete_product_image	DELETE	https://oz-nails-wa.myshopify.com/admin/api/2024-10/products/9364840710379/images/49826508996843.json	9364840710379		images	200	OK	image_id=49826508996843
2026-05-15 15:25:33	image-delete	delete_product_image	DELETE	https://oz-nails-wa.myshopify.com/admin/api/2024-10/products/9364840743147/images/49826509422827.json	9364840743147		images	200	OK	image_id=49826509422827
2026-05-15 15:25:35	image-delete	delete_product_image	DELETE	https://oz-nails-wa.myshopify.com/admin/api/2024-10/products/9364840775915/images/49826510209259.json	9364840775915		images	200	OK	image_id=49826510209259
2026-05-15 15:25:37	image-delete	delete_product_image	DELETE	https://oz-nails-wa.myshopify.com/admin/api/2024-10/products/9364840808683/images/49826511126763.json	9364840808683		images	200	OK	image_id=49826511126763
2026-05-15 15:25:39	image-delete	delete_product_image	DELETE	https://oz-nails-wa.myshopify.com/admin/api/2024-10/products/9364840841451/images/49826511618283.json	9364840841451		images	200	OK	image_id=49826511618283
2026-05-15 15:25:40	image-delete	delete_product_image	DELETE	https://oz-nails-wa.myshopify.com/admin/api/2024-10/products/9364840874219/images/49826512765163.json	9364840874219		images	200	OK	image_id=49826512765163
2026-05-15 15:25:42	image-delete	delete_product_image	DELETE	https://oz-nails-wa.myshopify.com/admin/api/2024-10/products/9364840906987/images/49826513748203.json	9364840906987		images	200	OK	image_id=49826513748203
2026-05-15 15:25:44	image-delete	delete_product_image	DELETE	https://oz-nails-wa.myshopify.com/admin/api/2024-10/products/9364840939755/images/49826514370795.json	9364840939755		images	200	OK	image_id=49826514370795
2026-05-15 15:25:46	image-delete	delete_product_image	DELETE	https://oz-nails-wa.myshopify.com/admin/api/2024-10/products/9364840972523/images/49826514600171.json	9364840972523		images	200	OK	image_id=49826514600171
2026-05-15 15:25:48	image-delete	delete_product_image	DELETE	https://oz-nails-wa.myshopify.com/admin/api/2024-10/products/9364841005291/images/49826514862315.json	9364841005291		images	200	OK	image_id=49826514862315
2026-05-15 15:25:50	image-delete	delete_product_image	DELETE	https://oz-nails-wa.myshopify.com/admin/api/2024-10/products/9364841038059/images/49826515091691.json	9364841038059		images	200	OK	image_id=49826515091691
2026-05-15 15:25:52	image-delete	delete_product_image	DELETE	https://oz-nails-wa.myshopify.com/admin/api/2024-10/products/9364841070827/images/49826515321067.json	9364841070827		images	200	OK	image_id=49826515321067
2026-05-15 15:25:54	image-delete	delete_product_image	DELETE	https://oz-nails-wa.myshopify.com/admin/api/2024-10/products/9364841103595/images/49826515550443.json	9364841103595		images	200	OK	image_id=49826515550443
2026-05-15 15:25:56	image-delete	delete_product_image	DELETE	https://oz-nails-wa.myshopify.com/admin/api/2024-10/products/9364841136363/images/49826516369643.json	9364841136363		images	200	OK	image_id=49826516369643
2026-05-15 15:25:57	image-delete	delete_product_image	DELETE	https://oz-nails-wa.myshopify.com/admin/api/2024-10/products/9364841169131/images/49826517516523.json	9364841169131		images	200	OK	image_id=49826517516523
2026-05-15 15:25:59	image-delete	delete_product_image	DELETE	https://oz-nails-wa.myshopify.com/admin/api/2024-10/products/9364841234667/images/49826518892779.json	9364841234667		images	200	OK	image_id=49826518892779
2026-05-15 15:26:01	image-delete	delete_product_image	DELETE	https://oz-nails-wa.myshopify.com/admin/api/2024-10/products/9364841267435/images/49826519974123.json	9364841267435		images	200	OK	image_id=49826519974123
2026-05-15 15:26:03	image-delete	delete_product_image	DELETE	https://oz-nails-wa.myshopify.com/admin/api/2024-10/products/9364841300203/images/49826521088235.json	9364841300203		images	200	OK	image_id=49826521088235
2026-05-15 15:26:05	image-delete	delete_product_image	DELETE	https://oz-nails-wa.myshopify.com/admin/api/2024-10/products/9364841332971/images/49826521612523.json	9364841332971		images	200	OK	image_id=49826521612523
2026-05-15 15:26:07	image-delete	delete_product_image	DELETE	https://oz-nails-wa.myshopify.com/admin/api/2024-10/products/9364841365739/images/49826521874667.json	9364841365739		images	200	OK	image_id=49826521874667
2026-05-15 15:26:09	image-delete	delete_product_image	DELETE	https://oz-nails-wa.myshopify.com/admin/api/2024-10/products/9364841398507/images/49826522038507.json	9364841398507		images	200	OK	image_id=49826522038507
2026-05-15 15:26:11	image-delete	delete_product_image	DELETE	https://oz-nails-wa.myshopify.com/admin/api/2024-10/products/9364841431275/images/49826522333419.json	9364841431275		images	200	OK	image_id=49826522333419
2026-05-15 15:26:12	image-delete	delete_product_image	DELETE	https://oz-nails-wa.myshopify.com/admin/api/2024-10/products/9364841464043/images/49826522530027.json	9364841464043		images	200	OK	image_id=49826522530027
2026-05-15 15:26:14	image-delete	delete_product_image	DELETE	https://oz-nails-wa.myshopify.com/admin/api/2024-10/products/9364841529579/images/49826522923243.json	9364841529579		images	200	OK	image_id=49826522923243
2026-05-15 15:26:16	image-delete	delete_product_image	DELETE	https://oz-nails-wa.myshopify.com/admin/api/2024-10/products/9364841562347/images/49826523807979.json	9364841562347		images	200	OK	image_id=49826523807979
2026-05-15 15:26:18	image-delete	delete_product_image	DELETE	https://oz-nails-wa.myshopify.com/admin/api/2024-10/products/9364841595115/images/49826524758251.json	9364841595115		images	200	OK	image_id=49826524758251
2026-05-15 15:26:20	image-delete	delete_product_image	DELETE	https://oz-nails-wa.myshopify.com/admin/api/2024-10/products/9364841627883/images/49826525970667.json	9364841627883		images	200	OK	image_id=49826525970667
2026-05-15 15:26:22	image-delete	delete_product_image	DELETE	https://oz-nails-wa.myshopify.com/admin/api/2024-10/products/9364841693419/images/49826527150315.json	9364841693419		images	200	OK	image_id=49826527150315
2026-05-15 15:26:23	image-delete	delete_product_image	DELETE	https://oz-nails-wa.myshopify.com/admin/api/2024-10/products/9364841726187/images/49826528133355.json	9364841726187		images	200	OK	image_id=49826528133355
2026-05-15 15:26:25	image-delete	delete_product_image	DELETE	https://oz-nails-wa.myshopify.com/admin/api/2024-10/products/9364841758955/images/49826529247467.json	9364841758955		images	200	OK	image_id=49826529247467
2026-05-15 15:26:27	image-delete	delete_product_image	DELETE	https://oz-nails-wa.myshopify.com/admin/api/2024-10/products/9364841824491/images/49826529575147.json	9364841824491		images	200	OK	image_id=49826529575147
2026-05-15 15:26:29	image-delete	delete_product_image	DELETE	https://oz-nails-wa.myshopify.com/admin/api/2024-10/products/9364841857259/images/49826530296043.json	9364841857259		images	200	OK	image_id=49826530296043
2026-05-15 15:26:31	image-delete	delete_product_image	DELETE	https://oz-nails-wa.myshopify.com/admin/api/2024-10/products/9364841890027/images/49826530853099.json	9364841890027		images	200	OK	image_id=49826530853099
2026-05-15 15:26:33	image-delete	delete_product_image	DELETE	https://oz-nails-wa.myshopify.com/admin/api/2024-10/products/9364841955563/images/49826531082475.json	9364841955563		images	200	OK	image_id=49826531082475
2026-05-15 15:26:35	image-delete	delete_product_image	DELETE	https://oz-nails-wa.myshopify.com/admin/api/2024-10/products/9364841988331/images/49826531344619.json	9364841988331		images	200	OK	image_id=49826531344619
2026-05-15 15:26:37	image-delete	delete_product_image	DELETE	https://oz-nails-wa.myshopify.com/admin/api/2024-10/products/9364842021099/images/49826532229355.json	9364842021099		images	200	OK	image_id=49826532229355
2026-05-15 15:26:39	image-delete	delete_product_image	DELETE	https://oz-nails-wa.myshopify.com/admin/api/2024-10/products/9364842053867/images/49826533277931.json	9364842053867		images	200	OK	image_id=49826533277931
2026-05-15 15:26:41	image-delete	delete_product_image	DELETE	https://oz-nails-wa.myshopify.com/admin/api/2024-10/products/9364842086635/images/49826533900523.json	9364842086635		images	200	OK	image_id=49826533900523
2026-05-15 15:26:43	image-delete	delete_product_image	DELETE	https://oz-nails-wa.myshopify.com/admin/api/2024-10/products/9364842152171/images/49826535047403.json	9364842152171		images	200	OK	image_id=49826535047403
2026-05-15 15:26:45	image-delete	delete_product_image	DELETE	https://oz-nails-wa.myshopify.com/admin/api/2024-10/products/9364842217707/images/49826535932139.json	9364842217707		images	200	OK	image_id=49826535932139
2026-05-15 15:26:47	image-delete	delete_product_image	DELETE	https://oz-nails-wa.myshopify.com/admin/api/2024-10/products/9364842250475/images/49826536653035.json	9364842250475		images	200	OK	image_id=49826536653035
2026-05-15 15:26:49	image-delete	delete_product_image	DELETE	https://oz-nails-wa.myshopify.com/admin/api/2024-10/products/9364842283243/images/49826537210091.json	9364842283243		images	200	OK	image_id=49826537210091
2026-05-15 15:26:51	image-delete	delete_product_image	DELETE	https://oz-nails-wa.myshopify.com/admin/api/2024-10/products/9364842316011/images/49826537603307.json	9364842316011		images	200	OK	image_id=49826537603307
2026-05-15 15:26:52	image-delete	delete_product_image	DELETE	https://oz-nails-wa.myshopify.com/admin/api/2024-10/products/9364842348779/images/49826537832683.json	9364842348779		images	200	OK	image_id=49826537832683
2026-05-15 15:26:54	image-delete	delete_product_image	DELETE	https://oz-nails-wa.myshopify.com/admin/api/2024-10/products/9364842381547/images/49826538094827.json	9364842381547		images	200	OK	image_id=49826538094827
2026-05-15 15:26:56	image-delete	delete_product_image	DELETE	https://oz-nails-wa.myshopify.com/admin/api/2024-10/products/9364842447083/images/49826538389739.json	9364842447083		images	200	OK	image_id=49826538389739
2026-05-15 15:26:58	image-delete	delete_product_image	DELETE	https://oz-nails-wa.myshopify.com/admin/api/2024-10/products/9364842479851/images/49826539700459.json	9364842479851		images	200	OK	image_id=49826539700459
2026-05-15 15:27:00	image-delete	delete_product_image	DELETE	https://oz-nails-wa.myshopify.com/admin/api/2024-10/products/9364842512619/images/49826540880107.json	9364842512619		images	200	OK	image_id=49826540880107
2026-05-15 15:27:02	image-delete	delete_product_image	DELETE	https://oz-nails-wa.myshopify.com/admin/api/2024-10/products/9364842545387/images/49826541699307.json	9364842545387		images	200	OK	image_id=49826541699307
2026-05-15 15:27:04	image-delete	delete_product_image	DELETE	https://oz-nails-wa.myshopify.com/admin/api/2024-10/products/9365451210987/images/49826542420203.json	9365451210987		images	200	OK	image_id=49826542420203
2026-05-15 15:27:05	image-delete	delete_product_image	DELETE	https://oz-nails-wa.myshopify.com/admin/api/2024-10/products/9364842610923/images/49826543239403.json	9364842610923		images	200	OK	image_id=49826543239403
2026-05-15 15:27:18	image-delete	delete_product_image	DELETE	https://oz-nails-wa.myshopify.com/admin/api/2024-10/products/9364842643691/images/49826544320747.json	9364842643691		images	200	OK	image_id=49826544320747
2026-05-15 15:27:20	image-delete	delete_product_image	DELETE	https://oz-nails-wa.myshopify.com/admin/api/2024-10/products/9364842676459/images/49826544484587.json	9364842676459		images	200	OK	image_id=49826544484587
2026-05-15 15:28:04	image-delete	delete_product_image	DELETE	https://oz-nails-wa.myshopify.com/admin/api/2024-10/products/9367571759339/images/49826544713963.json	9367571759339		images	200	OK	image_id=49826544713963
2026-05-15 15:28:08	image-delete	delete_product_image	DELETE	https://oz-nails-wa.myshopify.com/admin/api/2024-10/products/9364842741995/images/49826545008875.json	9364842741995		images	200	OK	image_id=49826545008875
2026-05-15 15:28:11	image-delete	delete_product_image	DELETE	https://oz-nails-wa.myshopify.com/admin/api/2024-10/products/9365243527403/images/49826545369323.json	9365243527403		images	200	OK	image_id=49826545369323
2026-05-15 15:28:13	image-delete	delete_product_image	DELETE	https://oz-nails-wa.myshopify.com/admin/api/2024-10/products/9365266137323/images/49826545860843.json	9365266137323		images	200	OK	image_id=49826545860843
2026-05-15 15:28:15	image-delete	delete_product_image	DELETE	https://oz-nails-wa.myshopify.com/admin/api/2024-10/products/9365266170091/images/49826546155755.json	9365266170091		images	200	OK	image_id=49826546155755
2026-05-15 15:28:17	image-delete	delete_product_image	DELETE	https://oz-nails-wa.myshopify.com/admin/api/2024-10/products/9367571824875/images/49826547171563.json	9367571824875		images	200	OK	image_id=49826547171563
2026-05-15 15:28:19	image-delete	delete_product_image	DELETE	https://oz-nails-wa.myshopify.com/admin/api/2024-10/products/9367571955947/images/49826548089067.json	9367571955947		images	200	OK	image_id=49826548089067
2026-05-15 15:28:22	image-delete	delete_product_image	DELETE	https://oz-nails-wa.myshopify.com/admin/api/2024-10/products/9367571988715/images/49826549203179.json	9367571988715		images	200	OK	image_id=49826549203179
2026-05-15 15:28:24	image-delete	delete_product_image	DELETE	https://oz-nails-wa.myshopify.com/admin/api/2024-10/products/9367572021483/images/49826549858539.json	9367572021483		images	200	OK	image_id=49826549858539
2026-05-15 15:28:26	image-delete	delete_product_image	DELETE	https://oz-nails-wa.myshopify.com/admin/api/2024-10/products/9364842807531/images/49826551234795.json	9364842807531		images	200	OK	image_id=49826551234795
2026-05-15 15:28:28	image-delete	delete_product_image	DELETE	https://oz-nails-wa.myshopify.com/admin/api/2024-10/products/9364842840299/images/49826551922923.json	9364842840299		images	200	OK	image_id=49826551922923
2026-05-15 15:28:30	image-delete	delete_product_image	DELETE	https://oz-nails-wa.myshopify.com/admin/api/2024-10/products/9364842873067/images/49826552185067.json	9364842873067		images	200	OK	image_id=49826552185067
2026-05-15 15:28:32	image-delete	delete_product_image	DELETE	https://oz-nails-wa.myshopify.com/admin/api/2024-10/products/9364842905835/images/49826552381675.json	9364842905835		images	200	OK	image_id=49826552381675
2026-05-15 15:28:34	image-delete	delete_product_image	DELETE	https://oz-nails-wa.myshopify.com/admin/api/2024-10/products/9364842938603/images/49826552578283.json	9364842938603		images	200	OK	image_id=49826552578283
2026-05-15 15:28:36	image-delete	delete_product_image	DELETE	https://oz-nails-wa.myshopify.com/admin/api/2024-10/products/9364842971371/images/49826552840427.json	9364842971371		images	200	OK	image_id=49826552840427
2026-05-15 15:28:38	image-delete	delete_product_image	DELETE	https://oz-nails-wa.myshopify.com/admin/api/2024-10/products/9364843004139/images/49826553135339.json	9364843004139		images	200	OK	image_id=49826553135339
2026-05-15 15:28:40	image-delete	delete_product_image	DELETE	https://oz-nails-wa.myshopify.com/admin/api/2024-10/products/9364843036907/images/49826553397483.json	9364843036907		images	200	OK	image_id=49826553397483
2026-05-15 15:28:42	image-delete	delete_product_image	DELETE	https://oz-nails-wa.myshopify.com/admin/api/2024-10/products/9364843069675/images/49826554577131.json	9364843069675		images	200	OK	image_id=49826554577131
2026-05-15 15:28:44	image-delete	delete_product_image	DELETE	https://oz-nails-wa.myshopify.com/admin/api/2024-10/products/9364843102443/images/49826555330795.json	9364843102443		images	200	OK	image_id=49826555330795
2026-05-15 15:28:46	image-delete	delete_product_image	DELETE	https://oz-nails-wa.myshopify.com/admin/api/2024-10/products/9364843135211/images/49826556117227.json	9364843135211		images	200	OK	image_id=49826556117227
2026-05-15 15:28:48	image-delete	delete_product_image	DELETE	https://oz-nails-wa.myshopify.com/admin/api/2024-10/products/9364843167979/images/49826556870891.json	9364843167979		images	200	OK	image_id=49826556870891
2026-05-15 15:28:50	image-delete	delete_product_image	DELETE	https://oz-nails-wa.myshopify.com/admin/api/2024-10/products/9365221179627/images/49826558083307.json	9365221179627		images	200	OK	image_id=49826558083307
2026-05-15 15:28:52	image-delete	delete_product_image	DELETE	https://oz-nails-wa.myshopify.com/admin/api/2024-10/products/9364843200747/images/49826558607595.json	9364843200747		images	200	OK	image_id=49826558607595
2026-05-15 15:28:54	image-delete	delete_product_image	DELETE	https://oz-nails-wa.myshopify.com/admin/api/2024-10/products/9364843233515/images/49826559557867.json	9364843233515		images	200	OK	image_id=49826559557867
2026-05-15 15:28:56	image-delete	delete_product_image	DELETE	https://oz-nails-wa.myshopify.com/admin/api/2024-10/products/9364843266283/images/49826560213227.json	9364843266283		images	200	OK	image_id=49826560213227
2026-05-15 15:28:58	image-delete	delete_product_image	DELETE	https://oz-nails-wa.myshopify.com/admin/api/2024-10/products/9364843299051/images/49826560442603.json	9364843299051		images	200	OK	image_id=49826560442603
2026-05-15 15:29:00	image-delete	delete_product_image	DELETE	https://oz-nails-wa.myshopify.com/admin/api/2024-10/products/9364843364587/images/49826560606443.json	9364843364587		images	200	OK	image_id=49826560606443
2026-05-15 15:29:02	image-delete	delete_product_image	DELETE	https://oz-nails-wa.myshopify.com/admin/api/2024-10/products/9364843462891/images/49826560868587.json	9364843462891		images	200	OK	image_id=49826560868587
2026-05-15 15:29:03	image-delete	delete_product_image	DELETE	https://oz-nails-wa.myshopify.com/admin/api/2024-10/products/9364843528427/images/49826561261803.json	9364843528427		images	200	OK	image_id=49826561261803
2026-05-15 15:29:05	image-delete	delete_product_image	DELETE	https://oz-nails-wa.myshopify.com/admin/api/2024-10/products/9364843561195/images/49826562572523.json	9364843561195		images	200	OK	image_id=49826562572523
2026-05-15 15:29:07	image-delete	delete_product_image	DELETE	https://oz-nails-wa.myshopify.com/admin/api/2024-10/products/9364843593963/images/49826564440299.json	9364843593963		images	200	OK	image_id=49826564440299
2026-05-15 15:29:09	image-delete	delete_product_image	DELETE	https://oz-nails-wa.myshopify.com/admin/api/2024-10/products/9364843659499/images/49826565259499.json	9364843659499		images	200	OK	image_id=49826565259499
2026-05-15 15:29:11	image-delete	delete_product_image	DELETE	https://oz-nails-wa.myshopify.com/admin/api/2024-10/products/9364843692267/images/49826566340843.json	9364843692267		images	200	OK	image_id=49826566340843
2026-05-15 15:29:13	image-delete	delete_product_image	DELETE	https://oz-nails-wa.myshopify.com/admin/api/2024-10/products/9364843757803/images/49826567553259.json	9364843757803		images	200	OK	image_id=49826567553259
2026-05-15 15:29:15	image-delete	delete_product_image	DELETE	https://oz-nails-wa.myshopify.com/admin/api/2024-10/products/9364843790571/images/49826568569067.json	9364843790571		images	200	OK	image_id=49826568569067
2026-05-15 15:29:17	image-delete	delete_product_image	DELETE	https://oz-nails-wa.myshopify.com/admin/api/2024-10/products/9364843856107/images/49826568765675.json	9364843856107		images	200	OK	image_id=49826568765675
2026-05-15 15:29:19	image-delete	delete_product_image	DELETE	https://oz-nails-wa.myshopify.com/admin/api/2024-10/products/9364843888875/images/49826568995051.json	9364843888875		images	200	OK	image_id=49826568995051
2026-05-15 15:29:20	image-delete	delete_product_image	DELETE	https://oz-nails-wa.myshopify.com/admin/api/2024-10/products/9364843921643/images/49826569257195.json	9364843921643		images	200	OK	image_id=49826569257195
2026-05-15 15:29:22	image-delete	delete_product_image	DELETE	https://oz-nails-wa.myshopify.com/admin/api/2024-10/products/9364843987179/images/49826569421035.json	9364843987179		images	200	OK	image_id=49826569421035
2026-05-15 15:29:24	image-delete	delete_product_image	DELETE	https://oz-nails-wa.myshopify.com/admin/api/2024-10/products/9364844019947/images/49826569715947.json	9364844019947		images	200	OK	image_id=49826569715947
2026-05-15 15:29:26	image-delete	delete_product_image	DELETE	https://oz-nails-wa.myshopify.com/admin/api/2024-10/products/9364844052715/images/49826570076395.json	9364844052715		images	200	OK	image_id=49826570076395
2026-05-15 15:29:28	image-delete	delete_product_image	DELETE	https://oz-nails-wa.myshopify.com/admin/api/2024-10/products/9364844085483/images/49826571157739.json	9364844085483		images	200	OK	image_id=49826571157739
2026-05-15 15:29:30	image-delete	delete_product_image	DELETE	https://oz-nails-wa.myshopify.com/admin/api/2024-10/products/9364844151019/images/49826571944171.json	9364844151019		images	200	OK	image_id=49826571944171
2026-05-15 15:29:33	image-delete	delete_product_image	DELETE	https://oz-nails-wa.myshopify.com/admin/api/2024-10/products/9364844183787/images/49826572796139.json	9364844183787		images	200	OK	image_id=49826572796139
2026-05-15 15:29:34	image-delete	delete_product_image	DELETE	https://oz-nails-wa.myshopify.com/admin/api/2024-10/products/9364844249323/images/49826573713643.json	9364844249323		images	200	OK	image_id=49826573713643
2026-05-15 15:29:36	image-delete	delete_product_image	DELETE	https://oz-nails-wa.myshopify.com/admin/api/2024-10/products/9364844282091/images/49826574762219.json	9364844282091		images	200	OK	image_id=49826574762219
2026-05-15 15:29:38	image-delete	delete_product_image	DELETE	https://oz-nails-wa.myshopify.com/admin/api/2024-10/products/9364844314859/images/49826575286507.json	9364844314859		images	200	OK	image_id=49826575286507
2026-05-15 15:29:40	image-delete	delete_product_image	DELETE	https://oz-nails-wa.myshopify.com/admin/api/2024-10/products/9364844347627/images/49826575483115.json	9364844347627		images	200	OK	image_id=49826575483115
2026-05-15 15:29:42	image-delete	delete_product_image	DELETE	https://oz-nails-wa.myshopify.com/admin/api/2024-10/products/9364844380395/images/49826575745259.json	9364844380395		images	200	OK	image_id=49826575745259
2026-05-15 15:29:44	image-delete	delete_product_image	DELETE	https://oz-nails-wa.myshopify.com/admin/api/2024-10/products/9364844413163/images/49826576105707.json	9364844413163		images	200	OK	image_id=49826576105707
2026-05-15 15:29:46	image-delete	delete_product_image	DELETE	https://oz-nails-wa.myshopify.com/admin/api/2024-10/products/9364844478699/images/49826576367851.json	9364844478699		images	200	OK	image_id=49826576367851
2026-05-15 15:29:48	image-delete	delete_product_image	DELETE	https://oz-nails-wa.myshopify.com/admin/api/2024-10/products/9364844511467/images/49826576564459.json	9364844511467		images	200	OK	image_id=49826576564459
2026-05-15 15:29:50	image-delete	delete_product_image	DELETE	https://oz-nails-wa.myshopify.com/admin/api/2024-10/products/9364844544235/images/49826578071787.json	9364844544235		images	200	OK	image_id=49826578071787
2026-05-15 15:29:52	image-delete	delete_product_image	DELETE	https://oz-nails-wa.myshopify.com/admin/api/2024-10/products/9364844609771/images/49826578759915.json	9364844609771		images	200	OK	image_id=49826578759915
2026-05-15 15:29:54	image-delete	delete_product_image	DELETE	https://oz-nails-wa.myshopify.com/admin/api/2024-10/products/9364844675307/images/49826579546347.json	9364844675307		images	200	OK	image_id=49826579546347
2026-05-15 15:30:29	image-delete	delete_product_image	DELETE	https://oz-nails-wa.myshopify.com/admin/api/2024-10/products/9365266235627/images/49826580234475.json	9365266235627		images	200	OK	image_id=49826580234475
2026-05-15 15:30:31	image-delete	delete_product_image	DELETE	https://oz-nails-wa.myshopify.com/admin/api/2024-10/products/9367572087019/images/49826581053675.json	9367572087019		images	200	OK	image_id=49826581053675
2026-05-15 15:30:33	image-delete	delete_product_image	DELETE	https://oz-nails-wa.myshopify.com/admin/api/2024-10/products/9366002925803/images/49826582364395.json	9366002925803		images	200	OK	image_id=49826582364395
2026-05-15 15:30:35	image-delete	delete_product_image	DELETE	https://oz-nails-wa.myshopify.com/admin/api/2024-10/products/9365266202859/images/49826582986987.json	9365266202859		images	200	OK	image_id=49826582986987
2026-05-15 15:30:37	image-delete	delete_product_image	DELETE	https://oz-nails-wa.myshopify.com/admin/api/2024-10/products/9367024992491/images/49826583445739.json	9367024992491		images	200	OK	image_id=49826583445739
2026-05-15 15:30:39	image-delete	delete_product_image	DELETE	https://oz-nails-wa.myshopify.com/admin/api/2024-10/products/9365874409707/images/49826584035563.json	9365874409707		images	200	OK	image_id=49826584035563
2026-05-15 15:30:41	image-delete	delete_product_image	DELETE	https://oz-nails-wa.myshopify.com/admin/api/2024-10/products/9365894889707/images/49826584494315.json	9365894889707		images	200	OK	image_id=49826584494315
2026-05-15 15:30:43	image-delete	delete_product_image	DELETE	https://oz-nails-wa.myshopify.com/admin/api/2024-10/products/9365872443627/images/49826584658155.json	9365872443627		images	200	OK	image_id=49826584658155
2026-05-15 15:30:45	image-delete	delete_product_image	DELETE	https://oz-nails-wa.myshopify.com/admin/api/2024-10/products/9365898559723/images/49826584920299.json	9365898559723		images	200	OK	image_id=49826584920299
2026-05-15 15:30:48	image-delete	delete_product_image	DELETE	https://oz-nails-wa.myshopify.com/admin/api/2024-10/products/9365866447083/images/49826585510123.json	9365866447083		images	200	OK	image_id=49826585510123
2026-05-15 15:31:02	image-delete	delete_product_image	DELETE	https://oz-nails-wa.myshopify.com/admin/api/2024-10/products/9365869625579/images/49826586525931.json	9365869625579		images	200	OK	image_id=49826586525931
2026-05-15 15:31:05	image-delete	delete_product_image	DELETE	https://oz-nails-wa.myshopify.com/admin/api/2024-10/products/9365584085227/images/49826587607275.json	9365584085227		images	200	OK	image_id=49826587607275
2026-05-15 15:31:07	image-delete	delete_product_image	DELETE	https://oz-nails-wa.myshopify.com/admin/api/2024-10/products/9365584183531/images/49826589016299.json	9365584183531		images	200	OK	image_id=49826589016299
2026-05-15 15:31:09	image-delete	delete_product_image	DELETE	https://oz-nails-wa.myshopify.com/admin/api/2024-10/products/9365588574443/images/49826589835499.json	9365588574443		images	200	OK	image_id=49826589835499
2026-05-15 15:31:11	image-delete	delete_product_image	DELETE	https://oz-nails-wa.myshopify.com/admin/api/2024-10/products/9365588639979/images/49826590884075.json	9365588639979		images	200	OK	image_id=49826590884075
2026-05-15 15:31:13	image-delete	delete_product_image	DELETE	https://oz-nails-wa.myshopify.com/admin/api/2024-10/products/9365591785707/images/49826591146219.json	9365591785707		images	200	OK	image_id=49826591146219
2026-05-15 15:31:14	image-delete	delete_product_image	DELETE	https://oz-nails-wa.myshopify.com/admin/api/2024-10/products/9365593817323/images/49826591342827.json	9365593817323		images	200	OK	image_id=49826591342827
2026-05-15 15:31:16	image-delete	delete_product_image	DELETE	https://oz-nails-wa.myshopify.com/admin/api/2024-10/products/9365594636523/images/49826591572203.json	9365594636523		images	200	OK	image_id=49826591572203
2026-05-15 15:31:18	image-delete	delete_product_image	DELETE	https://oz-nails-wa.myshopify.com/admin/api/2024-10/products/9365576712427/images/49826591768811.json	9365576712427		images	200	OK	image_id=49826591768811
2026-05-15 15:31:20	image-delete	delete_product_image	DELETE	https://oz-nails-wa.myshopify.com/admin/api/2024-10/products/9365579858155/images/49826592096491.json	9365579858155		images	200	OK	image_id=49826592096491
2026-05-15 15:31:22	image-delete	delete_product_image	DELETE	https://oz-nails-wa.myshopify.com/admin/api/2024-10/products/9365640446187/images/49826592391403.json	9365640446187		images	200	OK	image_id=49826592391403
2026-05-15 15:31:24	image-delete	delete_product_image	DELETE	https://oz-nails-wa.myshopify.com/admin/api/2024-10/products/9365642346731/images/49826592686315.json	9365642346731		images	200	OK	image_id=49826592686315
2026-05-15 15:31:26	image-delete	delete_product_image	DELETE	https://oz-nails-wa.myshopify.com/admin/api/2024-10/products/9365644738795/images/49826593439979.json	9365644738795		images	200	OK	image_id=49826593439979
2026-05-15 15:31:28	image-delete	delete_product_image	DELETE	https://oz-nails-wa.myshopify.com/admin/api/2024-10/products/9365645721835/images/49826594554091.json	9365645721835		images	200	OK	image_id=49826594554091
2026-05-15 15:31:30	image-delete	delete_product_image	DELETE	https://oz-nails-wa.myshopify.com/admin/api/2024-10/products/9365646901483/images/49826595832043.json	9365646901483		images	200	OK	image_id=49826595832043
2026-05-15 15:31:32	image-delete	delete_product_image	DELETE	https://oz-nails-wa.myshopify.com/admin/api/2024-10/products/9365650342123/images/49826596880619.json	9365650342123		images	200	OK	image_id=49826596880619
2026-05-15 15:31:34	image-delete	delete_product_image	DELETE	https://oz-nails-wa.myshopify.com/admin/api/2024-10/products/9365651849451/images/49826597994731.json	9365651849451		images	200	OK	image_id=49826597994731
2026-05-15 15:31:36	image-delete	delete_product_image	DELETE	https://oz-nails-wa.myshopify.com/admin/api/2024-10/products/9365636088043/images/49826598846699.json	9365636088043		images	200	OK	image_id=49826598846699
2026-05-15 15:31:38	image-delete	delete_product_image	DELETE	https://oz-nails-wa.myshopify.com/admin/api/2024-10/products/9365638742251/images/49826599174379.json	9365638742251		images	200	OK	image_id=49826599174379
2026-05-15 15:31:40	image-delete	delete_product_image	DELETE	https://oz-nails-wa.myshopify.com/admin/api/2024-10/products/9365695758571/images/49826599993579.json	9365695758571		images	200	OK	image_id=49826599993579
2026-05-15 15:31:42	image-delete	delete_product_image	DELETE	https://oz-nails-wa.myshopify.com/admin/api/2024-10/products/9365697134827/images/49826600255723.json	9365697134827		images	200	OK	image_id=49826600255723
2026-05-15 15:31:44	image-delete	delete_product_image	DELETE	https://oz-nails-wa.myshopify.com/admin/api/2024-10/products/9365698707691/images/49826600419563.json	9365698707691		images	200	OK	image_id=49826600419563
2026-05-15 15:31:46	image-delete	delete_product_image	DELETE	https://oz-nails-wa.myshopify.com/admin/api/2024-10/products/9365700968683/images/49826600648939.json	9365700968683		images	200	OK	image_id=49826600648939
2026-05-15 15:31:48	image-delete	delete_product_image	DELETE	https://oz-nails-wa.myshopify.com/admin/api/2024-10/products/9365704540395/images/49826600911083.json	9365704540395		images	200	OK	image_id=49826600911083
2026-05-15 15:31:50	image-delete	delete_product_image	DELETE	https://oz-nails-wa.myshopify.com/admin/api/2024-10/products/9365704573163/images/49826601664747.json	9365704573163		images	200	OK	image_id=49826601664747
2026-05-15 15:31:51	image-delete	delete_product_image	DELETE	https://oz-nails-wa.myshopify.com/admin/api/2024-10/products/9365708505323/images/49826603073771.json	9365708505323		images	200	OK	image_id=49826603073771
2026-05-15 15:31:54	image-delete	delete_product_image	DELETE	https://oz-nails-wa.myshopify.com/admin/api/2024-10/products/9365692416235/images/49826604351723.json	9365692416235		images	200	OK	image_id=49826604351723
2026-05-15 15:31:56	image-delete	delete_product_image	DELETE	https://oz-nails-wa.myshopify.com/admin/api/2024-10/products/9365693595883/images/49826605695211.json	9365693595883		images	200	OK	image_id=49826605695211
2026-05-15 15:31:58	image-delete	delete_product_image	DELETE	https://oz-nails-wa.myshopify.com/admin/api/2024-10/products/9365750448363/images/49826606481643.json	9365750448363		images	200	OK	image_id=49826606481643
2026-05-15 15:32:00	image-delete	delete_product_image	DELETE	https://oz-nails-wa.myshopify.com/admin/api/2024-10/products/9365753200875/images/49826607071467.json	9365753200875		images	200	OK	image_id=49826607071467
2026-05-15 15:32:01	image-delete	delete_product_image	DELETE	https://oz-nails-wa.myshopify.com/admin/api/2024-10/products/9365754577131/images/49826607333611.json	9365754577131		images	200	OK	image_id=49826607333611
2026-05-15 15:32:03	image-delete	delete_product_image	DELETE	https://oz-nails-wa.myshopify.com/admin/api/2024-10/products/9365757067499/images/49826607595755.json	9365757067499		images	200	OK	image_id=49826607595755
2026-05-15 15:32:05	image-delete	delete_product_image	DELETE	https://oz-nails-wa.myshopify.com/admin/api/2024-10/products/9365759623403/images/49826607857899.json	9365759623403		images	200	OK	image_id=49826607857899
2026-05-15 15:32:07	image-delete	delete_product_image	DELETE	https://oz-nails-wa.myshopify.com/admin/api/2024-10/products/9365760835819/images/49826608054507.json	9365760835819		images	200	OK	image_id=49826608054507
2026-05-15 15:32:09	image-delete	delete_product_image	DELETE	https://oz-nails-wa.myshopify.com/admin/api/2024-10/products/9365763293419/images/49826608316651.json	9365763293419		images	200	OK	image_id=49826608316651
2026-05-15 15:32:11	image-delete	delete_product_image	DELETE	https://oz-nails-wa.myshopify.com/admin/api/2024-10/products/9365746188523/images/49826609168619.json	9365746188523		images	200	OK	image_id=49826609168619
2026-05-15 15:32:13	image-delete	delete_product_image	DELETE	https://oz-nails-wa.myshopify.com/admin/api/2024-10/products/9365748809963/images/49826609725675.json	9365748809963		images	200	OK	image_id=49826609725675
2026-05-15 15:32:15	image-delete	delete_product_image	DELETE	https://oz-nails-wa.myshopify.com/admin/api/2024-10/products/9365806088427/images/49826610577643.json	9365806088427		images	200	OK	image_id=49826610577643
2026-05-15 15:32:17	image-delete	delete_product_image	DELETE	https://oz-nails-wa.myshopify.com/admin/api/2024-10/products/9365807202539/images/49826611331307.json	9365807202539		images	200	OK	image_id=49826611331307
2026-05-15 15:32:19	image-delete	delete_product_image	DELETE	https://oz-nails-wa.myshopify.com/admin/api/2024-10/products/9365809234155/images/49826612216043.json	9365809234155		images	200	OK	image_id=49826612216043
2026-05-15 15:32:21	image-delete	delete_product_image	DELETE	https://oz-nails-wa.myshopify.com/admin/api/2024-10/products/9365811560683/images/49826613493995.json	9365811560683		images	200	OK	image_id=49826613493995
2026-05-15 15:32:23	image-delete	delete_product_image	DELETE	https://oz-nails-wa.myshopify.com/admin/api/2024-10/products/9365813330155/images/49826614575339.json	9365813330155		images	200	OK	image_id=49826614575339
2026-05-15 15:32:24	image-delete	delete_product_image	DELETE	https://oz-nails-wa.myshopify.com/admin/api/2024-10/products/9365814739179/images/49826615165163.json	9365814739179		images	200	OK	image_id=49826615165163
2026-05-15 15:32:26	image-delete	delete_product_image	DELETE	https://oz-nails-wa.myshopify.com/admin/api/2024-10/products/9365815066859/images/49826615427307.json	9365815066859		images	200	OK	image_id=49826615427307
2026-05-15 15:32:28	image-delete	delete_product_image	DELETE	https://oz-nails-wa.myshopify.com/admin/api/2024-10/products/9365802746091/images/49826615754987.json	9365802746091		images	200	OK	image_id=49826615754987
2026-05-15 15:32:30	image-delete	delete_product_image	DELETE	https://oz-nails-wa.myshopify.com/admin/api/2024-10/products/9365803565291/images/49826616049899.json	9365803565291		images	200	OK	image_id=49826616049899
2026-05-15 15:32:32	image-delete	delete_product_image	DELETE	https://oz-nails-wa.myshopify.com/admin/api/2024-10/products/9365601747179/images/49826616377579.json	9365601747179		images	200	OK	image_id=49826616377579
2026-05-15 15:32:34	image-delete	delete_product_image	DELETE	https://oz-nails-wa.myshopify.com/admin/api/2024-10/products/9365603909867/images/49826616541419.json	9365603909867		images	200	OK	image_id=49826616541419
2026-05-15 15:32:36	image-delete	delete_product_image	DELETE	https://oz-nails-wa.myshopify.com/admin/api/2024-10/products/9365605908715/images/49826617295083.json	9365605908715		images	200	OK	image_id=49826617295083
2026-05-15 15:32:38	image-delete	delete_product_image	DELETE	https://oz-nails-wa.myshopify.com/admin/api/2024-10/products/9365608628459/images/49826618507499.json	9365608628459		images	200	OK	image_id=49826618507499
2026-05-15 15:32:40	image-delete	delete_product_image	DELETE	https://oz-nails-wa.myshopify.com/admin/api/2024-10/products/9365610070251/images/49826619130091.json	9365610070251		images	200	OK	image_id=49826619130091
2026-05-15 15:32:42	image-delete	delete_product_image	DELETE	https://oz-nails-wa.myshopify.com/admin/api/2024-10/products/9365612429547/images/49826619949291.json	9365612429547		images	200	OK	image_id=49826619949291
2026-05-15 15:32:44	image-delete	delete_product_image	DELETE	https://oz-nails-wa.myshopify.com/admin/api/2024-10/products/9365614690539/images/49826620702955.json	9365614690539		images	200	OK	image_id=49826620702955
2026-05-15 15:32:46	image-delete	delete_product_image	DELETE	https://oz-nails-wa.myshopify.com/admin/api/2024-10/products/9365598109931/images/49826621456619.json	9365598109931		images	200	OK	image_id=49826621456619
2026-05-15 15:32:48	image-delete	delete_product_image	DELETE	https://oz-nails-wa.myshopify.com/admin/api/2024-10/products/9365599715563/images/49826622275819.json	9365599715563		images	200	OK	image_id=49826622275819
2026-05-15 15:32:50	image-delete	delete_product_image	DELETE	https://oz-nails-wa.myshopify.com/admin/api/2024-10/products/9365660008683/images/49826622505195.json	9365660008683		images	200	OK	image_id=49826622505195
2026-05-15 15:32:52	image-delete	delete_product_image	DELETE	https://oz-nails-wa.myshopify.com/admin/api/2024-10/products/9365660664043/images/49826622898411.json	9365660664043		images	200	OK	image_id=49826622898411
2026-05-15 15:32:54	image-delete	delete_product_image	DELETE	https://oz-nails-wa.myshopify.com/admin/api/2024-10/products/9365663318251/images/49826623193323.json	9365663318251		images	200	OK	image_id=49826623193323
2026-05-15 15:32:56	image-delete	delete_product_image	DELETE	https://oz-nails-wa.myshopify.com/admin/api/2024-10/products/9365663875307/images/49826623422699.json	9365663875307		images	200	OK	image_id=49826623422699
2026-05-15 15:32:58	image-delete	delete_product_image	DELETE	https://oz-nails-wa.myshopify.com/admin/api/2024-10/products/9365666332907/images/49826623848683.json	9365666332907		images	200	OK	image_id=49826623848683
2026-05-15 15:33:00	image-delete	delete_product_image	DELETE	https://oz-nails-wa.myshopify.com/admin/api/2024-10/products/9365667709163/images/49826624864491.json	9365667709163		images	200	OK	image_id=49826624864491
2026-05-15 15:33:02	image-delete	delete_product_image	DELETE	https://oz-nails-wa.myshopify.com/admin/api/2024-10/products/9365670953195/images/49826626207979.json	9365670953195		images	200	OK	image_id=49826626207979
2026-05-15 15:33:04	image-delete	delete_product_image	DELETE	https://oz-nails-wa.myshopify.com/admin/api/2024-10/products/9365654831339/images/49826628075755.json	9365654831339		images	200	OK	image_id=49826628075755
2026-05-15 15:33:05	image-delete	delete_product_image	DELETE	https://oz-nails-wa.myshopify.com/admin/api/2024-10/products/9365656568043/images/49826628960491.json	9365656568043		images	200	OK	image_id=49826628960491
2026-05-15 15:33:07	image-delete	delete_product_image	DELETE	https://oz-nails-wa.myshopify.com/admin/api/2024-10/products/9365714108651/images/49826630074603.json	9365714108651		images	200	OK	image_id=49826630074603
2026-05-15 15:33:09	image-delete	delete_product_image	DELETE	https://oz-nails-wa.myshopify.com/admin/api/2024-10/products/9365715845355/images/49826630795499.json	9365715845355		images	200	OK	image_id=49826630795499
2026-05-15 15:33:11	image-delete	delete_product_image	DELETE	https://oz-nails-wa.myshopify.com/admin/api/2024-10/products/9365716664555/images/49826631647467.json	9365716664555		images	200	OK	image_id=49826631647467
2026-05-15 15:33:13	image-delete	delete_product_image	DELETE	https://oz-nails-wa.myshopify.com/admin/api/2024-10/products/9365720269035/images/49826632302827.json	9365720269035		images	200	OK	image_id=49826632302827
2026-05-15 15:33:15	image-delete	delete_product_image	DELETE	https://oz-nails-wa.myshopify.com/admin/api/2024-10/products/9365722628331/images/49826632597739.json	9365722628331		images	200	OK	image_id=49826632597739
2026-05-15 15:33:17	image-delete	delete_product_image	DELETE	https://oz-nails-wa.myshopify.com/admin/api/2024-10/products/9365724692715/images/49826632990955.json	9365724692715		images	200	OK	image_id=49826632990955
2026-05-15 15:33:19	image-delete	delete_product_image	DELETE	https://oz-nails-wa.myshopify.com/admin/api/2024-10/products/9365726920939/images/49826633187563.json	9365726920939		images	200	OK	image_id=49826633187563
2026-05-15 15:33:21	image-delete	delete_product_image	DELETE	https://oz-nails-wa.myshopify.com/admin/api/2024-10/products/9365710635243/images/49826633449707.json	9365710635243		images	200	OK	image_id=49826633449707
2026-05-15 15:33:23	image-delete	delete_product_image	DELETE	https://oz-nails-wa.myshopify.com/admin/api/2024-10/products/9365711683819/images/49826634629355.json	9365711683819		images	200	OK	image_id=49826634629355
2026-05-15 15:33:25	image-delete	delete_product_image	DELETE	https://oz-nails-wa.myshopify.com/admin/api/2024-10/products/9365767913707/images/49826636234987.json	9365767913707		images	200	OK	image_id=49826636234987
2026-05-15 15:33:26	image-delete	delete_product_image	DELETE	https://oz-nails-wa.myshopify.com/admin/api/2024-10/products/9365769879787/images/49826637316331.json	9365769879787		images	200	OK	image_id=49826637316331
2026-05-15 15:33:28	image-delete	delete_product_image	DELETE	https://oz-nails-wa.myshopify.com/admin/api/2024-10/products/9365772501227/images/49826638233835.json	9365772501227		images	200	OK	image_id=49826638233835
2026-05-15 15:33:30	image-delete	delete_product_image	DELETE	https://oz-nails-wa.myshopify.com/admin/api/2024-10/products/9365774663915/images/49826639479019.json	9365774663915		images	200	OK	image_id=49826639479019
2026-05-15 15:33:32	image-delete	delete_product_image	DELETE	https://oz-nails-wa.myshopify.com/admin/api/2024-10/products/9365776105707/images/49826648883435.json	9365776105707		images	200	OK	image_id=49826648883435
2026-05-15 15:33:35	image-delete	delete_product_image	DELETE	https://oz-nails-wa.myshopify.com/admin/api/2024-10/products/9365778432235/images/49826649440491.json	9365778432235		images	200	OK	image_id=49826649440491
2026-05-15 15:33:37	image-delete	delete_product_image	DELETE	https://oz-nails-wa.myshopify.com/admin/api/2024-10/products/9365781119211/images/49826658091243.json	9365781119211		images	200	OK	image_id=49826658091243
2026-05-15 15:33:39	image-delete	delete_product_image	DELETE	https://oz-nails-wa.myshopify.com/admin/api/2024-10/products/9365764374763/images/49826658320619.json	9365764374763		images	200	OK	image_id=49826658320619
2026-05-15 15:33:41	image-delete	delete_product_image	DELETE	https://oz-nails-wa.myshopify.com/admin/api/2024-10/products/9365766373611/images/49826660614379.json	9365766373611		images	200	OK	image_id=49826660614379
2026-05-15 15:33:43	image-delete	delete_product_image	DELETE	https://oz-nails-wa.myshopify.com/admin/api/2024-10/products/9365820571883/images/49826660778219.json	9365820571883		images	200	OK	image_id=49826660778219
2026-05-15 15:33:45	image-delete	delete_product_image	DELETE	https://oz-nails-wa.myshopify.com/admin/api/2024-10/products/9365822636267/images/49826661171435.json	9365822636267		images	200	OK	image_id=49826661171435
2026-05-15 15:33:47	image-delete	delete_product_image	DELETE	https://oz-nails-wa.myshopify.com/admin/api/2024-10/products/9365824569579/images/49826662154475.json	9365824569579		images	200	OK	image_id=49826662154475
2026-05-15 15:33:49	image-delete	delete_product_image	DELETE	https://oz-nails-wa.myshopify.com/admin/api/2024-10/products/9365826109675/images/49826662908139.json	9365826109675		images	200	OK	image_id=49826662908139
2026-05-15 15:33:51	image-delete	delete_product_image	DELETE	https://oz-nails-wa.myshopify.com/admin/api/2024-10/products/9365826470123/images/49826663760107.json	9365826470123		images	200	OK	image_id=49826663760107
2026-05-15 15:33:53	image-delete	delete_product_image	DELETE	https://oz-nails-wa.myshopify.com/admin/api/2024-10/products/9365829255403/images/49826664906987.json	9365829255403		images	200	OK	image_id=49826664906987
2026-05-15 15:33:55	image-delete	delete_product_image	DELETE	https://oz-nails-wa.myshopify.com/admin/api/2024-10/products/9365833842923/images/49826666381547.json	9365833842923		images	200	OK	image_id=49826666381547
2026-05-15 15:33:56	image-delete	delete_product_image	DELETE	https://oz-nails-wa.myshopify.com/admin/api/2024-10/products/9365815427307/images/49826666905835.json	9365815427307		images	200	OK	image_id=49826666905835
2026-05-15 15:33:59	image-delete	delete_product_image	DELETE	https://oz-nails-wa.myshopify.com/admin/api/2024-10/products/9365816082667/images/49826672673003.json	9365816082667		images	200	OK	image_id=49826672673003
2026-05-15 15:34:00	image-delete	delete_product_image	DELETE	https://oz-nails-wa.myshopify.com/admin/api/2024-10/products/9365621276907/images/49826672869611.json	9365621276907		images	200	OK	image_id=49826672869611
2026-05-15 15:34:02	image-delete	delete_product_image	DELETE	https://oz-nails-wa.myshopify.com/admin/api/2024-10/products/9365623636203/images/49826673131755.json	9365623636203		images	200	OK	image_id=49826673131755
2026-05-15 15:34:05	image-delete	delete_product_image	DELETE	https://oz-nails-wa.myshopify.com/admin/api/2024-10/products/9365626159339/images/49826673393899.json	9365626159339		images	200	OK	image_id=49826673393899
2026-05-15 15:34:07	image-delete	delete_product_image	DELETE	https://oz-nails-wa.myshopify.com/admin/api/2024-10/products/9365627338987/images/49826673656043.json	9365627338987		images	200	OK	image_id=49826673656043
2026-05-15 15:34:09	image-delete	delete_product_image	DELETE	https://oz-nails-wa.myshopify.com/admin/api/2024-10/products/9365629960427/images/49826673918187.json	9365629960427		images	200	OK	image_id=49826673918187
2026-05-15 15:34:11	image-delete	delete_product_image	DELETE	https://oz-nails-wa.myshopify.com/admin/api/2024-10/products/9365631172843/images/49826674802923.json	9365631172843		images	200	OK	image_id=49826674802923
2026-05-15 15:34:13	image-delete	delete_product_image	DELETE	https://oz-nails-wa.myshopify.com/admin/api/2024-10/products/9365634842859/images/49826675687659.json	9365634842859		images	200	OK	image_id=49826675687659
2026-05-15 15:34:15	image-delete	delete_product_image	DELETE	https://oz-nails-wa.myshopify.com/admin/api/2024-10/products/9365618098411/images/49826676343019.json	9365618098411		images	200	OK	image_id=49826676343019
2026-05-15 15:34:17	image-delete	delete_product_image	DELETE	https://oz-nails-wa.myshopify.com/admin/api/2024-10/products/9365619114219/images/49826677522667.json	9365619114219		images	200	OK	image_id=49826677522667
2026-05-15 15:34:18	image-delete	delete_product_image	DELETE	https://oz-nails-wa.myshopify.com/admin/api/2024-10/products/9365678653675/images/49826678997227.json	9365678653675		images	200	OK	image_id=49826678997227
2026-05-15 15:34:20	image-delete	delete_product_image	DELETE	https://oz-nails-wa.myshopify.com/admin/api/2024-10/products/9365679997163/images/49826679587051.json	9365679997163		images	200	OK	image_id=49826679587051
2026-05-15 15:34:23	image-delete	delete_product_image	DELETE	https://oz-nails-wa.myshopify.com/admin/api/2024-10/products/9365681209579/images/49826679750891.json	9365681209579		images	200	OK	image_id=49826679750891
2026-05-15 15:34:25	image-delete	delete_product_image	DELETE	https://oz-nails-wa.myshopify.com/admin/api/2024-10/products/9365683339499/images/49826680176875.json	9365683339499		images	200	OK	image_id=49826680176875
2026-05-15 15:34:26	image-delete	delete_product_image	DELETE	https://oz-nails-wa.myshopify.com/admin/api/2024-10/products/9365685600491/images/49826680340715.json	9365685600491		images	200	OK	image_id=49826680340715
2026-05-15 15:34:28	image-delete	delete_product_image	DELETE	https://oz-nails-wa.myshopify.com/admin/api/2024-10/products/9365688287467/images/49826680537323.json	9365688287467		images	200	OK	image_id=49826680537323
2026-05-15 15:34:30	image-delete	delete_product_image	DELETE	https://oz-nails-wa.myshopify.com/admin/api/2024-10/products/9365690286315/images/49826680799467.json	9365690286315		images	200	OK	image_id=49826680799467
2026-05-15 15:34:32	image-delete	delete_product_image	DELETE	https://oz-nails-wa.myshopify.com/admin/api/2024-10/products/9365673050347/images/49826680930539.json	9365673050347		images	200	OK	image_id=49826680930539
2026-05-15 15:34:34	image-delete	delete_product_image	DELETE	https://oz-nails-wa.myshopify.com/admin/api/2024-10/products/9365676753131/images/49826681651435.json	9365676753131		images	200	OK	image_id=49826681651435
2026-05-15 15:34:36	image-delete	delete_product_image	DELETE	https://oz-nails-wa.myshopify.com/admin/api/2024-10/products/9365731442923/images/49826682405099.json	9365731442923		images	200	OK	image_id=49826682405099
2026-05-15 15:34:38	image-delete	delete_product_image	DELETE	https://oz-nails-wa.myshopify.com/admin/api/2024-10/products/9365732065515/images/49826683093227.json	9365732065515		images	200	OK	image_id=49826683093227
2026-05-15 15:34:41	image-delete	delete_product_image	DELETE	https://oz-nails-wa.myshopify.com/admin/api/2024-10/products/9365736849643/images/49826684043499.json	9365736849643		images	200	OK	image_id=49826684043499
2026-05-15 15:34:42	image-delete	delete_product_image	DELETE	https://oz-nails-wa.myshopify.com/admin/api/2024-10/products/9365738881259/images/49826685321451.json	9365738881259		images	200	OK	image_id=49826685321451
2026-05-15 15:34:45	image-delete	delete_product_image	DELETE	https://oz-nails-wa.myshopify.com/admin/api/2024-10/products/9365741043947/images/49826686271723.json	9365741043947		images	200	OK	image_id=49826686271723
2026-05-15 15:34:47	image-delete	delete_product_image	DELETE	https://oz-nails-wa.myshopify.com/admin/api/2024-10/products/9365743501547/images/49826686435563.json	9365743501547		images	200	OK	image_id=49826686435563
2026-05-15 15:34:49	image-delete	delete_product_image	DELETE	https://oz-nails-wa.myshopify.com/admin/api/2024-10/products/9365744746731/images/49826687353067.json	9365744746731		images	200	OK	image_id=49826687353067
2026-05-15 15:34:51	image-delete	delete_product_image	DELETE	https://oz-nails-wa.myshopify.com/admin/api/2024-10/products/9365728461035/images/49826687779051.json	9365728461035		images	200	OK	image_id=49826687779051
2026-05-15 15:34:53	image-delete	delete_product_image	DELETE	https://oz-nails-wa.myshopify.com/admin/api/2024-10/products/9365730787563/images/49826688008427.json	9365730787563		images	200	OK	image_id=49826688008427
2026-05-15 15:34:55	image-delete	delete_product_image	DELETE	https://oz-nails-wa.myshopify.com/admin/api/2024-10/products/9365788033259/images/49826688172267.json	9365788033259		images	200	OK	image_id=49826688172267
2026-05-15 15:34:57	image-delete	delete_product_image	DELETE	https://oz-nails-wa.myshopify.com/admin/api/2024-10/products/9365790654699/images/49826688401643.json	9365790654699		images	200	OK	image_id=49826688401643
2026-05-15 15:34:59	image-delete	delete_product_image	DELETE	https://oz-nails-wa.myshopify.com/admin/api/2024-10/products/9365791899883/images/49826689089771.json	9365791899883		images	200	OK	image_id=49826689089771
2026-05-15 15:35:01	image-delete	delete_product_image	DELETE	https://oz-nails-wa.myshopify.com/admin/api/2024-10/products/9365793800427/images/49826689974507.json	9365793800427		images	200	OK	image_id=49826689974507
2026-05-15 15:35:03	image-delete	delete_product_image	DELETE	https://oz-nails-wa.myshopify.com/admin/api/2024-10/products/9365796192491/images/49826690760939.json	9365796192491		images	200	OK	image_id=49826690760939
2026-05-15 15:35:05	image-delete	delete_product_image	DELETE	https://oz-nails-wa.myshopify.com/admin/api/2024-10/products/9365796946155/images/49826691776747.json	9365796946155		images	200	OK	image_id=49826691776747
2026-05-15 15:35:07	image-delete	delete_product_image	DELETE	https://oz-nails-wa.myshopify.com/admin/api/2024-10/products/9365798191339/images/49826693284075.json	9365798191339		images	200	OK	image_id=49826693284075
2026-05-15 15:35:09	image-delete	delete_product_image	DELETE	https://oz-nails-wa.myshopify.com/admin/api/2024-10/products/9365783118059/images/49826694594795.json	9365783118059		images	200	OK	image_id=49826694594795
2026-05-15 15:35:11	image-delete	delete_product_image	DELETE	https://oz-nails-wa.myshopify.com/admin/api/2024-10/products/9365786951915/images/49826695348459.json	9365786951915		images	200	OK	image_id=49826695348459
2026-05-15 15:35:13	image-delete	delete_product_image	DELETE	https://oz-nails-wa.myshopify.com/admin/api/2024-10/products/9365840003307/images/49826695577835.json	9365840003307		images	200	OK	image_id=49826695577835
2026-05-15 15:35:15	image-delete	delete_product_image	DELETE	https://oz-nails-wa.myshopify.com/admin/api/2024-10/products/9365840494827/images/49826695839979.json	9365840494827		images	200	OK	image_id=49826695839979
2026-05-15 15:35:17	image-delete	delete_product_image	DELETE	https://oz-nails-wa.myshopify.com/admin/api/2024-10/products/9365841150187/images/49826696036587.json	9365841150187		images	200	OK	image_id=49826696036587
2026-05-15 15:35:19	image-delete	delete_product_image	DELETE	https://oz-nails-wa.myshopify.com/admin/api/2024-10/products/9365843247339/images/49826696265963.json	9365843247339		images	200	OK	image_id=49826696265963
2026-05-15 15:35:21	image-delete	delete_product_image	DELETE	https://oz-nails-wa.myshopify.com/admin/api/2024-10/products/9365843640555/images/49826696429803.json	9365843640555		images	200	OK	image_id=49826696429803
2026-05-15 15:35:23	image-delete	delete_product_image	DELETE	https://oz-nails-wa.myshopify.com/admin/api/2024-10/products/9365846032619/images/49826697085163.json	9365846032619		images	200	OK	image_id=49826697085163
2026-05-15 15:35:25	image-delete	delete_product_image	DELETE	https://oz-nails-wa.myshopify.com/admin/api/2024-10/products/9365846229227/images/49826698002667.json	9365846229227		images	200	OK	image_id=49826698002667
2026-05-15 15:35:27	image-delete	delete_product_image	DELETE	https://oz-nails-wa.myshopify.com/admin/api/2024-10/products/9365835415787/images/49826699051243.json	9365835415787		images	200	OK	image_id=49826699051243
2026-05-15 15:35:29	image-delete	delete_product_image	DELETE	https://oz-nails-wa.myshopify.com/admin/api/2024-10/products/9365835841771/images/49826700099819.json	9365835841771		images	200	OK	image_id=49826700099819
2026-05-15 15:35:45	image-delete	delete_product_image	DELETE	https://oz-nails-wa.myshopify.com/admin/api/2024-10/products/9364844773611/images/49826700787947.json	9364844773611		images	200	OK	image_id=49826700787947
2026-05-15 15:35:47	image-delete	delete_product_image	DELETE	https://oz-nails-wa.myshopify.com/admin/api/2024-10/products/9364844806379/images/49826701476075.json	9364844806379		images	200	OK	image_id=49826701476075
2026-05-15 15:35:49	image-delete	delete_product_image	DELETE	https://oz-nails-wa.myshopify.com/admin/api/2024-10/products/9364844839147/images/49826701836523.json	9364844839147		images	200	OK	image_id=49826701836523
2026-05-15 15:35:52	image-delete	delete_product_image	DELETE	https://oz-nails-wa.myshopify.com/admin/api/2024-10/products/9365100298475/images/49826702164203.json	9365100298475		images	200	OK	image_id=49826702164203
2026-05-15 15:35:54	image-delete	delete_product_image	DELETE	https://oz-nails-wa.myshopify.com/admin/api/2024-10/products/9364759314667/images/49826702459115.json	9364759314667		images	200	OK	image_id=49826702459115
2026-05-15 15:35:56	image-delete	delete_product_image	DELETE	https://oz-nails-wa.myshopify.com/admin/api/2024-10/products/9364759347435/images/49826703016171.json	9364759347435		images	200	OK	image_id=49826703016171
2026-05-15 15:35:58	image-delete	delete_product_image	DELETE	https://oz-nails-wa.myshopify.com/admin/api/2024-10/products/9364759380203/images/49826704851179.json	9364759380203		images	200	OK	image_id=49826704851179
2026-05-15 15:36:00	image-delete	delete_product_image	DELETE	https://oz-nails-wa.myshopify.com/admin/api/2024-10/products/9364759412971/images/49826706161899.json	9364759412971		images	200	OK	image_id=49826706161899
2026-05-15 15:36:02	image-delete	delete_product_image	DELETE	https://oz-nails-wa.myshopify.com/admin/api/2024-10/products/9364759445739/images/49826707931371.json	9364759445739		images	200	OK	image_id=49826707931371
2026-05-15 15:36:04	image-delete	delete_product_image	DELETE	https://oz-nails-wa.myshopify.com/admin/api/2024-10/products/9364759478507/images/49826710061291.json	9364759478507		images	200	OK	image_id=49826710061291
2026-05-15 15:36:06	image-delete	delete_product_image	DELETE	https://oz-nails-wa.myshopify.com/admin/api/2024-10/products/9364844871915/images/49826711011563.json	9364844871915		images	200	OK	image_id=49826711011563
2026-05-15 15:36:08	image-delete	delete_product_image	DELETE	https://oz-nails-wa.myshopify.com/admin/api/2024-10/products/9364844904683/images/49826712092907.json	9364844904683		images	200	OK	image_id=49826712092907
2026-05-15 15:36:10	image-delete	delete_product_image	DELETE	https://oz-nails-wa.myshopify.com/admin/api/2024-10/products/9364759511275/images/49826713567467.json	9364759511275		images	200	OK	image_id=49826713567467
2026-05-15 15:36:12	image-delete	delete_product_image	DELETE	https://oz-nails-wa.myshopify.com/admin/api/2024-10/products/9364759544043/images/49826714681579.json	9364759544043		images	200	OK	image_id=49826714681579
2026-05-15 15:36:14	image-delete	delete_product_image	DELETE	https://oz-nails-wa.myshopify.com/admin/api/2024-10/products/9364759576811/images/49826715107563.json	9364759576811		images	200	OK	image_id=49826715107563
2026-05-15 15:36:15	image-delete	delete_product_image	DELETE	https://oz-nails-wa.myshopify.com/admin/api/2024-10/products/9364844970219/images/49826715959531.json	9364844970219		images	200	OK	image_id=49826715959531
2026-05-15 15:36:17	image-delete	delete_product_image	DELETE	https://oz-nails-wa.myshopify.com/admin/api/2024-10/products/9364759609579/images/49826717040875.json	9364759609579		images	200	OK	image_id=49826717040875
2026-05-15 15:36:19	image-delete	delete_product_image	DELETE	https://oz-nails-wa.myshopify.com/admin/api/2024-10/products/9365150925035/images/49826718220523.json	9365150925035		images	200	OK	image_id=49826718220523
2026-05-15 15:36:21	image-delete	delete_product_image	DELETE	https://oz-nails-wa.myshopify.com/admin/api/2024-10/products/9364759675115/images/49826719138027.json	9364759675115		images	200	OK	image_id=49826719138027
2026-05-15 15:36:23	image-delete	delete_product_image	DELETE	https://oz-nails-wa.myshopify.com/admin/api/2024-10/products/9364759740651/images/49826719465707.json	9364759740651		images	200	OK	image_id=49826719465707
2026-05-15 15:36:25	image-delete	delete_product_image	DELETE	https://oz-nails-wa.myshopify.com/admin/api/2024-10/products/9364759773419/images/49826720743659.json	9364759773419		images	200	OK	image_id=49826720743659
2026-05-15 15:36:27	image-delete	delete_product_image	DELETE	https://oz-nails-wa.myshopify.com/admin/api/2024-10/products/9364845002987/images/49826721825003.json	9364845002987		images	200	OK	image_id=49826721825003
2026-05-15 15:36:29	image-delete	delete_product_image	DELETE	https://oz-nails-wa.myshopify.com/admin/api/2024-10/products/9364845035755/images/49826723037419.json	9364845035755		images	200	OK	image_id=49826723037419
2026-05-15 15:36:31	image-delete	delete_product_image	DELETE	https://oz-nails-wa.myshopify.com/admin/api/2024-10/products/9364845068523/images/49826723856619.json	9364845068523		images	200	OK	image_id=49826723856619
2026-05-15 15:36:33	image-delete	delete_product_image	DELETE	https://oz-nails-wa.myshopify.com/admin/api/2024-10/products/9364845101291/images/49826724937963.json	9364845101291		images	200	OK	image_id=49826724937963
2026-05-15 15:36:36	image-delete	delete_product_image	DELETE	https://oz-nails-wa.myshopify.com/admin/api/2024-10/products/9364845134059/images/49826726019307.json	9364845134059		images	200	OK	image_id=49826726019307
2026-05-15 15:36:37	image-delete	delete_product_image	DELETE	https://oz-nails-wa.myshopify.com/admin/api/2024-10/products/9364759838955/images/49826727461099.json	9364759838955		images	200	OK	image_id=49826727461099
2026-05-15 15:36:39	image-delete	delete_product_image	DELETE	https://oz-nails-wa.myshopify.com/admin/api/2024-10/products/9364759871723/images/49826727887083.json	9364759871723		images	200	OK	image_id=49826727887083
2026-05-15 15:36:41	image-delete	delete_product_image	DELETE	https://oz-nails-wa.myshopify.com/admin/api/2024-10/products/9364759904491/images/49826728149227.json	9364759904491		images	200	OK	image_id=49826728149227
2026-05-15 15:36:43	image-delete	delete_product_image	DELETE	https://oz-nails-wa.myshopify.com/admin/api/2024-10/products/9364760789227/images/49826728378603.json	9364760789227		images	200	OK	image_id=49826728378603
2026-05-15 15:36:45	image-delete	delete_product_image	DELETE	https://oz-nails-wa.myshopify.com/admin/api/2024-10/products/9364760821995/images/49826728640747.json	9364760821995		images	200	OK	image_id=49826728640747
2026-05-15 15:36:47	image-delete	delete_product_image	DELETE	https://oz-nails-wa.myshopify.com/admin/api/2024-10/products/9364760854763/images/49826728837355.json	9364760854763		images	200	OK	image_id=49826728837355
2026-05-15 15:36:49	image-delete	delete_product_image	DELETE	https://oz-nails-wa.myshopify.com/admin/api/2024-10/products/9364760887531/images/49826729066731.json	9364760887531		images	200	OK	image_id=49826729066731
2026-05-15 15:36:51	image-delete	delete_product_image	DELETE	https://oz-nails-wa.myshopify.com/admin/api/2024-10/products/9364760920299/images/49826729689323.json	9364760920299		images	200	OK	image_id=49826729689323
2026-05-15 15:36:53	image-delete	delete_product_image	DELETE	https://oz-nails-wa.myshopify.com/admin/api/2024-10/products/9364760953067/images/49826730639595.json	9364760953067		images	200	OK	image_id=49826730639595
2026-05-15 15:36:55	image-delete	delete_product_image	DELETE	https://oz-nails-wa.myshopify.com/admin/api/2024-10/products/9364761018603/images/49826731458795.json	9364761018603		images	200	OK	image_id=49826731458795
2026-05-15 15:36:57	image-delete	delete_product_image	DELETE	https://oz-nails-wa.myshopify.com/admin/api/2024-10/products/9364761051371/images/49826732671211.json	9364761051371		images	200	OK	image_id=49826732671211
2026-05-15 15:36:59	image-delete	delete_product_image	DELETE	https://oz-nails-wa.myshopify.com/admin/api/2024-10/products/9364761084139/images/49826734080235.json	9364761084139		images	200	OK	image_id=49826734080235
2026-05-15 15:37:01	image-delete	delete_product_image	DELETE	https://oz-nails-wa.myshopify.com/admin/api/2024-10/products/9364761149675/images/49826735194347.json	9364761149675		images	200	OK	image_id=49826735194347
2026-05-15 15:37:03	image-delete	delete_product_image	DELETE	https://oz-nails-wa.myshopify.com/admin/api/2024-10/products/9364761182443/images/49826735849707.json	9364761182443		images	200	OK	image_id=49826735849707
2026-05-15 15:37:04	image-delete	delete_product_image	DELETE	https://oz-nails-wa.myshopify.com/admin/api/2024-10/products/9364761215211/images/49826736144619.json	9364761215211		images	200	OK	image_id=49826736144619
2026-05-15 15:37:06	image-delete	delete_product_image	DELETE	https://oz-nails-wa.myshopify.com/admin/api/2024-10/products/9364761247979/images/49826736406763.json	9364761247979		images	200	OK	image_id=49826736406763
2026-05-15 15:37:08	image-delete	delete_product_image	DELETE	https://oz-nails-wa.myshopify.com/admin/api/2024-10/products/9364761280747/images/49826736668907.json	9364761280747		images	200	OK	image_id=49826736668907
2026-05-15 15:37:10	image-delete	delete_product_image	DELETE	https://oz-nails-wa.myshopify.com/admin/api/2024-10/products/9364761313515/images/49826736931051.json	9364761313515		images	200	OK	image_id=49826736931051
2026-05-15 15:37:12	image-delete	delete_product_image	DELETE	https://oz-nails-wa.myshopify.com/admin/api/2024-10/products/9364761346283/images/49826737225963.json	9364761346283		images	200	OK	image_id=49826737225963
2026-05-15 15:37:14	image-delete	delete_product_image	DELETE	https://oz-nails-wa.myshopify.com/admin/api/2024-10/products/9364761379051/images/49826737717483.json	9364761379051		images	200	OK	image_id=49826737717483
2026-05-15 15:37:16	image-delete	delete_product_image	DELETE	https://oz-nails-wa.myshopify.com/admin/api/2024-10/products/9364761411819/images/49826738438379.json	9364761411819		images	200	OK	image_id=49826738438379
2026-05-15 15:37:18	image-delete	delete_product_image	DELETE	https://oz-nails-wa.myshopify.com/admin/api/2024-10/products/9364761477355/images/49826738962667.json	9364761477355		images	200	OK	image_id=49826738962667
2026-05-15 15:37:20	image-delete	delete_product_image	DELETE	https://oz-nails-wa.myshopify.com/admin/api/2024-10/products/9364761510123/images/49826739847403.json	9364761510123		images	200	OK	image_id=49826739847403
2026-05-15 15:37:22	image-delete	delete_product_image	DELETE	https://oz-nails-wa.myshopify.com/admin/api/2024-10/products/9364759970027/images/49826740633835.json	9364759970027		images	200	OK	image_id=49826740633835
2026-05-15 15:37:23	image-delete	delete_product_image	DELETE	https://oz-nails-wa.myshopify.com/admin/api/2024-10/products/9365225373931/images/49826741584107.json	9365225373931		images	200	OK	image_id=49826741584107
2026-05-15 15:37:25	image-delete	delete_product_image	DELETE	https://oz-nails-wa.myshopify.com/admin/api/2024-10/products/9364760035563/images/49826743025899.json	9364760035563		images	200	OK	image_id=49826743025899
2026-05-15 15:37:27	image-delete	delete_product_image	DELETE	https://oz-nails-wa.myshopify.com/admin/api/2024-10/products/9364760002795/images/49826743255275.json	9364760002795		images	200	OK	image_id=49826743255275
2026-05-15 15:37:29	image-delete	delete_product_image	DELETE	https://oz-nails-wa.myshopify.com/admin/api/2024-10/products/9364760068331/images/49826743812331.json	9364760068331		images	200	OK	image_id=49826743812331
2026-05-15 15:37:31	image-delete	delete_product_image	DELETE	https://oz-nails-wa.myshopify.com/admin/api/2024-10/products/9364760101099/images/49826744172779.json	9364760101099		images	200	OK	image_id=49826744172779
2026-05-15 15:37:33	image-delete	delete_product_image	DELETE	https://oz-nails-wa.myshopify.com/admin/api/2024-10/products/9364845166827/images/49826744631531.json	9364845166827		images	200	OK	image_id=49826744631531
2026-05-15 15:37:35	image-delete	delete_product_image	DELETE	https://oz-nails-wa.myshopify.com/admin/api/2024-10/products/9364759937259/images/49826744828139.json	9364759937259		images	200	OK	image_id=49826744828139
2026-05-15 15:37:37	image-delete	delete_product_image	DELETE	https://oz-nails-wa.myshopify.com/admin/api/2024-10/products/9364845265131/images/49826745090283.json	9364845265131		images	200	OK	image_id=49826745090283
2026-05-15 15:37:39	image-delete	delete_product_image	DELETE	https://oz-nails-wa.myshopify.com/admin/api/2024-10/products/9364760133867/images/49826745745643.json	9364760133867		images	200	OK	image_id=49826745745643
2026-05-15 15:37:40	image-delete	delete_product_image	DELETE	https://oz-nails-wa.myshopify.com/admin/api/2024-10/products/9364760166635/images/49826746597611.json	9364760166635		images	200	OK	image_id=49826746597611
2026-05-15 15:37:42	image-delete	delete_product_image	DELETE	https://oz-nails-wa.myshopify.com/admin/api/2024-10/products/9364760232171/images/49826747449579.json	9364760232171		images	200	OK	image_id=49826747449579
2026-05-15 15:37:44	image-delete	delete_product_image	DELETE	https://oz-nails-wa.myshopify.com/admin/api/2024-10/products/9364760264939/images/49826748170475.json	9364760264939		images	200	OK	image_id=49826748170475
2026-05-15 15:37:46	image-delete	delete_product_image	DELETE	https://oz-nails-wa.myshopify.com/admin/api/2024-10/products/9364845330667/images/49826748760299.json	9364845330667		images	200	OK	image_id=49826748760299
2026-05-15 15:37:48	image-delete	delete_product_image	DELETE	https://oz-nails-wa.myshopify.com/admin/api/2024-10/products/9364760297707/images/49826749481195.json	9364760297707		images	200	OK	image_id=49826749481195
2026-05-15 15:37:50	image-delete	delete_product_image	DELETE	https://oz-nails-wa.myshopify.com/admin/api/2024-10/products/9364845297899/images/49826749841643.json	9364845297899		images	200	OK	image_id=49826749841643
2026-05-15 15:37:52	image-delete	delete_product_image	DELETE	https://oz-nails-wa.myshopify.com/admin/api/2024-10/products/9364845363435/images/49826750103787.json	9364845363435		images	200	OK	image_id=49826750103787
2026-05-15 15:37:54	image-delete	delete_product_image	DELETE	https://oz-nails-wa.myshopify.com/admin/api/2024-10/products/9364845396203/images/49826750365931.json	9364845396203		images	200	OK	image_id=49826750365931
2026-05-15 15:37:55	image-delete	delete_product_image	DELETE	https://oz-nails-wa.myshopify.com/admin/api/2024-10/products/9364845428971/images/49826750660843.json	9364845428971		images	200	OK	image_id=49826750660843
2026-05-15 15:37:57	image-delete	delete_product_image	DELETE	https://oz-nails-wa.myshopify.com/admin/api/2024-10/products/9364845461739/images/49826750890219.json	9364845461739		images	200	OK	image_id=49826750890219
2026-05-15 15:37:59	image-delete	delete_product_image	DELETE	https://oz-nails-wa.myshopify.com/admin/api/2024-10/products/9365151088875/images/49826751283435.json	9365151088875		images	200	OK	image_id=49826751283435
2026-05-15 15:38:01	image-delete	delete_product_image	DELETE	https://oz-nails-wa.myshopify.com/admin/api/2024-10/products/9364845527275/images/49826752266475.json	9364845527275		images	200	OK	image_id=49826752266475
2026-05-15 15:38:03	image-delete	delete_product_image	DELETE	https://oz-nails-wa.myshopify.com/admin/api/2024-10/products/9364760330475/images/49826753085675.json	9364760330475		images	200	OK	image_id=49826753085675
2026-05-15 15:38:05	image-delete	delete_product_image	DELETE	https://oz-nails-wa.myshopify.com/admin/api/2024-10/products/9364845560043/images/49826753970411.json	9364845560043		images	200	OK	image_id=49826753970411
2026-05-15 15:38:07	image-delete	delete_product_image	DELETE	https://oz-nails-wa.myshopify.com/admin/api/2024-10/products/9364845592811/images/49826754953451.json	9364845592811		images	200	OK	image_id=49826754953451
2026-05-15 15:38:08	image-delete	delete_product_image	DELETE	https://oz-nails-wa.myshopify.com/admin/api/2024-10/products/9364845723883/images/49826755641579.json	9364845723883		images	200	OK	image_id=49826755641579
2026-05-15 15:38:10	image-delete	delete_product_image	DELETE	https://oz-nails-wa.myshopify.com/admin/api/2024-10/products/9364760625387/images/49826756919531.json	9364760625387		images	200	OK	image_id=49826756919531
2026-05-15 15:38:12	image-delete	delete_product_image	DELETE	https://oz-nails-wa.myshopify.com/admin/api/2024-10/products/9364760592619/images/49826757181675.json	9364760592619		images	200	OK	image_id=49826757181675
2026-05-15 15:38:14	image-delete	delete_product_image	DELETE	https://oz-nails-wa.myshopify.com/admin/api/2024-10/products/9364760658155/images/49826757476587.json	9364760658155		images	200	OK	image_id=49826757476587
2026-05-15 15:38:16	image-delete	delete_product_image	DELETE	https://oz-nails-wa.myshopify.com/admin/api/2024-10/products/9364845854955/images/49826757673195.json	9364845854955		images	200	OK	image_id=49826757673195
2026-05-15 15:38:18	image-delete	delete_product_image	DELETE	https://oz-nails-wa.myshopify.com/admin/api/2024-10/products/9364845887723/images/49826757902571.json	9364845887723		images	200	OK	image_id=49826757902571
2026-05-15 15:38:20	image-delete	delete_product_image	DELETE	https://oz-nails-wa.myshopify.com/admin/api/2024-10/products/9364760723691/images/49826758131947.json	9364760723691		images	200	OK	image_id=49826758131947
2026-05-15 15:38:22	image-delete	delete_product_image	DELETE	https://oz-nails-wa.myshopify.com/admin/api/2024-10/products/9364760756459/images/49826758590699.json	9364760756459		images	200	OK	image_id=49826758590699
2026-05-15 15:38:23	image-delete	delete_product_image	DELETE	https://oz-nails-wa.myshopify.com/admin/api/2024-10/products/9364845920491/images/49826759311595.json	9364845920491		images	200	OK	image_id=49826759311595
2026-05-15 15:38:25	image-delete	delete_product_image	DELETE	https://oz-nails-wa.myshopify.com/admin/api/2024-10/products/9365128413419/images/49826760196331.json	9365128413419		images	200	OK	image_id=49826760196331
2026-05-15 15:38:27	image-delete	delete_product_image	DELETE	https://oz-nails-wa.myshopify.com/admin/api/2024-10/products/9364845756651/images/49826761146603.json	9364845756651		images	200	OK	image_id=49826761146603
2026-05-15 15:38:29	image-delete	delete_product_image	DELETE	https://oz-nails-wa.myshopify.com/admin/api/2024-10/products/9364760396011/images/49826762096875.json	9364760396011		images	200	OK	image_id=49826762096875
2026-05-15 15:38:31	image-delete	delete_product_image	DELETE	https://oz-nails-wa.myshopify.com/admin/api/2024-10/products/9364760428779/images/49826762948843.json	9364760428779		images	200	OK	image_id=49826762948843
2026-05-15 15:38:33	image-delete	delete_product_image	DELETE	https://oz-nails-wa.myshopify.com/admin/api/2024-10/products/9364760461547/images/49826763866347.json	9364760461547		images	200	OK	image_id=49826763866347
2026-05-15 15:38:35	image-delete	delete_product_image	DELETE	https://oz-nails-wa.myshopify.com/admin/api/2024-10/products/9364845789419/images/49826764882155.json	9364845789419		images	200	OK	image_id=49826764882155
2026-05-15 15:38:37	image-delete	delete_product_image	DELETE	https://oz-nails-wa.myshopify.com/admin/api/2024-10/products/9364760494315/images/49826765504747.json	9364760494315		images	200	OK	image_id=49826765504747
2026-05-15 15:38:39	image-delete	delete_product_image	DELETE	https://oz-nails-wa.myshopify.com/admin/api/2024-10/products/9364760527083/images/49826766192875.json	9364760527083		images	200	OK	image_id=49826766192875
2026-05-15 15:38:41	image-delete	delete_product_image	DELETE	https://oz-nails-wa.myshopify.com/admin/api/2024-10/products/9364761542891/images/49826766520555.json	9364761542891		images	200	OK	image_id=49826766520555
2026-05-15 15:38:43	image-delete	delete_product_image	DELETE	https://oz-nails-wa.myshopify.com/admin/api/2024-10/products/9367572119787/images/49826766749931.json	9367572119787		images	200	OK	image_id=49826766749931
2026-05-15 15:38:45	image-delete	delete_product_image	DELETE	https://oz-nails-wa.myshopify.com/admin/api/2024-10/products/9364845953259/images/49826767569131.json	9364845953259		images	200	OK	image_id=49826767569131
2026-05-15 15:38:46	image-delete	delete_product_image	DELETE	https://oz-nails-wa.myshopify.com/admin/api/2024-10/products/9364846084331/images/49826768617707.json	9364846084331		images	200	OK	image_id=49826768617707
2026-05-15 15:38:49	image-delete	delete_product_image	DELETE	https://oz-nails-wa.myshopify.com/admin/api/2024-10/products/9364846149867/images/49826769633515.json	9364846149867		images	200	OK	image_id=49826769633515
2026-05-15 15:38:51	image-delete	delete_product_image	DELETE	https://oz-nails-wa.myshopify.com/admin/api/2024-10/products/9364846608619/images/49826771370219.json	9364846608619		images	200	OK	image_id=49826771370219
2026-05-15 15:38:53	image-delete	delete_product_image	DELETE	https://oz-nails-wa.myshopify.com/admin/api/2024-10/products/9364846641387/images/49826772877547.json	9364846641387		images	200	OK	image_id=49826772877547
2026-05-15 15:38:55	image-delete	delete_product_image	DELETE	https://oz-nails-wa.myshopify.com/admin/api/2024-10/products/9364846706923/images/49826774319339.json	9364846706923		images	200	OK	image_id=49826774319339
2026-05-15 15:38:57	image-delete	delete_product_image	DELETE	https://oz-nails-wa.myshopify.com/admin/api/2024-10/products/9364846739691/images/49826775269611.json	9364846739691		images	200	OK	image_id=49826775269611
2026-05-15 15:38:58	image-delete	delete_product_image	DELETE	https://oz-nails-wa.myshopify.com/admin/api/2024-10/products/9364846772459/images/49826775728363.json	9364846772459		images	200	OK	image_id=49826775728363
2026-05-15 15:39:00	image-delete	delete_product_image	DELETE	https://oz-nails-wa.myshopify.com/admin/api/2024-10/products/9364846805227/images/49826776645867.json	9364846805227		images	200	OK	image_id=49826776645867
2026-05-15 15:39:02	image-delete	delete_product_image	DELETE	https://oz-nails-wa.myshopify.com/admin/api/2024-10/products/9364846837995/images/49826777530603.json	9364846837995		images	200	OK	image_id=49826777530603
2026-05-15 15:39:04	image-delete	delete_product_image	DELETE	https://oz-nails-wa.myshopify.com/admin/api/2024-10/products/9364846903531/images/49826777727211.json	9364846903531		images	200	OK	image_id=49826777727211
2026-05-15 15:39:06	image-delete	delete_product_image	DELETE	https://oz-nails-wa.myshopify.com/admin/api/2024-10/products/9364846936299/images/49826777956587.json	9364846936299		images	200	OK	image_id=49826777956587
2026-05-15 15:39:08	image-delete	delete_product_image	DELETE	https://oz-nails-wa.myshopify.com/admin/api/2024-10/products/9364847001835/images/49826778415339.json	9364847001835		images	200	OK	image_id=49826778415339
2026-05-15 15:39:10	image-delete	delete_product_image	DELETE	https://oz-nails-wa.myshopify.com/admin/api/2024-10/products/9364847034603/images/49826779496683.json	9364847034603		images	200	OK	image_id=49826779496683
2026-05-15 15:39:12	image-delete	delete_product_image	DELETE	https://oz-nails-wa.myshopify.com/admin/api/2024-10/products/9364847067371/images/49826780250347.json	9364847067371		images	200	OK	image_id=49826780250347
2026-05-15 15:39:14	image-delete	delete_product_image	DELETE	https://oz-nails-wa.myshopify.com/admin/api/2024-10/products/9364847100139/images/49826781200619.json	9364847100139		images	200	OK	image_id=49826781200619
2026-05-15 15:39:16	image-delete	delete_product_image	DELETE	https://oz-nails-wa.myshopify.com/admin/api/2024-10/products/9364847886571/images/49826782609643.json	9364847886571		images	200	OK	image_id=49826782609643
2026-05-15 15:39:18	image-delete	delete_product_image	DELETE	https://oz-nails-wa.myshopify.com/admin/api/2024-10/products/9364847919339/images/49826783822059.json	9364847919339		images	200	OK	image_id=49826783822059
2026-05-15 15:39:20	image-delete	delete_product_image	DELETE	https://oz-nails-wa.myshopify.com/admin/api/2024-10/products/9364847952107/images/49826784706795.json	9364847952107		images	200	OK	image_id=49826784706795
2026-05-15 15:39:21	image-delete	delete_product_image	DELETE	https://oz-nails-wa.myshopify.com/admin/api/2024-10/products/9364847984875/images/49826785263851.json	9364847984875		images	200	OK	image_id=49826785263851
2026-05-15 15:39:23	image-delete	delete_product_image	DELETE	https://oz-nails-wa.myshopify.com/admin/api/2024-10/products/9364848017643/images/49826785493227.json	9364848017643		images	200	OK	image_id=49826785493227
2026-05-15 15:39:25	image-delete	delete_product_image	DELETE	https://oz-nails-wa.myshopify.com/admin/api/2024-10/products/9364848050411/images/49826785722603.json	9364848050411		images	200	OK	image_id=49826785722603
2026-05-15 15:39:27	image-delete	delete_product_image	DELETE	https://oz-nails-wa.myshopify.com/admin/api/2024-10/products/9364848083179/images/49826785951979.json	9364848083179		images	200	OK	image_id=49826785951979
2026-05-15 15:39:29	image-delete	delete_product_image	DELETE	https://oz-nails-wa.myshopify.com/admin/api/2024-10/products/9364848115947/images/49826786181355.json	9364848115947		images	200	OK	image_id=49826786181355
2026-05-15 15:39:31	image-delete	delete_product_image	DELETE	https://oz-nails-wa.myshopify.com/admin/api/2024-10/products/9364848148715/images/49826786541803.json	9364848148715		images	200	OK	image_id=49826786541803
2026-05-15 15:39:33	image-delete	delete_product_image	DELETE	https://oz-nails-wa.myshopify.com/admin/api/2024-10/products/9364848181483/images/49826787524843.json	9364848181483		images	200	OK	image_id=49826787524843
2026-05-15 15:39:35	image-delete	delete_product_image	DELETE	https://oz-nails-wa.myshopify.com/admin/api/2024-10/products/9364848247019/images/49826788409579.json	9364848247019		images	200	OK	image_id=49826788409579
2026-05-15 15:39:36	image-delete	delete_product_image	DELETE	https://oz-nails-wa.myshopify.com/admin/api/2024-10/products/9364848279787/images/49826790146283.json	9364848279787		images	200	OK	image_id=49826790146283
2026-05-15 15:39:38	image-delete	delete_product_image	DELETE	https://oz-nails-wa.myshopify.com/admin/api/2024-10/products/9364848312555/images/49826790834411.json	9364848312555		images	200	OK	image_id=49826790834411
2026-05-15 15:39:40	image-delete	delete_product_image	DELETE	https://oz-nails-wa.myshopify.com/admin/api/2024-10/products/9364848345323/images/49826791948523.json	9364848345323		images	200	OK	image_id=49826791948523
2026-05-15 15:39:42	image-delete	delete_product_image	DELETE	https://oz-nails-wa.myshopify.com/admin/api/2024-10/products/9364848378091/images/49826792571115.json	9364848378091		images	200	OK	image_id=49826792571115
2026-05-15 15:39:44	image-delete	delete_product_image	DELETE	https://oz-nails-wa.myshopify.com/admin/api/2024-10/products/9364848410859/images/49826794832107.json	9364848410859		images	200	OK	image_id=49826794832107
2026-05-15 15:39:46	image-delete	delete_product_image	DELETE	https://oz-nails-wa.myshopify.com/admin/api/2024-10/products/9364848443627/images/49826795094251.json	9364848443627		images	200	OK	image_id=49826795094251
2026-05-15 15:39:48	image-delete	delete_product_image	DELETE	https://oz-nails-wa.myshopify.com/admin/api/2024-10/products/9364848476395/images/49826795356395.json	9364848476395		images	200	OK	image_id=49826795356395
2026-05-15 15:39:50	image-delete	delete_product_image	DELETE	https://oz-nails-wa.myshopify.com/admin/api/2024-10/products/9364848509163/images/49826795585771.json	9364848509163		images	200	OK	image_id=49826795585771
2026-05-15 15:39:51	image-delete	delete_product_image	DELETE	https://oz-nails-wa.myshopify.com/admin/api/2024-10/products/9364848574699/images/49826796077291.json	9364848574699		images	200	OK	image_id=49826796077291
2026-05-15 15:39:53	image-delete	delete_product_image	DELETE	https://oz-nails-wa.myshopify.com/admin/api/2024-10/products/9364848607467/images/49826796241131.json	9364848607467		images	200	OK	image_id=49826796241131
2026-05-15 15:39:55	image-delete	delete_product_image	DELETE	https://oz-nails-wa.myshopify.com/admin/api/2024-10/products/9364848640235/images/49826797355243.json	9364848640235		images	200	OK	image_id=49826797355243
2026-05-15 15:39:57	image-delete	delete_product_image	DELETE	https://oz-nails-wa.myshopify.com/admin/api/2024-10/products/9364848705771/images/49826798076139.json	9364848705771		images	200	OK	image_id=49826798076139
2026-05-15 15:39:59	image-delete	delete_product_image	DELETE	https://oz-nails-wa.myshopify.com/admin/api/2024-10/products/9364848738539/images/49826798698731.json	9364848738539		images	200	OK	image_id=49826798698731
2026-05-15 15:40:01	image-delete	delete_product_image	DELETE	https://oz-nails-wa.myshopify.com/admin/api/2024-10/products/9364848771307/images/49826799780075.json	9364848771307		images	200	OK	image_id=49826799780075
2026-05-15 15:40:03	image-delete	delete_product_image	DELETE	https://oz-nails-wa.myshopify.com/admin/api/2024-10/products/9364848804075/images/49826801058027.json	9364848804075		images	200	OK	image_id=49826801058027
2026-05-15 15:40:05	image-delete	delete_product_image	DELETE	https://oz-nails-wa.myshopify.com/admin/api/2024-10/products/9364848836843/images/49826801844459.json	9364848836843		images	200	OK	image_id=49826801844459
2026-05-15 15:40:06	image-delete	delete_product_image	DELETE	https://oz-nails-wa.myshopify.com/admin/api/2024-10/products/9364848902379/images/49826802532587.json	9364848902379		images	200	OK	image_id=49826802532587
2026-05-15 15:40:08	image-delete	delete_product_image	DELETE	https://oz-nails-wa.myshopify.com/admin/api/2024-10/products/9364848935147/images/49826802893035.json	9364848935147		images	200	OK	image_id=49826802893035
2026-05-15 15:40:10	image-delete	delete_product_image	DELETE	https://oz-nails-wa.myshopify.com/admin/api/2024-10/products/9364848967915/images/49826803450091.json	9364848967915		images	200	OK	image_id=49826803450091
2026-05-15 15:40:12	image-delete	delete_product_image	DELETE	https://oz-nails-wa.myshopify.com/admin/api/2024-10/products/9364849000683/images/49826803941611.json	9364849000683		images	200	OK	image_id=49826803941611
2026-05-15 15:40:14	image-delete	delete_product_image	DELETE	https://oz-nails-wa.myshopify.com/admin/api/2024-10/products/9364849033451/images/49826804170987.json	9364849033451		images	200	OK	image_id=49826804170987
2026-05-15 15:40:16	image-delete	delete_product_image	DELETE	https://oz-nails-wa.myshopify.com/admin/api/2024-10/products/9364849098987/images/49826804498667.json	9364849098987		images	200	OK	image_id=49826804498667
2026-05-15 15:40:18	image-delete	delete_product_image	DELETE	https://oz-nails-wa.myshopify.com/admin/api/2024-10/products/9364849131755/images/49826804990187.json	9364849131755		images	200	OK	image_id=49826804990187
2026-05-15 15:40:20	image-delete	delete_product_image	DELETE	https://oz-nails-wa.myshopify.com/admin/api/2024-10/products/9364849197291/images/49826805907691.json	9364849197291		images	200	OK	image_id=49826805907691
2026-05-15 15:40:22	image-delete	delete_product_image	DELETE	https://oz-nails-wa.myshopify.com/admin/api/2024-10/products/9364849262827/images/49826806923499.json	9364849262827		images	200	OK	image_id=49826806923499
2026-05-15 15:40:23	image-delete	delete_product_image	DELETE	https://oz-nails-wa.myshopify.com/admin/api/2024-10/products/9364849295595/images/49826807939307.json	9364849295595		images	200	OK	image_id=49826807939307
2026-05-15 15:40:25	image-delete	delete_product_image	DELETE	https://oz-nails-wa.myshopify.com/admin/api/2024-10/products/9364849328363/images/49826808922347.json	9364849328363		images	200	OK	image_id=49826808922347
2026-05-15 15:40:27	image-delete	delete_product_image	DELETE	https://oz-nails-wa.myshopify.com/admin/api/2024-10/products/9364849361131/images/49826810233067.json	9364849361131		images	200	OK	image_id=49826810233067
2026-05-15 15:40:29	image-delete	delete_product_image	DELETE	https://oz-nails-wa.myshopify.com/admin/api/2024-10/products/9364849393899/images/49826810953963.json	9364849393899		images	200	OK	image_id=49826810953963
2026-05-15 15:40:31	image-delete	delete_product_image	DELETE	https://oz-nails-wa.myshopify.com/admin/api/2024-10/products/9364849426667/images/49826812035307.json	9364849426667		images	200	OK	image_id=49826812035307
2026-05-15 15:40:33	image-delete	delete_product_image	DELETE	https://oz-nails-wa.myshopify.com/admin/api/2024-10/products/9364849524971/images/49826813444331.json	9364849524971		images	200	OK	image_id=49826813444331
2026-05-15 15:40:35	image-delete	delete_product_image	DELETE	https://oz-nails-wa.myshopify.com/admin/api/2024-10/products/9364849557739/images/49826815607019.json	9364849557739		images	200	OK	image_id=49826815607019
2026-05-15 15:40:37	image-delete	delete_product_image	DELETE	https://oz-nails-wa.myshopify.com/admin/api/2024-10/products/9364849590507/images/49826816131307.json	9364849590507		images	200	OK	image_id=49826816131307
2026-05-15 15:40:39	image-delete	delete_product_image	DELETE	https://oz-nails-wa.myshopify.com/admin/api/2024-10/products/9364849623275/images/49826816491755.json	9364849623275		images	200	OK	image_id=49826816491755
2026-05-15 15:40:41	image-delete	delete_product_image	DELETE	https://oz-nails-wa.myshopify.com/admin/api/2024-10/products/9364849656043/images/49826816852203.json	9364849656043		images	200	OK	image_id=49826816852203
2026-05-15 15:40:43	image-delete	delete_product_image	DELETE	https://oz-nails-wa.myshopify.com/admin/api/2024-10/products/9364849688811/images/49826817769707.json	9364849688811		images	200	OK	image_id=49826817769707
2026-05-15 15:40:45	image-delete	delete_product_image	DELETE	https://oz-nails-wa.myshopify.com/admin/api/2024-10/products/9364849721579/images/49826818326763.json	9364849721579		images	200	OK	image_id=49826818326763
2026-05-15 15:40:47	image-delete	delete_product_image	DELETE	https://oz-nails-wa.myshopify.com/admin/api/2024-10/products/9364849787115/images/49826819145963.json	9364849787115		images	200	OK	image_id=49826819145963
2026-05-15 15:40:50	image-delete	delete_product_image	DELETE	https://oz-nails-wa.myshopify.com/admin/api/2024-10/products/9365287141611/images/49826820391147.json	9365287141611		images	200	OK	image_id=49826820391147
2026-05-15 15:40:52	image-delete	delete_product_image	DELETE	https://oz-nails-wa.myshopify.com/admin/api/2024-10/products/9364845986027/images/49826821046507.json	9364845986027		images	200	OK	image_id=49826821046507
2026-05-15 15:40:55	image-delete	delete_product_image	DELETE	https://oz-nails-wa.myshopify.com/admin/api/2024-10/products/9365144338667/images/49826822127851.json	9365144338667		images	200	OK	image_id=49826822127851
2026-05-15 15:40:57	image-delete	delete_product_image	DELETE	https://oz-nails-wa.myshopify.com/admin/api/2024-10/products/9365451374827/images/49826823110891.json	9365451374827		images	200	OK	image_id=49826823110891
2026-05-15 15:40:59	image-delete	delete_product_image	DELETE	https://oz-nails-wa.myshopify.com/admin/api/2024-10/products/9365144404203/images/49826824814827.json	9365144404203		images	200	OK	image_id=49826824814827
2026-05-15 15:41:01	image-delete	delete_product_image	DELETE	https://oz-nails-wa.myshopify.com/admin/api/2024-10/products/9365144469739/images/49826825797867.json	9365144469739		images	200	OK	image_id=49826825797867
2026-05-15 15:41:03	image-delete	delete_product_image	DELETE	https://oz-nails-wa.myshopify.com/admin/api/2024-10/products/9365266530539/images/49826826584299.json	9365266530539		images	200	OK	image_id=49826826584299
2026-05-15 15:41:04	image-delete	delete_product_image	DELETE	https://oz-nails-wa.myshopify.com/admin/api/2024-10/products/9365144535275/images/49826827206891.json	9365144535275		images	200	OK	image_id=49826827206891
2026-05-15 15:41:06	image-delete	delete_product_image	DELETE	https://oz-nails-wa.myshopify.com/admin/api/2024-10/products/9367572185323/images/49826827501803.json	9367572185323		images	200	OK	image_id=49826827501803
2026-05-15 15:41:08	image-delete	delete_product_image	DELETE	https://oz-nails-wa.myshopify.com/admin/api/2024-10/products/9364846182635/images/49826827927787.json	9364846182635		images	200	OK	image_id=49826827927787
2026-05-15 15:41:10	image-delete	delete_product_image	DELETE	https://oz-nails-wa.myshopify.com/admin/api/2024-10/products/9364846215403/images/49826828288235.json	9364846215403		images	200	OK	image_id=49826828288235
2026-05-15 15:41:12	image-delete	delete_product_image	DELETE	https://oz-nails-wa.myshopify.com/admin/api/2024-10/products/9364846248171/images/49826829402347.json	9364846248171		images	200	OK	image_id=49826829402347
2026-05-15 15:41:14	image-delete	delete_product_image	DELETE	https://oz-nails-wa.myshopify.com/admin/api/2024-10/products/9364846280939/images/49826830778603.json	9364846280939		images	200	OK	image_id=49826830778603
2026-05-15 15:41:16	image-delete	delete_product_image	DELETE	https://oz-nails-wa.myshopify.com/admin/api/2024-10/products/9364846313707/images/49826831728875.json	9364846313707		images	200	OK	image_id=49826831728875
2026-05-15 15:41:18	image-delete	delete_product_image	DELETE	https://oz-nails-wa.myshopify.com/admin/api/2024-10/products/9364846346475/images/49826832875755.json	9364846346475		images	200	OK	image_id=49826832875755
2026-05-15 15:41:20	image-delete	delete_product_image	DELETE	https://oz-nails-wa.myshopify.com/admin/api/2024-10/products/9364846379243/images/49826833924331.json	9364846379243		images	200	OK	image_id=49826833924331
2026-05-15 15:41:22	image-delete	delete_product_image	DELETE	https://oz-nails-wa.myshopify.com/admin/api/2024-10/products/9367572316395/images/49826835169515.json	9367572316395		images	200	OK	image_id=49826835169515
2026-05-15 15:41:24	image-delete	delete_product_image	DELETE	https://oz-nails-wa.myshopify.com/admin/api/2024-10/products/9364846412011/images/49826836611307.json	9364846412011		images	200	OK	image_id=49826836611307
2026-05-15 15:41:26	image-delete	delete_product_image	DELETE	https://oz-nails-wa.myshopify.com/admin/api/2024-10/products/9364846444779/images/49826837659883.json	9364846444779		images	200	OK	image_id=49826837659883
2026-05-15 15:41:28	image-delete	delete_product_image	DELETE	https://oz-nails-wa.myshopify.com/admin/api/2024-10/products/9364846477547/images/49826838315243.json	9364846477547		images	200	OK	image_id=49826838315243
2026-05-15 15:41:30	image-delete	delete_product_image	DELETE	https://oz-nails-wa.myshopify.com/admin/api/2024-10/products/9364846510315/images/49826838872299.json	9364846510315		images	200	OK	image_id=49826838872299
2026-05-15 15:41:33	image-delete	delete_product_image	DELETE	https://oz-nails-wa.myshopify.com/admin/api/2024-10/products/9364846543083/images/49826839855339.json	9364846543083		images	200	OK	image_id=49826839855339
2026-05-15 15:41:35	image-delete	delete_product_image	DELETE	https://oz-nails-wa.myshopify.com/admin/api/2024-10/products/9364846575851/images/49826840707307.json	9364846575851		images	200	OK	image_id=49826840707307
2026-05-15 15:41:37	image-delete	delete_product_image	DELETE	https://oz-nails-wa.myshopify.com/admin/api/2024-10/products/9367572349163/images/49826841067755.json	9367572349163		images	200	OK	image_id=49826841067755
2026-05-15 15:41:39	image-delete	delete_product_image	DELETE	https://oz-nails-wa.myshopify.com/admin/api/2024-10/products/9367572414699/images/49826842280171.json	9367572414699		images	200	OK	image_id=49826842280171
2026-05-15 15:41:42	image-delete	delete_product_image	DELETE	https://oz-nails-wa.myshopify.com/admin/api/2024-10/products/9367572578539/images/49826843361515.json	9367572578539		images	200	OK	image_id=49826843361515
2026-05-15 15:41:44	image-delete	delete_product_image	DELETE	https://oz-nails-wa.myshopify.com/admin/api/2024-10/products/9367572611307/images/49826844475627.json	9367572611307		images	200	OK	image_id=49826844475627
2026-05-15 15:41:46	image-delete	delete_product_image	DELETE	https://oz-nails-wa.myshopify.com/admin/api/2024-10/products/9367572644075/images/49826845360363.json	9367572644075		images	200	OK	image_id=49826845360363
2026-05-15 15:41:48	image-delete	delete_product_image	DELETE	https://oz-nails-wa.myshopify.com/admin/api/2024-10/products/9367572775147/images/49826846671083.json	9367572775147		images	200	OK	image_id=49826846671083
2026-05-15 15:41:51	image-delete	delete_product_image	DELETE	https://oz-nails-wa.myshopify.com/admin/api/2024-10/products/9367572807915/images/49826847555819.json	9367572807915		images	200	OK	image_id=49826847555819
2026-05-15 15:41:53	image-delete	delete_product_image	DELETE	https://oz-nails-wa.myshopify.com/admin/api/2024-10/products/9367572906219/images/49826848702699.json	9367572906219		images	200	OK	image_id=49826848702699
2026-05-15 15:41:55	image-delete	delete_product_image	DELETE	https://oz-nails-wa.myshopify.com/admin/api/2024-10/products/9367573070059/images/49826849554667.json	9367573070059		images	200	OK	image_id=49826849554667
2026-05-15 15:41:57	image-delete	delete_product_image	DELETE	https://oz-nails-wa.myshopify.com/admin/api/2024-10/products/9367573135595/images/49826850144491.json	9367573135595		images	200	OK	image_id=49826850144491
2026-05-15 15:41:59	image-delete	delete_product_image	DELETE	https://oz-nails-wa.myshopify.com/admin/api/2024-10/products/9367573201131/images/49826850603243.json	9367573201131		images	200	OK	image_id=49826850603243
2026-05-15 15:42:01	image-delete	delete_product_image	DELETE	https://oz-nails-wa.myshopify.com/admin/api/2024-10/products/9367573266667/images/49826851127531.json	9367573266667		images	200	OK	image_id=49826851127531
2026-05-15 15:42:03	image-delete	delete_product_image	DELETE	https://oz-nails-wa.myshopify.com/admin/api/2024-10/products/9365125136619/images/49826851553515.json	9365125136619		images	200	OK	image_id=49826851553515
2026-05-15 15:42:05	image-delete	delete_product_image	DELETE	https://oz-nails-wa.myshopify.com/admin/api/2024-10/products/9365125202155/images/49826852339947.json	9365125202155		images	200	OK	image_id=49826852339947
2026-05-15 15:42:07	image-delete	delete_product_image	DELETE	https://oz-nails-wa.myshopify.com/admin/api/2024-10/products/9365125333227/images/49826853617899.json	9365125333227		images	200	OK	image_id=49826853617899
2026-05-15 15:42:09	image-delete	delete_product_image	DELETE	https://oz-nails-wa.myshopify.com/admin/api/2024-10/products/9365125398763/images/49826854404331.json	9365125398763		images	200	OK	image_id=49826854404331
2026-05-15 15:42:11	image-delete	delete_product_image	DELETE	https://oz-nails-wa.myshopify.com/admin/api/2024-10/products/9365125464299/images/49826855157995.json	9365125464299		images	200	OK	image_id=49826855157995
2026-05-15 15:42:13	image-delete	delete_product_image	DELETE	https://oz-nails-wa.myshopify.com/admin/api/2024-10/products/9365125529835/images/49826855944427.json	9365125529835		images	200	OK	image_id=49826855944427
2026-05-15 15:42:15	image-delete	delete_product_image	DELETE	https://oz-nails-wa.myshopify.com/admin/api/2024-10/products/9365125628139/images/49826857418987.json	9365125628139		images	200	OK	image_id=49826857418987
2026-05-15 15:42:18	image-delete	delete_product_image	DELETE	https://oz-nails-wa.myshopify.com/admin/api/2024-10/products/9365125660907/images/49826858008811.json	9365125660907		images	200	OK	image_id=49826858008811
2026-05-15 15:42:20	image-delete	delete_product_image	DELETE	https://oz-nails-wa.myshopify.com/admin/api/2024-10/products/9365125726443/images/49826858336491.json	9365125726443		images	200	OK	image_id=49826858336491
2026-05-15 15:42:22	image-delete	delete_product_image	DELETE	https://oz-nails-wa.myshopify.com/admin/api/2024-10/products/9365125791979/images/49826858729707.json	9365125791979		images	200	OK	image_id=49826858729707
2026-05-15 15:42:24	image-delete	delete_product_image	DELETE	https://oz-nails-wa.myshopify.com/admin/api/2024-10/products/9365125857515/images/49826859090155.json	9365125857515		images	200	OK	image_id=49826859090155
2026-05-15 15:42:26	image-delete	delete_product_image	DELETE	https://oz-nails-wa.myshopify.com/admin/api/2024-10/products/9365125923051/images/49826859450603.json	9365125923051		images	200	OK	image_id=49826859450603
2026-05-15 15:42:28	image-delete	delete_product_image	DELETE	https://oz-nails-wa.myshopify.com/admin/api/2024-10/products/9365125988587/images/49826859811051.json	9365125988587		images	200	OK	image_id=49826859811051
2026-05-15 15:42:30	image-delete	delete_product_image	DELETE	https://oz-nails-wa.myshopify.com/admin/api/2024-10/products/9365126086891/images/49826860761323.json	9365126086891		images	200	OK	image_id=49826860761323
2026-05-15 15:42:32	image-delete	delete_product_image	DELETE	https://oz-nails-wa.myshopify.com/admin/api/2024-10/products/9365126152427/images/49826861514987.json	9365126152427		images	200	OK	image_id=49826861514987
2026-05-15 15:42:34	image-delete	delete_product_image	DELETE	https://oz-nails-wa.myshopify.com/admin/api/2024-10/products/9365126217963/images/49826863284459.json	9365126217963		images	200	OK	image_id=49826863284459
2026-05-15 15:42:36	image-delete	delete_product_image	DELETE	https://oz-nails-wa.myshopify.com/admin/api/2024-10/products/9365126283499/images/49826864038123.json	9365126283499		images	200	OK	image_id=49826864038123
2026-05-15 15:42:39	image-delete	delete_product_image	DELETE	https://oz-nails-wa.myshopify.com/admin/api/2024-10/products/9365126349035/images/49826864955627.json	9365126349035		images	200	OK	image_id=49826864955627
2026-05-15 15:42:41	image-delete	delete_product_image	DELETE	https://oz-nails-wa.myshopify.com/admin/api/2024-10/products/9365126447339/images/49826866233579.json	9365126447339		images	200	OK	image_id=49826866233579
2026-05-15 15:42:43	image-delete	delete_product_image	DELETE	https://oz-nails-wa.myshopify.com/admin/api/2024-10/products/9365126775019/images/49826866626795.json	9365126775019		images	200	OK	image_id=49826866626795
2026-05-15 15:42:45	image-delete	delete_product_image	DELETE	https://oz-nails-wa.myshopify.com/admin/api/2024-10/products/9365126938859/images/49826866954475.json	9365126938859		images	200	OK	image_id=49826866954475
2026-05-15 15:42:47	image-delete	delete_product_image	DELETE	https://oz-nails-wa.myshopify.com/admin/api/2024-10/products/9365127069931/images/49826867282155.json	9365127069931		images	200	OK	image_id=49826867282155
2026-05-15 15:42:49	image-delete	delete_product_image	DELETE	https://oz-nails-wa.myshopify.com/admin/api/2024-10/products/9365127135467/images/49826867675371.json	9365127135467		images	200	OK	image_id=49826867675371
2026-05-15 15:42:52	image-delete	delete_product_image	DELETE	https://oz-nails-wa.myshopify.com/admin/api/2024-10/products/9365127201003/images/49826868035819.json	9365127201003		images	200	OK	image_id=49826868035819
2026-05-15 15:42:54	image-delete	delete_product_image	DELETE	https://oz-nails-wa.myshopify.com/admin/api/2024-10/products/9365127299307/images/49826868691179.json	9365127299307		images	200	OK	image_id=49826868691179
2026-05-15 15:42:56	image-delete	delete_product_image	DELETE	https://oz-nails-wa.myshopify.com/admin/api/2024-10/products/9365127397611/images/49826869510379.json	9365127397611		images	200	OK	image_id=49826869510379
2026-05-15 15:42:58	image-delete	delete_product_image	DELETE	https://oz-nails-wa.myshopify.com/admin/api/2024-10/products/9365127495915/images/49826870362347.json	9365127495915		images	200	OK	image_id=49826870362347
2026-05-15 15:43:01	image-delete	delete_product_image	DELETE	https://oz-nails-wa.myshopify.com/admin/api/2024-10/products/9365127528683/images/49826871181547.json	9365127528683		images	200	OK	image_id=49826871181547
2026-05-15 15:43:03	image-delete	delete_product_image	DELETE	https://oz-nails-wa.myshopify.com/admin/api/2024-10/products/9365127594219/images/49826872230123.json	9365127594219		images	200	OK	image_id=49826872230123
2026-05-15 15:43:05	image-delete	delete_product_image	DELETE	https://oz-nails-wa.myshopify.com/admin/api/2024-10/products/9365127659755/images/49826873245931.json	9365127659755		images	200	OK	image_id=49826873245931
2026-05-15 15:43:07	image-delete	delete_product_image	DELETE	https://oz-nails-wa.myshopify.com/admin/api/2024-10/products/9365127725291/images/49826874753259.json	9365127725291		images	200	OK	image_id=49826874753259
2026-05-15 15:43:10	image-delete	delete_product_image	DELETE	https://oz-nails-wa.myshopify.com/admin/api/2024-10/products/9365127823595/images/49826875277547.json	9365127823595		images	200	OK	image_id=49826875277547
2026-05-15 15:43:12	image-delete	delete_product_image	DELETE	https://oz-nails-wa.myshopify.com/admin/api/2024-10/products/9365127921899/images/49826875605227.json	9365127921899		images	200	OK	image_id=49826875605227
2026-05-15 15:43:14	image-delete	delete_product_image	DELETE	https://oz-nails-wa.myshopify.com/admin/api/2024-10/products/9365127987435/images/49826875900139.json	9365127987435		images	200	OK	image_id=49826875900139
2026-05-15 15:43:17	image-delete	delete_product_image	DELETE	https://oz-nails-wa.myshopify.com/admin/api/2024-10/products/9365128052971/images/49826876227819.json	9365128052971		images	200	OK	image_id=49826876227819
2026-05-15 15:43:19	image-delete	delete_product_image	DELETE	https://oz-nails-wa.myshopify.com/admin/api/2024-10/products/9365128151275/images/49826876522731.json	9365128151275		images	200	OK	image_id=49826876522731
2026-05-15 15:43:21	image-delete	delete_product_image	DELETE	https://oz-nails-wa.myshopify.com/admin/api/2024-10/products/9365255160043/images/49826876981483.json	9365255160043		images	200	OK	image_id=49826876981483
2026-05-15 15:43:23	image-delete	delete_product_image	DELETE	https://oz-nails-wa.myshopify.com/admin/api/2024-10/products/9365255192811/images/49826877866219.json	9365255192811		images	200	OK	image_id=49826877866219
2026-05-15 15:43:25	image-delete	delete_product_image	DELETE	https://oz-nails-wa.myshopify.com/admin/api/2024-10/products/9365255291115/images/49826878750955.json	9365255291115		images	200	OK	image_id=49826878750955
2026-05-15 15:43:27	image-delete	delete_product_image	DELETE	https://oz-nails-wa.myshopify.com/admin/api/2024-10/products/9365255323883/images/49826879668459.json	9365255323883		images	200	OK	image_id=49826879668459
2026-05-15 15:43:29	image-delete	delete_product_image	DELETE	https://oz-nails-wa.myshopify.com/admin/api/2024-10/products/9365255356651/images/49826880389355.json	9365255356651		images	200	OK	image_id=49826880389355
2026-05-15 15:43:31	image-delete	delete_product_image	DELETE	https://oz-nails-wa.myshopify.com/admin/api/2024-10/products/9365255422187/images/49826881372395.json	9365255422187		images	200	OK	image_id=49826881372395
2026-05-15 15:43:33	image-delete	delete_product_image	DELETE	https://oz-nails-wa.myshopify.com/admin/api/2024-10/products/9365255454955/images/49826882191595.json	9365255454955		images	200	OK	image_id=49826882191595
2026-05-15 15:43:35	image-delete	delete_product_image	DELETE	https://oz-nails-wa.myshopify.com/admin/api/2024-10/products/9365255553259/images/49826882650347.json	9365255553259		images	200	OK	image_id=49826882650347
2026-05-15 15:43:37	image-delete	delete_product_image	DELETE	https://oz-nails-wa.myshopify.com/admin/api/2024-10/products/9365255586027/images/49826883076331.json	9365255586027		images	200	OK	image_id=49826883076331
2026-05-15 15:43:40	image-delete	delete_product_image	DELETE	https://oz-nails-wa.myshopify.com/admin/api/2024-10/products/9365255618795/images/49826883469547.json	9365255618795		images	200	OK	image_id=49826883469547
2026-05-15 15:43:42	image-delete	delete_product_image	DELETE	https://oz-nails-wa.myshopify.com/admin/api/2024-10/products/9365255651563/images/49826883993835.json	9365255651563		images	200	OK	image_id=49826883993835
2026-05-15 15:43:44	image-delete	delete_product_image	DELETE	https://oz-nails-wa.myshopify.com/admin/api/2024-10/products/9365255717099/images/49826884616427.json	9365255717099		images	200	OK	image_id=49826884616427
2026-05-15 15:43:46	image-delete	delete_product_image	DELETE	https://oz-nails-wa.myshopify.com/admin/api/2024-10/products/9365255749867/images/49826885206251.json	9365255749867		images	200	OK	image_id=49826885206251
2026-05-15 15:43:48	image-delete	delete_product_image	DELETE	https://oz-nails-wa.myshopify.com/admin/api/2024-10/products/9365255815403/images/49826885730539.json	9365255815403		images	200	OK	image_id=49826885730539
2026-05-15 15:43:50	image-delete	delete_product_image	DELETE	https://oz-nails-wa.myshopify.com/admin/api/2024-10/products/9365255913707/images/49826886680811.json	9365255913707		images	200	OK	image_id=49826886680811
2026-05-15 15:43:53	image-delete	delete_product_image	DELETE	https://oz-nails-wa.myshopify.com/admin/api/2024-10/products/9365256012011/images/49826887696619.json	9365256012011		images	200	OK	image_id=49826887696619
2026-05-15 15:43:55	image-delete	delete_product_image	DELETE	https://oz-nails-wa.myshopify.com/admin/api/2024-10/products/9365256143083/images/49826888417515.json	9365256143083		images	200	OK	image_id=49826888417515
2026-05-15 15:43:57	image-delete	delete_product_image	DELETE	https://oz-nails-wa.myshopify.com/admin/api/2024-10/products/9365256208619/images/49826889335019.json	9365256208619		images	200	OK	image_id=49826889335019
2026-05-15 15:43:59	image-delete	delete_product_image	DELETE	https://oz-nails-wa.myshopify.com/admin/api/2024-10/products/9365256306923/images/49826890285291.json	9365256306923		images	200	OK	image_id=49826890285291
2026-05-15 15:44:01	image-delete	delete_product_image	DELETE	https://oz-nails-wa.myshopify.com/admin/api/2024-10/products/9365256372459/images/49826891038955.json	9365256372459		images	200	OK	image_id=49826891038955
2026-05-15 15:44:03	image-delete	delete_product_image	DELETE	https://oz-nails-wa.myshopify.com/admin/api/2024-10/products/9365256503531/images/49826891366635.json	9365256503531		images	200	OK	image_id=49826891366635
2026-05-15 15:44:05	image-delete	delete_product_image	DELETE	https://oz-nails-wa.myshopify.com/admin/api/2024-10/products/9365256536299/images/49826891727083.json	9365256536299		images	200	OK	image_id=49826891727083
2026-05-15 15:44:07	image-delete	delete_product_image	DELETE	https://oz-nails-wa.myshopify.com/admin/api/2024-10/products/9365256601835/images/49826892054763.json	9365256601835		images	200	OK	image_id=49826892054763
2026-05-15 15:44:09	image-delete	delete_product_image	DELETE	https://oz-nails-wa.myshopify.com/admin/api/2024-10/products/9365256700139/images/49826892415211.json	9365256700139		images	200	OK	image_id=49826892415211
2026-05-15 15:44:11	image-delete	delete_product_image	DELETE	https://oz-nails-wa.myshopify.com/admin/api/2024-10/products/9365256732907/images/49826892808427.json	9365256732907		images	200	OK	image_id=49826892808427
2026-05-15 15:44:13	image-delete	delete_product_image	DELETE	https://oz-nails-wa.myshopify.com/admin/api/2024-10/products/9365256765675/images/49826893758699.json	9365256765675		images	200	OK	image_id=49826893758699
2026-05-15 15:44:15	image-delete	delete_product_image	DELETE	https://oz-nails-wa.myshopify.com/admin/api/2024-10/products/9365256798443/images/49826894872811.json	9365256798443		images	200	OK	image_id=49826894872811
2026-05-15 15:44:18	image-delete	delete_product_image	DELETE	https://oz-nails-wa.myshopify.com/admin/api/2024-10/products/9365256831211/images/49826896249067.json	9365256831211		images	200	OK	image_id=49826896249067
2026-05-15 15:44:20	image-delete	delete_product_image	DELETE	https://oz-nails-wa.myshopify.com/admin/api/2024-10/products/9365256896747/images/49826897789163.json	9365256896747		images	200	OK	image_id=49826897789163
2026-05-15 15:44:22	image-delete	delete_product_image	DELETE	https://oz-nails-wa.myshopify.com/admin/api/2024-10/products/9365256995051/images/49826899001579.json	9365256995051		images	200	OK	image_id=49826899001579
2026-05-15 15:44:24	image-delete	delete_product_image	DELETE	https://oz-nails-wa.myshopify.com/admin/api/2024-10/products/9365257027819/images/49826900672747.json	9365257027819		images	200	OK	image_id=49826900672747
2026-05-15 15:44:27	image-delete	delete_product_image	DELETE	https://oz-nails-wa.myshopify.com/admin/api/2024-10/products/9365257093355/images/49826902212843.json	9365257093355		images	200	OK	image_id=49826902212843
2026-05-15 15:44:29	image-delete	delete_product_image	DELETE	https://oz-nails-wa.myshopify.com/admin/api/2024-10/products/9365257126123/images/49826902900971.json	9365257126123		images	200	OK	image_id=49826902900971
2026-05-15 15:44:31	image-delete	delete_product_image	DELETE	https://oz-nails-wa.myshopify.com/admin/api/2024-10/products/9365257158891/images/49826903523563.json	9365257158891		images	200	OK	image_id=49826903523563
2026-05-15 15:44:33	image-delete	delete_product_image	DELETE	https://oz-nails-wa.myshopify.com/admin/api/2024-10/products/9365257191659/images/49826904309995.json	9365257191659		images	200	OK	image_id=49826904309995
2026-05-15 15:44:36	image-delete	delete_product_image	DELETE	https://oz-nails-wa.myshopify.com/admin/api/2024-10/products/9365257355499/images/49826904998123.json	9365257355499		images	200	OK	image_id=49826904998123
2026-05-15 15:44:38	image-delete	delete_product_image	DELETE	https://oz-nails-wa.myshopify.com/admin/api/2024-10/products/9365257388267/images/49826905456875.json	9365257388267		images	200	OK	image_id=49826905456875
2026-05-15 15:44:41	image-delete	delete_product_image	DELETE	https://oz-nails-wa.myshopify.com/admin/api/2024-10/products/9365257421035/images/49826906833131.json	9365257421035		images	200	OK	image_id=49826906833131
2026-05-15 15:44:43	image-delete	delete_product_image	DELETE	https://oz-nails-wa.myshopify.com/admin/api/2024-10/products/9365257453803/images/49826907914475.json	9365257453803		images	200	OK	image_id=49826907914475
2026-05-15 15:44:45	image-delete	delete_product_image	DELETE	https://oz-nails-wa.myshopify.com/admin/api/2024-10/products/9365257552107/images/49826908668139.json	9365257552107		images	200	OK	image_id=49826908668139
2026-05-15 15:44:47	image-delete	delete_product_image	DELETE	https://oz-nails-wa.myshopify.com/admin/api/2024-10/products/9365257715947/images/49826909520107.json	9365257715947		images	200	OK	image_id=49826909520107
2026-05-15 15:44:49	image-delete	delete_product_image	DELETE	https://oz-nails-wa.myshopify.com/admin/api/2024-10/products/9365257814251/images/49826910470379.json	9365257814251		images	200	OK	image_id=49826910470379
2026-05-15 15:44:52	image-delete	delete_product_image	DELETE	https://oz-nails-wa.myshopify.com/admin/api/2024-10/products/9365257879787/images/49826911027435.json	9365257879787		images	200	OK	image_id=49826911027435
2026-05-15 15:44:54	image-delete	delete_product_image	DELETE	https://oz-nails-wa.myshopify.com/admin/api/2024-10/products/9365257912555/images/49826911715563.json	9365257912555		images	200	OK	image_id=49826911715563
2026-05-15 15:44:56	image-delete	delete_product_image	DELETE	https://oz-nails-wa.myshopify.com/admin/api/2024-10/products/9365257945323/images/49826912010475.json	9365257945323		images	200	OK	image_id=49826912010475
2026-05-15 15:44:59	image-delete	delete_product_image	DELETE	https://oz-nails-wa.myshopify.com/admin/api/2024-10/products/9365257978091/images/49826912370923.json	9365257978091		images	200	OK	image_id=49826912370923
2026-05-15 15:45:01	image-delete	delete_product_image	DELETE	https://oz-nails-wa.myshopify.com/admin/api/2024-10/products/9365258076395/images/49826912665835.json	9365258076395		images	200	OK	image_id=49826912665835
2026-05-15 15:45:03	image-delete	delete_product_image	DELETE	https://oz-nails-wa.myshopify.com/admin/api/2024-10/products/9365258141931/images/49826912993515.json	9365258141931		images	200	OK	image_id=49826912993515
2026-05-15 15:45:05	image-delete	delete_product_image	DELETE	https://oz-nails-wa.myshopify.com/admin/api/2024-10/products/9365258174699/images/49826913452267.json	9365258174699		images	200	OK	image_id=49826913452267
2026-05-15 15:45:07	image-delete	delete_product_image	DELETE	https://oz-nails-wa.myshopify.com/admin/api/2024-10/products/9365258240235/images/49826913747179.json	9365258240235		images	200	OK	image_id=49826913747179
2026-05-15 15:45:09	image-delete	delete_product_image	DELETE	https://oz-nails-wa.myshopify.com/admin/api/2024-10/products/9365258305771/images/49826914337003.json	9365258305771		images	200	OK	image_id=49826914337003
2026-05-15 15:45:11	image-delete	delete_product_image	DELETE	https://oz-nails-wa.myshopify.com/admin/api/2024-10/products/9365258338539/images/49826915287275.json	9365258338539		images	200	OK	image_id=49826915287275
2026-05-15 15:45:13	image-delete	delete_product_image	DELETE	https://oz-nails-wa.myshopify.com/admin/api/2024-10/products/9365258469611/images/49826916040939.json	9365258469611		images	200	OK	image_id=49826916040939
2026-05-15 15:45:15	image-delete	delete_product_image	DELETE	https://oz-nails-wa.myshopify.com/admin/api/2024-10/products/9365258535147/images/49826916958443.json	9365258535147		images	200	OK	image_id=49826916958443
2026-05-15 15:45:17	image-delete	delete_product_image	DELETE	https://oz-nails-wa.myshopify.com/admin/api/2024-10/products/9365258567915/images/49826917908715.json	9365258567915		images	200	OK	image_id=49826917908715
2026-05-15 15:45:19	image-delete	delete_product_image	DELETE	https://oz-nails-wa.myshopify.com/admin/api/2024-10/products/9365258633451/images/49826918531307.json	9365258633451		images	200	OK	image_id=49826918531307
2026-05-15 15:45:21	image-delete	delete_product_image	DELETE	https://oz-nails-wa.myshopify.com/admin/api/2024-10/products/9365258666219/images/49826918858987.json	9365258666219		images	200	OK	image_id=49826918858987
2026-05-15 15:45:23	image-delete	delete_product_image	DELETE	https://oz-nails-wa.myshopify.com/admin/api/2024-10/products/9365258797291/images/49826919153899.json	9365258797291		images	200	OK	image_id=49826919153899
2026-05-15 15:45:25	image-delete	delete_product_image	DELETE	https://oz-nails-wa.myshopify.com/admin/api/2024-10/products/9365258830059/images/49826919579883.json	9365258830059		images	200	OK	image_id=49826919579883
2026-05-15 15:45:27	image-delete	delete_product_image	DELETE	https://oz-nails-wa.myshopify.com/admin/api/2024-10/products/9365258862827/images/49826919874795.json	9365258862827		images	200	OK	image_id=49826919874795
2026-05-15 15:45:29	image-delete	delete_product_image	DELETE	https://oz-nails-wa.myshopify.com/admin/api/2024-10/products/9365258895595/images/49826920202475.json	9365258895595		images	200	OK	image_id=49826920202475
2026-05-15 15:45:31	image-delete	delete_product_image	DELETE	https://oz-nails-wa.myshopify.com/admin/api/2024-10/products/9365258961131/images/49826920857835.json	9365258961131		images	200	OK	image_id=49826920857835
2026-05-15 15:45:33	image-delete	delete_product_image	DELETE	https://oz-nails-wa.myshopify.com/admin/api/2024-10/products/9365259026667/images/49826921873643.json	9365259026667		images	200	OK	image_id=49826921873643
2026-05-15 15:45:35	image-delete	delete_product_image	DELETE	https://oz-nails-wa.myshopify.com/admin/api/2024-10/products/9365259157739/images/49826922692843.json	9365259157739		images	200	OK	image_id=49826922692843
2026-05-15 15:45:37	image-delete	delete_product_image	DELETE	https://oz-nails-wa.myshopify.com/admin/api/2024-10/products/9365259190507/images/49826923708651.json	9365259190507		images	200	OK	image_id=49826923708651
2026-05-15 15:45:39	image-delete	delete_product_image	DELETE	https://oz-nails-wa.myshopify.com/admin/api/2024-10/products/9365259223275/images/49826924495083.json	9365259223275		images	200	OK	image_id=49826924495083
2026-05-15 15:45:41	image-delete	delete_product_image	DELETE	https://oz-nails-wa.myshopify.com/admin/api/2024-10/products/9365259288811/images/49826925314283.json	9365259288811		images	200	OK	image_id=49826925314283
2026-05-15 15:45:44	image-delete	delete_product_image	DELETE	https://oz-nails-wa.myshopify.com/admin/api/2024-10/products/9365259387115/images/49826926100715.json	9365259387115		images	200	OK	image_id=49826926100715
2026-05-15 15:45:46	image-delete	delete_product_image	DELETE	https://oz-nails-wa.myshopify.com/admin/api/2024-10/products/9365259419883/images/49826926919915.json	9365259419883		images	200	OK	image_id=49826926919915
2026-05-15 15:45:48	image-delete	delete_product_image	DELETE	https://oz-nails-wa.myshopify.com/admin/api/2024-10/products/9365259452651/images/49826927313131.json	9365259452651		images	200	OK	image_id=49826927313131
2026-05-15 15:45:50	image-delete	delete_product_image	DELETE	https://oz-nails-wa.myshopify.com/admin/api/2024-10/products/9365259518187/images/49826927608043.json	9365259518187		images	200	OK	image_id=49826927608043
2026-05-15 15:45:53	image-delete	delete_product_image	DELETE	https://oz-nails-wa.myshopify.com/admin/api/2024-10/products/9365259616491/images/49826927968491.json	9365259616491		images	200	OK	image_id=49826927968491
2026-05-15 15:45:55	image-delete	delete_product_image	DELETE	https://oz-nails-wa.myshopify.com/admin/api/2024-10/products/9365259649259/images/49826928492779.json	9365259649259		images	200	OK	image_id=49826928492779
2026-05-15 15:45:57	image-delete	delete_product_image	DELETE	https://oz-nails-wa.myshopify.com/admin/api/2024-10/products/9365259747563/images/49826928918763.json	9365259747563		images	200	OK	image_id=49826928918763
2026-05-15 15:45:59	image-delete	delete_product_image	DELETE	https://oz-nails-wa.myshopify.com/admin/api/2024-10/products/9365259813099/images/49826929574123.json	9365259813099		images	200	OK	image_id=49826929574123
2026-05-15 15:46:02	image-delete	delete_product_image	DELETE	https://oz-nails-wa.myshopify.com/admin/api/2024-10/products/9365259911403/images/49826930491627.json	9365259911403		images	200	OK	image_id=49826930491627
2026-05-15 15:46:04	image-delete	delete_product_image	DELETE	https://oz-nails-wa.myshopify.com/admin/api/2024-10/products/9365259944171/images/49826931376363.json	9365259944171		images	200	OK	image_id=49826931376363
2026-05-15 15:46:06	image-delete	delete_product_image	DELETE	https://oz-nails-wa.myshopify.com/admin/api/2024-10/products/9365259976939/images/49826932130027.json	9365259976939		images	200	OK	image_id=49826932130027
2026-05-15 15:46:08	image-delete	delete_product_image	DELETE	https://oz-nails-wa.myshopify.com/admin/api/2024-10/products/9365265252587/images/49826933342443.json	9365265252587		images	200	OK	image_id=49826933342443
2026-05-15 15:46:11	image-delete	delete_product_image	DELETE	https://oz-nails-wa.myshopify.com/admin/api/2024-10/products/9365265318123/images/49826934358251.json	9365265318123		images	200	OK	image_id=49826934358251
2026-05-15 15:46:13	image-delete	delete_product_image	DELETE	https://oz-nails-wa.myshopify.com/admin/api/2024-10/products/9365260009707/images/49826935603435.json	9365260009707		images	200	OK	image_id=49826935603435
2026-05-15 15:46:16	image-delete	delete_product_image	DELETE	https://oz-nails-wa.myshopify.com/admin/api/2024-10/products/9365260075243/images/49826935931115.json	9365260075243		images	200	OK	image_id=49826935931115
2026-05-15 15:46:18	image-delete	delete_product_image	DELETE	https://oz-nails-wa.myshopify.com/admin/api/2024-10/products/9365260173547/images/49826936291563.json	9365260173547		images	200	OK	image_id=49826936291563
2026-05-15 15:46:21	image-delete	delete_product_image	DELETE	https://oz-nails-wa.myshopify.com/admin/api/2024-10/products/9365260239083/images/49826936586475.json	9365260239083		images	200	OK	image_id=49826936586475
2026-05-15 15:46:23	image-delete	delete_product_image	DELETE	https://oz-nails-wa.myshopify.com/admin/api/2024-10/products/9365260271851/images/49826936979691.json	9365260271851		images	200	OK	image_id=49826936979691
2026-05-15 15:46:25	image-delete	delete_product_image	DELETE	https://oz-nails-wa.myshopify.com/admin/api/2024-10/products/9365260304619/images/49826937372907.json	9365260304619		images	200	OK	image_id=49826937372907
2026-05-15 15:46:27	image-delete	delete_product_image	DELETE	https://oz-nails-wa.myshopify.com/admin/api/2024-10/products/9365260435691/images/49826938224875.json	9365260435691		images	200	OK	image_id=49826938224875
2026-05-15 15:46:29	image-delete	delete_product_image	DELETE	https://oz-nails-wa.myshopify.com/admin/api/2024-10/products/9365260468459/images/49826939732203.json	9365260468459		images	200	OK	image_id=49826939732203
2026-05-15 15:46:31	image-delete	delete_product_image	DELETE	https://oz-nails-wa.myshopify.com/admin/api/2024-10/products/9365260533995/images/49826940485867.json	9365260533995		images	200	OK	image_id=49826940485867
2026-05-15 15:46:33	image-delete	delete_product_image	DELETE	https://oz-nails-wa.myshopify.com/admin/api/2024-10/products/9365260566763/images/49826941305067.json	9365260566763		images	200	OK	image_id=49826941305067
2026-05-15 15:46:35	image-delete	delete_product_image	DELETE	https://oz-nails-wa.myshopify.com/admin/api/2024-10/products/9365260632299/images/49826942353643.json	9365260632299		images	200	OK	image_id=49826942353643
2026-05-15 15:46:37	image-delete	delete_product_image	DELETE	https://oz-nails-wa.myshopify.com/admin/api/2024-10/products/9365260730603/images/49826943500523.json	9365260730603		images	200	OK	image_id=49826943500523
2026-05-15 15:46:39	image-delete	delete_product_image	DELETE	https://oz-nails-wa.myshopify.com/admin/api/2024-10/products/9365260796139/images/49826944516331.json	9365260796139		images	200	OK	image_id=49826944516331
2026-05-15 15:46:42	image-delete	delete_product_image	DELETE	https://oz-nails-wa.myshopify.com/admin/api/2024-10/products/9365260828907/images/49826945171691.json	9365260828907		images	200	OK	image_id=49826945171691
2026-05-15 15:46:44	image-delete	delete_product_image	DELETE	https://oz-nails-wa.myshopify.com/admin/api/2024-10/products/9365260927211/images/49826945532139.json	9365260927211		images	200	OK	image_id=49826945532139
2026-05-15 15:46:46	image-delete	delete_product_image	DELETE	https://oz-nails-wa.myshopify.com/admin/api/2024-10/products/9365260992747/images/49826945892587.json	9365260992747		images	200	OK	image_id=49826945892587
2026-05-15 15:46:49	image-delete	delete_product_image	DELETE	https://oz-nails-wa.myshopify.com/admin/api/2024-10/products/9365261025515/images/49826946580715.json	9365261025515		images	200	OK	image_id=49826946580715
2026-05-15 15:46:51	image-delete	delete_product_image	DELETE	https://oz-nails-wa.myshopify.com/admin/api/2024-10/products/9365261091051/images/49826946941163.json	9365261091051		images	200	OK	image_id=49826946941163
2026-05-15 15:46:53	image-delete	delete_product_image	DELETE	https://oz-nails-wa.myshopify.com/admin/api/2024-10/products/9365261123819/images/49826947301611.json	9365261123819		images	200	OK	image_id=49826947301611
2026-05-15 15:46:55	image-delete	delete_product_image	DELETE	https://oz-nails-wa.myshopify.com/admin/api/2024-10/products/9365261254891/images/49826948120811.json	9365261254891		images	200	OK	image_id=49826948120811
2026-05-15 15:46:58	image-delete	delete_product_image	DELETE	https://oz-nails-wa.myshopify.com/admin/api/2024-10/products/9365261287659/images/49826949071083.json	9365261287659		images	200	OK	image_id=49826949071083
2026-05-15 15:47:00	image-delete	delete_product_image	DELETE	https://oz-nails-wa.myshopify.com/admin/api/2024-10/products/9365261353195/images/49826949988587.json	9365261353195		images	200	OK	image_id=49826949988587
2026-05-15 15:47:02	image-delete	delete_product_image	DELETE	https://oz-nails-wa.myshopify.com/admin/api/2024-10/products/9365261385963/images/49826951037163.json	9365261385963		images	200	OK	image_id=49826951037163
2026-05-15 15:47:04	image-delete	delete_product_image	DELETE	https://oz-nails-wa.myshopify.com/admin/api/2024-10/products/9365261549803/images/49826952315115.json	9365261549803		images	200	OK	image_id=49826952315115
2026-05-15 15:47:06	image-delete	delete_product_image	DELETE	https://oz-nails-wa.myshopify.com/admin/api/2024-10/products/9365261582571/images/49826952970475.json	9365261582571		images	200	OK	image_id=49826952970475
2026-05-15 15:47:08	image-delete	delete_product_image	DELETE	https://oz-nails-wa.myshopify.com/admin/api/2024-10/products/9365261648107/images/49826953822443.json	9365261648107		images	200	OK	image_id=49826953822443
2026-05-15 15:47:10	image-delete	delete_product_image	DELETE	https://oz-nails-wa.myshopify.com/admin/api/2024-10/products/9365261779179/images/49826954281195.json	9365261779179		images	200	OK	image_id=49826954281195
2026-05-15 15:47:13	image-delete	delete_product_image	DELETE	https://oz-nails-wa.myshopify.com/admin/api/2024-10/products/9365261877483/images/49826954739947.json	9365261877483		images	200	OK	image_id=49826954739947
2026-05-15 15:47:15	image-delete	delete_product_image	DELETE	https://oz-nails-wa.myshopify.com/admin/api/2024-10/products/9365261910251/images/49826955067627.json	9365261910251		images	200	OK	image_id=49826955067627
2026-05-15 15:47:17	image-delete	delete_product_image	DELETE	https://oz-nails-wa.myshopify.com/admin/api/2024-10/products/9365262074091/images/49826955591915.json	9365262074091		images	200	OK	image_id=49826955591915
2026-05-15 15:47:19	image-delete	delete_product_image	DELETE	https://oz-nails-wa.myshopify.com/admin/api/2024-10/products/9365262139627/images/49826956017899.json	9365262139627		images	200	OK	image_id=49826956017899
2026-05-15 15:47:21	image-delete	delete_product_image	DELETE	https://oz-nails-wa.myshopify.com/admin/api/2024-10/products/9365262205163/images/49826956345579.json	9365262205163		images	200	OK	image_id=49826956345579
2026-05-15 15:47:23	image-delete	delete_product_image	DELETE	https://oz-nails-wa.myshopify.com/admin/api/2024-10/products/9365262336235/images/49826957394155.json	9365262336235		images	200	OK	image_id=49826957394155
2026-05-15 15:47:25	image-delete	delete_product_image	DELETE	https://oz-nails-wa.myshopify.com/admin/api/2024-10/products/9365262401771/images/49826958409963.json	9365262401771		images	200	OK	image_id=49826958409963
2026-05-15 15:47:27	image-delete	delete_product_image	DELETE	https://oz-nails-wa.myshopify.com/admin/api/2024-10/products/9365262434539/images/49826960212203.json	9365262434539		images	200	OK	image_id=49826960212203
2026-05-15 15:47:29	image-delete	delete_product_image	DELETE	https://oz-nails-wa.myshopify.com/admin/api/2024-10/products/9365262500075/images/49826960998635.json	9365262500075		images	200	OK	image_id=49826960998635
2026-05-15 15:47:31	image-delete	delete_product_image	DELETE	https://oz-nails-wa.myshopify.com/admin/api/2024-10/products/9365262598379/images/49826962276587.json	9365262598379		images	200	OK	image_id=49826962276587
2026-05-15 15:47:33	image-delete	delete_product_image	DELETE	https://oz-nails-wa.myshopify.com/admin/api/2024-10/products/9365262663915/images/49826963456235.json	9365262663915		images	200	OK	image_id=49826963456235
2026-05-15 15:47:35	image-delete	delete_product_image	DELETE	https://oz-nails-wa.myshopify.com/admin/api/2024-10/products/9365262729451/images/49826964308203.json	9365262729451		images	200	OK	image_id=49826964308203
2026-05-15 15:47:37	image-delete	delete_product_image	DELETE	https://oz-nails-wa.myshopify.com/admin/api/2024-10/products/9365262860523/images/49826964668651.json	9365262860523		images	200	OK	image_id=49826964668651
2026-05-15 15:47:39	image-delete	delete_product_image	DELETE	https://oz-nails-wa.myshopify.com/admin/api/2024-10/products/9365100855531/images/49826965029099.json	9365100855531		images	200	OK	image_id=49826965029099
2026-05-15 15:47:41	image-delete	delete_product_image	DELETE	https://oz-nails-wa.myshopify.com/admin/api/2024-10/products/9365100921067/images/49826965520619.json	9365100921067		images	200	OK	image_id=49826965520619
2026-05-15 15:47:43	image-delete	delete_product_image	DELETE	https://oz-nails-wa.myshopify.com/admin/api/2024-10/products/9365100986603/images/49826965848299.json	9365100986603		images	200	OK	image_id=49826965848299
2026-05-15 15:47:45	image-delete	delete_product_image	DELETE	https://oz-nails-wa.myshopify.com/admin/api/2024-10/products/9365101084907/images/49826966208747.json	9365101084907		images	200	OK	image_id=49826966208747
2026-05-15 15:47:47	image-delete	delete_product_image	DELETE	https://oz-nails-wa.myshopify.com/admin/api/2024-10/products/9365101150443/images/49826967093483.json	9365101150443		images	200	OK	image_id=49826967093483
2026-05-15 15:47:49	image-delete	delete_product_image	DELETE	https://oz-nails-wa.myshopify.com/admin/api/2024-10/products/9365101314283/images/49826968174827.json	9365101314283		images	200	OK	image_id=49826968174827
2026-05-15 15:47:51	image-delete	delete_product_image	DELETE	https://oz-nails-wa.myshopify.com/admin/api/2024-10/products/9365101445355/images/49826969059563.json	9365101445355		images	200	OK	image_id=49826969059563
2026-05-15 15:47:53	image-delete	delete_product_image	DELETE	https://oz-nails-wa.myshopify.com/admin/api/2024-10/products/9365101510891/images/49826970861803.json	9365101510891		images	200	OK	image_id=49826970861803
2026-05-15 15:47:55	image-delete	delete_product_image	DELETE	https://oz-nails-wa.myshopify.com/admin/api/2024-10/products/9365101543659/images/49826972664043.json	9365101543659		images	200	OK	image_id=49826972664043
2026-05-15 15:47:57	image-delete	delete_product_image	DELETE	https://oz-nails-wa.myshopify.com/admin/api/2024-10/products/9365101641963/images/49826973581547.json	9365101641963		images	200	OK	image_id=49826973581547
2026-05-15 15:47:59	image-delete	delete_product_image	DELETE	https://oz-nails-wa.myshopify.com/admin/api/2024-10/products/9365101707499/images/49826973909227.json	9365101707499		images	200	OK	image_id=49826973909227
2026-05-15 15:48:00	image-delete	delete_product_image	DELETE	https://oz-nails-wa.myshopify.com/admin/api/2024-10/products/9365101773035/images/49826974269675.json	9365101773035		images	200	OK	image_id=49826974269675
2026-05-15 15:48:02	image-delete	delete_product_image	DELETE	https://oz-nails-wa.myshopify.com/admin/api/2024-10/products/9365101805803/images/49826974531819.json	9365101805803		images	200	OK	image_id=49826974531819
2026-05-15 15:48:04	image-delete	delete_product_image	DELETE	https://oz-nails-wa.myshopify.com/admin/api/2024-10/products/9365101838571/images/49826975056107.json	9365101838571		images	200	OK	image_id=49826975056107
2026-05-15 15:48:06	image-delete	delete_product_image	DELETE	https://oz-nails-wa.myshopify.com/admin/api/2024-10/products/9365102002411/images/49826975351019.json	9365102002411		images	200	OK	image_id=49826975351019
2026-05-15 15:48:08	image-delete	delete_product_image	DELETE	https://oz-nails-wa.myshopify.com/admin/api/2024-10/products/9365102100715/images/49826975842539.json	9365102100715		images	200	OK	image_id=49826975842539
2026-05-15 15:48:10	image-delete	delete_product_image	DELETE	https://oz-nails-wa.myshopify.com/admin/api/2024-10/products/9365102264555/images/49826976989419.json	9365102264555		images	200	OK	image_id=49826976989419
2026-05-15 15:48:12	image-delete	delete_product_image	DELETE	https://oz-nails-wa.myshopify.com/admin/api/2024-10/products/9365102362859/images/49826978300139.json	9365102362859		images	200	OK	image_id=49826978300139
2026-05-15 15:48:14	image-delete	delete_product_image	DELETE	https://oz-nails-wa.myshopify.com/admin/api/2024-10/products/9365102395627/images/49826979741931.json	9365102395627		images	200	OK	image_id=49826979741931
2026-05-15 15:48:16	image-delete	delete_product_image	DELETE	https://oz-nails-wa.myshopify.com/admin/api/2024-10/products/9365102428395/images/49826981052651.json	9365102428395		images	200	OK	image_id=49826981052651
2026-05-15 15:48:18	image-delete	delete_product_image	DELETE	https://oz-nails-wa.myshopify.com/admin/api/2024-10/products/9365102461163/images/49826982822123.json	9365102461163		images	200	OK	image_id=49826982822123
2026-05-15 15:48:20	image-delete	delete_product_image	DELETE	https://oz-nails-wa.myshopify.com/admin/api/2024-10/products/9365102493931/images/49826984689899.json	9365102493931		images	200	OK	image_id=49826984689899
2026-05-15 15:48:22	image-delete	delete_product_image	DELETE	https://oz-nails-wa.myshopify.com/admin/api/2024-10/products/9365102559467/images/49826985869547.json	9365102559467		images	200	OK	image_id=49826985869547
2026-05-15 15:48:23	image-delete	delete_product_image	DELETE	https://oz-nails-wa.myshopify.com/admin/api/2024-10/products/9365102625003/images/49826987344107.json	9365102625003		images	200	OK	image_id=49826987344107
2026-05-15 15:48:25	image-delete	delete_product_image	DELETE	https://oz-nails-wa.myshopify.com/admin/api/2024-10/products/9365102657771/images/49826987737323.json	9365102657771		images	200	OK	image_id=49826987737323
2026-05-15 15:48:27	image-delete	delete_product_image	DELETE	https://oz-nails-wa.myshopify.com/admin/api/2024-10/products/9365102690539/images/49826988065003.json	9365102690539		images	200	OK	image_id=49826988065003
2026-05-15 15:48:29	image-delete	delete_product_image	DELETE	https://oz-nails-wa.myshopify.com/admin/api/2024-10/products/9365102756075/images/49826988916971.json	9365102756075		images	200	OK	image_id=49826988916971
2026-05-15 15:48:31	image-delete	delete_product_image	DELETE	https://oz-nails-wa.myshopify.com/admin/api/2024-10/products/9365102854379/images/49826989310187.json	9365102854379		images	200	OK	image_id=49826989310187
2026-05-15 15:48:33	image-delete	delete_product_image	DELETE	https://oz-nails-wa.myshopify.com/admin/api/2024-10/products/9365102952683/images/49826989605099.json	9365102952683		images	200	OK	image_id=49826989605099
2026-05-15 15:48:35	image-delete	delete_product_image	DELETE	https://oz-nails-wa.myshopify.com/admin/api/2024-10/products/9365102985451/images/49826990620907.json	9365102985451		images	200	OK	image_id=49826990620907
2026-05-15 15:48:37	image-delete	delete_product_image	DELETE	https://oz-nails-wa.myshopify.com/admin/api/2024-10/products/9365103018219/images/49826991276267.json	9365103018219		images	200	OK	image_id=49826991276267
2026-05-15 15:48:39	image-delete	delete_product_image	DELETE	https://oz-nails-wa.myshopify.com/admin/api/2024-10/products/9365103050987/images/49826992226539.json	9365103050987		images	200	OK	image_id=49826992226539
2026-05-15 15:48:41	image-delete	delete_product_image	DELETE	https://oz-nails-wa.myshopify.com/admin/api/2024-10/products/9365103083755/images/49826992980203.json	9365103083755		images	200	OK	image_id=49826992980203
2026-05-15 15:48:43	image-delete	delete_product_image	DELETE	https://oz-nails-wa.myshopify.com/admin/api/2024-10/products/9365103116523/images/49826994618603.json	9365103116523		images	200	OK	image_id=49826994618603
2026-05-15 15:48:44	image-delete	delete_product_image	DELETE	https://oz-nails-wa.myshopify.com/admin/api/2024-10/products/9365103182059/images/49826995929323.json	9365103182059		images	200	OK	image_id=49826995929323
2026-05-15 15:48:46	image-delete	delete_product_image	DELETE	https://oz-nails-wa.myshopify.com/admin/api/2024-10/products/9365103214827/images/49826996879595.json	9365103214827		images	200	OK	image_id=49826996879595
2026-05-15 15:48:48	image-delete	delete_product_image	DELETE	https://oz-nails-wa.myshopify.com/admin/api/2024-10/products/9365103280363/images/49826997731563.json	9365103280363		images	200	OK	image_id=49826997731563
2026-05-15 15:48:50	image-delete	delete_product_image	DELETE	https://oz-nails-wa.myshopify.com/admin/api/2024-10/products/9365103313131/images/49826998616299.json	9365103313131		images	200	OK	image_id=49826998616299
2026-05-15 15:48:52	image-delete	delete_product_image	DELETE	https://oz-nails-wa.myshopify.com/admin/api/2024-10/products/9365103378667/images/49826999402731.json	9365103378667		images	200	OK	image_id=49826999402731
2026-05-15 15:48:54	image-delete	delete_product_image	DELETE	https://oz-nails-wa.myshopify.com/admin/api/2024-10/products/9365103411435/images/49827000156395.json	9365103411435		images	200	OK	image_id=49827000156395
2026-05-15 15:48:56	image-delete	delete_product_image	DELETE	https://oz-nails-wa.myshopify.com/admin/api/2024-10/products/9365103444203/images/49827001401579.json	9365103444203		images	200	OK	image_id=49827001401579
2026-05-15 15:48:58	image-delete	delete_product_image	DELETE	https://oz-nails-wa.myshopify.com/admin/api/2024-10/products/9365103476971/images/49827002777835.json	9365103476971		images	200	OK	image_id=49827002777835
2026-05-15 15:48:59	image-delete	delete_product_image	DELETE	https://oz-nails-wa.myshopify.com/admin/api/2024-10/products/9365103509739/images/49827004449003.json	9365103509739		images	200	OK	image_id=49827004449003
2026-05-15 15:49:01	image-delete	delete_product_image	DELETE	https://oz-nails-wa.myshopify.com/admin/api/2024-10/products/9365103608043/images/49827006382315.json	9365103608043		images	200	OK	image_id=49827006382315
2026-05-15 15:49:03	image-delete	delete_product_image	DELETE	https://oz-nails-wa.myshopify.com/admin/api/2024-10/products/9365103640811/images/49827007561963.json	9365103640811		images	200	OK	image_id=49827007561963
2026-05-15 15:49:05	image-delete	delete_product_image	DELETE	https://oz-nails-wa.myshopify.com/admin/api/2024-10/products/9365103673579/images/49827008774379.json	9365103673579		images	200	OK	image_id=49827008774379
2026-05-15 15:49:07	image-delete	delete_product_image	DELETE	https://oz-nails-wa.myshopify.com/admin/api/2024-10/products/9365103706347/images/49827009691883.json	9365103706347		images	200	OK	image_id=49827009691883
2026-05-15 15:49:09	image-delete	delete_product_image	DELETE	https://oz-nails-wa.myshopify.com/admin/api/2024-10/products/9365103739115/images/49827010543851.json	9365103739115		images	200	OK	image_id=49827010543851
2026-05-15 15:49:11	image-delete	delete_product_image	DELETE	https://oz-nails-wa.myshopify.com/admin/api/2024-10/products/9365103804651/images/49827011264747.json	9365103804651		images	200	OK	image_id=49827011264747
2026-05-15 15:49:13	image-delete	delete_product_image	DELETE	https://oz-nails-wa.myshopify.com/admin/api/2024-10/products/9365103837419/images/49827011395819.json	9365103837419		images	200	OK	image_id=49827011395819
2026-05-15 15:49:14	image-delete	delete_product_image	DELETE	https://oz-nails-wa.myshopify.com/admin/api/2024-10/products/9365103870187/images/49827011559659.json	9365103870187		images	200	OK	image_id=49827011559659
2026-05-15 15:49:17	image-delete	delete_product_image	DELETE	https://oz-nails-wa.myshopify.com/admin/api/2024-10/products/9365103902955/images/49827011723499.json	9365103902955		images	200	OK	image_id=49827011723499
2026-05-15 15:49:19	image-delete	delete_product_image	DELETE	https://oz-nails-wa.myshopify.com/admin/api/2024-10/products/9365103935723/images/49827012313323.json	9365103935723		images	200	OK	image_id=49827012313323
2026-05-15 15:49:21	image-delete	delete_product_image	DELETE	https://oz-nails-wa.myshopify.com/admin/api/2024-10/products/9365104034027/images/49827012804843.json	9365104034027		images	200	OK	image_id=49827012804843
2026-05-15 15:49:23	image-delete	delete_product_image	DELETE	https://oz-nails-wa.myshopify.com/admin/api/2024-10/products/9365104066795/images/49827013787883.json	9365104066795		images	200	OK	image_id=49827013787883
2026-05-15 15:49:26	image-delete	delete_product_image	DELETE	https://oz-nails-wa.myshopify.com/admin/api/2024-10/products/9365104132331/images/49827014410475.json	9365104132331		images	200	OK	image_id=49827014410475
2026-05-15 15:49:28	image-delete	delete_product_image	DELETE	https://oz-nails-wa.myshopify.com/admin/api/2024-10/products/9365104165099/images/49827015229675.json	9365104165099		images	200	OK	image_id=49827015229675
2026-05-15 15:49:30	image-delete	delete_product_image	DELETE	https://oz-nails-wa.myshopify.com/admin/api/2024-10/products/9365104197867/images/49827016016107.json	9365104197867		images	200	OK	image_id=49827016016107
2026-05-15 15:49:32	image-delete	delete_product_image	DELETE	https://oz-nails-wa.myshopify.com/admin/api/2024-10/products/9365104328939/images/49827016671467.json	9365104328939		images	200	OK	image_id=49827016671467
2026-05-15 15:49:33	image-delete	delete_product_image	DELETE	https://oz-nails-wa.myshopify.com/admin/api/2024-10/products/9365104394475/images/49827017425131.json	9365104394475		images	200	OK	image_id=49827017425131
2026-05-15 15:49:35	image-delete	delete_product_image	DELETE	https://oz-nails-wa.myshopify.com/admin/api/2024-10/products/9365104460011/images/49827017720043.json	9365104460011		images	200	OK	image_id=49827017720043
2026-05-15 15:49:37	image-delete	delete_product_image	DELETE	https://oz-nails-wa.myshopify.com/admin/api/2024-10/products/9365104492779/images/49827018014955.json	9365104492779		images	200	OK	image_id=49827018014955
2026-05-15 15:49:39	image-delete	delete_product_image	DELETE	https://oz-nails-wa.myshopify.com/admin/api/2024-10/products/9365104558315/images/49827018178795.json	9365104558315		images	200	OK	image_id=49827018178795
2026-05-15 15:49:41	image-delete	delete_product_image	DELETE	https://oz-nails-wa.myshopify.com/admin/api/2024-10/products/9365104623851/images/49827018342635.json	9365104623851		images	200	OK	image_id=49827018342635
2026-05-15 15:49:43	image-delete	delete_product_image	DELETE	https://oz-nails-wa.myshopify.com/admin/api/2024-10/products/9365104656619/images/49827018539243.json	9365104656619		images	200	OK	image_id=49827018539243
2026-05-15 15:49:45	image-delete	delete_product_image	DELETE	https://oz-nails-wa.myshopify.com/admin/api/2024-10/products/9365104722155/images/49827019292907.json	9365104722155		images	200	OK	image_id=49827019292907
2026-05-15 15:49:47	image-delete	delete_product_image	DELETE	https://oz-nails-wa.myshopify.com/admin/api/2024-10/products/9365104820459/images/49827020374251.json	9365104820459		images	200	OK	image_id=49827020374251
2026-05-15 15:49:49	image-delete	delete_product_image	DELETE	https://oz-nails-wa.myshopify.com/admin/api/2024-10/products/9365104885995/images/49827021062379.json	9365104885995		images	200	OK	image_id=49827021062379
2026-05-15 15:49:51	image-delete	delete_product_image	DELETE	https://oz-nails-wa.myshopify.com/admin/api/2024-10/products/9365104951531/images/49827022471403.json	9365104951531		images	200	OK	image_id=49827022471403
2026-05-15 15:49:53	image-delete	delete_product_image	DELETE	https://oz-nails-wa.myshopify.com/admin/api/2024-10/products/9365104984299/images/49827024175339.json	9365104984299		images	200	OK	image_id=49827024175339
2026-05-15 15:49:55	image-delete	delete_product_image	DELETE	https://oz-nails-wa.myshopify.com/admin/api/2024-10/products/9365105017067/images/49827024929003.json	9365105017067		images	200	OK	image_id=49827024929003
2026-05-15 15:49:57	image-delete	delete_product_image	DELETE	https://oz-nails-wa.myshopify.com/admin/api/2024-10/products/9365105049835/images/49827025060075.json	9365105049835		images	200	OK	image_id=49827025060075
2026-05-15 15:49:59	image-delete	delete_product_image	DELETE	https://oz-nails-wa.myshopify.com/admin/api/2024-10/products/9365105115371/images/49827025191147.json	9365105115371		images	200	OK	image_id=49827025191147
2026-05-15 15:50:01	image-delete	delete_product_image	DELETE	https://oz-nails-wa.myshopify.com/admin/api/2024-10/products/9365105213675/images/49827025322219.json	9365105213675		images	200	OK	image_id=49827025322219
2026-05-15 15:50:03	image-delete	delete_product_image	DELETE	https://oz-nails-wa.myshopify.com/admin/api/2024-10/products/9365105311979/images/49827025518827.json	9365105311979		images	200	OK	image_id=49827025518827
2026-05-15 15:50:05	image-delete	delete_product_image	DELETE	https://oz-nails-wa.myshopify.com/admin/api/2024-10/products/9365105410283/images/49827025748203.json	9365105410283		images	200	OK	image_id=49827025748203
2026-05-15 15:50:07	image-delete	delete_product_image	DELETE	https://oz-nails-wa.myshopify.com/admin/api/2024-10/products/9365105443051/images/49827025879275.json	9365105443051		images	200	OK	image_id=49827025879275
2026-05-15 15:50:09	image-delete	delete_product_image	DELETE	https://oz-nails-wa.myshopify.com/admin/api/2024-10/products/9365105508587/images/49827026403563.json	9365105508587		images	200	OK	image_id=49827026403563
2026-05-15 15:50:11	image-delete	delete_product_image	DELETE	https://oz-nails-wa.myshopify.com/admin/api/2024-10/products/9365105541355/images/49827026993387.json	9365105541355		images	200	OK	image_id=49827026993387
2026-05-15 15:50:13	image-delete	delete_product_image	DELETE	https://oz-nails-wa.myshopify.com/admin/api/2024-10/products/9365105574123/images/49827027812587.json	9365105574123		images	200	OK	image_id=49827027812587
2026-05-15 15:50:15	image-delete	delete_product_image	DELETE	https://oz-nails-wa.myshopify.com/admin/api/2024-10/products/9365105639659/images/49827028861163.json	9365105639659		images	200	OK	image_id=49827028861163
2026-05-15 15:50:17	image-delete	delete_product_image	DELETE	https://oz-nails-wa.myshopify.com/admin/api/2024-10/products/9365105672427/images/49827029942507.json	9365105672427		images	200	OK	image_id=49827029942507
2026-05-15 15:50:18	image-delete	delete_product_image	DELETE	https://oz-nails-wa.myshopify.com/admin/api/2024-10/products/9365105803499/images/49827030892779.json	9365105803499		images	200	OK	image_id=49827030892779
2026-05-15 15:50:20	image-delete	delete_product_image	DELETE	https://oz-nails-wa.myshopify.com/admin/api/2024-10/products/9365105901803/images/49827031023851.json	9365105901803		images	200	OK	image_id=49827031023851
2026-05-15 15:50:22	image-delete	delete_product_image	DELETE	https://oz-nails-wa.myshopify.com/admin/api/2024-10/products/9365106032875/images/49827031384299.json	9365106032875		images	200	OK	image_id=49827031384299
2026-05-15 15:50:25	image-delete	delete_product_image	DELETE	https://oz-nails-wa.myshopify.com/admin/api/2024-10/products/9365106098411/images/49827031646443.json	9365106098411		images	200	OK	image_id=49827031646443
2026-05-15 15:50:27	image-delete	delete_product_image	DELETE	https://oz-nails-wa.myshopify.com/admin/api/2024-10/products/9365106163947/images/49827031908587.json	9365106163947		images	200	OK	image_id=49827031908587
2026-05-15 15:50:29	image-delete	delete_product_image	DELETE	https://oz-nails-wa.myshopify.com/admin/api/2024-10/products/9365106327787/images/49827032105195.json	9365106327787		images	200	OK	image_id=49827032105195
2026-05-15 15:50:32	image-delete	delete_product_image	DELETE	https://oz-nails-wa.myshopify.com/admin/api/2024-10/products/9365106393323/images/49827032432875.json	9365106393323		images	200	OK	image_id=49827032432875
2026-05-15 15:50:34	image-delete	delete_product_image	DELETE	https://oz-nails-wa.myshopify.com/admin/api/2024-10/products/9365106458859/images/49827033022699.json	9365106458859		images	200	OK	image_id=49827033022699
2026-05-15 15:50:36	image-delete	delete_product_image	DELETE	https://oz-nails-wa.myshopify.com/admin/api/2024-10/products/9365106491627/images/49827033579755.json	9365106491627		images	200	OK	image_id=49827033579755
2026-05-15 15:50:38	image-delete	delete_product_image	DELETE	https://oz-nails-wa.myshopify.com/admin/api/2024-10/products/9365106589931/images/49827034398955.json	9365106589931		images	200	OK	image_id=49827034398955
2026-05-15 15:50:40	image-delete	delete_product_image	DELETE	https://oz-nails-wa.myshopify.com/admin/api/2024-10/products/9365106688235/images/49827035447531.json	9365106688235		images	200	OK	image_id=49827035447531
2026-05-15 15:50:43	image-delete	delete_product_image	DELETE	https://oz-nails-wa.myshopify.com/admin/api/2024-10/products/9365106786539/images/49827036299499.json	9365106786539		images	200	OK	image_id=49827036299499
2026-05-15 15:50:45	image-delete	delete_product_image	DELETE	https://oz-nails-wa.myshopify.com/admin/api/2024-10/products/9365106852075/images/49827037184235.json	9365106852075		images	200	OK	image_id=49827037184235
2026-05-15 15:50:46	image-delete	delete_product_image	DELETE	https://oz-nails-wa.myshopify.com/admin/api/2024-10/products/9365106950379/images/49827037413611.json	9365106950379		images	200	OK	image_id=49827037413611
2026-05-15 15:50:48	image-delete	delete_product_image	DELETE	https://oz-nails-wa.myshopify.com/admin/api/2024-10/products/9365107015915/images/49827037577451.json	9365107015915		images	200	OK	image_id=49827037577451
2026-05-15 15:50:50	image-delete	delete_product_image	DELETE	https://oz-nails-wa.myshopify.com/admin/api/2024-10/products/9365107146987/images/49827037741291.json	9365107146987		images	200	OK	image_id=49827037741291
2026-05-15 15:50:52	image-delete	delete_product_image	DELETE	https://oz-nails-wa.myshopify.com/admin/api/2024-10/products/9365107212523/images/49827037905131.json	9365107212523		images	200	OK	image_id=49827037905131
2026-05-15 15:50:54	image-delete	delete_product_image	DELETE	https://oz-nails-wa.myshopify.com/admin/api/2024-10/products/9365107278059/images/49827038134507.json	9365107278059		images	200	OK	image_id=49827038134507
2026-05-15 15:50:57	image-delete	delete_product_image	DELETE	https://oz-nails-wa.myshopify.com/admin/api/2024-10/products/9365107310827/images/49827038331115.json	9365107310827		images	200	OK	image_id=49827038331115
2026-05-15 15:50:59	image-delete	delete_product_image	DELETE	https://oz-nails-wa.myshopify.com/admin/api/2024-10/products/9365107376363/images/49827038953707.json	9365107376363		images	200	OK	image_id=49827038953707
2026-05-15 15:51:01	image-delete	delete_product_image	DELETE	https://oz-nails-wa.myshopify.com/admin/api/2024-10/products/9365107474667/images/49827039969515.json	9365107474667		images	200	OK	image_id=49827039969515
2026-05-15 15:51:03	image-delete	delete_product_image	DELETE	https://oz-nails-wa.myshopify.com/admin/api/2024-10/products/9365107638507/images/49827040657643.json	9365107638507		images	200	OK	image_id=49827040657643
2026-05-15 15:51:05	image-delete	delete_product_image	DELETE	https://oz-nails-wa.myshopify.com/admin/api/2024-10/products/9365107704043/images/49827041542379.json	9365107704043		images	200	OK	image_id=49827041542379
2026-05-15 15:51:07	image-delete	delete_product_image	DELETE	https://oz-nails-wa.myshopify.com/admin/api/2024-10/products/9365107769579/images/49827042427115.json	9365107769579		images	200	OK	image_id=49827042427115
2026-05-15 15:51:09	image-delete	delete_product_image	DELETE	https://oz-nails-wa.myshopify.com/admin/api/2024-10/products/9365107835115/images/49827043213547.json	9365107835115		images	200	OK	image_id=49827043213547
2026-05-15 15:51:11	image-delete	delete_product_image	DELETE	https://oz-nails-wa.myshopify.com/admin/api/2024-10/products/9365107933419/images/49827043606763.json	9365107933419		images	200	OK	image_id=49827043606763
2026-05-15 15:51:13	image-delete	delete_product_image	DELETE	https://oz-nails-wa.myshopify.com/admin/api/2024-10/products/9365108064491/images/49827043836139.json	9365108064491		images	200	OK	image_id=49827043836139
2026-05-15 15:51:15	image-delete	delete_product_image	DELETE	https://oz-nails-wa.myshopify.com/admin/api/2024-10/products/9365108130027/images/49827043967211.json	9365108130027		images	200	OK	image_id=49827043967211
2026-05-15 15:51:17	image-delete	delete_product_image	DELETE	https://oz-nails-wa.myshopify.com/admin/api/2024-10/products/9365108228331/images/49827044294891.json	9365108228331		images	200	OK	image_id=49827044294891
2026-05-15 15:51:19	image-delete	delete_product_image	DELETE	https://oz-nails-wa.myshopify.com/admin/api/2024-10/products/9365108359403/images/49827044819179.json	9365108359403		images	200	OK	image_id=49827044819179
2026-05-15 15:51:21	image-delete	delete_product_image	DELETE	https://oz-nails-wa.myshopify.com/admin/api/2024-10/products/9365108490475/images/49827045409003.json	9365108490475		images	200	OK	image_id=49827045409003
2026-05-15 15:51:23	image-delete	delete_product_image	DELETE	https://oz-nails-wa.myshopify.com/admin/api/2024-10/products/9365108556011/images/49827046293739.json	9365108556011		images	200	OK	image_id=49827046293739
2026-05-15 15:51:25	image-delete	delete_product_image	DELETE	https://oz-nails-wa.myshopify.com/admin/api/2024-10/products/9365108621547/images/49827046916331.json	9365108621547		images	200	OK	image_id=49827046916331
2026-05-15 15:51:27	image-delete	delete_product_image	DELETE	https://oz-nails-wa.myshopify.com/admin/api/2024-10/products/9365108719851/images/49827047473387.json	9365108719851		images	200	OK	image_id=49827047473387
2026-05-15 15:51:29	image-delete	delete_product_image	DELETE	https://oz-nails-wa.myshopify.com/admin/api/2024-10/products/9365108818155/images/49827048292587.json	9365108818155		images	200	OK	image_id=49827048292587
2026-05-15 15:51:31	image-delete	delete_product_image	DELETE	https://oz-nails-wa.myshopify.com/admin/api/2024-10/products/9365108850923/images/49827049439467.json	9365108850923		images	200	OK	image_id=49827049439467
2026-05-15 15:51:33	image-delete	delete_product_image	DELETE	https://oz-nails-wa.myshopify.com/admin/api/2024-10/products/9365108916459/images/49827050389739.json	9365108916459		images	200	OK	image_id=49827050389739
2026-05-15 15:51:35	image-delete	delete_product_image	DELETE	https://oz-nails-wa.myshopify.com/admin/api/2024-10/products/9365109014763/images/49827050881259.json	9365109014763		images	200	OK	image_id=49827050881259
2026-05-15 15:51:37	image-delete	delete_product_image	DELETE	https://oz-nails-wa.myshopify.com/admin/api/2024-10/products/9365109080299/images/49827051143403.json	9365109080299		images	200	OK	image_id=49827051143403
2026-05-15 15:51:39	image-delete	delete_product_image	DELETE	https://oz-nails-wa.myshopify.com/admin/api/2024-10/products/9365109178603/images/49827051372779.json	9365109178603		images	200	OK	image_id=49827051372779
2026-05-15 15:51:41	image-delete	delete_product_image	DELETE	https://oz-nails-wa.myshopify.com/admin/api/2024-10/products/9365109244139/images/49827051536619.json	9365109244139		images	200	OK	image_id=49827051536619
2026-05-15 15:51:43	image-delete	delete_product_image	DELETE	https://oz-nails-wa.myshopify.com/admin/api/2024-10/products/9365109309675/images/49827051667691.json	9365109309675		images	200	OK	image_id=49827051667691
2026-05-15 15:51:45	image-delete	delete_product_image	DELETE	https://oz-nails-wa.myshopify.com/admin/api/2024-10/products/9365109407979/images/49827051798763.json	9365109407979		images	200	OK	image_id=49827051798763
2026-05-15 15:51:47	image-delete	delete_product_image	DELETE	https://oz-nails-wa.myshopify.com/admin/api/2024-10/products/9365109473515/images/49827052028139.json	9365109473515		images	200	OK	image_id=49827052028139
2026-05-15 15:51:50	image-delete	delete_product_image	DELETE	https://oz-nails-wa.myshopify.com/admin/api/2024-10/products/9365109539051/images/49827052978411.json	9365109539051		images	200	OK	image_id=49827052978411
2026-05-15 15:51:52	image-delete	delete_product_image	DELETE	https://oz-nails-wa.myshopify.com/admin/api/2024-10/products/9365109604587/images/49827053994219.json	9365109604587		images	200	OK	image_id=49827053994219
2026-05-15 15:51:54	image-delete	delete_product_image	DELETE	https://oz-nails-wa.myshopify.com/admin/api/2024-10/products/9365109702891/images/49827055468779.json	9365109702891		images	200	OK	image_id=49827055468779
2026-05-15 15:51:56	image-delete	delete_product_image	DELETE	https://oz-nails-wa.myshopify.com/admin/api/2024-10/products/9365109833963/images/49827056713963.json	9365109833963		images	200	OK	image_id=49827056713963
2026-05-15 15:51:58	image-delete	delete_product_image	DELETE	https://oz-nails-wa.myshopify.com/admin/api/2024-10/products/9365109932267/images/49827057828075.json	9365109932267		images	200	OK	image_id=49827057828075
2026-05-15 15:52:00	image-delete	delete_product_image	DELETE	https://oz-nails-wa.myshopify.com/admin/api/2024-10/products/9365110063339/images/49827058778347.json	9365110063339		images	200	OK	image_id=49827058778347
2026-05-15 15:52:02	image-delete	delete_product_image	DELETE	https://oz-nails-wa.myshopify.com/admin/api/2024-10/products/9365110194411/images/49827059204331.json	9365110194411		images	200	OK	image_id=49827059204331
2026-05-15 15:52:04	image-delete	delete_product_image	DELETE	https://oz-nails-wa.myshopify.com/admin/api/2024-10/products/9365110259947/images/49827059400939.json	9365110259947		images	200	OK	image_id=49827059400939
2026-05-15 15:52:06	image-delete	delete_product_image	DELETE	https://oz-nails-wa.myshopify.com/admin/api/2024-10/products/9365110358251/images/49827059892459.json	9365110358251		images	200	OK	image_id=49827059892459
2026-05-15 15:52:08	image-delete	delete_product_image	DELETE	https://oz-nails-wa.myshopify.com/admin/api/2024-10/products/9365110456555/images/49827060121835.json	9365110456555		images	200	OK	image_id=49827060121835
2026-05-15 15:52:10	image-delete	delete_product_image	DELETE	https://oz-nails-wa.myshopify.com/admin/api/2024-10/products/9365110587627/images/49827060318443.json	9365110587627		images	200	OK	image_id=49827060318443
2026-05-15 15:52:12	image-delete	delete_product_image	DELETE	https://oz-nails-wa.myshopify.com/admin/api/2024-10/products/9365110685931/images/49827060482283.json	9365110685931		images	200	OK	image_id=49827060482283
2026-05-15 15:52:13	image-delete	delete_product_image	DELETE	https://oz-nails-wa.myshopify.com/admin/api/2024-10/products/9365110751467/images/49827060842731.json	9365110751467		images	200	OK	image_id=49827060842731
2026-05-15 15:52:15	image-delete	delete_product_image	DELETE	https://oz-nails-wa.myshopify.com/admin/api/2024-10/products/9365110882539/images/49827061563627.json	9365110882539		images	200	OK	image_id=49827061563627
2026-05-15 15:52:17	image-delete	delete_product_image	DELETE	https://oz-nails-wa.myshopify.com/admin/api/2024-10/products/9365110980843/images/49827062481131.json	9365110980843		images	200	OK	image_id=49827062481131
2026-05-15 15:52:19	image-delete	delete_product_image	DELETE	https://oz-nails-wa.myshopify.com/admin/api/2024-10/products/9365111079147/images/49827063464171.json	9365111079147		images	200	OK	image_id=49827063464171
2026-05-15 15:52:21	image-delete	delete_product_image	DELETE	https://oz-nails-wa.myshopify.com/admin/api/2024-10/products/9365111144683/images/49827064414443.json	9365111144683		images	200	OK	image_id=49827064414443
2026-05-15 15:52:23	image-delete	delete_product_image	DELETE	https://oz-nails-wa.myshopify.com/admin/api/2024-10/products/9365111210219/images/49827065037035.json	9365111210219		images	200	OK	image_id=49827065037035
2026-05-15 15:52:25	image-delete	delete_product_image	DELETE	https://oz-nails-wa.myshopify.com/admin/api/2024-10/products/9365111308523/images/49827066347755.json	9365111308523		images	200	OK	image_id=49827066347755
2026-05-15 15:52:27	image-delete	delete_product_image	DELETE	https://oz-nails-wa.myshopify.com/admin/api/2024-10/products/9365111406827/images/49827066872043.json	9365111406827		images	200	OK	image_id=49827066872043
2026-05-15 15:52:29	image-delete	delete_product_image	DELETE	https://oz-nails-wa.myshopify.com/admin/api/2024-10/products/9365111472363/images/49827067035883.json	9365111472363		images	200	OK	image_id=49827067035883
2026-05-15 15:52:31	image-delete	delete_product_image	DELETE	https://oz-nails-wa.myshopify.com/admin/api/2024-10/products/9365111701739/images/49827067265259.json	9365111701739		images	200	OK	image_id=49827067265259
2026-05-15 15:52:33	image-delete	delete_product_image	DELETE	https://oz-nails-wa.myshopify.com/admin/api/2024-10/products/9365111931115/images/49827067429099.json	9365111931115		images	200	OK	image_id=49827067429099
2026-05-15 15:52:35	image-delete	delete_product_image	DELETE	https://oz-nails-wa.myshopify.com/admin/api/2024-10/products/9365112062187/images/49827067560171.json	9365112062187		images	200	OK	image_id=49827067560171
2026-05-15 15:52:37	image-delete	delete_product_image	DELETE	https://oz-nails-wa.myshopify.com/admin/api/2024-10/products/9365112324331/images/49827068575979.json	9365112324331		images	200	OK	image_id=49827068575979
2026-05-15 15:52:40	image-delete	delete_product_image	DELETE	https://oz-nails-wa.myshopify.com/admin/api/2024-10/products/9365112488171/images/49827069460715.json	9365112488171		images	200	OK	image_id=49827069460715
2026-05-15 15:52:42	image-delete	delete_product_image	DELETE	https://oz-nails-wa.myshopify.com/admin/api/2024-10/products/9365112619243/images/49827070902507.json	9365112619243		images	200	OK	image_id=49827070902507
2026-05-15 15:52:44	image-delete	delete_product_image	DELETE	https://oz-nails-wa.myshopify.com/admin/api/2024-10/products/9365112684779/images/49827071557867.json	9365112684779		images	200	OK	image_id=49827071557867
2026-05-15 15:52:46	image-delete	delete_product_image	DELETE	https://oz-nails-wa.myshopify.com/admin/api/2024-10/products/9365112783083/images/49827072442603.json	9365112783083		images	200	OK	image_id=49827072442603
2026-05-15 15:52:47	image-delete	delete_product_image	DELETE	https://oz-nails-wa.myshopify.com/admin/api/2024-10/products/9365112881387/images/49827073982699.json	9365112881387		images	200	OK	image_id=49827073982699
2026-05-15 15:52:49	image-delete	delete_product_image	DELETE	https://oz-nails-wa.myshopify.com/admin/api/2024-10/products/9365112946923/images/49827075850475.json	9365112946923		images	200	OK	image_id=49827075850475
2026-05-15 15:52:51	image-delete	delete_product_image	DELETE	https://oz-nails-wa.myshopify.com/admin/api/2024-10/products/9365113012459/images/49827076374763.json	9365113012459		images	200	OK	image_id=49827076374763
2026-05-15 15:52:53	image-delete	delete_product_image	DELETE	https://oz-nails-wa.myshopify.com/admin/api/2024-10/products/9365113077995/images/49827076538603.json	9365113077995		images	200	OK	image_id=49827076538603
2026-05-15 15:52:55	image-delete	delete_product_image	DELETE	https://oz-nails-wa.myshopify.com/admin/api/2024-10/products/9365113143531/images/49827076669675.json	9365113143531		images	200	OK	image_id=49827076669675
2026-05-15 15:52:57	image-delete	delete_product_image	DELETE	https://oz-nails-wa.myshopify.com/admin/api/2024-10/products/9365113241835/images/49827076800747.json	9365113241835		images	200	OK	image_id=49827076800747
2026-05-15 15:52:59	image-delete	delete_product_image	DELETE	https://oz-nails-wa.myshopify.com/admin/api/2024-10/products/9365113340139/images/49827076964587.json	9365113340139		images	200	OK	image_id=49827076964587
2026-05-15 15:53:01	image-delete	delete_product_image	DELETE	https://oz-nails-wa.myshopify.com/admin/api/2024-10/products/9365113405675/images/49827077095659.json	9365113405675		images	200	OK	image_id=49827077095659
2026-05-15 15:53:03	image-delete	delete_product_image	DELETE	https://oz-nails-wa.myshopify.com/admin/api/2024-10/products/9365113471211/images/49827077554411.json	9365113471211		images	200	OK	image_id=49827077554411
2026-05-15 15:53:05	image-delete	delete_product_image	DELETE	https://oz-nails-wa.myshopify.com/admin/api/2024-10/products/9365113569515/images/49827078340843.json	9365113569515		images	200	OK	image_id=49827078340843
2026-05-15 15:53:07	image-delete	delete_product_image	DELETE	https://oz-nails-wa.myshopify.com/admin/api/2024-10/products/9365113635051/images/49827078897899.json	9365113635051		images	200	OK	image_id=49827078897899
2026-05-15 15:53:09	image-delete	delete_product_image	DELETE	https://oz-nails-wa.myshopify.com/admin/api/2024-10/products/9365113766123/images/49827079684331.json	9365113766123		images	200	OK	image_id=49827079684331
2026-05-15 15:53:11	image-delete	delete_product_image	DELETE	https://oz-nails-wa.myshopify.com/admin/api/2024-10/products/9365113897195/images/49827080634603.json	9365113897195		images	200	OK	image_id=49827080634603
2026-05-15 15:53:13	image-delete	delete_product_image	DELETE	https://oz-nails-wa.myshopify.com/admin/api/2024-10/products/9365113995499/images/49827081224427.json	9365113995499		images	200	OK	image_id=49827081224427
2026-05-15 15:53:15	image-delete	delete_product_image	DELETE	https://oz-nails-wa.myshopify.com/admin/api/2024-10/products/9365114093803/images/49827082305771.json	9365114093803		images	200	OK	image_id=49827082305771
2026-05-15 15:53:17	image-delete	delete_product_image	DELETE	https://oz-nails-wa.myshopify.com/admin/api/2024-10/products/9365114126571/images/49827082633451.json	9365114126571		images	200	OK	image_id=49827082633451
2026-05-15 15:53:19	image-delete	delete_product_image	DELETE	https://oz-nails-wa.myshopify.com/admin/api/2024-10/products/9365114257643/images/49827082797291.json	9365114257643		images	200	OK	image_id=49827082797291
2026-05-15 15:53:21	image-delete	delete_product_image	DELETE	https://oz-nails-wa.myshopify.com/admin/api/2024-10/products/9365114323179/images/49827082895595.json	9365114323179		images	200	OK	image_id=49827082895595
2026-05-15 15:53:23	image-delete	delete_product_image	DELETE	https://oz-nails-wa.myshopify.com/admin/api/2024-10/products/9365114388715/images/49827082961131.json	9365114388715		images	200	OK	image_id=49827082961131
2026-05-15 15:53:25	image-delete	delete_product_image	DELETE	https://oz-nails-wa.myshopify.com/admin/api/2024-10/products/9365114519787/images/49827083059435.json	9365114519787		images	200	OK	image_id=49827083059435
2026-05-15 15:53:27	image-delete	delete_product_image	DELETE	https://oz-nails-wa.myshopify.com/admin/api/2024-10/products/9365114585323/images/49827083157739.json	9365114585323		images	200	OK	image_id=49827083157739
2026-05-15 15:53:29	image-delete	delete_product_image	DELETE	https://oz-nails-wa.myshopify.com/admin/api/2024-10/products/9365114650859/images/49827083256043.json	9365114650859		images	200	OK	image_id=49827083256043
2026-05-15 15:53:31	image-delete	delete_product_image	DELETE	https://oz-nails-wa.myshopify.com/admin/api/2024-10/products/9365114716395/images/49827084337387.json	9365114716395		images	200	OK	image_id=49827084337387
2026-05-15 15:53:33	image-delete	delete_product_image	DELETE	https://oz-nails-wa.myshopify.com/admin/api/2024-10/products/9365114814699/images/49827085385963.json	9365114814699		images	200	OK	image_id=49827085385963
2026-05-15 15:53:35	image-delete	delete_product_image	DELETE	https://oz-nails-wa.myshopify.com/admin/api/2024-10/products/9365114913003/images/49827086303467.json	9365114913003		images	200	OK	image_id=49827086303467
2026-05-15 15:53:37	image-delete	delete_product_image	DELETE	https://oz-nails-wa.myshopify.com/admin/api/2024-10/products/9365115011307/images/49827087286507.json	9365115011307		images	200	OK	image_id=49827087286507
2026-05-15 15:53:39	image-delete	delete_product_image	DELETE	https://oz-nails-wa.myshopify.com/admin/api/2024-10/products/9365115207915/images/49827087974635.json	9365115207915		images	200	OK	image_id=49827087974635
2026-05-15 15:53:41	image-delete	delete_product_image	DELETE	https://oz-nails-wa.myshopify.com/admin/api/2024-10/products/9365115437291/images/49827088367851.json	9365115437291		images	200	OK	image_id=49827088367851
2026-05-15 15:53:43	image-delete	delete_product_image	DELETE	https://oz-nails-wa.myshopify.com/admin/api/2024-10/products/9365115601131/images/49827088531691.json	9365115601131		images	200	OK	image_id=49827088531691
2026-05-15 15:53:45	image-delete	delete_product_image	DELETE	https://oz-nails-wa.myshopify.com/admin/api/2024-10/products/9365115732203/images/49827088629995.json	9365115732203		images	200	OK	image_id=49827088629995
2026-05-15 15:53:47	image-delete	delete_product_image	DELETE	https://oz-nails-wa.myshopify.com/admin/api/2024-10/products/9365115830507/images/49827088793835.json	9365115830507		images	200	OK	image_id=49827088793835
2026-05-15 15:53:48	image-delete	delete_product_image	DELETE	https://oz-nails-wa.myshopify.com/admin/api/2024-10/products/9365115896043/images/49827088990443.json	9365115896043		images	200	OK	image_id=49827088990443
2026-05-15 15:53:50	image-delete	delete_product_image	DELETE	https://oz-nails-wa.myshopify.com/admin/api/2024-10/products/9365115928811/images/49827089121515.json	9365115928811		images	200	OK	image_id=49827089121515
2026-05-15 15:53:52	image-delete	delete_product_image	DELETE	https://oz-nails-wa.myshopify.com/admin/api/2024-10/products/9365116092651/images/49827089809643.json	9365116092651		images	200	OK	image_id=49827089809643
2026-05-15 15:53:54	image-delete	delete_product_image	DELETE	https://oz-nails-wa.myshopify.com/admin/api/2024-10/products/9365116190955/images/49827090497771.json	9365116190955		images	200	OK	image_id=49827090497771
2026-05-15 15:53:56	image-delete	delete_product_image	DELETE	https://oz-nails-wa.myshopify.com/admin/api/2024-10/products/9365116256491/images/49827091251435.json	9365116256491		images	200	OK	image_id=49827091251435
2026-05-15 15:53:58	image-delete	delete_product_image	DELETE	https://oz-nails-wa.myshopify.com/admin/api/2024-10/products/9365116354795/images/49827091841259.json	9365116354795		images	200	OK	image_id=49827091841259
2026-05-15 15:54:00	image-delete	delete_product_image	DELETE	https://oz-nails-wa.myshopify.com/admin/api/2024-10/products/9365116453099/images/49827092562155.json	9365116453099		images	200	OK	image_id=49827092562155
2026-05-15 15:54:02	image-delete	delete_product_image	DELETE	https://oz-nails-wa.myshopify.com/admin/api/2024-10/products/9365116551403/images/49827092955371.json	9365116551403		images	200	OK	image_id=49827092955371
2026-05-15 15:54:04	image-delete	delete_product_image	DELETE	https://oz-nails-wa.myshopify.com/admin/api/2024-10/products/9365116616939/images/49827093610731.json	9365116616939		images	200	OK	image_id=49827093610731
2026-05-15 15:54:06	image-delete	delete_product_image	DELETE	https://oz-nails-wa.myshopify.com/admin/api/2024-10/products/9365116715243/images/49827093938411.json	9365116715243		images	200	OK	image_id=49827093938411
2026-05-15 15:54:08	image-delete	delete_product_image	DELETE	https://oz-nails-wa.myshopify.com/admin/api/2024-10/products/9365116780779/images/49827094266091.json	9365116780779		images	200	OK	image_id=49827094266091
2026-05-15 15:54:10	image-delete	delete_product_image	DELETE	https://oz-nails-wa.myshopify.com/admin/api/2024-10/products/9365116846315/images/49827094397163.json	9365116846315		images	200	OK	image_id=49827094397163
2026-05-15 15:54:12	image-delete	delete_product_image	DELETE	https://oz-nails-wa.myshopify.com/admin/api/2024-10/products/9365116944619/images/49827094593771.json	9365116944619		images	200	OK	image_id=49827094593771
2026-05-15 15:54:14	image-delete	delete_product_image	DELETE	https://oz-nails-wa.myshopify.com/admin/api/2024-10/products/9365117010155/images/49827094790379.json	9365117010155		images	200	OK	image_id=49827094790379
2026-05-15 15:54:16	image-delete	delete_product_image	DELETE	https://oz-nails-wa.myshopify.com/admin/api/2024-10/products/9365117141227/images/49827095380203.json	9365117141227		images	200	OK	image_id=49827095380203
2026-05-15 15:54:18	image-delete	delete_product_image	DELETE	https://oz-nails-wa.myshopify.com/admin/api/2024-10/products/9365117239531/images/49827095806187.json	9365117239531		images	200	OK	image_id=49827095806187
2026-05-15 15:54:20	image-delete	delete_product_image	DELETE	https://oz-nails-wa.myshopify.com/admin/api/2024-10/products/9365117370603/images/49827096690923.json	9365117370603		images	200	OK	image_id=49827096690923
2026-05-15 15:54:22	image-delete	delete_product_image	DELETE	https://oz-nails-wa.myshopify.com/admin/api/2024-10/products/9365117436139/images/49827097346283.json	9365117436139		images	200	OK	image_id=49827097346283
2026-05-15 15:54:24	image-delete	delete_product_image	DELETE	https://oz-nails-wa.myshopify.com/admin/api/2024-10/products/9365117534443/images/49827098296555.json	9365117534443		images	200	OK	image_id=49827098296555
2026-05-15 15:54:26	image-delete	delete_product_image	DELETE	https://oz-nails-wa.myshopify.com/admin/api/2024-10/products/9365117599979/images/49827098919147.json	9365117599979		images	200	OK	image_id=49827098919147
2026-05-15 15:54:28	image-delete	delete_product_image	DELETE	https://oz-nails-wa.myshopify.com/admin/api/2024-10/products/9365117665515/images/49827100295403.json	9365117665515		images	200	OK	image_id=49827100295403
2026-05-15 15:54:31	image-delete	delete_product_image	DELETE	https://oz-nails-wa.myshopify.com/admin/api/2024-10/products/9365117731051/images/49827100459243.json	9365117731051		images	200	OK	image_id=49827100459243
2026-05-15 15:54:33	image-delete	delete_product_image	DELETE	https://oz-nails-wa.myshopify.com/admin/api/2024-10/products/9365117829355/images/49827100655851.json	9365117829355		images	200	OK	image_id=49827100655851
2026-05-15 15:54:35	image-delete	delete_product_image	DELETE	https://oz-nails-wa.myshopify.com/admin/api/2024-10/products/9365117894891/images/49827101180139.json	9365117894891		images	200	OK	image_id=49827101180139
2026-05-15 15:54:37	image-delete	delete_product_image	DELETE	https://oz-nails-wa.myshopify.com/admin/api/2024-10/products/9365117960427/images/49827101343979.json	9365117960427		images	200	OK	image_id=49827101343979
2026-05-15 15:54:38	image-delete	delete_product_image	DELETE	https://oz-nails-wa.myshopify.com/admin/api/2024-10/products/9365118025963/images/49827101475051.json	9365118025963		images	200	OK	image_id=49827101475051
2026-05-15 15:54:40	image-delete	delete_product_image	DELETE	https://oz-nails-wa.myshopify.com/admin/api/2024-10/products/9365118091499/images/49827102327019.json	9365118091499		images	200	OK	image_id=49827102327019
2026-05-15 15:54:42	image-delete	delete_product_image	DELETE	https://oz-nails-wa.myshopify.com/admin/api/2024-10/products/9365118124267/images/49827103015147.json	9365118124267		images	200	OK	image_id=49827103015147
2026-05-15 15:54:44	image-delete	delete_product_image	DELETE	https://oz-nails-wa.myshopify.com/admin/api/2024-10/products/9365118255339/images/49827103801579.json	9365118255339		images	200	OK	image_id=49827103801579
2026-05-15 15:54:46	image-delete	delete_product_image	DELETE	https://oz-nails-wa.myshopify.com/admin/api/2024-10/products/9365118353643/images/49827104620779.json	9365118353643		images	200	OK	image_id=49827104620779
2026-05-15 15:54:49	image-delete	delete_product_image	DELETE	https://oz-nails-wa.myshopify.com/admin/api/2024-10/products/9365118419179/images/49827105276139.json	9365118419179		images	200	OK	image_id=49827105276139
2026-05-15 15:54:51	image-delete	delete_product_image	DELETE	https://oz-nails-wa.myshopify.com/admin/api/2024-10/products/9365118484715/images/49827105636587.json	9365118484715		images	200	OK	image_id=49827105636587
2026-05-15 15:54:52	image-delete	delete_product_image	DELETE	https://oz-nails-wa.myshopify.com/admin/api/2024-10/products/9365118517483/images/49827105833195.json	9365118517483		images	200	OK	image_id=49827105833195
2026-05-15 15:54:54	image-delete	delete_product_image	DELETE	https://oz-nails-wa.myshopify.com/admin/api/2024-10/products/9365118648555/images/49827105964267.json	9365118648555		images	200	OK	image_id=49827105964267
2026-05-15 15:54:56	image-delete	delete_product_image	DELETE	https://oz-nails-wa.myshopify.com/admin/api/2024-10/products/9365118746859/images/49827106160875.json	9365118746859		images	200	OK	image_id=49827106160875
2026-05-15 15:54:58	image-delete	delete_product_image	DELETE	https://oz-nails-wa.myshopify.com/admin/api/2024-10/products/9365118812395/images/49827106324715.json	9365118812395		images	200	OK	image_id=49827106324715
2026-05-15 15:55:00	image-delete	delete_product_image	DELETE	https://oz-nails-wa.myshopify.com/admin/api/2024-10/products/9365118877931/images/49827106521323.json	9365118877931		images	200	OK	image_id=49827106521323
2026-05-15 15:55:03	image-delete	delete_product_image	DELETE	https://oz-nails-wa.myshopify.com/admin/api/2024-10/products/9365118910699/images/49827107045611.json	9365118910699		images	200	OK	image_id=49827107045611
2026-05-15 15:55:05	image-delete	delete_product_image	DELETE	https://oz-nails-wa.myshopify.com/admin/api/2024-10/products/9365118976235/images/49827107930347.json	9365118976235		images	200	OK	image_id=49827107930347
2026-05-15 15:55:07	image-delete	delete_product_image	DELETE	https://oz-nails-wa.myshopify.com/admin/api/2024-10/products/9365119074539/images/49827108749547.json	9365119074539		images	200	OK	image_id=49827108749547
2026-05-15 15:55:09	image-delete	delete_product_image	DELETE	https://oz-nails-wa.myshopify.com/admin/api/2024-10/products/9365119140075/images/49827109568747.json	9365119140075		images	200	OK	image_id=49827109568747
2026-05-15 15:55:11	image-delete	delete_product_image	DELETE	https://oz-nails-wa.myshopify.com/admin/api/2024-10/products/9365119205611/images/49827110486251.json	9365119205611		images	200	OK	image_id=49827110486251
2026-05-15 15:55:13	image-delete	delete_product_image	DELETE	https://oz-nails-wa.myshopify.com/admin/api/2024-10/products/9365119271147/images/49827111239915.json	9365119271147		images	200	OK	image_id=49827111239915
2026-05-15 15:55:15	image-delete	delete_product_image	DELETE	https://oz-nails-wa.myshopify.com/admin/api/2024-10/products/9365119369451/images/49827111895275.json	9365119369451		images	200	OK	image_id=49827111895275
2026-05-15 15:55:17	image-delete	delete_product_image	DELETE	https://oz-nails-wa.myshopify.com/admin/api/2024-10/products/9365119467755/images/49827112190187.json	9365119467755		images	200	OK	image_id=49827112190187
2026-05-15 15:55:18	image-delete	delete_product_image	DELETE	https://oz-nails-wa.myshopify.com/admin/api/2024-10/products/9365119533291/images/49827112321259.json	9365119533291		images	200	OK	image_id=49827112321259
2026-05-15 15:55:20	image-delete	delete_product_image	DELETE	https://oz-nails-wa.myshopify.com/admin/api/2024-10/products/9365119598827/images/49827112452331.json	9365119598827		images	200	OK	image_id=49827112452331
2026-05-15 15:55:22	image-delete	delete_product_image	DELETE	https://oz-nails-wa.myshopify.com/admin/api/2024-10/products/9365119664363/images/49827112648939.json	9365119664363		images	200	OK	image_id=49827112648939
2026-05-15 15:55:24	image-delete	delete_product_image	DELETE	https://oz-nails-wa.myshopify.com/admin/api/2024-10/products/9365119697131/images/49827112812779.json	9365119697131		images	200	OK	image_id=49827112812779
2026-05-15 15:55:26	image-delete	delete_product_image	DELETE	https://oz-nails-wa.myshopify.com/admin/api/2024-10/products/9365119795435/images/49827112943851.json	9365119795435		images	200	OK	image_id=49827112943851
2026-05-15 15:55:28	image-delete	delete_product_image	DELETE	https://oz-nails-wa.myshopify.com/admin/api/2024-10/products/9365119893739/images/49827113435371.json	9365119893739		images	200	OK	image_id=49827113435371
2026-05-15 15:55:30	image-delete	delete_product_image	DELETE	https://oz-nails-wa.myshopify.com/admin/api/2024-10/products/9365119992043/images/49827114254571.json	9365119992043		images	200	OK	image_id=49827114254571
2026-05-15 15:55:32	image-delete	delete_product_image	DELETE	https://oz-nails-wa.myshopify.com/admin/api/2024-10/products/9365120057579/images/49827114975467.json	9365120057579		images	200	OK	image_id=49827114975467
2026-05-15 15:55:33	image-delete	delete_product_image	DELETE	https://oz-nails-wa.myshopify.com/admin/api/2024-10/products/9365120155883/images/49827115794667.json	9365120155883		images	200	OK	image_id=49827115794667
2026-05-15 15:55:36	image-delete	delete_product_image	DELETE	https://oz-nails-wa.myshopify.com/admin/api/2024-10/products/9365120221419/images/49827116843243.json	9365120221419		images	200	OK	image_id=49827116843243
2026-05-15 15:55:37	image-delete	delete_product_image	DELETE	https://oz-nails-wa.myshopify.com/admin/api/2024-10/products/9365120319723/images/49827117760747.json	9365120319723		images	200	OK	image_id=49827117760747
2026-05-15 15:55:39	image-delete	delete_product_image	DELETE	https://oz-nails-wa.myshopify.com/admin/api/2024-10/products/9365120418027/images/49827118252267.json	9365120418027		images	200	OK	image_id=49827118252267
2026-05-15 15:55:41	image-delete	delete_product_image	DELETE	https://oz-nails-wa.myshopify.com/admin/api/2024-10/products/9365120581867/images/49827118448875.json	9365120581867		images	200	OK	image_id=49827118448875
2026-05-15 15:55:43	image-delete	delete_product_image	DELETE	https://oz-nails-wa.myshopify.com/admin/api/2024-10/products/9365120745707/images/49827118678251.json	9365120745707		images	200	OK	image_id=49827118678251
2026-05-15 15:55:45	image-delete	delete_product_image	DELETE	https://oz-nails-wa.myshopify.com/admin/api/2024-10/products/9365120876779/images/49827118874859.json	9365120876779		images	200	OK	image_id=49827118874859
2026-05-15 15:55:47	image-delete	delete_product_image	DELETE	https://oz-nails-wa.myshopify.com/admin/api/2024-10/products/9365120975083/images/49827119071467.json	9365120975083		images	200	OK	image_id=49827119071467
2026-05-15 15:55:49	image-delete	delete_product_image	DELETE	https://oz-nails-wa.myshopify.com/admin/api/2024-10/products/9365121007851/images/49827119300843.json	9365121007851		images	200	OK	image_id=49827119300843
2026-05-15 15:55:51	image-delete	delete_product_image	DELETE	https://oz-nails-wa.myshopify.com/admin/api/2024-10/products/9365121073387/images/49827120021739.json	9365121073387		images	200	OK	image_id=49827120021739
2026-05-15 15:55:53	image-delete	delete_product_image	DELETE	https://oz-nails-wa.myshopify.com/admin/api/2024-10/products/9365121171691/images/49827120480491.json	9365121171691		images	200	OK	image_id=49827120480491
2026-05-15 15:55:55	image-delete	delete_product_image	DELETE	https://oz-nails-wa.myshopify.com/admin/api/2024-10/products/9365121269995/images/49827121463531.json	9365121269995		images	200	OK	image_id=49827121463531
2026-05-15 15:55:57	image-delete	delete_product_image	DELETE	https://oz-nails-wa.myshopify.com/admin/api/2024-10/products/9365121335531/images/49827122512107.json	9365121335531		images	200	OK	image_id=49827122512107
2026-05-15 15:55:59	image-delete	delete_product_image	DELETE	https://oz-nails-wa.myshopify.com/admin/api/2024-10/products/9365121401067/images/49827123200235.json	9365121401067		images	200	OK	image_id=49827123200235
2026-05-15 15:56:00	image-delete	delete_product_image	DELETE	https://oz-nails-wa.myshopify.com/admin/api/2024-10/products/9365121499371/images/49827124379883.json	9365121499371		images	200	OK	image_id=49827124379883
2026-05-15 15:56:02	image-delete	delete_product_image	DELETE	https://oz-nails-wa.myshopify.com/admin/api/2024-10/products/9365121564907/images/49827124609259.json	9365121564907		images	200	OK	image_id=49827124609259
2026-05-15 15:56:04	image-delete	delete_product_image	DELETE	https://oz-nails-wa.myshopify.com/admin/api/2024-10/products/9365121663211/images/49827124773099.json	9365121663211		images	200	OK	image_id=49827124773099
2026-05-15 15:56:06	image-delete	delete_product_image	DELETE	https://oz-nails-wa.myshopify.com/admin/api/2024-10/products/9365121728747/images/49827124969707.json	9365121728747		images	200	OK	image_id=49827124969707
2026-05-15 15:56:08	image-delete	delete_product_image	DELETE	https://oz-nails-wa.myshopify.com/admin/api/2024-10/products/9365121827051/images/49827125133547.json	9365121827051		images	200	OK	image_id=49827125133547
2026-05-15 15:56:10	image-delete	delete_product_image	DELETE	https://oz-nails-wa.myshopify.com/admin/api/2024-10/products/9365121892587/images/49827125330155.json	9365121892587		images	200	OK	image_id=49827125330155
2026-05-15 15:56:12	image-delete	delete_product_image	DELETE	https://oz-nails-wa.myshopify.com/admin/api/2024-10/products/9365121958123/images/49827125493995.json	9365121958123		images	200	OK	image_id=49827125493995
2026-05-15 15:56:14	image-delete	delete_product_image	DELETE	https://oz-nails-wa.myshopify.com/admin/api/2024-10/products/9365122023659/images/49827126214891.json	9365122023659		images	200	OK	image_id=49827126214891
2026-05-15 15:56:16	image-delete	delete_product_image	DELETE	https://oz-nails-wa.myshopify.com/admin/api/2024-10/products/9365122154731/images/49827126673643.json	9365122154731		images	200	OK	image_id=49827126673643
2026-05-15 15:56:18	image-delete	delete_product_image	DELETE	https://oz-nails-wa.myshopify.com/admin/api/2024-10/products/9365122220267/images/49827127394539.json	9365122220267		images	200	OK	image_id=49827127394539
2026-05-15 15:56:20	image-delete	delete_product_image	DELETE	https://oz-nails-wa.myshopify.com/admin/api/2024-10/products/9365122285803/images/49827127984363.json	9365122285803		images	200	OK	image_id=49827127984363
2026-05-15 15:56:22	image-delete	delete_product_image	DELETE	https://oz-nails-wa.myshopify.com/admin/api/2024-10/products/9365122384107/images/49827128672491.json	9365122384107		images	200	OK	image_id=49827128672491
2026-05-15 15:56:24	image-delete	delete_product_image	DELETE	https://oz-nails-wa.myshopify.com/admin/api/2024-10/products/9365122449643/images/49827129360619.json	9365122449643		images	200	OK	image_id=49827129360619
2026-05-15 15:56:26	image-delete	delete_product_image	DELETE	https://oz-nails-wa.myshopify.com/admin/api/2024-10/products/9365122515179/images/49827129557227.json	9365122515179		images	200	OK	image_id=49827129557227
2026-05-15 15:56:28	image-delete	delete_product_image	DELETE	https://oz-nails-wa.myshopify.com/admin/api/2024-10/products/9365122547947/images/49827129983211.json	9365122547947		images	200	OK	image_id=49827129983211
2026-05-15 15:56:30	image-delete	delete_product_image	DELETE	https://oz-nails-wa.myshopify.com/admin/api/2024-10/products/9365122646251/images/49827130147051.json	9365122646251		images	200	OK	image_id=49827130147051
2026-05-15 15:56:32	image-delete	delete_product_image	DELETE	https://oz-nails-wa.myshopify.com/admin/api/2024-10/products/9365122711787/images/49827130343659.json	9365122711787		images	200	OK	image_id=49827130343659
2026-05-15 15:56:34	image-delete	delete_product_image	DELETE	https://oz-nails-wa.myshopify.com/admin/api/2024-10/products/9365122744555/images/49827130540267.json	9365122744555		images	200	OK	image_id=49827130540267
2026-05-15 15:56:36	image-delete	delete_product_image	DELETE	https://oz-nails-wa.myshopify.com/admin/api/2024-10/products/9365122810091/images/49827131228395.json	9365122810091		images	200	OK	image_id=49827131228395
2026-05-15 15:56:38	image-delete	delete_product_image	DELETE	https://oz-nails-wa.myshopify.com/admin/api/2024-10/products/9365122875627/images/49827132178667.json	9365122875627		images	200	OK	image_id=49827132178667
2026-05-15 15:56:40	image-delete	delete_product_image	DELETE	https://oz-nails-wa.myshopify.com/admin/api/2024-10/products/9365122941163/images/49827132899563.json	9365122941163		images	200	OK	image_id=49827132899563
2026-05-15 15:56:42	image-delete	delete_product_image	DELETE	https://oz-nails-wa.myshopify.com/admin/api/2024-10/products/9365123072235/images/49827133817067.json	9365123072235		images	200	OK	image_id=49827133817067
2026-05-15 15:56:44	image-delete	delete_product_image	DELETE	https://oz-nails-wa.myshopify.com/admin/api/2024-10/products/9365123137771/images/49827134669035.json	9365123137771		images	200	OK	image_id=49827134669035
2026-05-15 15:56:46	image-delete	delete_product_image	DELETE	https://oz-nails-wa.myshopify.com/admin/api/2024-10/products/9365123236075/images/49827136045291.json	9365123236075		images	200	OK	image_id=49827136045291
2026-05-15 15:56:48	image-delete	delete_product_image	DELETE	https://oz-nails-wa.myshopify.com/admin/api/2024-10/products/9365123301611/images/49827136930027.json	9365123301611		images	200	OK	image_id=49827136930027
2026-05-15 15:56:49	image-delete	delete_product_image	DELETE	https://oz-nails-wa.myshopify.com/admin/api/2024-10/products/9365123334379/images/49827137356011.json	9365123334379		images	200	OK	image_id=49827137356011
2026-05-15 15:56:52	image-delete	delete_product_image	DELETE	https://oz-nails-wa.myshopify.com/admin/api/2024-10/products/9365123432683/images/49827137618155.json	9365123432683		images	200	OK	image_id=49827137618155
2026-05-15 15:56:53	image-delete	delete_product_image	DELETE	https://oz-nails-wa.myshopify.com/admin/api/2024-10/products/9365123530987/images/49827137781995.json	9365123530987		images	200	OK	image_id=49827137781995
2026-05-15 15:56:55	image-delete	delete_product_image	DELETE	https://oz-nails-wa.myshopify.com/admin/api/2024-10/products/9365123662059/images/49827138437355.json	9365123662059		images	200	OK	image_id=49827138437355
2026-05-15 15:56:58	image-delete	delete_product_image	DELETE	https://oz-nails-wa.myshopify.com/admin/api/2024-10/products/9365123760363/images/49827138666731.json	9365123760363		images	200	OK	image_id=49827138666731
2026-05-15 15:56:59	image-delete	delete_product_image	DELETE	https://oz-nails-wa.myshopify.com/admin/api/2024-10/products/9365123956971/images/49827138830571.json	9365123956971		images	200	OK	image_id=49827138830571
2026-05-15 15:57:02	image-delete	delete_product_image	DELETE	https://oz-nails-wa.myshopify.com/admin/api/2024-10/products/9365124153579/images/49827139485931.json	9365124153579		images	200	OK	image_id=49827139485931
2026-05-15 15:57:03	image-delete	delete_product_image	DELETE	https://oz-nails-wa.myshopify.com/admin/api/2024-10/products/9365124317419/images/49827140370667.json	9365124317419		images	200	OK	image_id=49827140370667
2026-05-15 15:57:05	image-delete	delete_product_image	DELETE	https://oz-nails-wa.myshopify.com/admin/api/2024-10/products/9365124415723/images/49827141222635.json	9365124415723		images	200	OK	image_id=49827141222635
2026-05-15 15:57:08	image-delete	delete_product_image	DELETE	https://oz-nails-wa.myshopify.com/admin/api/2024-10/products/9365124546795/images/49827142041835.json	9365124546795		images	200	OK	image_id=49827142041835
2026-05-15 15:57:10	image-delete	delete_product_image	DELETE	https://oz-nails-wa.myshopify.com/admin/api/2024-10/products/9365243887851/images/49827143221483.json	9365243887851		images	200	OK	image_id=49827143221483
2026-05-15 15:57:13	image-delete	delete_product_image	DELETE	https://oz-nails-wa.myshopify.com/admin/api/2024-10/products/9365244051691/images/49827143811307.json	9365244051691		images	200	OK	image_id=49827143811307
2026-05-15 15:57:15	image-delete	delete_product_image	DELETE	https://oz-nails-wa.myshopify.com/admin/api/2024-10/products/9365244117227/images/49827144171755.json	9365244117227		images	200	OK	image_id=49827144171755
2026-05-15 15:57:17	image-delete	delete_product_image	DELETE	https://oz-nails-wa.myshopify.com/admin/api/2024-10/products/9365244215531/images/49827144368363.json	9365244215531		images	200	OK	image_id=49827144368363
2026-05-15 15:57:19	image-delete	delete_product_image	DELETE	https://oz-nails-wa.myshopify.com/admin/api/2024-10/products/9365244313835/images/49827144564971.json	9365244313835		images	200	OK	image_id=49827144564971
2026-05-15 15:57:21	image-delete	delete_product_image	DELETE	https://oz-nails-wa.myshopify.com/admin/api/2024-10/products/9365244412139/images/49827144761579.json	9365244412139		images	200	OK	image_id=49827144761579
2026-05-15 15:57:23	image-delete	delete_product_image	DELETE	https://oz-nails-wa.myshopify.com/admin/api/2024-10/products/9365244477675/images/49827144958187.json	9365244477675		images	200	OK	image_id=49827144958187
2026-05-15 15:57:25	image-delete	delete_product_image	DELETE	https://oz-nails-wa.myshopify.com/admin/api/2024-10/products/9365244608747/images/49827145449707.json	9365244608747		images	200	OK	image_id=49827145449707
2026-05-15 15:57:26	image-delete	delete_product_image	DELETE	https://oz-nails-wa.myshopify.com/admin/api/2024-10/products/9365244707051/images/49827146105067.json	9365244707051		images	200	OK	image_id=49827146105067
2026-05-15 15:57:29	image-delete	delete_product_image	DELETE	https://oz-nails-wa.myshopify.com/admin/api/2024-10/products/9365244805355/images/49827146825963.json	9365244805355		images	200	OK	image_id=49827146825963
2026-05-15 15:57:31	image-delete	delete_product_image	DELETE	https://oz-nails-wa.myshopify.com/admin/api/2024-10/products/9365244903659/images/49827147448555.json	9365244903659		images	200	OK	image_id=49827147448555
2026-05-15 15:57:33	image-delete	delete_product_image	DELETE	https://oz-nails-wa.myshopify.com/admin/api/2024-10/products/9365244969195/images/49827148333291.json	9365244969195		images	200	OK	image_id=49827148333291
2026-05-15 15:57:35	image-delete	delete_product_image	DELETE	https://oz-nails-wa.myshopify.com/admin/api/2024-10/products/9365245034731/images/49827149185259.json	9365245034731		images	200	OK	image_id=49827149185259
2026-05-15 15:57:37	image-delete	delete_product_image	DELETE	https://oz-nails-wa.myshopify.com/admin/api/2024-10/products/9365245100267/images/49827149873387.json	9365245100267		images	200	OK	image_id=49827149873387
2026-05-15 15:57:39	image-delete	delete_product_image	DELETE	https://oz-nails-wa.myshopify.com/admin/api/2024-10/products/9365245296875/images/49827150135531.json	9365245296875		images	200	OK	image_id=49827150135531
2026-05-15 15:57:41	image-delete	delete_product_image	DELETE	https://oz-nails-wa.myshopify.com/admin/api/2024-10/products/9365245362411/images/49827150430443.json	9365245362411		images	200	OK	image_id=49827150430443
2026-05-15 15:57:43	image-delete	delete_product_image	DELETE	https://oz-nails-wa.myshopify.com/admin/api/2024-10/products/9365245460715/images/49827150627051.json	9365245460715		images	200	OK	image_id=49827150627051
2026-05-15 15:57:45	image-delete	delete_product_image	DELETE	https://oz-nails-wa.myshopify.com/admin/api/2024-10/products/9365245657323/images/49827151151339.json	9365245657323		images	200	OK	image_id=49827151151339
2026-05-15 15:57:47	image-delete	delete_product_image	DELETE	https://oz-nails-wa.myshopify.com/admin/api/2024-10/products/9365245755627/images/49827151380715.json	9365245755627		images	200	OK	image_id=49827151380715
2026-05-15 15:57:49	image-delete	delete_product_image	DELETE	https://oz-nails-wa.myshopify.com/admin/api/2024-10/products/9365245853931/images/49827152265451.json	9365245853931		images	200	OK	image_id=49827152265451
2026-05-15 15:57:51	image-delete	delete_product_image	DELETE	https://oz-nails-wa.myshopify.com/admin/api/2024-10/products/9365246017771/images/49827153051883.json	9365246017771		images	200	OK	image_id=49827153051883
2026-05-15 15:57:53	image-delete	delete_product_image	DELETE	https://oz-nails-wa.myshopify.com/admin/api/2024-10/products/9365246083307/images/49827154133227.json	9365246083307		images	200	OK	image_id=49827154133227
2026-05-15 15:57:55	image-delete	delete_product_image	DELETE	https://oz-nails-wa.myshopify.com/admin/api/2024-10/products/9365246214379/images/49827154886891.json	9365246214379		images	200	OK	image_id=49827154886891
2026-05-15 15:57:57	image-delete	delete_product_image	DELETE	https://oz-nails-wa.myshopify.com/admin/api/2024-10/products/9365246279915/images/49827155607787.json	9365246279915		images	200	OK	image_id=49827155607787
2026-05-15 15:57:59	image-delete	delete_product_image	DELETE	https://oz-nails-wa.myshopify.com/admin/api/2024-10/products/9365246378219/images/49827156295915.json	9365246378219		images	200	OK	image_id=49827156295915
2026-05-15 15:58:01	image-delete	delete_product_image	DELETE	https://oz-nails-wa.myshopify.com/admin/api/2024-10/products/9365246443755/images/49827156656363.json	9365246443755		images	200	OK	image_id=49827156656363
2026-05-15 15:58:03	image-delete	delete_product_image	DELETE	https://oz-nails-wa.myshopify.com/admin/api/2024-10/products/9365246607595/images/49827156852971.json	9365246607595		images	200	OK	image_id=49827156852971
2026-05-15 15:58:05	image-delete	delete_product_image	DELETE	https://oz-nails-wa.myshopify.com/admin/api/2024-10/products/9365246738667/images/49827157115115.json	9365246738667		images	200	OK	image_id=49827157115115
2026-05-15 15:58:07	image-delete	delete_product_image	DELETE	https://oz-nails-wa.myshopify.com/admin/api/2024-10/products/9365246836971/images/49827157573867.json	9365246836971		images	200	OK	image_id=49827157573867
2026-05-15 15:58:09	image-delete	delete_product_image	DELETE	https://oz-nails-wa.myshopify.com/admin/api/2024-10/products/9365247000811/images/49827157770475.json	9365247000811		images	200	OK	image_id=49827157770475
2026-05-15 15:58:11	image-delete	delete_product_image	DELETE	https://oz-nails-wa.myshopify.com/admin/api/2024-10/products/9365247099115/images/49827157967083.json	9365247099115		images	200	OK	image_id=49827157967083
2026-05-15 15:58:13	image-delete	delete_product_image	DELETE	https://oz-nails-wa.myshopify.com/admin/api/2024-10/products/9365247197419/images/49827158589675.json	9365247197419		images	200	OK	image_id=49827158589675
2026-05-15 15:58:14	image-delete	delete_product_image	DELETE	https://oz-nails-wa.myshopify.com/admin/api/2024-10/products/9365247262955/images/49827159507179.json	9365247262955		images	200	OK	image_id=49827159507179
2026-05-15 15:58:16	image-delete	delete_product_image	DELETE	https://oz-nails-wa.myshopify.com/admin/api/2024-10/products/9365247328491/images/49827160228075.json	9365247328491		images	200	OK	image_id=49827160228075
2026-05-15 15:58:18	image-delete	delete_product_image	DELETE	https://oz-nails-wa.myshopify.com/admin/api/2024-10/products/9365247426795/images/49827160817899.json	9365247426795		images	200	OK	image_id=49827160817899
2026-05-15 15:58:21	image-delete	delete_product_image	DELETE	https://oz-nails-wa.myshopify.com/admin/api/2024-10/products/9365247492331/images/49827161571563.json	9365247492331		images	200	OK	image_id=49827161571563
2026-05-15 15:58:23	image-delete	delete_product_image	DELETE	https://oz-nails-wa.myshopify.com/admin/api/2024-10/products/9365247623403/images/49827162259691.json	9365247623403		images	200	OK	image_id=49827162259691
2026-05-15 15:58:25	image-delete	delete_product_image	DELETE	https://oz-nails-wa.myshopify.com/admin/api/2024-10/products/9365247787243/images/49827163046123.json	9365247787243		images	200	OK	image_id=49827163046123
2026-05-15 15:58:27	image-delete	delete_product_image	DELETE	https://oz-nails-wa.myshopify.com/admin/api/2024-10/products/9365247852779/images/49827163439339.json	9365247852779		images	200	OK	image_id=49827163439339
2026-05-15 15:58:29	image-delete	delete_product_image	DELETE	https://oz-nails-wa.myshopify.com/admin/api/2024-10/products/9365247918315/images/49827163930859.json	9365247918315		images	200	OK	image_id=49827163930859
2026-05-15 15:58:31	image-delete	delete_product_image	DELETE	https://oz-nails-wa.myshopify.com/admin/api/2024-10/products/9365248147691/images/49827164684523.json	9365248147691		images	200	OK	image_id=49827164684523
2026-05-15 15:58:33	image-delete	delete_product_image	DELETE	https://oz-nails-wa.myshopify.com/admin/api/2024-10/products/9365248213227/images/49827165044971.json	9365248213227		images	200	OK	image_id=49827165044971
2026-05-15 15:58:35	image-delete	delete_product_image	DELETE	https://oz-nails-wa.myshopify.com/admin/api/2024-10/products/9365248409835/images/49827165634795.json	9365248409835		images	200	OK	image_id=49827165634795
2026-05-15 15:58:37	image-delete	delete_product_image	DELETE	https://oz-nails-wa.myshopify.com/admin/api/2024-10/products/9365248508139/images/49827166290155.json	9365248508139		images	200	OK	image_id=49827166290155
2026-05-15 15:58:39	image-delete	delete_product_image	DELETE	https://oz-nails-wa.myshopify.com/admin/api/2024-10/products/9365248606443/images/49827167830251.json	9365248606443		images	200	OK	image_id=49827167830251
2026-05-15 15:58:41	image-delete	delete_product_image	DELETE	https://oz-nails-wa.myshopify.com/admin/api/2024-10/products/9365248803051/images/49827168878827.json	9365248803051		images	200	OK	image_id=49827168878827
2026-05-15 15:58:43	image-delete	delete_product_image	DELETE	https://oz-nails-wa.myshopify.com/admin/api/2024-10/products/9365248868587/images/49827169992939.json	9365248868587		images	200	OK	image_id=49827169992939
2026-05-15 15:58:44	image-delete	delete_product_image	DELETE	https://oz-nails-wa.myshopify.com/admin/api/2024-10/products/9365249065195/images/49827171959019.json	9365249065195		images	200	OK	image_id=49827171959019
2026-05-15 15:58:46	image-delete	delete_product_image	DELETE	https://oz-nails-wa.myshopify.com/admin/api/2024-10/products/9365249163499/images/49827172778219.json	9365249163499		images	200	OK	image_id=49827172778219
2026-05-15 15:58:48	image-delete	delete_product_image	DELETE	https://oz-nails-wa.myshopify.com/admin/api/2024-10/products/9365249327339/images/49827173302507.json	9365249327339		images	200	OK	image_id=49827173302507
2026-05-15 15:58:50	image-delete	delete_product_image	DELETE	https://oz-nails-wa.myshopify.com/admin/api/2024-10/products/9365249425643/images/49827174482155.json	9365249425643		images	200	OK	image_id=49827174482155
2026-05-15 15:58:53	image-delete	delete_product_image	DELETE	https://oz-nails-wa.myshopify.com/admin/api/2024-10/products/9365249523947/images/49827174940907.json	9365249523947		images	200	OK	image_id=49827174940907
2026-05-15 15:58:55	image-delete	delete_product_image	DELETE	https://oz-nails-wa.myshopify.com/admin/api/2024-10/products/9365249687787/images/49827175301355.json	9365249687787		images	200	OK	image_id=49827175301355
2026-05-15 15:58:57	image-delete	delete_product_image	DELETE	https://oz-nails-wa.myshopify.com/admin/api/2024-10/products/9365249818859/images/49827175596267.json	9365249818859		images	200	OK	image_id=49827175596267
2026-05-15 15:58:59	image-delete	delete_product_image	DELETE	https://oz-nails-wa.myshopify.com/admin/api/2024-10/products/9365249949931/images/49827176906987.json	9365249949931		images	200	OK	image_id=49827176906987
2026-05-15 15:59:01	image-delete	delete_product_image	DELETE	https://oz-nails-wa.myshopify.com/admin/api/2024-10/products/9365250015467/images/49827177300203.json	9365250015467		images	200	OK	image_id=49827177300203
2026-05-15 15:59:03	image-delete	delete_product_image	DELETE	https://oz-nails-wa.myshopify.com/admin/api/2024-10/products/9365250212075/images/49827178414315.json	9365250212075		images	200	OK	image_id=49827178414315
2026-05-15 15:59:05	image-delete	delete_product_image	DELETE	https://oz-nails-wa.myshopify.com/admin/api/2024-10/products/9365250310379/images/49827181297899.json	9365250310379		images	200	OK	image_id=49827181297899
2026-05-15 15:59:07	image-delete	delete_product_image	DELETE	https://oz-nails-wa.myshopify.com/admin/api/2024-10/products/9365250408683/images/49827182215403.json	9365250408683		images	200	OK	image_id=49827182215403
2026-05-15 15:59:09	image-delete	delete_product_image	DELETE	https://oz-nails-wa.myshopify.com/admin/api/2024-10/products/9365250638059/images/49827182870763.json	9365250638059		images	200	OK	image_id=49827182870763
2026-05-15 15:59:11	image-delete	delete_product_image	DELETE	https://oz-nails-wa.myshopify.com/admin/api/2024-10/products/9365250703595/images/49827184410859.json	9365250703595		images	200	OK	image_id=49827184410859
2026-05-15 15:59:13	image-delete	delete_product_image	DELETE	https://oz-nails-wa.myshopify.com/admin/api/2024-10/products/9365250867435/images/49827185787115.json	9365250867435		images	200	OK	image_id=49827185787115
2026-05-15 15:59:14	image-delete	delete_product_image	DELETE	https://oz-nails-wa.myshopify.com/admin/api/2024-10/products/9365250900203/images/49827186409707.json	9365250900203		images	200	OK	image_id=49827186409707
2026-05-15 15:59:16	image-delete	delete_product_image	DELETE	https://oz-nails-wa.myshopify.com/admin/api/2024-10/products/9365251752171/images/49827186966763.json	9365251752171		images	200	OK	image_id=49827186966763
2026-05-15 15:59:18	image-delete	delete_product_image	DELETE	https://oz-nails-wa.myshopify.com/admin/api/2024-10/products/9365251784939/images/49827187491051.json	9365251784939		images	200	OK	image_id=49827187491051
2026-05-15 15:59:20	image-delete	delete_product_image	DELETE	https://oz-nails-wa.myshopify.com/admin/api/2024-10/products/9365251817707/images/49827187917035.json	9365251817707		images	200	OK	image_id=49827187917035
2026-05-15 15:59:22	image-delete	delete_product_image	DELETE	https://oz-nails-wa.myshopify.com/admin/api/2024-10/products/9365251981547/images/49827188310251.json	9365251981547		images	200	OK	image_id=49827188310251
2026-05-15 15:59:24	image-delete	delete_product_image	DELETE	https://oz-nails-wa.myshopify.com/admin/api/2024-10/products/9365252047083/images/49827189620971.json	9365252047083		images	200	OK	image_id=49827189620971
2026-05-15 15:59:26	image-delete	delete_product_image	DELETE	https://oz-nails-wa.myshopify.com/admin/api/2024-10/products/9365252112619/images/49827190604011.json	9365252112619		images	200	OK	image_id=49827190604011
2026-05-15 15:59:28	image-delete	delete_product_image	DELETE	https://oz-nails-wa.myshopify.com/admin/api/2024-10/products/9365252178155/images/49827191357675.json	9365252178155		images	200	OK	image_id=49827191357675
2026-05-15 15:59:30	image-delete	delete_product_image	DELETE	https://oz-nails-wa.myshopify.com/admin/api/2024-10/products/9365252210923/images/49827193061611.json	9365252210923		images	200	OK	image_id=49827193061611
2026-05-15 15:59:32	image-delete	delete_product_image	DELETE	https://oz-nails-wa.myshopify.com/admin/api/2024-10/products/9365252341995/images/49827194077419.json	9365252341995		images	200	OK	image_id=49827194077419
2026-05-15 15:59:34	image-delete	delete_product_image	DELETE	https://oz-nails-wa.myshopify.com/admin/api/2024-10/products/9365252407531/images/49827195093227.json	9365252407531		images	200	OK	image_id=49827195093227
2026-05-15 15:59:36	image-delete	delete_product_image	DELETE	https://oz-nails-wa.myshopify.com/admin/api/2024-10/products/9365252473067/images/49827196141803.json	9365252473067		images	200	OK	image_id=49827196141803
2026-05-15 15:59:38	image-delete	delete_product_image	DELETE	https://oz-nails-wa.myshopify.com/admin/api/2024-10/products/9365252505835/images/49827197059307.json	9365252505835		images	200	OK	image_id=49827197059307
2026-05-15 15:59:40	image-delete	delete_product_image	DELETE	https://oz-nails-wa.myshopify.com/admin/api/2024-10/products/9365252538603/images/49827198107883.json	9365252538603		images	200	OK	image_id=49827198107883
2026-05-15 15:59:43	image-delete	delete_product_image	DELETE	https://oz-nails-wa.myshopify.com/admin/api/2024-10/products/9365252604139/images/49827198632171.json	9365252604139		images	200	OK	image_id=49827198632171
2026-05-15 15:59:45	image-delete	delete_product_image	DELETE	https://oz-nails-wa.myshopify.com/admin/api/2024-10/products/9365252702443/images/49827199484139.json	9365252702443		images	200	OK	image_id=49827199484139
2026-05-15 15:59:47	image-delete	delete_product_image	DELETE	https://oz-nails-wa.myshopify.com/admin/api/2024-10/products/9365252735211/images/49827199910123.json	9365252735211		images	200	OK	image_id=49827199910123
2026-05-15 15:59:49	image-delete	delete_product_image	DELETE	https://oz-nails-wa.myshopify.com/admin/api/2024-10/products/9365252767979/images/49827200368875.json	9365252767979		images	200	OK	image_id=49827200368875
2026-05-15 15:59:51	image-delete	delete_product_image	DELETE	https://oz-nails-wa.myshopify.com/admin/api/2024-10/products/9365252800747/images/49827202334955.json	9365252800747		images	200	OK	image_id=49827202334955
2026-05-15 15:59:53	image-delete	delete_product_image	DELETE	https://oz-nails-wa.myshopify.com/admin/api/2024-10/products/9365252899051/images/49827203612907.json	9365252899051		images	200	OK	image_id=49827203612907
2026-05-15 15:59:54	image-delete	delete_product_image	DELETE	https://oz-nails-wa.myshopify.com/admin/api/2024-10/products/9365253062891/images/49827204989163.json	9365253062891		images	200	OK	image_id=49827204989163
2026-05-15 15:59:56	image-delete	delete_product_image	DELETE	https://oz-nails-wa.myshopify.com/admin/api/2024-10/products/9365253095659/images/49827206267115.json	9365253095659		images	200	OK	image_id=49827206267115
2026-05-15 15:59:59	image-delete	delete_product_image	DELETE	https://oz-nails-wa.myshopify.com/admin/api/2024-10/products/9365253161195/images/49827206988011.json	9365253161195		images	200	OK	image_id=49827206988011
2026-05-15 16:00:01	image-delete	delete_product_image	DELETE	https://oz-nails-wa.myshopify.com/admin/api/2024-10/products/9365253193963/images/49827207676139.json	9365253193963		images	200	OK	image_id=49827207676139
2026-05-15 16:00:03	image-delete	delete_product_image	DELETE	https://oz-nails-wa.myshopify.com/admin/api/2024-10/products/9365253292267/images/49827209347307.json	9365253292267		images	200	OK	image_id=49827209347307
2026-05-15 16:00:05	image-delete	delete_product_image	DELETE	https://oz-nails-wa.myshopify.com/admin/api/2024-10/products/9365253357803/images/49827209806059.json	9365253357803		images	200	OK	image_id=49827209806059
2026-05-15 16:00:07	image-delete	delete_product_image	DELETE	https://oz-nails-wa.myshopify.com/admin/api/2024-10/products/9365253423339/images/49827210068203.json	9365253423339		images	200	OK	image_id=49827210068203
2026-05-15 16:00:09	image-delete	delete_product_image	DELETE	https://oz-nails-wa.myshopify.com/admin/api/2024-10/products/9365253456107/images/49827211182315.json	9365253456107		images	200	OK	image_id=49827211182315
2026-05-15 16:00:12	image-delete	delete_product_image	DELETE	https://oz-nails-wa.myshopify.com/admin/api/2024-10/products/9365253554411/images/49827211509995.json	9365253554411		images	200	OK	image_id=49827211509995
2026-05-15 16:00:14	image-delete	delete_product_image	DELETE	https://oz-nails-wa.myshopify.com/admin/api/2024-10/products/9365253587179/images/49827212755179.json	9365253587179		images	200	OK	image_id=49827212755179
2026-05-15 16:00:16	image-delete	delete_product_image	DELETE	https://oz-nails-wa.myshopify.com/admin/api/2024-10/products/9365253619947/images/49827213803755.json	9365253619947		images	200	OK	image_id=49827213803755
2026-05-15 16:00:18	image-delete	delete_product_image	DELETE	https://oz-nails-wa.myshopify.com/admin/api/2024-10/products/9365253685483/images/49827214819563.json	9365253685483		images	200	OK	image_id=49827214819563
2026-05-15 16:00:19	image-delete	delete_product_image	DELETE	https://oz-nails-wa.myshopify.com/admin/api/2024-10/products/9365253718251/images/49827216392427.json	9365253718251		images	200	OK	image_id=49827216392427
2026-05-15 16:00:22	image-delete	delete_product_image	DELETE	https://oz-nails-wa.myshopify.com/admin/api/2024-10/products/9365253849323/images/49827217506539.json	9365253849323		images	200	OK	image_id=49827217506539
2026-05-15 16:00:24	image-delete	delete_product_image	DELETE	https://oz-nails-wa.myshopify.com/admin/api/2024-10/products/9365253947627/images/49827218555115.json	9365253947627		images	200	OK	image_id=49827218555115
2026-05-15 16:00:26	image-delete	delete_product_image	DELETE	https://oz-nails-wa.myshopify.com/admin/api/2024-10/products/9365253980395/images/49827219898603.json	9365253980395		images	200	OK	image_id=49827219898603
2026-05-15 16:00:28	image-delete	delete_product_image	DELETE	https://oz-nails-wa.myshopify.com/admin/api/2024-10/products/9365254013163/images/49827220455659.json	9365254013163		images	200	OK	image_id=49827220455659
2026-05-15 16:00:30	image-delete	delete_product_image	DELETE	https://oz-nails-wa.myshopify.com/admin/api/2024-10/products/9365254078699/images/49827221373163.json	9365254078699		images	200	OK	image_id=49827221373163
2026-05-15 16:00:32	image-delete	delete_product_image	DELETE	https://oz-nails-wa.myshopify.com/admin/api/2024-10/products/9365254144235/images/49827222126827.json	9365254144235		images	200	OK	image_id=49827222126827
2026-05-15 16:00:34	image-delete	delete_product_image	DELETE	https://oz-nails-wa.myshopify.com/admin/api/2024-10/products/9365254177003/images/49827222552811.json	9365254177003		images	200	OK	image_id=49827222552811
2026-05-15 16:00:36	image-delete	delete_product_image	DELETE	https://oz-nails-wa.myshopify.com/admin/api/2024-10/products/9365254242539/images/49827223732459.json	9365254242539		images	200	OK	image_id=49827223732459
2026-05-15 16:00:38	image-delete	delete_product_image	DELETE	https://oz-nails-wa.myshopify.com/admin/api/2024-10/products/9365254308075/images/49827223929067.json	9365254308075		images	200	OK	image_id=49827223929067
2026-05-15 16:00:40	image-delete	delete_product_image	DELETE	https://oz-nails-wa.myshopify.com/admin/api/2024-10/products/9365254340843/images/49827224846571.json	9365254340843		images	200	OK	image_id=49827224846571
2026-05-15 16:00:42	image-delete	delete_product_image	DELETE	https://oz-nails-wa.myshopify.com/admin/api/2024-10/products/9365254406379/images/49827226747115.json	9365254406379		images	200	OK	image_id=49827226747115
2026-05-15 16:00:45	image-delete	delete_product_image	DELETE	https://oz-nails-wa.myshopify.com/admin/api/2024-10/products/9365254439147/images/49827227893995.json	9365254439147		images	200	OK	image_id=49827227893995
2026-05-15 16:00:47	image-delete	delete_product_image	DELETE	https://oz-nails-wa.myshopify.com/admin/api/2024-10/products/9365254471915/images/49827228614891.json	9365254471915		images	200	OK	image_id=49827228614891
2026-05-15 16:00:49	image-delete	delete_product_image	DELETE	https://oz-nails-wa.myshopify.com/admin/api/2024-10/products/9365254504683/images/49827230875883.json	9365254504683		images	200	OK	image_id=49827230875883
2026-05-15 16:00:51	image-delete	delete_product_image	DELETE	https://oz-nails-wa.myshopify.com/admin/api/2024-10/products/9365254537451/images/49827231400171.json	9365254537451		images	200	OK	image_id=49827231400171
2026-05-15 16:00:53	image-delete	delete_product_image	DELETE	https://oz-nails-wa.myshopify.com/admin/api/2024-10/products/9365254570219/images/49827231793387.json	9365254570219		images	200	OK	image_id=49827231793387
2026-05-15 16:00:55	image-delete	delete_product_image	DELETE	https://oz-nails-wa.myshopify.com/admin/api/2024-10/products/9365254668523/images/49827232973035.json	9365254668523		images	200	OK	image_id=49827232973035
2026-05-15 16:00:57	image-delete	delete_product_image	DELETE	https://oz-nails-wa.myshopify.com/admin/api/2024-10/products/9365254734059/images/49827233464555.json	9365254734059		images	200	OK	image_id=49827233464555
2026-05-15 16:00:59	image-delete	delete_product_image	DELETE	https://oz-nails-wa.myshopify.com/admin/api/2024-10/products/9365254766827/images/49827233595627.json	9365254766827		images	200	OK	image_id=49827233595627
2026-05-15 16:01:01	image-delete	delete_product_image	DELETE	https://oz-nails-wa.myshopify.com/admin/api/2024-10/products/9365254799595/images/49827234283755.json	9365254799595		images	200	OK	image_id=49827234283755
2026-05-15 16:01:03	image-delete	delete_product_image	DELETE	https://oz-nails-wa.myshopify.com/admin/api/2024-10/products/9365254865131/images/49827234971883.json	9365254865131		images	200	OK	image_id=49827234971883
2026-05-15 16:01:05	image-delete	delete_product_image	DELETE	https://oz-nails-wa.myshopify.com/admin/api/2024-10/products/9365254897899/images/49827236085995.json	9365254897899		images	200	OK	image_id=49827236085995
2026-05-15 16:01:07	image-delete	delete_product_image	DELETE	https://oz-nails-wa.myshopify.com/admin/api/2024-10/products/9365254963435/images/49827237658859.json	9365254963435		images	200	OK	image_id=49827237658859
2026-05-15 16:01:09	image-delete	delete_product_image	DELETE	https://oz-nails-wa.myshopify.com/admin/api/2024-10/products/9365254996203/images/49827239952619.json	9365254996203		images	200	OK	image_id=49827239952619
2026-05-15 16:01:11	image-delete	delete_product_image	DELETE	https://oz-nails-wa.myshopify.com/admin/api/2024-10/products/9365255127275/images/49827240476907.json	9365255127275		images	200	OK	image_id=49827240476907
2026-05-15 16:01:13	image-delete	delete_product_image	DELETE	https://oz-nails-wa.myshopify.com/admin/api/2024-10/products/9365285929195/images/49827241558251.json	9365285929195		images	200	OK	image_id=49827241558251
2026-05-15 16:01:15	image-delete	delete_product_image	DELETE	https://oz-nails-wa.myshopify.com/admin/api/2024-10/products/9365126512875/images/49827242868971.json	9365126512875		images	200	OK	image_id=49827242868971
2026-05-15 16:01:17	image-delete	delete_product_image	DELETE	https://oz-nails-wa.myshopify.com/admin/api/2024-10/products/9365126643947/images/49827243163883.json	9365126643947		images	200	OK	image_id=49827243163883
2026-05-15 16:01:19	image-delete	delete_product_image	DELETE	https://oz-nails-wa.myshopify.com/admin/api/2024-10/products/9365126709483/images/49827243426027.json	9365126709483		images	200	OK	image_id=49827243426027
2026-05-15 16:01:21	image-delete	delete_product_image	DELETE	https://oz-nails-wa.myshopify.com/admin/api/2024-10/products/9365239431403/images/49827244245227.json	9365239431403		images	200	OK	image_id=49827244245227
2026-05-15 16:01:23	image-delete	delete_product_image	DELETE	https://oz-nails-wa.myshopify.com/admin/api/2024-10/products/9365128184043/images/49827244441835.json	9365128184043		images	200	OK	image_id=49827244441835
2026-05-15 16:01:25	image-delete	delete_product_image	DELETE	https://oz-nails-wa.myshopify.com/admin/api/2024-10/products/9365267775723/images/49827244736747.json	9365267775723		images	200	OK	image_id=49827244736747
2026-05-15 16:01:27	image-delete	delete_product_image	DELETE	https://oz-nails-wa.myshopify.com/admin/api/2024-10/products/9365452292331/images/49827246047467.json	9365452292331		images	200	OK	image_id=49827246047467
2026-05-15 16:01:29	image-delete	delete_product_image	DELETE	https://oz-nails-wa.myshopify.com/admin/api/2024-10/products/9367017619691/images/49827247653099.json	9367017619691		images	200	OK	image_id=49827247653099
2026-05-15 16:01:31	image-delete	delete_product_image	DELETE	https://oz-nails-wa.myshopify.com/admin/api/2024-10/products/9365161902315/images/49827248767211.json	9365161902315		images	200	OK	image_id=49827248767211
2026-05-15 16:01:33	image-delete	delete_product_image	DELETE	https://oz-nails-wa.myshopify.com/admin/api/2024-10/products/9364849819883/images/49827250209003.json	9364849819883		images	200	OK	image_id=49827250209003
2026-05-15 16:01:35	image-delete	delete_product_image	DELETE	https://oz-nails-wa.myshopify.com/admin/api/2024-10/products/9364849885419/images/49827251585259.json	9364849885419		images	200	OK	image_id=49827251585259
2026-05-15 16:01:37	image-delete	delete_product_image	DELETE	https://oz-nails-wa.myshopify.com/admin/api/2024-10/products/9365279736043/images/49827252633835.json	9365279736043		images	200	OK	image_id=49827252633835
2026-05-15 16:01:39	image-delete	delete_product_image	DELETE	https://oz-nails-wa.myshopify.com/admin/api/2024-10/products/9365279768811/images/49827253715179.json	9365279768811		images	200	OK	image_id=49827253715179
2026-05-15 16:01:41	image-delete	delete_product_image	DELETE	https://oz-nails-wa.myshopify.com/admin/api/2024-10/products/9364849918187/images/49827254501611.json	9364849918187		images	200	OK	image_id=49827254501611
2026-05-15 16:01:43	image-delete	delete_product_image	DELETE	https://oz-nails-wa.myshopify.com/admin/api/2024-10/products/9364849983723/images/49827254796523.json	9364849983723		images	200	OK	image_id=49827254796523
2026-05-15 16:01:46	image-delete	delete_product_image	DELETE	https://oz-nails-wa.myshopify.com/admin/api/2024-10/products/9364850016491/images/49827256500459.json	9364850016491		images	200	OK	image_id=49827256500459
2026-05-15 16:01:48	image-delete	delete_product_image	DELETE	https://oz-nails-wa.myshopify.com/admin/api/2024-10/products/9364850049259/images/49827257549035.json	9364850049259		images	200	OK	image_id=49827257549035
2026-05-15 16:01:50	image-delete	delete_product_image	DELETE	https://oz-nails-wa.myshopify.com/admin/api/2024-10/products/9364850082027/images/49827257811179.json	9364850082027		images	200	OK	image_id=49827257811179
2026-05-15 16:01:52	image-delete	delete_product_image	DELETE	https://oz-nails-wa.myshopify.com/admin/api/2024-10/products/9364850114795/images/49811976519915.json	9364850114795		images	200	OK	image_id=49811976519915
2026-05-15 16:01:53	image-delete	delete_product_image	DELETE	https://oz-nails-wa.myshopify.com/admin/api/2024-10/products/9364850114795/images/49827258826987.json	9364850114795		images	200	OK	image_id=49827258826987
2026-05-15 16:01:55	image-delete	delete_product_image	DELETE	https://oz-nails-wa.myshopify.com/admin/api/2024-10/products/9364850147563/images/49826593079531.json	9364850147563		images	200	OK	image_id=49826593079531
2026-05-15 16:01:56	image-delete	delete_product_image	DELETE	https://oz-nails-wa.myshopify.com/admin/api/2024-10/products/9364850147563/images/49827260006635.json	9364850147563		images	200	OK	image_id=49827260006635
2026-05-15 16:01:58	image-delete	delete_product_image	DELETE	https://oz-nails-wa.myshopify.com/admin/api/2024-10/products/9364850180331/images/49827260956907.json	9364850180331		images	200	OK	image_id=49827260956907
2026-05-15 16:02:00	image-delete	delete_product_image	DELETE	https://oz-nails-wa.myshopify.com/admin/api/2024-10/products/9364850213099/images/49827261546731.json	9364850213099		images	200	OK	image_id=49827261546731
2026-05-15 16:02:02	image-delete	delete_product_image	DELETE	https://oz-nails-wa.myshopify.com/admin/api/2024-10/products/9364850245867/images/49827263643883.json	9364850245867		images	200	OK	image_id=49827263643883
2026-05-15 16:02:03	image-delete	delete_product_image	DELETE	https://oz-nails-wa.myshopify.com/admin/api/2024-10/products/9364850278635/images/49827264463083.json	9364850278635		images	200	OK	image_id=49827264463083
2026-05-15 16:02:05	image-delete	delete_product_image	DELETE	https://oz-nails-wa.myshopify.com/admin/api/2024-10/products/9364850311403/images/49827265216747.json	9364850311403		images	200	OK	image_id=49827265216747
2026-05-15 16:02:07	image-delete	delete_product_image	DELETE	https://oz-nails-wa.myshopify.com/admin/api/2024-10/products/9364850344171/images/49827267281131.json	9364850344171		images	200	OK	image_id=49827267281131
2026-05-15 16:02:09	image-delete	delete_product_image	DELETE	https://oz-nails-wa.myshopify.com/admin/api/2024-10/products/9364850376939/images/49827267805419.json	9364850376939		images	200	OK	image_id=49827267805419
2026-05-15 16:02:12	image-delete	delete_product_image	DELETE	https://oz-nails-wa.myshopify.com/admin/api/2024-10/products/9364850409707/images/49827267969259.json	9364850409707		images	200	OK	image_id=49827267969259
2026-05-15 16:02:14	image-delete	delete_product_image	DELETE	https://oz-nails-wa.myshopify.com/admin/api/2024-10/products/9364850442475/images/49827268460779.json	9364850442475		images	200	OK	image_id=49827268460779
2026-05-15 16:02:16	image-delete	delete_product_image	DELETE	https://oz-nails-wa.myshopify.com/admin/api/2024-10/products/9364850475243/images/49827269017835.json	9364850475243		images	200	OK	image_id=49827269017835
2026-05-15 16:02:18	image-delete	delete_product_image	DELETE	https://oz-nails-wa.myshopify.com/admin/api/2024-10/products/9364850508011/images/49827269411051.json	9364850508011		images	200	OK	image_id=49827269411051
2026-05-15 16:02:19	image-delete	delete_product_image	DELETE	https://oz-nails-wa.myshopify.com/admin/api/2024-10/products/9364850540779/images/49827269968107.json	9364850540779		images	200	OK	image_id=49827269968107
2026-05-15 16:02:21	image-delete	delete_product_image	DELETE	https://oz-nails-wa.myshopify.com/admin/api/2024-10/products/9364850606315/images/49827271639275.json	9364850606315		images	200	OK	image_id=49827271639275
2026-05-15 16:02:23	image-delete	delete_product_image	DELETE	https://oz-nails-wa.myshopify.com/admin/api/2024-10/products/9364850639083/images/49827272556779.json	9364850639083		images	200	OK	image_id=49827272556779
2026-05-15 16:02:25	image-delete	delete_product_image	DELETE	https://oz-nails-wa.myshopify.com/admin/api/2024-10/products/9364850671851/images/49827273343211.json	9364850671851		images	200	OK	image_id=49827273343211
2026-05-15 16:02:27	image-delete	delete_product_image	DELETE	https://oz-nails-wa.myshopify.com/admin/api/2024-10/products/9364850704619/images/49827275604203.json	9364850704619		images	200	OK	image_id=49827275604203
2026-05-15 16:02:29	image-delete	delete_product_image	DELETE	https://oz-nails-wa.myshopify.com/admin/api/2024-10/products/9364850737387/images/49827276587243.json	9364850737387		images	200	OK	image_id=49827276587243
2026-05-15 16:02:31	image-delete	delete_product_image	DELETE	https://oz-nails-wa.myshopify.com/admin/api/2024-10/products/9364850770155/images/49827277275371.json	9364850770155		images	200	OK	image_id=49827277275371
2026-05-15 16:02:33	image-delete	delete_product_image	DELETE	https://oz-nails-wa.myshopify.com/admin/api/2024-10/products/9364850802923/images/49827278455019.json	9364850802923		images	200	OK	image_id=49827278455019
2026-05-15 16:02:36	image-delete	delete_product_image	DELETE	https://oz-nails-wa.myshopify.com/admin/api/2024-10/products/9364850835691/images/49827279044843.json	9364850835691		images	200	OK	image_id=49827279044843
2026-05-15 16:02:38	image-delete	delete_product_image	DELETE	https://oz-nails-wa.myshopify.com/admin/api/2024-10/products/9364850868459/images/49827279503595.json	9364850868459		images	200	OK	image_id=49827279503595
2026-05-15 16:02:40	image-delete	delete_product_image	DELETE	https://oz-nails-wa.myshopify.com/admin/api/2024-10/products/9364850901227/images/49827279831275.json	9364850901227		images	200	OK	image_id=49827279831275
2026-05-15 16:02:42	image-delete	delete_product_image	DELETE	https://oz-nails-wa.myshopify.com/admin/api/2024-10/products/9364850933995/images/49827280421099.json	9364850933995		images	200	OK	image_id=49827280421099
2026-05-15 16:02:44	image-delete	delete_product_image	DELETE	https://oz-nails-wa.myshopify.com/admin/api/2024-10/products/9364850966763/images/49827281436907.json	9364850966763		images	200	OK	image_id=49827281436907
2026-05-15 16:02:46	image-delete	delete_product_image	DELETE	https://oz-nails-wa.myshopify.com/admin/api/2024-10/products/9364850999531/images/49827282256107.json	9364850999531		images	200	OK	image_id=49827282256107
2026-05-15 16:02:48	image-delete	delete_product_image	DELETE	https://oz-nails-wa.myshopify.com/admin/api/2024-10/products/9364851032299/images/49827283599595.json	9364851032299		images	200	OK	image_id=49827283599595
2026-05-15 16:02:49	image-delete	delete_product_image	DELETE	https://oz-nails-wa.myshopify.com/admin/api/2024-10/products/9364851065067/images/49827284451563.json	9364851065067		images	200	OK	image_id=49827284451563
2026-05-15 16:02:51	image-delete	delete_product_image	DELETE	https://oz-nails-wa.myshopify.com/admin/api/2024-10/products/9364851130603/images/49827286319339.json	9364851130603		images	200	OK	image_id=49827286319339
2026-05-15 16:02:53	image-delete	delete_product_image	DELETE	https://oz-nails-wa.myshopify.com/admin/api/2024-10/products/9364851163371/images/49827287597291.json	9364851163371		images	200	OK	image_id=49827287597291
2026-05-15 16:02:55	image-delete	delete_product_image	DELETE	https://oz-nails-wa.myshopify.com/admin/api/2024-10/products/9364851196139/images/49827288416491.json	9364851196139		images	200	OK	image_id=49827288416491
2026-05-15 16:02:58	image-delete	delete_product_image	DELETE	https://oz-nails-wa.myshopify.com/admin/api/2024-10/products/9364851228907/images/49827289792747.json	9364851228907		images	200	OK	image_id=49827289792747
2026-05-15 16:03:00	image-delete	delete_product_image	DELETE	https://oz-nails-wa.myshopify.com/admin/api/2024-10/products/9364851261675/images/49827290644715.json	9364851261675		images	200	OK	image_id=49827290644715
2026-05-15 16:03:02	image-delete	delete_product_image	DELETE	https://oz-nails-wa.myshopify.com/admin/api/2024-10/products/9364851294443/images/49827291496683.json	9364851294443		images	200	OK	image_id=49827291496683
2026-05-15 16:03:04	image-delete	delete_product_image	DELETE	https://oz-nails-wa.myshopify.com/admin/api/2024-10/products/9364851327211/images/49827291627755.json	9364851327211		images	200	OK	image_id=49827291627755
2026-05-15 16:03:06	image-delete	delete_product_image	DELETE	https://oz-nails-wa.myshopify.com/admin/api/2024-10/products/9364851392747/images/49827291955435.json	9364851392747		images	200	OK	image_id=49827291955435
2026-05-15 16:03:08	image-delete	delete_product_image	DELETE	https://oz-nails-wa.myshopify.com/admin/api/2024-10/products/9364851425515/images/49827293102315.json	9364851425515		images	200	OK	image_id=49827293102315
2026-05-15 16:03:10	image-delete	delete_product_image	DELETE	https://oz-nails-wa.myshopify.com/admin/api/2024-10/products/9364851458283/images/49827293233387.json	9364851458283		images	200	OK	image_id=49827293233387
2026-05-15 16:03:12	image-delete	delete_product_image	DELETE	https://oz-nails-wa.myshopify.com/admin/api/2024-10/products/9364851491051/images/49827294281963.json	9364851491051		images	200	OK	image_id=49827294281963
2026-05-15 16:03:14	image-delete	delete_product_image	DELETE	https://oz-nails-wa.myshopify.com/admin/api/2024-10/products/9364851523819/images/49827294937323.json	9364851523819		images	200	OK	image_id=49827294937323
2026-05-15 16:03:15	image-delete	delete_product_image	DELETE	https://oz-nails-wa.myshopify.com/admin/api/2024-10/products/9364851556587/images/49827296837867.json	9364851556587		images	200	OK	image_id=49827296837867
2026-05-15 16:03:17	image-delete	delete_product_image	DELETE	https://oz-nails-wa.myshopify.com/admin/api/2024-10/products/9364851589355/images/49827298181355.json	9364851589355		images	200	OK	image_id=49827298181355
2026-05-15 16:03:19	image-delete	delete_product_image	DELETE	https://oz-nails-wa.myshopify.com/admin/api/2024-10/products/9364851622123/images/49827299229931.json	9364851622123		images	200	OK	image_id=49827299229931
2026-05-15 16:03:21	image-delete	delete_product_image	DELETE	https://oz-nails-wa.myshopify.com/admin/api/2024-10/products/9364851687659/images/49827300540651.json	9364851687659		images	200	OK	image_id=49827300540651
2026-05-15 16:03:23	image-delete	delete_product_image	DELETE	https://oz-nails-wa.myshopify.com/admin/api/2024-10/products/9364851720427/images/49827301064939.json	9364851720427		images	200	OK	image_id=49827301064939
2026-05-15 16:03:25	image-delete	delete_product_image	DELETE	https://oz-nails-wa.myshopify.com/admin/api/2024-10/products/9364851753195/images/49827302113515.json	9364851753195		images	200	OK	image_id=49827302113515
2026-05-15 16:03:27	image-delete	delete_product_image	DELETE	https://oz-nails-wa.myshopify.com/admin/api/2024-10/products/9364851785963/images/49827303031019.json	9364851785963		images	200	OK	image_id=49827303031019
2026-05-15 16:03:29	image-delete	delete_product_image	DELETE	https://oz-nails-wa.myshopify.com/admin/api/2024-10/products/9364851818731/images/49827303325931.json	9364851818731		images	200	OK	image_id=49827303325931
2026-05-15 16:03:31	image-delete	delete_product_image	DELETE	https://oz-nails-wa.myshopify.com/admin/api/2024-10/products/9364851851499/images/49827303457003.json	9364851851499		images	200	OK	image_id=49827303457003
2026-05-15 16:03:33	image-delete	delete_product_image	DELETE	https://oz-nails-wa.myshopify.com/admin/api/2024-10/products/9364851884267/images/49827305324779.json	9364851884267		images	200	OK	image_id=49827305324779
2026-05-15 16:03:35	image-delete	delete_product_image	DELETE	https://oz-nails-wa.myshopify.com/admin/api/2024-10/products/9364851917035/images/49827306569963.json	9364851917035		images	200	OK	image_id=49827306569963
2026-05-15 16:03:37	image-delete	delete_product_image	DELETE	https://oz-nails-wa.myshopify.com/admin/api/2024-10/products/9364851982571/images/49827307880683.json	9364851982571		images	200	OK	image_id=49827307880683
2026-05-15 16:03:39	image-delete	delete_product_image	DELETE	https://oz-nails-wa.myshopify.com/admin/api/2024-10/products/9364852048107/images/49827309125867.json	9364852048107		images	200	OK	image_id=49827309125867
2026-05-15 16:03:41	image-delete	delete_product_image	DELETE	https://oz-nails-wa.myshopify.com/admin/api/2024-10/products/9364852080875/images/49827310272747.json	9364852080875		images	200	OK	image_id=49827310272747
2026-05-15 16:03:43	image-delete	delete_product_image	DELETE	https://oz-nails-wa.myshopify.com/admin/api/2024-10/products/9364852113643/images/49827311026411.json	9364852113643		images	200	OK	image_id=49827311026411
2026-05-15 16:03:45	image-delete	delete_product_image	DELETE	https://oz-nails-wa.myshopify.com/admin/api/2024-10/products/9364852179179/images/49827312304363.json	9364852179179		images	200	OK	image_id=49827312304363
2026-05-15 16:03:47	image-delete	delete_product_image	DELETE	https://oz-nails-wa.myshopify.com/admin/api/2024-10/products/9364852211947/images/49827313254635.json	9364852211947		images	200	OK	image_id=49827313254635
2026-05-15 16:03:49	image-delete	delete_product_image	DELETE	https://oz-nails-wa.myshopify.com/admin/api/2024-10/products/9364852244715/images/49827313451243.json	9364852244715		images	200	OK	image_id=49827313451243
2026-05-15 16:03:51	image-delete	delete_product_image	DELETE	https://oz-nails-wa.myshopify.com/admin/api/2024-10/products/9364852277483/images/49827313811691.json	9364852277483		images	200	OK	image_id=49827313811691
2026-05-15 16:03:53	image-delete	delete_product_image	DELETE	https://oz-nails-wa.myshopify.com/admin/api/2024-10/products/9364852310251/images/49827315450091.json	9364852310251		images	200	OK	image_id=49827315450091
2026-05-15 16:03:56	image-delete	delete_product_image	DELETE	https://oz-nails-wa.myshopify.com/admin/api/2024-10/products/9364852375787/images/49827315646699.json	9364852375787		images	200	OK	image_id=49827315646699
2026-05-15 16:03:57	image-delete	delete_product_image	DELETE	https://oz-nails-wa.myshopify.com/admin/api/2024-10/products/9364852408555/images/49827315843307.json	9364852408555		images	200	OK	image_id=49827315843307
2026-05-15 16:03:59	image-delete	delete_product_image	DELETE	https://oz-nails-wa.myshopify.com/admin/api/2024-10/products/9364852474091/images/49827317612779.json	9364852474091		images	200	OK	image_id=49827317612779
2026-05-15 16:04:01	image-delete	delete_product_image	DELETE	https://oz-nails-wa.myshopify.com/admin/api/2024-10/products/9364852506859/images/49827318268139.json	9364852506859		images	200	OK	image_id=49827318268139
2026-05-15 16:04:03	image-delete	delete_product_image	DELETE	https://oz-nails-wa.myshopify.com/admin/api/2024-10/products/9364852539627/images/49827319611627.json	9364852539627		images	200	OK	image_id=49827319611627
2026-05-15 16:04:05	image-delete	delete_product_image	DELETE	https://oz-nails-wa.myshopify.com/admin/api/2024-10/products/9364852572395/images/49827320987883.json	9364852572395		images	200	OK	image_id=49827320987883
2026-05-15 16:04:07	image-delete	delete_product_image	DELETE	https://oz-nails-wa.myshopify.com/admin/api/2024-10/products/9364852605163/images/49827322233067.json	9364852605163		images	200	OK	image_id=49827322233067
2026-05-15 16:04:09	image-delete	delete_product_image	DELETE	https://oz-nails-wa.myshopify.com/admin/api/2024-10/products/9364852703467/images/49827323674859.json	9364852703467		images	200	OK	image_id=49827323674859
2026-05-15 16:04:11	image-delete	delete_product_image	DELETE	https://oz-nails-wa.myshopify.com/admin/api/2024-10/products/9364852736235/images/49827324723435.json	9364852736235		images	200	OK	image_id=49827324723435
2026-05-15 16:04:13	image-delete	delete_product_image	DELETE	https://oz-nails-wa.myshopify.com/admin/api/2024-10/products/9364852801771/images/49827326230763.json	9364852801771		images	200	OK	image_id=49827326230763
2026-05-15 16:04:15	image-delete	delete_product_image	DELETE	https://oz-nails-wa.myshopify.com/admin/api/2024-10/products/9364852867307/images/49827326689515.json	9364852867307		images	200	OK	image_id=49827326689515
2026-05-15 16:04:17	image-delete	delete_product_image	DELETE	https://oz-nails-wa.myshopify.com/admin/api/2024-10/products/9364852900075/images/49827326820587.json	9364852900075		images	200	OK	image_id=49827326820587
2026-05-15 16:04:19	image-delete	delete_product_image	DELETE	https://oz-nails-wa.myshopify.com/admin/api/2024-10/products/9364852932843/images/49827328983275.json	9364852932843		images	200	OK	image_id=49827328983275
2026-05-15 16:04:20	image-delete	delete_product_image	DELETE	https://oz-nails-wa.myshopify.com/admin/api/2024-10/products/9364852965611/images/49827329540331.json	9364852965611		images	200	OK	image_id=49827329540331
2026-05-15 16:04:22	image-delete	delete_product_image	DELETE	https://oz-nails-wa.myshopify.com/admin/api/2024-10/products/9364853031147/images/49827329671403.json	9364853031147		images	200	OK	image_id=49827329671403
2026-05-15 16:04:24	image-delete	delete_product_image	DELETE	https://oz-nails-wa.myshopify.com/admin/api/2024-10/products/9364853129451/images/49827330064619.json	9364853129451		images	200	OK	image_id=49827330064619
2026-05-15 16:04:26	image-delete	delete_product_image	DELETE	https://oz-nails-wa.myshopify.com/admin/api/2024-10/products/9364853162219/images/49827331506411.json	9364853162219		images	200	OK	image_id=49827331506411
2026-05-15 16:04:28	image-delete	delete_product_image	DELETE	https://oz-nails-wa.myshopify.com/admin/api/2024-10/products/9364853194987/images/49827332587755.json	9364853194987		images	200	OK	image_id=49827332587755
2026-05-15 16:04:30	image-delete	delete_product_image	DELETE	https://oz-nails-wa.myshopify.com/admin/api/2024-10/products/9364853227755/images/49827334652139.json	9364853227755		images	200	OK	image_id=49827334652139
2026-05-15 16:04:32	image-delete	delete_product_image	DELETE	https://oz-nails-wa.myshopify.com/admin/api/2024-10/products/9364853260523/images/49827336618219.json	9364853260523		images	200	OK	image_id=49827336618219
2026-05-15 16:04:34	image-delete	delete_product_image	DELETE	https://oz-nails-wa.myshopify.com/admin/api/2024-10/products/9364853293291/images/49827337830635.json	9364853293291		images	200	OK	image_id=49827337830635
2026-05-15 16:04:36	image-delete	delete_product_image	DELETE	https://oz-nails-wa.myshopify.com/admin/api/2024-10/products/9364853358827/images/49827338911979.json	9364853358827		images	200	OK	image_id=49827338911979
2026-05-15 16:04:38	image-delete	delete_product_image	DELETE	https://oz-nails-wa.myshopify.com/admin/api/2024-10/products/9364853817579/images/49827340779755.json	9364853817579		images	200	OK	image_id=49827340779755
2026-05-15 16:04:40	image-delete	delete_product_image	DELETE	https://oz-nails-wa.myshopify.com/admin/api/2024-10/products/9364853981419/images/49827341041899.json	9364853981419		images	200	OK	image_id=49827341041899
2026-05-15 16:04:42	image-delete	delete_product_image	DELETE	https://oz-nails-wa.myshopify.com/admin/api/2024-10/products/9364854046955/images/49827341205739.json	9364854046955		images	200	OK	image_id=49827341205739
2026-05-15 16:04:44	image-delete	delete_product_image	DELETE	https://oz-nails-wa.myshopify.com/admin/api/2024-10/products/9364854079723/images/49827342385387.json	9364854079723		images	200	OK	image_id=49827342385387
2026-05-15 16:04:46	image-delete	delete_product_image	DELETE	https://oz-nails-wa.myshopify.com/admin/api/2024-10/products/9364854112491/images/49827342778603.json	9364854112491		images	200	OK	image_id=49827342778603
2026-05-15 16:04:48	image-delete	delete_product_image	DELETE	https://oz-nails-wa.myshopify.com/admin/api/2024-10/products/9364854145259/images/49827343204587.json	9364854145259		images	200	OK	image_id=49827343204587
2026-05-15 16:04:50	image-delete	delete_product_image	DELETE	https://oz-nails-wa.myshopify.com/admin/api/2024-10/products/9364854178027/images/49827344417003.json	9364854178027		images	200	OK	image_id=49827344417003
2026-05-15 16:04:52	image-delete	delete_product_image	DELETE	https://oz-nails-wa.myshopify.com/admin/api/2024-10/products/9364854210795/images/49827346415851.json	9364854210795		images	200	OK	image_id=49827346415851
2026-05-15 16:04:53	image-delete	delete_product_image	DELETE	https://oz-nails-wa.myshopify.com/admin/api/2024-10/products/9364854243563/images/49827347890411.json	9364854243563		images	200	OK	image_id=49827347890411
2026-05-15 16:04:55	image-delete	delete_product_image	DELETE	https://oz-nails-wa.myshopify.com/admin/api/2024-10/products/9364854309099/images/49827349299435.json	9364854309099		images	200	OK	image_id=49827349299435
2026-05-15 16:04:57	image-delete	delete_product_image	DELETE	https://oz-nails-wa.myshopify.com/admin/api/2024-10/products/9364854341867/images/49827351134443.json	9364854341867		images	200	OK	image_id=49827351134443
2026-05-15 16:04:59	image-delete	delete_product_image	DELETE	https://oz-nails-wa.myshopify.com/admin/api/2024-10/products/9364854374635/images/49827351920875.json	9364854374635		images	200	OK	image_id=49827351920875
2026-05-15 16:05:01	image-delete	delete_product_image	DELETE	https://oz-nails-wa.myshopify.com/admin/api/2024-10/products/9364854407403/images/49827352609003.json	9364854407403		images	200	OK	image_id=49827352609003
2026-05-15 16:05:03	image-delete	delete_product_image	DELETE	https://oz-nails-wa.myshopify.com/admin/api/2024-10/products/9364854440171/images/49827352805611.json	9364854440171		images	200	OK	image_id=49827352805611
2026-05-15 16:05:05	image-delete	delete_product_image	DELETE	https://oz-nails-wa.myshopify.com/admin/api/2024-10/products/9364854472939/images/49827354050795.json	9364854472939		images	200	OK	image_id=49827354050795
2026-05-15 16:05:07	image-delete	delete_product_image	DELETE	https://oz-nails-wa.myshopify.com/admin/api/2024-10/products/9364854505707/images/49827354575083.json	9364854505707		images	200	OK	image_id=49827354575083
2026-05-15 16:05:09	image-delete	delete_product_image	DELETE	https://oz-nails-wa.myshopify.com/admin/api/2024-10/products/9364854538475/images/49827355132139.json	9364854538475		images	200	OK	image_id=49827355132139
2026-05-15 16:05:11	image-delete	delete_product_image	DELETE	https://oz-nails-wa.myshopify.com/admin/api/2024-10/products/9364854604011/images/49827356442859.json	9364854604011		images	200	OK	image_id=49827356442859
2026-05-15 16:05:13	image-delete	delete_product_image	DELETE	https://oz-nails-wa.myshopify.com/admin/api/2024-10/products/9364854636779/images/49827357491435.json	9364854636779		images	200	OK	image_id=49827357491435
2026-05-15 16:05:15	image-delete	delete_product_image	DELETE	https://oz-nails-wa.myshopify.com/admin/api/2024-10/products/9364854669547/images/49827359359211.json	9364854669547		images	200	OK	image_id=49827359359211
2026-05-15 16:05:16	image-delete	delete_product_image	DELETE	https://oz-nails-wa.myshopify.com/admin/api/2024-10/products/9364854702315/images/49827360833771.json	9364854702315		images	200	OK	image_id=49827360833771
2026-05-15 16:05:18	image-delete	delete_product_image	DELETE	https://oz-nails-wa.myshopify.com/admin/api/2024-10/products/9364854735083/images/49827361784043.json	9364854735083		images	200	OK	image_id=49827361784043
2026-05-15 16:05:21	image-delete	delete_product_image	DELETE	https://oz-nails-wa.myshopify.com/admin/api/2024-10/products/9364854767851/images/49827363225835.json	9364854767851		images	200	OK	image_id=49827363225835
2026-05-15 16:05:23	image-delete	delete_product_image	DELETE	https://oz-nails-wa.myshopify.com/admin/api/2024-10/products/9364854800619/images/49827365322987.json	9364854800619		images	200	OK	image_id=49827365322987
2026-05-15 16:05:25	image-delete	delete_product_image	DELETE	https://oz-nails-wa.myshopify.com/admin/api/2024-10/products/9364854866155/images/49827367321835.json	9364854866155		images	200	OK	image_id=49827367321835
2026-05-15 16:05:27	image-delete	delete_product_image	DELETE	https://oz-nails-wa.myshopify.com/admin/api/2024-10/products/9364854898923/images/49827367518443.json	9364854898923		images	200	OK	image_id=49827367518443
2026-05-15 16:05:29	image-delete	delete_product_image	DELETE	https://oz-nails-wa.myshopify.com/admin/api/2024-10/products/9364854931691/images/49827368009963.json	9364854931691		images	200	OK	image_id=49827368009963
2026-05-15 16:05:31	image-delete	delete_product_image	DELETE	https://oz-nails-wa.myshopify.com/admin/api/2024-10/products/9364854964459/images/49827368304875.json	9364854964459		images	200	OK	image_id=49827368304875
2026-05-15 16:05:33	image-delete	delete_product_image	DELETE	https://oz-nails-wa.myshopify.com/admin/api/2024-10/products/9364854997227/images/49827368501483.json	9364854997227		images	200	OK	image_id=49827368501483
2026-05-15 16:05:35	image-delete	delete_product_image	DELETE	https://oz-nails-wa.myshopify.com/admin/api/2024-10/products/9364855029995/images/49827369582827.json	9364855029995		images	200	OK	image_id=49827369582827
2026-05-15 16:05:37	image-delete	delete_product_image	DELETE	https://oz-nails-wa.myshopify.com/admin/api/2024-10/products/9364855062763/images/49827370795243.json	9364855062763		images	200	OK	image_id=49827370795243
2026-05-15 16:05:39	image-delete	delete_product_image	DELETE	https://oz-nails-wa.myshopify.com/admin/api/2024-10/products/9364855161067/images/49827371974891.json	9364855161067		images	200	OK	image_id=49827371974891
2026-05-15 16:05:41	image-delete	delete_product_image	DELETE	https://oz-nails-wa.myshopify.com/admin/api/2024-10/products/9364855193835/images/49827372990699.json	9364855193835		images	200	OK	image_id=49827372990699
2026-05-15 16:05:43	image-delete	delete_product_image	DELETE	https://oz-nails-wa.myshopify.com/admin/api/2024-10/products/9364855226603/images/49827375186155.json	9364855226603		images	200	OK	image_id=49827375186155
2026-05-15 16:05:45	image-delete	delete_product_image	DELETE	https://oz-nails-wa.myshopify.com/admin/api/2024-10/products/9364855292139/images/49827376103659.json	9364855292139		images	200	OK	image_id=49827376103659
2026-05-15 16:05:47	image-delete	delete_product_image	DELETE	https://oz-nails-wa.myshopify.com/admin/api/2024-10/products/9364855324907/images/49827376627947.json	9364855324907		images	200	OK	image_id=49827376627947
2026-05-15 16:05:49	image-delete	delete_product_image	DELETE	https://oz-nails-wa.myshopify.com/admin/api/2024-10/products/9364855390443/images/49827378725099.json	9364855390443		images	200	OK	image_id=49827378725099
2026-05-15 16:05:51	image-delete	delete_product_image	DELETE	https://oz-nails-wa.myshopify.com/admin/api/2024-10/products/9364855423211/images/49827380134123.json	9364855423211		images	200	OK	image_id=49827380134123
2026-05-15 16:05:53	image-delete	delete_product_image	DELETE	https://oz-nails-wa.myshopify.com/admin/api/2024-10/products/9364855455979/images/49827381444843.json	9364855455979		images	200	OK	image_id=49827381444843
2026-05-15 16:05:55	image-delete	delete_product_image	DELETE	https://oz-nails-wa.myshopify.com/admin/api/2024-10/products/9364855488747/images/49827382264043.json	9364855488747		images	200	OK	image_id=49827382264043
2026-05-15 16:05:57	image-delete	delete_product_image	DELETE	https://oz-nails-wa.myshopify.com/admin/api/2024-10/products/9364855554283/images/49827382722795.json	9364855554283		images	200	OK	image_id=49827382722795
2026-05-15 16:05:59	image-delete	delete_product_image	DELETE	https://oz-nails-wa.myshopify.com/admin/api/2024-10/products/9364855587051/images/49827383050475.json	9364855587051		images	200	OK	image_id=49827383050475
2026-05-15 16:06:01	image-delete	delete_product_image	DELETE	https://oz-nails-wa.myshopify.com/admin/api/2024-10/products/9364855619819/images/49827383541995.json	9364855619819		images	200	OK	image_id=49827383541995
2026-05-15 16:06:03	image-delete	delete_product_image	DELETE	https://oz-nails-wa.myshopify.com/admin/api/2024-10/products/9364855652587/images/49827385213163.json	9364855652587		images	200	OK	image_id=49827385213163
2026-05-15 16:06:05	image-delete	delete_product_image	DELETE	https://oz-nails-wa.myshopify.com/admin/api/2024-10/products/9364855685355/images/49827386228971.json	9364855685355		images	200	OK	image_id=49827386228971
2026-05-15 16:06:07	image-delete	delete_product_image	DELETE	https://oz-nails-wa.myshopify.com/admin/api/2024-10/products/9364855718123/images/49827388260587.json	9364855718123		images	200	OK	image_id=49827388260587
2026-05-15 16:06:09	image-delete	delete_product_image	DELETE	https://oz-nails-wa.myshopify.com/admin/api/2024-10/products/9364855750891/images/49827390128363.json	9364855750891		images	200	OK	image_id=49827390128363
2026-05-15 16:06:11	image-delete	delete_product_image	DELETE	https://oz-nails-wa.myshopify.com/admin/api/2024-10/products/9364855816427/images/49827391340779.json	9364855816427		images	200	OK	image_id=49827391340779
2026-05-15 16:06:12	image-delete	delete_product_image	DELETE	https://oz-nails-wa.myshopify.com/admin/api/2024-10/products/9364855849195/images/49827392094443.json	9364855849195		images	200	OK	image_id=49827392094443
2026-05-15 16:06:14	image-delete	delete_product_image	DELETE	https://oz-nails-wa.myshopify.com/admin/api/2024-10/products/9364855914731/images/49827393110251.json	9364855914731		images	200	OK	image_id=49827393110251
2026-05-15 16:06:16	image-delete	delete_product_image	DELETE	https://oz-nails-wa.myshopify.com/admin/api/2024-10/products/9364855947499/images/49827394945259.json	9364855947499		images	200	OK	image_id=49827394945259
2026-05-15 16:06:18	image-delete	delete_product_image	DELETE	https://oz-nails-wa.myshopify.com/admin/api/2024-10/products/9364855980267/images/49827395109099.json	9364855980267		images	200	OK	image_id=49827395109099
2026-05-15 16:06:20	image-delete	delete_product_image	DELETE	https://oz-nails-wa.myshopify.com/admin/api/2024-10/products/9364856013035/images/49827395240171.json	9364856013035		images	200	OK	image_id=49827395240171
2026-05-15 16:06:22	image-delete	delete_product_image	DELETE	https://oz-nails-wa.myshopify.com/admin/api/2024-10/products/9364856045803/images/49827396387051.json	9364856045803		images	200	OK	image_id=49827396387051
2026-05-15 16:06:24	image-delete	delete_product_image	DELETE	https://oz-nails-wa.myshopify.com/admin/api/2024-10/products/9364856078571/images/49827396485355.json	9364856078571		images	200	OK	image_id=49827396485355
2026-05-15 16:06:26	image-delete	delete_product_image	DELETE	https://oz-nails-wa.myshopify.com/admin/api/2024-10/products/9364856111339/images/49827396583659.json	9364856111339		images	200	OK	image_id=49827396583659
2026-05-15 16:06:28	image-delete	delete_product_image	DELETE	https://oz-nails-wa.myshopify.com/admin/api/2024-10/products/9364856176875/images/49827398680811.json	9364856176875		images	200	OK	image_id=49827398680811
2026-05-15 16:06:30	image-delete	delete_product_image	DELETE	https://oz-nails-wa.myshopify.com/admin/api/2024-10/products/9364856209643/images/49827399925995.json	9364856209643		images	200	OK	image_id=49827399925995
2026-05-15 16:06:32	image-delete	delete_product_image	DELETE	https://oz-nails-wa.myshopify.com/admin/api/2024-10/products/9364856242411/images/49827401072875.json	9364856242411		images	200	OK	image_id=49827401072875
2026-05-15 16:06:34	image-delete	delete_product_image	DELETE	https://oz-nails-wa.myshopify.com/admin/api/2024-10/products/9364856275179/images/49827402383595.json	9364856275179		images	200	OK	image_id=49827402383595
2026-05-15 16:06:35	image-delete	delete_product_image	DELETE	https://oz-nails-wa.myshopify.com/admin/api/2024-10/products/9364856307947/images/49827403235563.json	9364856307947		images	200	OK	image_id=49827403235563
2026-05-15 16:06:37	image-delete	delete_product_image	DELETE	https://oz-nails-wa.myshopify.com/admin/api/2024-10/products/9364856340715/images/49827403727083.json	9364856340715		images	200	OK	image_id=49827403727083
2026-05-15 16:06:39	image-delete	delete_product_image	DELETE	https://oz-nails-wa.myshopify.com/admin/api/2024-10/products/9364856373483/images/49827404382443.json	9364856373483		images	200	OK	image_id=49827404382443
2026-05-15 16:06:41	image-delete	delete_product_image	DELETE	https://oz-nails-wa.myshopify.com/admin/api/2024-10/products/9364856439019/images/49827404808427.json	9364856439019		images	200	OK	image_id=49827404808427
2026-05-15 16:06:43	image-delete	delete_product_image	DELETE	https://oz-nails-wa.myshopify.com/admin/api/2024-10/products/9364856471787/images/49827405005035.json	9364856471787		images	200	OK	image_id=49827405005035
2026-05-15 16:06:45	image-delete	delete_product_image	DELETE	https://oz-nails-wa.myshopify.com/admin/api/2024-10/products/9364856537323/images/49827405168875.json	9364856537323		images	200	OK	image_id=49827405168875
2026-05-15 16:06:47	image-delete	delete_product_image	DELETE	https://oz-nails-wa.myshopify.com/admin/api/2024-10/products/9364856570091/images/49827406119147.json	9364856570091		images	200	OK	image_id=49827406119147
2026-05-15 16:06:49	image-delete	delete_product_image	DELETE	https://oz-nails-wa.myshopify.com/admin/api/2024-10/products/9364856602859/images/49827406577899.json	9364856602859		images	200	OK	image_id=49827406577899
2026-05-15 16:06:51	image-delete	delete_product_image	DELETE	https://oz-nails-wa.myshopify.com/admin/api/2024-10/products/9364856635627/images/49827407134955.json	9364856635627		images	200	OK	image_id=49827407134955
2026-05-15 16:06:53	image-delete	delete_product_image	DELETE	https://oz-nails-wa.myshopify.com/admin/api/2024-10/products/9364856668395/images/49827407888619.json	9364856668395		images	200	OK	image_id=49827407888619
2026-05-15 16:06:56	image-delete	delete_product_image	DELETE	https://oz-nails-wa.myshopify.com/admin/api/2024-10/products/9364856701163/images/49827408380139.json	9364856701163		images	200	OK	image_id=49827408380139
2026-05-15 16:06:58	image-delete	delete_product_image	DELETE	https://oz-nails-wa.myshopify.com/admin/api/2024-10/products/9364856733931/images/49827408969963.json	9364856733931		images	200	OK	image_id=49827408969963
2026-05-15 16:06:59	image-delete	delete_product_image	DELETE	https://oz-nails-wa.myshopify.com/admin/api/2024-10/products/9364856766699/images/49827409985771.json	9364856766699		images	200	OK	image_id=49827409985771
2026-05-15 16:07:01	image-delete	delete_product_image	DELETE	https://oz-nails-wa.myshopify.com/admin/api/2024-10/products/9364856832235/images/49827410903275.json	9364856832235		images	200	OK	image_id=49827410903275
2026-05-15 16:07:03	image-delete	delete_product_image	DELETE	https://oz-nails-wa.myshopify.com/admin/api/2024-10/products/9364856865003/images/49827412148459.json	9364856865003		images	200	OK	image_id=49827412148459
2026-05-15 16:07:05	image-delete	delete_product_image	DELETE	https://oz-nails-wa.myshopify.com/admin/api/2024-10/products/9364856963307/images/49827413164267.json	9364856963307		images	200	OK	image_id=49827413164267
2026-05-15 16:07:07	image-delete	delete_product_image	DELETE	https://oz-nails-wa.myshopify.com/admin/api/2024-10/products/9364881703147/images/49827414180075.json	9364881703147		images	200	OK	image_id=49827414180075
2026-05-15 16:07:09	image-delete	delete_product_image	DELETE	https://oz-nails-wa.myshopify.com/admin/api/2024-10/products/9364881735915/images/49827415326955.json	9364881735915		images	200	OK	image_id=49827415326955
2026-05-15 16:07:11	image-delete	delete_product_image	DELETE	https://oz-nails-wa.myshopify.com/admin/api/2024-10/products/9364881768683/images/49827416441067.json	9364881768683		images	200	OK	image_id=49827416441067
2026-05-15 16:07:13	image-delete	delete_product_image	DELETE	https://oz-nails-wa.myshopify.com/admin/api/2024-10/products/9364881866987/images/49827416867051.json	9364881866987		images	200	OK	image_id=49827416867051
2026-05-15 16:07:15	image-delete	delete_product_image	DELETE	https://oz-nails-wa.myshopify.com/admin/api/2024-10/products/9364881899755/images/49827418865899.json	9364881899755		images	200	OK	image_id=49827418865899
2026-05-15 16:07:18	image-delete	delete_product_image	DELETE	https://oz-nails-wa.myshopify.com/admin/api/2024-10/products/9364881998059/images/49827419816171.json	9364881998059		images	200	OK	image_id=49827419816171
2026-05-15 16:07:20	image-delete	delete_product_image	DELETE	https://oz-nails-wa.myshopify.com/admin/api/2024-10/products/9364882096363/images/49827420537067.json	9364882096363		images	200	OK	image_id=49827420537067
2026-05-15 16:07:22	image-delete	delete_product_image	DELETE	https://oz-nails-wa.myshopify.com/admin/api/2024-10/products/9364882129131/images/49827421389035.json	9364882129131		images	200	OK	image_id=49827421389035
2026-05-15 16:07:24	image-delete	delete_product_image	DELETE	https://oz-nails-wa.myshopify.com/admin/api/2024-10/products/9364882161899/images/49827422208235.json	9364882161899		images	200	OK	image_id=49827422208235
2026-05-15 16:07:26	image-delete	delete_product_image	DELETE	https://oz-nails-wa.myshopify.com/admin/api/2024-10/products/9364882227435/images/49827422830827.json	9364882227435		images	200	OK	image_id=49827422830827
2026-05-15 16:07:27	image-delete	delete_product_image	DELETE	https://oz-nails-wa.myshopify.com/admin/api/2024-10/products/9364882260203/images/49827423256811.json	9364882260203		images	200	OK	image_id=49827423256811
2026-05-15 16:07:29	image-delete	delete_product_image	DELETE	https://oz-nails-wa.myshopify.com/admin/api/2024-10/products/9364882325739/images/49827423387883.json	9364882325739		images	200	OK	image_id=49827423387883
2026-05-15 16:07:31	image-delete	delete_product_image	DELETE	https://oz-nails-wa.myshopify.com/admin/api/2024-10/products/9364882358507/images/49827423650027.json	9364882358507		images	200	OK	image_id=49827423650027
2026-05-15 16:07:33	image-delete	delete_product_image	DELETE	https://oz-nails-wa.myshopify.com/admin/api/2024-10/products/9364882391275/images/49827423781099.json	9364882391275		images	200	OK	image_id=49827423781099
2026-05-15 16:07:35	image-delete	delete_product_image	DELETE	https://oz-nails-wa.myshopify.com/admin/api/2024-10/products/9364882424043/images/49827423944939.json	9364882424043		images	200	OK	image_id=49827423944939
2026-05-15 16:07:37	image-delete	delete_product_image	DELETE	https://oz-nails-wa.myshopify.com/admin/api/2024-10/products/9364882456811/images/49827424141547.json	9364882456811		images	200	OK	image_id=49827424141547
2026-05-15 16:07:39	image-delete	delete_product_image	DELETE	https://oz-nails-wa.myshopify.com/admin/api/2024-10/products/9364882489579/images/49827425321195.json	9364882489579		images	200	OK	image_id=49827425321195
2026-05-15 16:07:41	image-delete	delete_product_image	DELETE	https://oz-nails-wa.myshopify.com/admin/api/2024-10/products/9364882522347/images/49827425976555.json	9364882522347		images	200	OK	image_id=49827425976555
2026-05-15 16:07:43	image-delete	delete_product_image	DELETE	https://oz-nails-wa.myshopify.com/admin/api/2024-10/products/9364882587883/images/49827426894059.json	9364882587883		images	200	OK	image_id=49827426894059
2026-05-15 16:07:45	image-delete	delete_product_image	DELETE	https://oz-nails-wa.myshopify.com/admin/api/2024-10/products/9364882620651/images/49827427582187.json	9364882620651		images	200	OK	image_id=49827427582187
2026-05-15 16:07:47	image-delete	delete_product_image	DELETE	https://oz-nails-wa.myshopify.com/admin/api/2024-10/products/9364882686187/images/49827428565227.json	9364882686187		images	200	OK	image_id=49827428565227
2026-05-15 16:07:49	image-delete	delete_product_image	DELETE	https://oz-nails-wa.myshopify.com/admin/api/2024-10/products/9364882718955/images/49827430007019.json	9364882718955		images	200	OK	image_id=49827430007019
2026-05-15 16:07:51	image-delete	delete_product_image	DELETE	https://oz-nails-wa.myshopify.com/admin/api/2024-10/products/9364882784491/images/49827430170859.json	9364882784491		images	200	OK	image_id=49827430170859
2026-05-15 16:07:53	image-delete	delete_product_image	DELETE	https://oz-nails-wa.myshopify.com/admin/api/2024-10/products/9364882817259/images/49827430334699.json	9364882817259		images	200	OK	image_id=49827430334699
2026-05-15 16:07:55	image-delete	delete_product_image	DELETE	https://oz-nails-wa.myshopify.com/admin/api/2024-10/products/9364882850027/images/49827430596843.json	9364882850027		images	200	OK	image_id=49827430596843
2026-05-15 16:07:56	image-delete	delete_product_image	DELETE	https://oz-nails-wa.myshopify.com/admin/api/2024-10/products/9364882882795/images/49827430826219.json	9364882882795		images	200	OK	image_id=49827430826219
2026-05-15 16:07:59	image-delete	delete_product_image	DELETE	https://oz-nails-wa.myshopify.com/admin/api/2024-10/products/9364882915563/images/49827431153899.json	9364882915563		images	200	OK	image_id=49827431153899
2026-05-15 16:08:00	image-delete	delete_product_image	DELETE	https://oz-nails-wa.myshopify.com/admin/api/2024-10/products/9365146337515/images/49827431284971.json	9365146337515		images	200	OK	image_id=49827431284971
2026-05-15 16:08:02	image-delete	delete_product_image	DELETE	https://oz-nails-wa.myshopify.com/admin/api/2024-10/products/9364882948331/images/49827431940331.json	9364882948331		images	200	OK	image_id=49827431940331
2026-05-15 16:08:04	image-delete	delete_product_image	DELETE	https://oz-nails-wa.myshopify.com/admin/api/2024-10/products/9364883013867/images/49827433349355.json	9364883013867		images	200	OK	image_id=49827433349355
2026-05-15 16:08:06	image-delete	delete_product_image	DELETE	https://oz-nails-wa.myshopify.com/admin/api/2024-10/products/9364883046635/images/49827434430699.json	9364883046635		images	200	OK	image_id=49827434430699
2026-05-15 16:08:08	image-delete	delete_product_image	DELETE	https://oz-nails-wa.myshopify.com/admin/api/2024-10/products/9365146927339/images/49827435479275.json	9365146927339		images	200	OK	image_id=49827435479275
2026-05-15 16:08:10	image-delete	delete_product_image	DELETE	https://oz-nails-wa.myshopify.com/admin/api/2024-10/products/9365146960107/images/49827436364011.json	9365146960107		images	200	OK	image_id=49827436364011
2026-05-15 16:08:12	image-delete	delete_product_image	DELETE	https://oz-nails-wa.myshopify.com/admin/api/2024-10/products/9365147025643/images/49827437445355.json	9365147025643		images	200	OK	image_id=49827437445355
2026-05-15 16:08:13	image-delete	delete_product_image	DELETE	https://oz-nails-wa.myshopify.com/admin/api/2024-10/products/9364883079403/images/49827438002411.json	9364883079403		images	200	OK	image_id=49827438002411
2026-05-15 16:08:15	image-delete	delete_product_image	DELETE	https://oz-nails-wa.myshopify.com/admin/api/2024-10/products/9364883144939/images/49827438166251.json	9364883144939		images	200	OK	image_id=49827438166251
2026-05-15 16:08:17	image-delete	delete_product_image	DELETE	https://oz-nails-wa.myshopify.com/admin/api/2024-10/products/9364883177707/images/49827438330091.json	9364883177707		images	200	OK	image_id=49827438330091
2026-05-15 16:08:19	image-delete	delete_product_image	DELETE	https://oz-nails-wa.myshopify.com/admin/api/2024-10/products/9364883210475/images/49827438461163.json	9364883210475		images	200	OK	image_id=49827438461163
2026-05-15 16:08:21	image-delete	delete_product_image	DELETE	https://oz-nails-wa.myshopify.com/admin/api/2024-10/products/9364883243243/images/49827438919915.json	9364883243243		images	200	OK	image_id=49827438919915
2026-05-15 16:08:23	image-delete	delete_product_image	DELETE	https://oz-nails-wa.myshopify.com/admin/api/2024-10/products/9364883276011/images/49827439083755.json	9364883276011		images	200	OK	image_id=49827439083755
2026-05-15 16:08:25	image-delete	delete_product_image	DELETE	https://oz-nails-wa.myshopify.com/admin/api/2024-10/products/9365147123947/images/49827439706347.json	9365147123947		images	200	OK	image_id=49827439706347
2026-05-15 16:08:27	image-delete	delete_product_image	DELETE	https://oz-nails-wa.myshopify.com/admin/api/2024-10/products/9364883308779/images/49827440296171.json	9364883308779		images	200	OK	image_id=49827440296171
2026-05-15 16:08:29	image-delete	delete_product_image	DELETE	https://oz-nails-wa.myshopify.com/admin/api/2024-10/products/9364883341547/images/49827441049835.json	9364883341547		images	200	OK	image_id=49827441049835
2026-05-15 16:08:30	image-delete	delete_product_image	DELETE	https://oz-nails-wa.myshopify.com/admin/api/2024-10/products/9364883407083/images/49827441934571.json	9364883407083		images	200	OK	image_id=49827441934571
2026-05-15 16:08:33	image-delete	delete_product_image	DELETE	https://oz-nails-wa.myshopify.com/admin/api/2024-10/products/9365147222251/images/49827443048683.json	9365147222251		images	200	OK	image_id=49827443048683
2026-05-15 16:08:35	image-delete	delete_product_image	DELETE	https://oz-nails-wa.myshopify.com/admin/api/2024-10/products/9364883439851/images/49827443966187.json	9364883439851		images	200	OK	image_id=49827443966187
2026-05-15 16:08:36	image-delete	delete_product_image	DELETE	https://oz-nails-wa.myshopify.com/admin/api/2024-10/products/9365147287787/images/49827444293867.json	9365147287787		images	200	OK	image_id=49827444293867
2026-05-15 16:08:38	image-delete	delete_product_image	DELETE	https://oz-nails-wa.myshopify.com/admin/api/2024-10/products/9365147451627/images/49827444457707.json	9365147451627		images	200	OK	image_id=49827444457707
2026-05-15 16:08:40	image-delete	delete_product_image	DELETE	https://oz-nails-wa.myshopify.com/admin/api/2024-10/products/9364883505387/images/49827444588779.json	9364883505387		images	200	OK	image_id=49827444588779
2026-05-15 16:08:42	image-delete	delete_product_image	DELETE	https://oz-nails-wa.myshopify.com/admin/api/2024-10/products/9364883538155/images/49827444785387.json	9364883538155		images	200	OK	image_id=49827444785387
2026-05-15 16:08:44	image-delete	delete_product_image	DELETE	https://oz-nails-wa.myshopify.com/admin/api/2024-10/products/9364883603691/images/49827444916459.json	9364883603691		images	200	OK	image_id=49827444916459
2026-05-15 16:08:46	image-delete	delete_product_image	DELETE	https://oz-nails-wa.myshopify.com/admin/api/2024-10/products/9364883636459/images/49827445047531.json	9364883636459		images	200	OK	image_id=49827445047531
2026-05-15 16:08:48	image-delete	delete_product_image	DELETE	https://oz-nails-wa.myshopify.com/admin/api/2024-10/products/9365147517163/images/49827445309675.json	9365147517163		images	200	OK	image_id=49827445309675
2026-05-15 16:08:50	image-delete	delete_product_image	DELETE	https://oz-nails-wa.myshopify.com/admin/api/2024-10/products/9364883669227/images/49827446620395.json	9364883669227		images	200	OK	image_id=49827446620395
2026-05-15 16:08:52	image-delete	delete_product_image	DELETE	https://oz-nails-wa.myshopify.com/admin/api/2024-10/products/9364883701995/images/49827447210219.json	9364883701995		images	200	OK	image_id=49827447210219
2026-05-15 16:08:53	image-delete	delete_product_image	DELETE	https://oz-nails-wa.myshopify.com/admin/api/2024-10/products/9364883767531/images/49827447931115.json	9364883767531		images	200	OK	image_id=49827447931115
2026-05-15 16:08:56	image-delete	delete_product_image	DELETE	https://oz-nails-wa.myshopify.com/admin/api/2024-10/products/9364883800299/images/49827448815851.json	9364883800299		images	200	OK	image_id=49827448815851
2026-05-15 16:08:57	image-delete	delete_product_image	DELETE	https://oz-nails-wa.myshopify.com/admin/api/2024-10/products/9364883865835/images/49827449503979.json	9364883865835		images	200	OK	image_id=49827449503979
2026-05-15 16:08:59	image-delete	delete_product_image	DELETE	https://oz-nails-wa.myshopify.com/admin/api/2024-10/products/9364883931371/images/49827450519787.json	9364883931371		images	200	OK	image_id=49827450519787
2026-05-15 16:09:01	image-delete	delete_product_image	DELETE	https://oz-nails-wa.myshopify.com/admin/api/2024-10/products/9364883964139/images/49827450650859.json	9364883964139		images	200	OK	image_id=49827450650859
2026-05-15 16:09:03	image-delete	delete_product_image	DELETE	https://oz-nails-wa.myshopify.com/admin/api/2024-10/products/9364883996907/images/49827450781931.json	9364883996907		images	200	OK	image_id=49827450781931
2026-05-15 16:09:05	image-delete	delete_product_image	DELETE	https://oz-nails-wa.myshopify.com/admin/api/2024-10/products/9364884029675/images/49827450945771.json	9364884029675		images	200	OK	image_id=49827450945771
2026-05-15 16:09:07	image-delete	delete_product_image	DELETE	https://oz-nails-wa.myshopify.com/admin/api/2024-10/products/9364884062443/images/49827451076843.json	9364884062443		images	200	OK	image_id=49827451076843
2026-05-15 16:09:09	image-delete	delete_product_image	DELETE	https://oz-nails-wa.myshopify.com/admin/api/2024-10/products/9364884095211/images/49827451273451.json	9364884095211		images	200	OK	image_id=49827451273451
2026-05-15 16:09:11	image-delete	delete_product_image	DELETE	https://oz-nails-wa.myshopify.com/admin/api/2024-10/products/9364884127979/images/49827451404523.json	9364884127979		images	200	OK	image_id=49827451404523
2026-05-15 16:09:12	image-delete	delete_product_image	DELETE	https://oz-nails-wa.myshopify.com/admin/api/2024-10/products/9364884259051/images/49827452682475.json	9364884259051		images	200	OK	image_id=49827452682475
2026-05-15 16:09:14	image-delete	delete_product_image	DELETE	https://oz-nails-wa.myshopify.com/admin/api/2024-10/products/9364884291819/images/49827453731051.json	9364884291819		images	200	OK	image_id=49827453731051
2026-05-15 16:09:16	image-delete	delete_product_image	DELETE	https://oz-nails-wa.myshopify.com/admin/api/2024-10/products/9364884324587/images/49827454615787.json	9364884324587		images	200	OK	image_id=49827454615787
2026-05-15 16:09:18	image-delete	delete_product_image	DELETE	https://oz-nails-wa.myshopify.com/admin/api/2024-10/products/9364884357355/images/49827455336683.json	9364884357355		images	200	OK	image_id=49827455336683
2026-05-15 16:09:20	image-delete	delete_product_image	DELETE	https://oz-nails-wa.myshopify.com/admin/api/2024-10/products/9364884422891/images/49827456352491.json	9364884422891		images	200	OK	image_id=49827456352491
2026-05-15 16:09:22	image-delete	delete_product_image	DELETE	https://oz-nails-wa.myshopify.com/admin/api/2024-10/products/9364884455659/images/49827457007851.json	9364884455659		images	200	OK	image_id=49827457007851
2026-05-15 16:09:24	image-delete	delete_product_image	DELETE	https://oz-nails-wa.myshopify.com/admin/api/2024-10/products/9364884488427/images/49827457794283.json	9364884488427		images	200	OK	image_id=49827457794283
2026-05-15 16:09:26	image-delete	delete_product_image	DELETE	https://oz-nails-wa.myshopify.com/admin/api/2024-10/products/9364884521195/images/49827457958123.json	9364884521195		images	200	OK	image_id=49827457958123
2026-05-15 16:09:28	image-delete	delete_product_image	DELETE	https://oz-nails-wa.myshopify.com/admin/api/2024-10/products/9364884553963/images/49827458089195.json	9364884553963		images	200	OK	image_id=49827458089195
2026-05-15 16:09:30	image-delete	delete_product_image	DELETE	https://oz-nails-wa.myshopify.com/admin/api/2024-10/products/9364884586731/images/49827458220267.json	9364884586731		images	200	OK	image_id=49827458220267
2026-05-15 16:09:32	image-delete	delete_product_image	DELETE	https://oz-nails-wa.myshopify.com/admin/api/2024-10/products/9364884619499/images/49827458351339.json	9364884619499		images	200	OK	image_id=49827458351339
2026-05-15 16:09:34	image-delete	delete_product_image	DELETE	https://oz-nails-wa.myshopify.com/admin/api/2024-10/products/9364884652267/images/49827458547947.json	9364884652267		images	200	OK	image_id=49827458547947
2026-05-15 16:09:36	image-delete	delete_product_image	DELETE	https://oz-nails-wa.myshopify.com/admin/api/2024-10/products/9364884717803/images/49827460088043.json	9364884717803		images	200	OK	image_id=49827460088043
2026-05-15 16:09:38	image-delete	delete_product_image	DELETE	https://oz-nails-wa.myshopify.com/admin/api/2024-10/products/9364884750571/images/49827461005547.json	9364884750571		images	200	OK	image_id=49827461005547
2026-05-15 16:09:40	image-delete	delete_product_image	DELETE	https://oz-nails-wa.myshopify.com/admin/api/2024-10/products/9364884783339/images/49827461693675.json	9364884783339		images	200	OK	image_id=49827461693675
2026-05-15 16:09:42	image-delete	delete_product_image	DELETE	https://oz-nails-wa.myshopify.com/admin/api/2024-10/products/9364884816107/images/49827462742251.json	9364884816107		images	200	OK	image_id=49827462742251
2026-05-15 16:09:44	image-delete	delete_product_image	DELETE	https://oz-nails-wa.myshopify.com/admin/api/2024-10/products/9364884848875/images/49827463332075.json	9364884848875		images	200	OK	image_id=49827463332075
2026-05-15 16:09:46	image-delete	delete_product_image	DELETE	https://oz-nails-wa.myshopify.com/admin/api/2024-10/products/9364884881643/images/49827464347883.json	9364884881643		images	200	OK	image_id=49827464347883
2026-05-15 16:09:48	image-delete	delete_product_image	DELETE	https://oz-nails-wa.myshopify.com/admin/api/2024-10/products/9365313847531/images/49827464970475.json	9365313847531		images	200	OK	image_id=49827464970475
2026-05-15 16:09:50	image-delete	delete_product_image	DELETE	https://oz-nails-wa.myshopify.com/admin/api/2024-10/products/9365314502891/images/49827465134315.json	9365314502891		images	200	OK	image_id=49827465134315
2026-05-15 16:09:51	image-delete	delete_product_image	DELETE	https://oz-nails-wa.myshopify.com/admin/api/2024-10/products/9365315879147/images/49827465265387.json	9365315879147		images	200	OK	image_id=49827465265387
2026-05-15 16:09:53	image-delete	delete_product_image	DELETE	https://oz-nails-wa.myshopify.com/admin/api/2024-10/products/9365315944683/images/49827465461995.json	9365315944683		images	200	OK	image_id=49827465461995
2026-05-15 16:09:55	image-delete	delete_product_image	DELETE	https://oz-nails-wa.myshopify.com/admin/api/2024-10/products/9364884914411/images/49827465593067.json	9364884914411		images	200	OK	image_id=49827465593067
2026-05-15 16:09:57	image-delete	delete_product_image	DELETE	https://oz-nails-wa.myshopify.com/admin/api/2024-10/products/9365316042987/images/49827465756907.json	9365316042987		images	200	OK	image_id=49827465756907
2026-05-15 16:09:59	image-delete	delete_product_image	DELETE	https://oz-nails-wa.myshopify.com/admin/api/2024-10/products/9365316075755/images/49827465887979.json	9365316075755		images	200	OK	image_id=49827465887979
2026-05-15 16:10:01	image-delete	delete_product_image	DELETE	https://oz-nails-wa.myshopify.com/admin/api/2024-10/products/9365316206827/images/49827467460843.json	9365316206827		images	200	OK	image_id=49827467460843
2026-05-15 16:10:03	image-delete	delete_product_image	DELETE	https://oz-nails-wa.myshopify.com/admin/api/2024-10/products/9365316239595/images/49827468116203.json	9365316239595		images	200	OK	image_id=49827468116203
2026-05-15 16:10:05	image-delete	delete_product_image	DELETE	https://oz-nails-wa.myshopify.com/admin/api/2024-10/products/9365316337899/images/49827468869867.json	9365316337899		images	200	OK	image_id=49827468869867
2026-05-15 16:10:07	image-delete	delete_product_image	DELETE	https://oz-nails-wa.myshopify.com/admin/api/2024-10/products/9365316403435/images/49827470016747.json	9365316403435		images	200	OK	image_id=49827470016747
2026-05-15 16:10:09	image-delete	delete_product_image	DELETE	https://oz-nails-wa.myshopify.com/admin/api/2024-10/products/9365316501739/images/49827471294699.json	9365316501739		images	200	OK	image_id=49827471294699
2026-05-15 16:10:12	image-delete	delete_product_image	DELETE	https://oz-nails-wa.myshopify.com/admin/api/2024-10/products/9365316567275/images/49827471950059.json	9365316567275		images	200	OK	image_id=49827471950059
2026-05-15 16:10:14	image-delete	delete_product_image	DELETE	https://oz-nails-wa.myshopify.com/admin/api/2024-10/products/9365316665579/images/49827472113899.json	9365316665579		images	200	OK	image_id=49827472113899
2026-05-15 16:10:16	image-delete	delete_product_image	DELETE	https://oz-nails-wa.myshopify.com/admin/api/2024-10/products/9365316698347/images/49827472244971.json	9365316698347		images	200	OK	image_id=49827472244971
2026-05-15 16:10:18	image-delete	delete_product_image	DELETE	https://oz-nails-wa.myshopify.com/admin/api/2024-10/products/9364884979947/images/49827472408811.json	9364884979947		images	200	OK	image_id=49827472408811
2026-05-15 16:10:20	image-delete	delete_product_image	DELETE	https://oz-nails-wa.myshopify.com/admin/api/2024-10/products/9365319516395/images/49827472605419.json	9365319516395		images	200	OK	image_id=49827472605419
2026-05-15 16:10:22	image-delete	delete_product_image	DELETE	https://oz-nails-wa.myshopify.com/admin/api/2024-10/products/9365320696043/images/49827472769259.json	9365320696043		images	200	OK	image_id=49827472769259
2026-05-15 16:10:25	image-delete	delete_product_image	DELETE	https://oz-nails-wa.myshopify.com/admin/api/2024-10/products/9365323055339/images/49827473653995.json	9365323055339		images	200	OK	image_id=49827473653995
2026-05-15 16:10:27	image-delete	delete_product_image	DELETE	https://oz-nails-wa.myshopify.com/admin/api/2024-10/products/9365324529899/images/49827474964715.json	9365324529899		images	200	OK	image_id=49827474964715
2026-05-15 16:10:30	image-delete	delete_product_image	DELETE	https://oz-nails-wa.myshopify.com/admin/api/2024-10/products/9365324726507/images/49827476242667.json	9365324726507		images	200	OK	image_id=49827476242667
2026-05-15 16:10:32	image-delete	delete_product_image	DELETE	https://oz-nails-wa.myshopify.com/admin/api/2024-10/products/9365327708395/images/49827477258475.json	9365327708395		images	200	OK	image_id=49827477258475
2026-05-15 16:10:34	image-delete	delete_product_image	DELETE	https://oz-nails-wa.myshopify.com/admin/api/2024-10/products/9365330067691/images/49827478765803.json	9365330067691		images	200	OK	image_id=49827478765803
2026-05-15 16:10:36	image-delete	delete_product_image	DELETE	https://oz-nails-wa.myshopify.com/admin/api/2024-10/products/9365333377259/images/49827479945451.json	9365333377259		images	200	OK	image_id=49827479945451
2026-05-15 16:10:39	image-delete	delete_product_image	DELETE	https://oz-nails-wa.myshopify.com/admin/api/2024-10/products/9365333442795/images/49827480895723.json	9365333442795		images	200	OK	image_id=49827480895723
2026-05-15 16:10:41	image-delete	delete_product_image	DELETE	https://oz-nails-wa.myshopify.com/admin/api/2024-10/products/9365333475563/images/49827482042603.json	9365333475563		images	200	OK	image_id=49827482042603
2026-05-15 16:10:43	image-delete	delete_product_image	DELETE	https://oz-nails-wa.myshopify.com/admin/api/2024-10/products/9364885078251/images/49827482239211.json	9364885078251		images	200	OK	image_id=49827482239211
2026-05-15 16:10:46	image-delete	delete_product_image	DELETE	https://oz-nails-wa.myshopify.com/admin/api/2024-10/products/9365333541099/images/49827483877611.json	9365333541099		images	200	OK	image_id=49827483877611
2026-05-15 16:10:48	image-delete	delete_product_image	DELETE	https://oz-nails-wa.myshopify.com/admin/api/2024-10/products/9365337014507/images/49827485221099.json	9365337014507		images	200	OK	image_id=49827485221099
2026-05-15 16:10:50	image-delete	delete_product_image	DELETE	https://oz-nails-wa.myshopify.com/admin/api/2024-10/products/9365338226923/images/49827485352171.json	9365338226923		images	200	OK	image_id=49827485352171
2026-05-15 16:10:53	image-delete	delete_product_image	DELETE	https://oz-nails-wa.myshopify.com/admin/api/2024-10/products/9365341077739/images/49827485712619.json	9365341077739		images	200	OK	image_id=49827485712619
2026-05-15 16:10:55	image-delete	delete_product_image	DELETE	https://oz-nails-wa.myshopify.com/admin/api/2024-10/products/9365342945515/images/49827486433515.json	9365342945515		images	200	OK	image_id=49827486433515
2026-05-15 16:10:57	image-delete	delete_product_image	DELETE	https://oz-nails-wa.myshopify.com/admin/api/2024-10/products/9365343600875/images/49827487809771.json	9365343600875		images	200	OK	image_id=49827487809771
2026-05-15 16:11:00	image-delete	delete_product_image	DELETE	https://oz-nails-wa.myshopify.com/admin/api/2024-10/products/9365346877675/images/49827489841387.json	9365346877675		images	200	OK	image_id=49827489841387
2026-05-15 16:11:03	image-delete	delete_product_image	DELETE	https://oz-nails-wa.myshopify.com/admin/api/2024-10/products/9365349466347/images/49827490922731.json	9365349466347		images	200	OK	image_id=49827490922731
2026-05-15 16:11:05	image-delete	delete_product_image	DELETE	https://oz-nails-wa.myshopify.com/admin/api/2024-10/products/9365350220011/images/49827491840235.json	9365350220011		images	200	OK	image_id=49827491840235
2026-05-15 16:11:07	image-delete	delete_product_image	DELETE	https://oz-nails-wa.myshopify.com/admin/api/2024-10/products/9365350252779/images/49827493347563.json	9365350252779		images	200	OK	image_id=49827493347563
2026-05-15 16:11:09	image-delete	delete_product_image	DELETE	https://oz-nails-wa.myshopify.com/admin/api/2024-10/products/9364885111019/images/49827494658283.json	9364885111019		images	200	OK	image_id=49827494658283
2026-05-15 16:11:12	image-delete	delete_product_image	DELETE	https://oz-nails-wa.myshopify.com/admin/api/2024-10/products/9365350285547/images/49827495149803.json	9365350285547		images	200	OK	image_id=49827495149803
2026-05-15 16:11:14	image-delete	delete_product_image	DELETE	https://oz-nails-wa.myshopify.com/admin/api/2024-10/products/9365350449387/images/49827495313643.json	9365350449387		images	200	OK	image_id=49827495313643
2026-05-15 16:11:16	image-delete	delete_product_image	DELETE	https://oz-nails-wa.myshopify.com/admin/api/2024-10/products/9365147615467/images/49827495477483.json	9365147615467		images	200	OK	image_id=49827495477483
2026-05-15 16:11:18	image-delete	delete_product_image	DELETE	https://oz-nails-wa.myshopify.com/admin/api/2024-10/products/9365147746539/images/49827496952043.json	9365147746539		images	200	OK	image_id=49827496952043
2026-05-15 16:11:20	image-delete	delete_product_image	DELETE	https://oz-nails-wa.myshopify.com/admin/api/2024-10/products/9364885143787/images/49827497410795.json	9364885143787		images	200	OK	image_id=49827497410795
2026-05-15 16:11:22	image-delete	delete_product_image	DELETE	https://oz-nails-wa.myshopify.com/admin/api/2024-10/products/9364885176555/images/49827498164459.json	9364885176555		images	200	OK	image_id=49827498164459
2026-05-15 16:11:25	image-delete	delete_product_image	DELETE	https://oz-nails-wa.myshopify.com/admin/api/2024-10/products/9364885209323/images/49827498819819.json	9364885209323		images	200	OK	image_id=49827498819819
2026-05-15 16:11:27	image-delete	delete_product_image	DELETE	https://oz-nails-wa.myshopify.com/admin/api/2024-10/products/9364885274859/images/49827500294379.json	9364885274859		images	200	OK	image_id=49827500294379
2026-05-15 16:11:29	image-delete	delete_product_image	DELETE	https://oz-nails-wa.myshopify.com/admin/api/2024-10/products/9364885307627/images/49827501670635.json	9364885307627		images	200	OK	image_id=49827501670635
2026-05-15 16:11:32	image-delete	delete_product_image	DELETE	https://oz-nails-wa.myshopify.com/admin/api/2024-10/products/9364885373163/images/49827503046891.json	9364885373163		images	200	OK	image_id=49827503046891
2026-05-15 16:11:34	image-delete	delete_product_image	DELETE	https://oz-nails-wa.myshopify.com/admin/api/2024-10/products/9364885438699/images/49827504193771.json	9364885438699		images	200	OK	image_id=49827504193771
2026-05-15 16:11:36	image-delete	delete_product_image	DELETE	https://oz-nails-wa.myshopify.com/admin/api/2024-10/products/9364885471467/images/49827505176811.json	9364885471467		images	200	OK	image_id=49827505176811
2026-05-15 16:11:38	image-delete	delete_product_image	DELETE	https://oz-nails-wa.myshopify.com/admin/api/2024-10/products/9364885569771/images/49827505307883.json	9364885569771		images	200	OK	image_id=49827505307883
2026-05-15 16:11:40	image-delete	delete_product_image	DELETE	https://oz-nails-wa.myshopify.com/admin/api/2024-10/products/9365146370283/images/49827506356459.json	9365146370283		images	200	OK	image_id=49827506356459
2026-05-15 16:11:42	image-delete	delete_product_image	DELETE	https://oz-nails-wa.myshopify.com/admin/api/2024-10/products/9364885602539/images/49827506553067.json	9364885602539		images	200	OK	image_id=49827506553067
2026-05-15 16:11:44	image-delete	delete_product_image	DELETE	https://oz-nails-wa.myshopify.com/admin/api/2024-10/products/9364885635307/images/49827507044587.json	9364885635307		images	200	OK	image_id=49827507044587
2026-05-15 16:11:46	image-delete	delete_product_image	DELETE	https://oz-nails-wa.myshopify.com/admin/api/2024-10/products/9364885668075/images/49827507962091.json	9364885668075		images	200	OK	image_id=49827507962091
2026-05-15 16:11:48	image-delete	delete_product_image	DELETE	https://oz-nails-wa.myshopify.com/admin/api/2024-10/products/9364885700843/images/49827509076203.json	9364885700843		images	200	OK	image_id=49827509076203
2026-05-15 16:11:51	image-delete	delete_product_image	DELETE	https://oz-nails-wa.myshopify.com/admin/api/2024-10/products/9364885733611/images/49827509698795.json	9364885733611		images	200	OK	image_id=49827509698795
2026-05-15 16:11:53	image-delete	delete_product_image	DELETE	https://oz-nails-wa.myshopify.com/admin/api/2024-10/products/9364885766379/images/49827511206123.json	9364885766379		images	200	OK	image_id=49827511206123
2026-05-15 16:11:55	image-delete	delete_product_image	DELETE	https://oz-nails-wa.myshopify.com/admin/api/2024-10/products/9364885799147/images/49827512647915.json	9364885799147		images	200	OK	image_id=49827512647915
2026-05-15 16:11:57	image-delete	delete_product_image	DELETE	https://oz-nails-wa.myshopify.com/admin/api/2024-10/products/9364885831915/images/49827514384619.json	9364885831915		images	200	OK	image_id=49827514384619
2026-05-15 16:11:59	image-delete	delete_product_image	DELETE	https://oz-nails-wa.myshopify.com/admin/api/2024-10/products/9364885864683/images/49827515400427.json	9364885864683		images	200	OK	image_id=49827515400427
2026-05-15 16:12:02	image-delete	delete_product_image	DELETE	https://oz-nails-wa.myshopify.com/admin/api/2024-10/products/9364885962987/images/49827516023019.json	9364885962987		images	200	OK	image_id=49827516023019
2026-05-15 16:12:04	image-delete	delete_product_image	DELETE	https://oz-nails-wa.myshopify.com/admin/api/2024-10/products/9365146501355/images/49827516678379.json	9365146501355		images	200	OK	image_id=49827516678379
2026-05-15 16:12:06	image-delete	delete_product_image	DELETE	https://oz-nails-wa.myshopify.com/admin/api/2024-10/products/9364885995755/images/49827517137131.json	9364885995755		images	200	OK	image_id=49827517137131
2026-05-15 16:12:09	image-delete	delete_product_image	DELETE	https://oz-nails-wa.myshopify.com/admin/api/2024-10/products/9364886028523/images/49827517628651.json	9364886028523		images	200	OK	image_id=49827517628651
2026-05-15 16:12:11	image-delete	delete_product_image	DELETE	https://oz-nails-wa.myshopify.com/admin/api/2024-10/products/9364886061291/images/49827517726955.json	9364886061291		images	200	OK	image_id=49827517726955
2026-05-15 16:12:13	image-delete	delete_product_image	DELETE	https://oz-nails-wa.myshopify.com/admin/api/2024-10/products/9364886094059/images/49827518054635.json	9364886094059		images	200	OK	image_id=49827518054635
2026-05-15 16:12:16	image-delete	delete_product_image	DELETE	https://oz-nails-wa.myshopify.com/admin/api/2024-10/products/9364886126827/images/49827519004907.json	9364886126827		images	200	OK	image_id=49827519004907
2026-05-15 16:12:18	image-delete	delete_product_image	DELETE	https://oz-nails-wa.myshopify.com/admin/api/2024-10/products/9364886192363/images/49827520086251.json	9364886192363		images	200	OK	image_id=49827520086251
2026-05-15 16:12:20	image-delete	delete_product_image	DELETE	https://oz-nails-wa.myshopify.com/admin/api/2024-10/products/9364886225131/images/49827521298667.json	9364886225131		images	200	OK	image_id=49827521298667
2026-05-15 16:12:23	image-delete	delete_product_image	DELETE	https://oz-nails-wa.myshopify.com/admin/api/2024-10/products/9364886257899/images/49827522314475.json	9364886257899		images	200	OK	image_id=49827522314475
2026-05-15 16:12:25	image-delete	delete_product_image	DELETE	https://oz-nails-wa.myshopify.com/admin/api/2024-10/products/9364886290667/images/49827524149483.json	9364886290667		images	200	OK	image_id=49827524149483
2026-05-15 16:12:27	image-delete	delete_product_image	DELETE	https://oz-nails-wa.myshopify.com/admin/api/2024-10/products/9364886323435/images/49827525361899.json	9364886323435		images	200	OK	image_id=49827525361899
2026-05-15 16:12:29	image-delete	delete_product_image	DELETE	https://oz-nails-wa.myshopify.com/admin/api/2024-10/products/9364886356203/images/49827525525739.json	9364886356203		images	200	OK	image_id=49827525525739
2026-05-15 16:12:31	image-delete	delete_product_image	DELETE	https://oz-nails-wa.myshopify.com/admin/api/2024-10/products/9364886388971/images/49827526213867.json	9364886388971		images	200	OK	image_id=49827526213867
2026-05-15 16:12:33	image-delete	delete_product_image	DELETE	https://oz-nails-wa.myshopify.com/admin/api/2024-10/products/9364886421739/images/49827526377707.json	9364886421739		images	200	OK	image_id=49827526377707
2026-05-15 16:12:35	image-delete	delete_product_image	DELETE	https://oz-nails-wa.myshopify.com/admin/api/2024-10/products/9365146632427/images/49827527459051.json	9365146632427		images	200	OK	image_id=49827527459051
2026-05-15 16:12:38	image-delete	delete_product_image	DELETE	https://oz-nails-wa.myshopify.com/admin/api/2024-10/products/9364886487275/images/49827527590123.json	9364886487275		images	200	OK	image_id=49827527590123
2026-05-15 16:12:40	image-delete	delete_product_image	DELETE	https://oz-nails-wa.myshopify.com/admin/api/2024-10/products/9364886520043/images/49827528573163.json	9364886520043		images	200	OK	image_id=49827528573163
2026-05-15 16:12:42	image-delete	delete_product_image	DELETE	https://oz-nails-wa.myshopify.com/admin/api/2024-10/products/9364886552811/images/49827530539243.json	9364886552811		images	200	OK	image_id=49827530539243
2026-05-15 16:12:44	image-delete	delete_product_image	DELETE	https://oz-nails-wa.myshopify.com/admin/api/2024-10/products/9364886585579/images/49827532505323.json	9364886585579		images	200	OK	image_id=49827532505323
2026-05-15 16:12:46	image-delete	delete_product_image	DELETE	https://oz-nails-wa.myshopify.com/admin/api/2024-10/products/9364886618347/images/49827533947115.json	9364886618347		images	200	OK	image_id=49827533947115
2026-05-15 16:12:48	image-delete	delete_product_image	DELETE	https://oz-nails-wa.myshopify.com/admin/api/2024-10/products/9364886651115/images/49827535356139.json	9364886651115		images	200	OK	image_id=49827535356139
2026-05-15 16:12:50	image-delete	delete_product_image	DELETE	https://oz-nails-wa.myshopify.com/admin/api/2024-10/products/9364886683883/images/49827536437483.json	9364886683883		images	200	OK	image_id=49827536437483
2026-05-15 16:12:53	image-delete	delete_product_image	DELETE	https://oz-nails-wa.myshopify.com/admin/api/2024-10/products/9364886749419/images/49827537060075.json	9364886749419		images	200	OK	image_id=49827537060075
2026-05-15 16:12:54	image-delete	delete_product_image	DELETE	https://oz-nails-wa.myshopify.com/admin/api/2024-10/products/9364886782187/images/49827538239723.json	9364886782187		images	200	OK	image_id=49827538239723
2026-05-15 16:12:57	image-delete	delete_product_image	DELETE	https://oz-nails-wa.myshopify.com/admin/api/2024-10/products/9364886814955/images/49827538403563.json	9364886814955		images	200	OK	image_id=49827538403563
2026-05-15 16:12:59	image-delete	delete_product_image	DELETE	https://oz-nails-wa.myshopify.com/admin/api/2024-10/products/9364886847723/images/49827538960619.json	9364886847723		images	200	OK	image_id=49827538960619
2026-05-15 16:13:01	image-delete	delete_product_image	DELETE	https://oz-nails-wa.myshopify.com/admin/api/2024-10/products/9364886913259/images/49827539681515.json	9364886913259		images	200	OK	image_id=49827539681515
2026-05-15 16:13:03	image-delete	delete_product_image	DELETE	https://oz-nails-wa.myshopify.com/admin/api/2024-10/products/9364886946027/images/49827540238571.json	9364886946027		images	200	OK	image_id=49827540238571
2026-05-15 16:13:05	image-delete	delete_product_image	DELETE	https://oz-nails-wa.myshopify.com/admin/api/2024-10/products/9364886978795/images/49827541418219.json	9364886978795		images	200	OK	image_id=49827541418219
2026-05-15 16:13:07	image-delete	delete_product_image	DELETE	https://oz-nails-wa.myshopify.com/admin/api/2024-10/products/9364887142635/images/49827542860011.json	9364887142635		images	200	OK	image_id=49827542860011
2026-05-15 16:13:09	image-delete	delete_product_image	DELETE	https://oz-nails-wa.myshopify.com/admin/api/2024-10/products/9364887175403/images/49827543941355.json	9364887175403		images	200	OK	image_id=49827543941355
2026-05-15 16:13:11	image-delete	delete_product_image	DELETE	https://oz-nails-wa.myshopify.com/admin/api/2024-10/products/9364887208171/images/49827544662251.json	9364887208171		images	200	OK	image_id=49827544662251
2026-05-15 16:13:13	image-delete	delete_product_image	DELETE	https://oz-nails-wa.myshopify.com/admin/api/2024-10/products/9364887240939/images/49827545415915.json	9364887240939		images	200	OK	image_id=49827545415915
2026-05-15 16:13:14	image-delete	delete_product_image	DELETE	https://oz-nails-wa.myshopify.com/admin/api/2024-10/products/9364887273707/images/49827546136811.json	9364887273707		images	200	OK	image_id=49827546136811
2026-05-15 16:13:17	image-delete	delete_product_image	DELETE	https://oz-nails-wa.myshopify.com/admin/api/2024-10/products/9364887306475/images/49827546890475.json	9364887306475		images	200	OK	image_id=49827546890475
2026-05-15 16:13:19	image-delete	delete_product_image	DELETE	https://oz-nails-wa.myshopify.com/admin/api/2024-10/products/9364887339243/images/49827547381995.json	9364887339243		images	200	OK	image_id=49827547381995
2026-05-15 16:13:21	image-delete	delete_product_image	DELETE	https://oz-nails-wa.myshopify.com/admin/api/2024-10/products/9364887404779/images/49827547513067.json	9364887404779		images	200	OK	image_id=49827547513067
2026-05-15 16:13:23	image-delete	delete_product_image	DELETE	https://oz-nails-wa.myshopify.com/admin/api/2024-10/products/9364887437547/images/49827547676907.json	9364887437547		images	200	OK	image_id=49827547676907
2026-05-15 16:13:25	image-delete	delete_product_image	DELETE	https://oz-nails-wa.myshopify.com/admin/api/2024-10/products/9364887470315/images/49827547840747.json	9364887470315		images	200	OK	image_id=49827547840747
2026-05-15 16:13:27	image-delete	delete_product_image	DELETE	https://oz-nails-wa.myshopify.com/admin/api/2024-10/products/9364887535851/images/49827547971819.json	9364887535851		images	200	OK	image_id=49827547971819
2026-05-15 16:13:29	image-delete	delete_product_image	DELETE	https://oz-nails-wa.myshopify.com/admin/api/2024-10/products/9364887699691/images/49827548856555.json	9364887699691		images	200	OK	image_id=49827548856555
2026-05-15 16:13:31	image-delete	delete_product_image	DELETE	https://oz-nails-wa.myshopify.com/admin/api/2024-10/products/9364887732459/images/49827549184235.json	9364887732459		images	200	OK	image_id=49827549184235
2026-05-15 16:13:33	image-delete	delete_product_image	DELETE	https://oz-nails-wa.myshopify.com/admin/api/2024-10/products/9364887765227/images/49827549872363.json	9364887765227		images	200	OK	image_id=49827549872363
2026-05-15 16:13:35	image-delete	delete_product_image	DELETE	https://oz-nails-wa.myshopify.com/admin/api/2024-10/products/9364887797995/images/49827550658795.json	9364887797995		images	200	OK	image_id=49827550658795
2026-05-15 16:13:37	image-delete	delete_product_image	DELETE	https://oz-nails-wa.myshopify.com/admin/api/2024-10/products/9364887863531/images/49827551412459.json	9364887863531		images	200	OK	image_id=49827551412459
2026-05-15 16:13:39	image-delete	delete_product_image	DELETE	https://oz-nails-wa.myshopify.com/admin/api/2024-10/products/9364887896299/images/49827552100587.json	9364887896299		images	200	OK	image_id=49827552100587
2026-05-15 16:13:41	image-delete	delete_product_image	DELETE	https://oz-nails-wa.myshopify.com/admin/api/2024-10/products/9364887961835/images/49827552559339.json	9364887961835		images	200	OK	image_id=49827552559339
2026-05-15 16:13:43	image-delete	delete_product_image	DELETE	https://oz-nails-wa.myshopify.com/admin/api/2024-10/products/9364887994603/images/49827552690411.json	9364887994603		images	200	OK	image_id=49827552690411
2026-05-15 16:13:45	image-delete	delete_product_image	DELETE	https://oz-nails-wa.myshopify.com/admin/api/2024-10/products/9364888060139/images/49827552887019.json	9364888060139		images	200	OK	image_id=49827552887019
2026-05-15 16:13:47	image-delete	delete_product_image	DELETE	https://oz-nails-wa.myshopify.com/admin/api/2024-10/products/9364888125675/images/49827553018091.json	9364888125675		images	200	OK	image_id=49827553018091
2026-05-15 16:13:49	image-delete	delete_product_image	DELETE	https://oz-nails-wa.myshopify.com/admin/api/2024-10/products/9364888223979/images/49827553181931.json	9364888223979		images	200	OK	image_id=49827553181931
2026-05-15 16:13:51	image-delete	delete_product_image	DELETE	https://oz-nails-wa.myshopify.com/admin/api/2024-10/products/9364888420587/images/49827553444075.json	9364888420587		images	200	OK	image_id=49827553444075
2026-05-15 16:13:53	image-delete	delete_product_image	DELETE	https://oz-nails-wa.myshopify.com/admin/api/2024-10/products/9364888453355/images/49827554328811.json	9364888453355		images	200	OK	image_id=49827554328811
2026-05-15 16:13:55	image-delete	delete_product_image	DELETE	https://oz-nails-wa.myshopify.com/admin/api/2024-10/products/9364888518891/images/49827554853099.json	9364888518891		images	200	OK	image_id=49827554853099
2026-05-15 16:13:57	image-delete	delete_product_image	DELETE	https://oz-nails-wa.myshopify.com/admin/api/2024-10/products/9364888551659/images/49827555606763.json	9364888551659		images	200	OK	image_id=49827555606763
2026-05-15 16:13:59	image-delete	delete_product_image	DELETE	https://oz-nails-wa.myshopify.com/admin/api/2024-10/products/9364888584427/images/49827556458731.json	9364888584427		images	200	OK	image_id=49827556458731
2026-05-15 16:14:01	image-delete	delete_product_image	DELETE	https://oz-nails-wa.myshopify.com/admin/api/2024-10/products/9364888617195/images/49827557245163.json	9364888617195		images	200	OK	image_id=49827557245163
2026-05-15 16:14:03	image-delete	delete_product_image	DELETE	https://oz-nails-wa.myshopify.com/admin/api/2024-10/products/9364888682731/images/49827557605611.json	9364888682731		images	200	OK	image_id=49827557605611
2026-05-15 16:14:06	image-delete	delete_product_image	DELETE	https://oz-nails-wa.myshopify.com/admin/api/2024-10/products/9364888715499/images/49827557834987.json	9364888715499		images	200	OK	image_id=49827557834987
2026-05-15 16:14:08	image-delete	delete_product_image	DELETE	https://oz-nails-wa.myshopify.com/admin/api/2024-10/products/9364888748267/images/49827558293739.json	9364888748267		images	200	OK	image_id=49827558293739
2026-05-15 16:14:10	image-delete	delete_product_image	DELETE	https://oz-nails-wa.myshopify.com/admin/api/2024-10/products/9364888781035/images/49827558457579.json	9364888781035		images	200	OK	image_id=49827558457579
2026-05-15 16:14:12	image-delete	delete_product_image	DELETE	https://oz-nails-wa.myshopify.com/admin/api/2024-10/products/9364888846571/images/49827558621419.json	9364888846571		images	200	OK	image_id=49827558621419
2026-05-15 16:14:14	image-delete	delete_product_image	DELETE	https://oz-nails-wa.myshopify.com/admin/api/2024-10/products/9364888944875/images/49827558818027.json	9364888944875		images	200	OK	image_id=49827558818027
2026-05-15 16:14:16	image-delete	delete_product_image	DELETE	https://oz-nails-wa.myshopify.com/admin/api/2024-10/products/9364888977643/images/49827559866603.json	9364888977643		images	200	OK	image_id=49827559866603
2026-05-15 16:14:18	image-delete	delete_product_image	DELETE	https://oz-nails-wa.myshopify.com/admin/api/2024-10/products/9364889010411/images/49827561111787.json	9364889010411		images	200	OK	image_id=49827561111787
2026-05-15 16:14:20	image-delete	delete_product_image	DELETE	https://oz-nails-wa.myshopify.com/admin/api/2024-10/products/9364889043179/images/49827561898219.json	9364889043179		images	200	OK	image_id=49827561898219
2026-05-15 16:14:22	image-delete	delete_product_image	DELETE	https://oz-nails-wa.myshopify.com/admin/api/2024-10/products/9364889075947/images/49827562848491.json	9364889075947		images	200	OK	image_id=49827562848491
2026-05-15 16:14:24	image-delete	delete_product_image	DELETE	https://oz-nails-wa.myshopify.com/admin/api/2024-10/products/9364889108715/images/49827564454123.json	9364889108715		images	200	OK	image_id=49827564454123
2026-05-15 16:14:26	image-delete	delete_product_image	DELETE	https://oz-nails-wa.myshopify.com/admin/api/2024-10/products/9364889174251/images/49827565240555.json	9364889174251		images	200	OK	image_id=49827565240555
2026-05-15 16:14:28	image-delete	delete_product_image	DELETE	https://oz-nails-wa.myshopify.com/admin/api/2024-10/products/9364889207019/images/49827565699307.json	9364889207019		images	200	OK	image_id=49827565699307
2026-05-15 16:14:29	image-delete	delete_product_image	DELETE	https://oz-nails-wa.myshopify.com/admin/api/2024-10/products/9364889239787/images/49827566813419.json	9364889239787		images	200	OK	image_id=49827566813419
2026-05-15 16:14:31	image-delete	delete_product_image	DELETE	https://oz-nails-wa.myshopify.com/admin/api/2024-10/products/9364889305323/images/49827566977259.json	9364889305323		images	200	OK	image_id=49827566977259
2026-05-15 16:14:34	image-delete	delete_product_image	DELETE	https://oz-nails-wa.myshopify.com/admin/api/2024-10/products/9364889403627/images/49827567206635.json	9364889403627		images	200	OK	image_id=49827567206635
2026-05-15 16:14:36	image-delete	delete_product_image	DELETE	https://oz-nails-wa.myshopify.com/admin/api/2024-10/products/9364889436395/images/49827567370475.json	9364889436395		images	200	OK	image_id=49827567370475
2026-05-15 16:14:38	image-delete	delete_product_image	DELETE	https://oz-nails-wa.myshopify.com/admin/api/2024-10/products/9364889501931/images/49827568353515.json	9364889501931		images	200	OK	image_id=49827568353515
2026-05-15 16:14:40	image-delete	delete_product_image	DELETE	https://oz-nails-wa.myshopify.com/admin/api/2024-10/products/9364889567467/images/49827569795307.json	9364889567467		images	200	OK	image_id=49827569795307
2026-05-15 16:14:43	image-delete	delete_product_image	DELETE	https://oz-nails-wa.myshopify.com/admin/api/2024-10/products/9364889600235/images/49827570712811.json	9364889600235		images	200	OK	image_id=49827570712811
2026-05-15 16:14:45	image-delete	delete_product_image	DELETE	https://oz-nails-wa.myshopify.com/admin/api/2024-10/products/9364889633003/images/49827571466475.json	9364889633003		images	200	OK	image_id=49827571466475
2026-05-15 16:14:47	image-delete	delete_product_image	DELETE	https://oz-nails-wa.myshopify.com/admin/api/2024-10/products/9364889665771/images/49827572646123.json	9364889665771		images	200	OK	image_id=49827572646123
2026-05-15 16:14:50	image-delete	delete_product_image	DELETE	https://oz-nails-wa.myshopify.com/admin/api/2024-10/products/9364889764075/images/49827573367019.json	9364889764075		images	200	OK	image_id=49827573367019
2026-05-15 16:14:52	image-delete	delete_product_image	DELETE	https://oz-nails-wa.myshopify.com/admin/api/2024-10/products/9364889829611/images/49827573530859.json	9364889829611		images	200	OK	image_id=49827573530859
2026-05-15 16:14:54	image-delete	delete_product_image	DELETE	https://oz-nails-wa.myshopify.com/admin/api/2024-10/products/9364889862379/images/49827574120683.json	9364889862379		images	200	OK	image_id=49827574120683
2026-05-15 16:14:56	image-delete	delete_product_image	DELETE	https://oz-nails-wa.myshopify.com/admin/api/2024-10/products/9364889895147/images/49827574317291.json	9364889895147		images	200	OK	image_id=49827574317291
2026-05-15 16:14:59	image-delete	delete_product_image	DELETE	https://oz-nails-wa.myshopify.com/admin/api/2024-10/products/9364889960683/images/49827574481131.json	9364889960683		images	200	OK	image_id=49827574481131
2026-05-15 16:15:01	image-delete	delete_product_image	DELETE	https://oz-nails-wa.myshopify.com/admin/api/2024-10/products/9364889993451/images/49827574677739.json	9364889993451		images	200	OK	image_id=49827574677739
2026-05-15 16:15:03	image-delete	delete_product_image	DELETE	https://oz-nails-wa.myshopify.com/admin/api/2024-10/products/9364890026219/images/49827574841579.json	9364890026219		images	200	OK	image_id=49827574841579
2026-05-15 16:15:05	image-delete	delete_product_image	DELETE	https://oz-nails-wa.myshopify.com/admin/api/2024-10/products/9364890091755/images/49827575595243.json	9364890091755		images	200	OK	image_id=49827575595243
2026-05-15 16:15:07	image-delete	delete_product_image	DELETE	https://oz-nails-wa.myshopify.com/admin/api/2024-10/products/9364890157291/images/49827576217835.json	9364890157291		images	200	OK	image_id=49827576217835
2026-05-15 16:15:09	image-delete	delete_product_image	DELETE	https://oz-nails-wa.myshopify.com/admin/api/2024-10/products/9364890222827/images/49827576938731.json	9364890222827		images	200	OK	image_id=49827576938731
2026-05-15 16:15:11	image-delete	delete_product_image	DELETE	https://oz-nails-wa.myshopify.com/admin/api/2024-10/products/9364890255595/images/49827577561323.json	9364890255595		images	200	OK	image_id=49827577561323
2026-05-15 16:15:13	image-delete	delete_product_image	DELETE	https://oz-nails-wa.myshopify.com/admin/api/2024-10/products/9364890288363/images/49827578216683.json	9364890288363		images	200	OK	image_id=49827578216683
2026-05-15 16:15:15	image-delete	delete_product_image	DELETE	https://oz-nails-wa.myshopify.com/admin/api/2024-10/products/9364890321131/images/49827578937579.json	9364890321131		images	200	OK	image_id=49827578937579
2026-05-15 16:15:17	image-delete	delete_product_image	DELETE	https://oz-nails-wa.myshopify.com/admin/api/2024-10/products/9364890353899/images/49827579166955.json	9364890353899		images	200	OK	image_id=49827579166955
2026-05-15 16:15:19	image-delete	delete_product_image	DELETE	https://oz-nails-wa.myshopify.com/admin/api/2024-10/products/9364890386667/images/49827579986155.json	9364890386667		images	200	OK	image_id=49827579986155
2026-05-15 16:15:21	image-delete	delete_product_image	DELETE	https://oz-nails-wa.myshopify.com/admin/api/2024-10/products/9364890419435/images/49827580215531.json	9364890419435		images	200	OK	image_id=49827580215531
2026-05-15 16:15:23	image-delete	delete_product_image	DELETE	https://oz-nails-wa.myshopify.com/admin/api/2024-10/products/9364890484971/images/49827580543211.json	9364890484971		images	200	OK	image_id=49827580543211
2026-05-15 16:15:26	image-delete	delete_product_image	DELETE	https://oz-nails-wa.myshopify.com/admin/api/2024-10/products/9364890550507/images/49827580739819.json	9364890550507		images	200	OK	image_id=49827580739819
2026-05-15 16:15:28	image-delete	delete_product_image	DELETE	https://oz-nails-wa.myshopify.com/admin/api/2024-10/products/9364890616043/images/49827580870891.json	9364890616043		images	200	OK	image_id=49827580870891
2026-05-15 16:15:30	image-delete	delete_product_image	DELETE	https://oz-nails-wa.myshopify.com/admin/api/2024-10/products/9364890648811/images/49827581690091.json	9364890648811		images	200	OK	image_id=49827581690091
2026-05-15 16:15:33	image-delete	delete_product_image	DELETE	https://oz-nails-wa.myshopify.com/admin/api/2024-10/products/9364890681579/images/49827582345451.json	9364890681579		images	200	OK	image_id=49827582345451
2026-05-15 16:15:35	image-delete	delete_product_image	DELETE	https://oz-nails-wa.myshopify.com/admin/api/2024-10/products/9364890714347/images/49827583787243.json	9364890714347		images	200	OK	image_id=49827583787243
2026-05-15 16:15:37	image-delete	delete_product_image	DELETE	https://oz-nails-wa.myshopify.com/admin/api/2024-10/products/9364890747115/images/49827584475371.json	9364890747115		images	200	OK	image_id=49827584475371
2026-05-15 16:15:39	image-delete	delete_product_image	DELETE	https://oz-nails-wa.myshopify.com/admin/api/2024-10/products/9364890779883/images/49827585818859.json	9364890779883		images	200	OK	image_id=49827585818859
2026-05-15 16:15:41	image-delete	delete_product_image	DELETE	https://oz-nails-wa.myshopify.com/admin/api/2024-10/products/9364890812651/images/49827586834667.json	9364890812651		images	200	OK	image_id=49827586834667
2026-05-15 16:15:43	image-delete	delete_product_image	DELETE	https://oz-nails-wa.myshopify.com/admin/api/2024-10/products/9364890845419/images/49827587490027.json	9364890845419		images	200	OK	image_id=49827587490027
2026-05-15 16:15:45	image-delete	delete_product_image	DELETE	https://oz-nails-wa.myshopify.com/admin/api/2024-10/products/9364890878187/images/49827588374763.json	9364890878187		images	200	OK	image_id=49827588374763
2026-05-15 16:15:47	image-delete	delete_product_image	DELETE	https://oz-nails-wa.myshopify.com/admin/api/2024-10/products/9364890943723/images/49827589259499.json	9364890943723		images	200	OK	image_id=49827589259499
2026-05-15 16:15:49	image-delete	delete_product_image	DELETE	https://oz-nails-wa.myshopify.com/admin/api/2024-10/products/9364890976491/images/49827589488875.json	9364890976491		images	200	OK	image_id=49827589488875
2026-05-15 16:15:51	image-delete	delete_product_image	DELETE	https://oz-nails-wa.myshopify.com/admin/api/2024-10/products/9364891009259/images/49827590045931.json	9364891009259		images	200	OK	image_id=49827590045931
2026-05-15 16:15:53	image-delete	delete_product_image	DELETE	https://oz-nails-wa.myshopify.com/admin/api/2024-10/products/9364891074795/images/49827590275307.json	9364891074795		images	200	OK	image_id=49827590275307
2026-05-15 16:15:55	image-delete	delete_product_image	DELETE	https://oz-nails-wa.myshopify.com/admin/api/2024-10/products/9364891107563/images/49827590537451.json	9364891107563		images	200	OK	image_id=49827590537451
2026-05-15 16:15:58	image-delete	delete_product_image	DELETE	https://oz-nails-wa.myshopify.com/admin/api/2024-10/products/9364891140331/images/49827591389419.json	9364891140331		images	200	OK	image_id=49827591389419
2026-05-15 16:16:00	image-delete	delete_product_image	DELETE	https://oz-nails-wa.myshopify.com/admin/api/2024-10/products/9364891205867/images/49827592110315.json	9364891205867		images	200	OK	image_id=49827592110315
2026-05-15 16:16:02	image-delete	delete_product_image	DELETE	https://oz-nails-wa.myshopify.com/admin/api/2024-10/products/9364891271403/images/49827592798443.json	9364891271403		images	200	OK	image_id=49827592798443
2026-05-15 16:16:05	image-delete	delete_product_image	DELETE	https://oz-nails-wa.myshopify.com/admin/api/2024-10/products/9364891336939/images/49827594109163.json	9364891336939		images	200	OK	image_id=49827594109163
2026-05-15 16:16:07	image-delete	delete_product_image	DELETE	https://oz-nails-wa.myshopify.com/admin/api/2024-10/products/9364891369707/images/49827594993899.json	9364891369707		images	200	OK	image_id=49827594993899
2026-05-15 16:16:09	image-delete	delete_product_image	DELETE	https://oz-nails-wa.myshopify.com/admin/api/2024-10/products/9364891402475/images/49827595813099.json	9364891402475		images	200	OK	image_id=49827595813099
2026-05-15 16:16:12	image-delete	delete_product_image	DELETE	https://oz-nails-wa.myshopify.com/admin/api/2024-10/products/9364891468011/images/49827596173547.json	9364891468011		images	200	OK	image_id=49827596173547
2026-05-15 16:16:14	image-delete	delete_product_image	DELETE	https://oz-nails-wa.myshopify.com/admin/api/2024-10/products/9364891500779/images/49827596402923.json	9364891500779		images	200	OK	image_id=49827596402923
2026-05-15 16:16:16	image-delete	delete_product_image	DELETE	https://oz-nails-wa.myshopify.com/admin/api/2024-10/products/9364891533547/images/49827596599531.json	9364891533547		images	200	OK	image_id=49827596599531
2026-05-15 16:16:17	image-delete	delete_product_image	DELETE	https://oz-nails-wa.myshopify.com/admin/api/2024-10/products/9364891566315/images/49827596796139.json	9364891566315		images	200	OK	image_id=49827596796139
2026-05-15 16:16:20	image-delete	delete_product_image	DELETE	https://oz-nails-wa.myshopify.com/admin/api/2024-10/products/9364891664619/images/49827596959979.json	9364891664619		images	200	OK	image_id=49827596959979
2026-05-15 16:16:22	image-delete	delete_product_image	DELETE	https://oz-nails-wa.myshopify.com/admin/api/2024-10/products/9364891697387/images/49827597353195.json	9364891697387		images	200	OK	image_id=49827597353195
2026-05-15 16:16:24	image-delete	delete_product_image	DELETE	https://oz-nails-wa.myshopify.com/admin/api/2024-10/products/9364891730155/images/49827598762219.json	9364891730155		images	200	OK	image_id=49827598762219
2026-05-15 16:16:27	image-delete	delete_product_image	DELETE	https://oz-nails-wa.myshopify.com/admin/api/2024-10/products/9364891861227/images/49827599581419.json	9364891861227		images	200	OK	image_id=49827599581419
2026-05-15 16:16:29	image-delete	delete_product_image	DELETE	https://oz-nails-wa.myshopify.com/admin/api/2024-10/products/9364891926763/images/49827600498923.json	9364891926763		images	200	OK	image_id=49827600498923
2026-05-15 16:16:31	image-delete	delete_product_image	DELETE	https://oz-nails-wa.myshopify.com/admin/api/2024-10/products/9364891992299/images/49827601252587.json	9364891992299		images	200	OK	image_id=49827601252587
2026-05-15 16:16:33	image-delete	delete_product_image	DELETE	https://oz-nails-wa.myshopify.com/admin/api/2024-10/products/9364892057835/images/49827602006251.json	9364892057835		images	200	OK	image_id=49827602006251
2026-05-15 16:16:35	image-delete	delete_product_image	DELETE	https://oz-nails-wa.myshopify.com/admin/api/2024-10/products/9364892156139/images/49827602530539.json	9364892156139		images	200	OK	image_id=49827602530539
2026-05-15 16:16:37	image-delete	delete_product_image	DELETE	https://oz-nails-wa.myshopify.com/admin/api/2024-10/products/9364892221675/images/49827602792683.json	9364892221675		images	200	OK	image_id=49827602792683
2026-05-15 16:16:39	image-delete	delete_product_image	DELETE	https://oz-nails-wa.myshopify.com/admin/api/2024-10/products/9364892254443/images/49827603022059.json	9364892254443		images	200	OK	image_id=49827603022059
2026-05-15 16:16:41	image-delete	delete_product_image	DELETE	https://oz-nails-wa.myshopify.com/admin/api/2024-10/products/9364892287211/images/49827603284203.json	9364892287211		images	200	OK	image_id=49827603284203
2026-05-15 16:16:43	image-delete	delete_product_image	DELETE	https://oz-nails-wa.myshopify.com/admin/api/2024-10/products/9364892319979/images/49827603480811.json	9364892319979		images	200	OK	image_id=49827603480811
2026-05-15 16:16:46	image-delete	delete_product_image	DELETE	https://oz-nails-wa.myshopify.com/admin/api/2024-10/products/9364892352747/images/49827603677419.json	9364892352747		images	200	OK	image_id=49827603677419
2026-05-15 16:16:48	image-delete	delete_product_image	DELETE	https://oz-nails-wa.myshopify.com/admin/api/2024-10/products/9364892385515/images/49827604496619.json	9364892385515		images	200	OK	image_id=49827604496619
2026-05-15 16:16:50	image-delete	delete_product_image	DELETE	https://oz-nails-wa.myshopify.com/admin/api/2024-10/products/9364892418283/images/49827605217515.json	9364892418283		images	200	OK	image_id=49827605217515
2026-05-15 16:16:52	image-delete	delete_product_image	DELETE	https://oz-nails-wa.myshopify.com/admin/api/2024-10/products/9364892483819/images/49827606036715.json	9364892483819		images	200	OK	image_id=49827606036715
2026-05-15 16:16:54	image-delete	delete_product_image	DELETE	https://oz-nails-wa.myshopify.com/admin/api/2024-10/products/9364892516587/images/49827606626539.json	9364892516587		images	200	OK	image_id=49827606626539
2026-05-15 16:16:56	image-delete	delete_product_image	DELETE	https://oz-nails-wa.myshopify.com/admin/api/2024-10/products/9364892582123/images/49827607675115.json	9364892582123		images	200	OK	image_id=49827607675115
2026-05-15 16:16:58	image-delete	delete_product_image	DELETE	https://oz-nails-wa.myshopify.com/admin/api/2024-10/products/9364892614891/images/49827608330475.json	9364892614891		images	200	OK	image_id=49827608330475
2026-05-15 16:17:00	image-delete	delete_product_image	DELETE	https://oz-nails-wa.myshopify.com/admin/api/2024-10/products/9364892647659/images/49827608658155.json	9364892647659		images	200	OK	image_id=49827608658155
2026-05-15 16:17:02	image-delete	delete_product_image	DELETE	https://oz-nails-wa.myshopify.com/admin/api/2024-10/products/9364892680427/images/49827608920299.json	9364892680427		images	200	OK	image_id=49827608920299
2026-05-15 16:17:04	image-delete	delete_product_image	DELETE	https://oz-nails-wa.myshopify.com/admin/api/2024-10/products/9364892713195/images/49827609149675.json	9364892713195		images	200	OK	image_id=49827609149675
2026-05-15 16:17:06	image-delete	delete_product_image	DELETE	https://oz-nails-wa.myshopify.com/admin/api/2024-10/products/9364892745963/images/49827609313515.json	9364892745963		images	200	OK	image_id=49827609313515
2026-05-15 16:17:09	image-delete	delete_product_image	DELETE	https://oz-nails-wa.myshopify.com/admin/api/2024-10/products/9364892778731/images/49827609477355.json	9364892778731		images	200	OK	image_id=49827609477355
2026-05-15 16:17:11	image-delete	delete_product_image	DELETE	https://oz-nails-wa.myshopify.com/admin/api/2024-10/products/9364892811499/images/49827609739499.json	9364892811499		images	200	OK	image_id=49827609739499
2026-05-15 16:17:13	image-delete	delete_product_image	DELETE	https://oz-nails-wa.myshopify.com/admin/api/2024-10/products/9364892844267/images/49827610427627.json	9364892844267		images	200	OK	image_id=49827610427627
2026-05-15 16:17:15	image-delete	delete_product_image	DELETE	https://oz-nails-wa.myshopify.com/admin/api/2024-10/products/9364892877035/images/49827611082987.json	9364892877035		images	200	OK	image_id=49827611082987
2026-05-15 16:17:18	image-delete	delete_product_image	DELETE	https://oz-nails-wa.myshopify.com/admin/api/2024-10/products/9364892942571/images/49827611803883.json	9364892942571		images	200	OK	image_id=49827611803883
2026-05-15 16:17:20	image-delete	delete_product_image	DELETE	https://oz-nails-wa.myshopify.com/admin/api/2024-10/products/9364892975339/images/49827613933803.json	9364892975339		images	200	OK	image_id=49827613933803
2026-05-15 16:17:22	image-delete	delete_product_image	DELETE	https://oz-nails-wa.myshopify.com/admin/api/2024-10/products/9364893008107/images/49827616358635.json	9364893008107		images	200	OK	image_id=49827616358635
2026-05-15 16:17:25	image-delete	delete_product_image	DELETE	https://oz-nails-wa.myshopify.com/admin/api/2024-10/products/9364893040875/images/49827617308907.json	9364893040875		images	200	OK	image_id=49827617308907
2026-05-15 16:17:27	image-delete	delete_product_image	DELETE	https://oz-nails-wa.myshopify.com/admin/api/2024-10/products/9364893073643/images/49827617931499.json	9364893073643		images	200	OK	image_id=49827617931499
2026-05-15 16:17:30	image-delete	delete_product_image	DELETE	https://oz-nails-wa.myshopify.com/admin/api/2024-10/products/9364893106411/images/49827618193643.json	9364893106411		images	200	OK	image_id=49827618193643
2026-05-15 16:17:32	image-delete	delete_product_image	DELETE	https://oz-nails-wa.myshopify.com/admin/api/2024-10/products/9364893171947/images/49827618423019.json	9364893171947		images	200	OK	image_id=49827618423019
2026-05-15 16:17:34	image-delete	delete_product_image	DELETE	https://oz-nails-wa.myshopify.com/admin/api/2024-10/products/9364893204715/images/49827618586859.json	9364893204715		images	200	OK	image_id=49827618586859
2026-05-15 16:17:36	image-delete	delete_product_image	DELETE	https://oz-nails-wa.myshopify.com/admin/api/2024-10/products/9364893237483/images/49827618816235.json	9364893237483		images	200	OK	image_id=49827618816235
2026-05-15 16:17:38	image-delete	delete_product_image	DELETE	https://oz-nails-wa.myshopify.com/admin/api/2024-10/products/9364893270251/images/49827618980075.json	9364893270251		images	200	OK	image_id=49827618980075
2026-05-15 16:17:40	image-delete	delete_product_image	DELETE	https://oz-nails-wa.myshopify.com/admin/api/2024-10/products/9364893303019/images/49827619176683.json	9364893303019		images	200	OK	image_id=49827619176683
2026-05-15 16:17:42	image-delete	delete_product_image	DELETE	https://oz-nails-wa.myshopify.com/admin/api/2024-10/products/9364893335787/images/49827619963115.json	9364893335787		images	200	OK	image_id=49827619963115
2026-05-15 16:17:44	image-delete	delete_product_image	DELETE	https://oz-nails-wa.myshopify.com/admin/api/2024-10/products/9364893368555/images/49827620618475.json	9364893368555		images	200	OK	image_id=49827620618475
2026-05-15 16:17:46	image-delete	delete_product_image	DELETE	https://oz-nails-wa.myshopify.com/admin/api/2024-10/products/9364893401323/images/49827621208299.json	9364893401323		images	200	OK	image_id=49827621208299
2026-05-15 16:17:48	image-delete	delete_product_image	DELETE	https://oz-nails-wa.myshopify.com/admin/api/2024-10/products/9364893499627/images/49827622224107.json	9364893499627		images	200	OK	image_id=49827622224107
2026-05-15 16:17:50	image-delete	delete_product_image	DELETE	https://oz-nails-wa.myshopify.com/admin/api/2024-10/products/9364893532395/images/49827623043307.json	9364893532395		images	200	OK	image_id=49827623043307
2026-05-15 16:17:52	image-delete	delete_product_image	DELETE	https://oz-nails-wa.myshopify.com/admin/api/2024-10/products/9364893565163/images/49827623698667.json	9364893565163		images	200	OK	image_id=49827623698667
2026-05-15 16:17:55	image-delete	delete_product_image	DELETE	https://oz-nails-wa.myshopify.com/admin/api/2024-10/products/9364893597931/images/49827624517867.json	9364893597931		images	200	OK	image_id=49827624517867
2026-05-15 16:17:57	image-delete	delete_product_image	DELETE	https://oz-nails-wa.myshopify.com/admin/api/2024-10/products/9364893630699/images/49827624714475.json	9364893630699		images	200	OK	image_id=49827624714475
2026-05-15 16:17:59	image-delete	delete_product_image	DELETE	https://oz-nails-wa.myshopify.com/admin/api/2024-10/products/9364893663467/images/49827624911083.json	9364893663467		images	200	OK	image_id=49827624911083
2026-05-15 16:18:01	image-delete	delete_product_image	DELETE	https://oz-nails-wa.myshopify.com/admin/api/2024-10/products/9364893696235/images/49827625140459.json	9364893696235		images	200	OK	image_id=49827625140459
2026-05-15 16:18:03	image-delete	delete_product_image	DELETE	https://oz-nails-wa.myshopify.com/admin/api/2024-10/products/9364893729003/images/49827625369835.json	9364893729003		images	200	OK	image_id=49827625369835
2026-05-15 16:18:05	image-delete	delete_product_image	DELETE	https://oz-nails-wa.myshopify.com/admin/api/2024-10/products/9364893794539/images/49827625533675.json	9364893794539		images	200	OK	image_id=49827625533675
2026-05-15 16:18:07	image-delete	delete_product_image	DELETE	https://oz-nails-wa.myshopify.com/admin/api/2024-10/products/9364893860075/images/49827625992427.json	9364893860075		images	200	OK	image_id=49827625992427
2026-05-15 16:18:09	image-delete	delete_product_image	DELETE	https://oz-nails-wa.myshopify.com/admin/api/2024-10/products/9364893925611/images/49827626975467.json	9364893925611		images	200	OK	image_id=49827626975467
2026-05-15 16:18:11	image-delete	delete_product_image	DELETE	https://oz-nails-wa.myshopify.com/admin/api/2024-10/products/9364893958379/images/49827627696363.json	9364893958379		images	200	OK	image_id=49827627696363
2026-05-15 16:18:13	image-delete	delete_product_image	DELETE	https://oz-nails-wa.myshopify.com/admin/api/2024-10/products/9364894023915/images/49827628679403.json	9364894023915		images	200	OK	image_id=49827628679403
2026-05-15 16:18:15	image-delete	delete_product_image	DELETE	https://oz-nails-wa.myshopify.com/admin/api/2024-10/products/9364894056683/images/49827629400299.json	9364894056683		images	200	OK	image_id=49827629400299
2026-05-15 16:18:18	image-delete	delete_product_image	DELETE	https://oz-nails-wa.myshopify.com/admin/api/2024-10/products/9364894089451/images/49827630088427.json	9364894089451		images	200	OK	image_id=49827630088427
2026-05-15 16:18:20	image-delete	delete_product_image	DELETE	https://oz-nails-wa.myshopify.com/admin/api/2024-10/products/9364894154987/images/49827630776555.json	9364894154987		images	200	OK	image_id=49827630776555
2026-05-15 16:18:22	image-delete	delete_product_image	DELETE	https://oz-nails-wa.myshopify.com/admin/api/2024-10/products/9364894187755/images/49827630973163.json	9364894187755		images	200	OK	image_id=49827630973163
2026-05-15 16:18:24	image-delete	delete_product_image	DELETE	https://oz-nails-wa.myshopify.com/admin/api/2024-10/products/9364894253291/images/49827631235307.json	9364894253291		images	200	OK	image_id=49827631235307
2026-05-15 16:18:26	image-delete	delete_product_image	DELETE	https://oz-nails-wa.myshopify.com/admin/api/2024-10/products/9364894318827/images/49827631497451.json	9364894318827		images	200	OK	image_id=49827631497451
2026-05-15 16:18:28	image-delete	delete_product_image	DELETE	https://oz-nails-wa.myshopify.com/admin/api/2024-10/products/9364894351595/images/49827631890667.json	9364894351595		images	200	OK	image_id=49827631890667
2026-05-15 16:18:30	image-delete	delete_product_image	DELETE	https://oz-nails-wa.myshopify.com/admin/api/2024-10/products/9364894417131/images/49827632120043.json	9364894417131		images	200	OK	image_id=49827632120043
2026-05-15 16:18:32	image-delete	delete_product_image	DELETE	https://oz-nails-wa.myshopify.com/admin/api/2024-10/products/9364894515435/images/49827632349419.json	9364894515435		images	200	OK	image_id=49827632349419
2026-05-15 16:18:34	image-delete	delete_product_image	DELETE	https://oz-nails-wa.myshopify.com/admin/api/2024-10/products/9364894548203/images/49827633823979.json	9364894548203		images	200	OK	image_id=49827633823979
2026-05-15 16:18:36	image-delete	delete_product_image	DELETE	https://oz-nails-wa.myshopify.com/admin/api/2024-10/products/9364894646507/images/49827634479339.json	9364894646507		images	200	OK	image_id=49827634479339
2026-05-15 16:18:38	image-delete	delete_product_image	DELETE	https://oz-nails-wa.myshopify.com/admin/api/2024-10/products/9364894679275/images/49827635429611.json	9364894679275		images	200	OK	image_id=49827635429611
2026-05-15 16:18:40	image-delete	delete_product_image	DELETE	https://oz-nails-wa.myshopify.com/admin/api/2024-10/products/9364894712043/images/49827636347115.json	9364894712043		images	200	OK	image_id=49827636347115
2026-05-15 16:18:42	image-delete	delete_product_image	DELETE	https://oz-nails-wa.myshopify.com/admin/api/2024-10/products/9364894744811/images/49827637297387.json	9364894744811		images	200	OK	image_id=49827637297387
2026-05-15 16:18:44	image-delete	delete_product_image	DELETE	https://oz-nails-wa.myshopify.com/admin/api/2024-10/products/9364894777579/images/49827638051051.json	9364894777579		images	200	OK	image_id=49827638051051
2026-05-15 16:18:46	image-delete	delete_product_image	DELETE	https://oz-nails-wa.myshopify.com/admin/api/2024-10/products/9364894810347/images/49827638739179.json	9364894810347		images	200	OK	image_id=49827638739179
2026-05-15 16:18:48	image-delete	delete_product_image	DELETE	https://oz-nails-wa.myshopify.com/admin/api/2024-10/products/9364894843115/images/49827639197931.json	9364894843115		images	200	OK	image_id=49827639197931
2026-05-15 16:18:50	image-delete	delete_product_image	DELETE	https://oz-nails-wa.myshopify.com/admin/api/2024-10/products/9364894875883/images/49827639394539.json	9364894875883		images	200	OK	image_id=49827639394539
2026-05-15 16:18:52	image-delete	delete_product_image	DELETE	https://oz-nails-wa.myshopify.com/admin/api/2024-10/products/9364894941419/images/49827639525611.json	9364894941419		images	200	OK	image_id=49827639525611
2026-05-15 16:18:55	image-delete	delete_product_image	DELETE	https://oz-nails-wa.myshopify.com/admin/api/2024-10/products/9364894974187/images/49827639656683.json	9364894974187		images	200	OK	image_id=49827639656683
2026-05-15 16:18:57	image-delete	delete_product_image	DELETE	https://oz-nails-wa.myshopify.com/admin/api/2024-10/products/9364895006955/images/49827639918827.json	9364895006955		images	200	OK	image_id=49827639918827
2026-05-15 16:18:59	image-delete	delete_product_image	DELETE	https://oz-nails-wa.myshopify.com/admin/api/2024-10/products/9364895039723/images/49827640541419.json	9364895039723		images	200	OK	image_id=49827640541419
2026-05-15 16:19:01	image-delete	delete_product_image	DELETE	https://oz-nails-wa.myshopify.com/admin/api/2024-10/products/9364895072491/images/49827641196779.json	9364895072491		images	200	OK	image_id=49827641196779
2026-05-15 16:19:03	image-delete	delete_product_image	DELETE	https://oz-nails-wa.myshopify.com/admin/api/2024-10/products/9364895138027/images/49827641950443.json	9364895138027		images	200	OK	image_id=49827641950443
2026-05-15 16:28:58	image-delete	delete_product_image	DELETE	https://oz-nails-wa.myshopify.com/admin/api/2024-10/products/9366781493483/images/49792957120747.json	9366781493483		images	200	OK	image_id=49792957120747
