timestamp	area	operation	method	endpoint	product_id	variant_id	field_name	status_code	outcome	details
2026-05-18 10:24:08	auth	fetch_access_token	POST	https://oz-nails-wa.myshopify.com/admin/oauth/access_token				200	OK	store=oz-nails-wa.myshopify.com
2026-05-18 10:24:09	connection	test_connection	GET	https://oz-nails-wa.myshopify.com/admin/api/2024-10/shop.json				200	OK	OZ Nails WA
2026-05-18 10:25:02	image-delete	delete_product_image	DELETE	https://oz-nails-wa.myshopify.com/admin/api/2024-10/products/9365224259819/images/49828264870123.json	9365224259819		images	200	OK	image_id=49828264870123
2026-05-18 10:25:04	image-delete	delete_product_image	DELETE	https://oz-nails-wa.myshopify.com/admin/api/2024-10/products/9364761575659/images/49828265558251.json	9364761575659		images	200	OK	image_id=49828265558251
2026-05-18 10:25:06	image-delete	delete_product_image	DELETE	https://oz-nails-wa.myshopify.com/admin/api/2024-10/products/9364761608427/images/49828266148075.json	9364761608427		images	200	OK	image_id=49828266148075
2026-05-18 10:25:08	image-delete	delete_product_image	DELETE	https://oz-nails-wa.myshopify.com/admin/api/2024-10/products/9364761641195/images/49828266213611.json	9364761641195		images	200	OK	image_id=49828266213611
2026-05-18 10:25:10	image-delete	delete_product_image	DELETE	https://oz-nails-wa.myshopify.com/admin/api/2024-10/products/9364761673963/images/49828266311915.json	9364761673963		images	200	OK	image_id=49828266311915
2026-05-18 10:25:11	image-delete	delete_product_image	DELETE	https://oz-nails-wa.myshopify.com/admin/api/2024-10/products/9364761805035/images/49828266410219.json	9364761805035		images	200	OK	image_id=49828266410219
2026-05-18 10:25:13	image-delete	delete_product_image	DELETE	https://oz-nails-wa.myshopify.com/admin/api/2024-10/products/9364761870571/images/49828266508523.json	9364761870571		images	200	OK	image_id=49828266508523
2026-05-18 10:25:15	image-delete	delete_product_image	DELETE	https://oz-nails-wa.myshopify.com/admin/api/2024-10/products/9364761903339/images/49828266606827.json	9364761903339		images	200	OK	image_id=49828266606827
2026-05-18 10:25:18	image-delete	delete_product_image	DELETE	https://oz-nails-wa.myshopify.com/admin/api/2024-10/products/9364761968875/images/49828267426027.json	9364761968875		images	200	OK	image_id=49828267426027
2026-05-18 10:25:20	image-delete	delete_product_image	DELETE	https://oz-nails-wa.myshopify.com/admin/api/2024-10/products/9365224751339/images/49828268343531.json	9365224751339		images	200	OK	image_id=49828268343531
2026-05-18 10:25:22	image-delete	delete_product_image	DELETE	https://oz-nails-wa.myshopify.com/admin/api/2024-10/products/9365224194283/images/49828269064427.json	9365224194283		images	200	OK	image_id=49828269064427
2026-05-18 10:25:23	image-delete	delete_product_image	DELETE	https://oz-nails-wa.myshopify.com/admin/api/2024-10/products/9365150433515/images/49828269588715.json	9365150433515		images	200	OK	image_id=49828269588715
2026-05-18 10:25:25	image-delete	delete_product_image	DELETE	https://oz-nails-wa.myshopify.com/admin/api/2024-10/products/9364762001643/images/49828270506219.json	9364762001643		images	200	OK	image_id=49828270506219
2026-05-18 10:25:28	image-delete	delete_product_image	DELETE	https://oz-nails-wa.myshopify.com/admin/api/2024-10/products/9364762034411/images/49828270833899.json	9364762034411		images	200	OK	image_id=49828270833899
2026-05-18 10:25:30	image-delete	delete_product_image	DELETE	https://oz-nails-wa.myshopify.com/admin/api/2024-10/products/9364762067179/images/49828270964971.json	9364762067179		images	200	OK	image_id=49828270964971
2026-05-18 10:25:31	image-delete	delete_product_image	DELETE	https://oz-nails-wa.myshopify.com/admin/api/2024-10/products/9364762165483/images/49828271030507.json	9364762165483		images	200	OK	image_id=49828271030507
2026-05-18 10:25:33	image-delete	delete_product_image	DELETE	https://oz-nails-wa.myshopify.com/admin/api/2024-10/products/9365225111787/images/49828271259883.json	9365225111787		images	200	OK	image_id=49828271259883
2026-05-18 10:25:35	image-delete	delete_product_image	DELETE	https://oz-nails-wa.myshopify.com/admin/api/2024-10/products/9365225013483/images/49828271325419.json	9365225013483		images	200	OK	image_id=49828271325419
2026-05-18 10:25:37	image-delete	delete_product_image	DELETE	https://oz-nails-wa.myshopify.com/admin/api/2024-10/products/9365265481963/images/49828271653099.json	9365265481963		images	200	OK	image_id=49828271653099
2026-05-18 10:25:39	image-delete	delete_product_image	DELETE	https://oz-nails-wa.myshopify.com/admin/api/2024-10/products/9364762132715/images/49828272603371.json	9364762132715		images	200	OK	image_id=49828272603371
2026-05-18 10:25:41	image-delete	delete_product_image	DELETE	https://oz-nails-wa.myshopify.com/admin/api/2024-10/products/9365225242859/images/49828273357035.json	9365225242859		images	200	OK	image_id=49828273357035
2026-05-18 10:25:42	image-delete	delete_product_image	DELETE	https://oz-nails-wa.myshopify.com/admin/api/2024-10/products/9365217378539/images/49828274340075.json	9365217378539		images	200	OK	image_id=49828274340075
2026-05-18 10:25:44	image-delete	delete_product_image	DELETE	https://oz-nails-wa.myshopify.com/admin/api/2024-10/products/9365217444075/images/49828274864363.json	9365217444075		images	200	OK	image_id=49828274864363
2026-05-18 10:25:46	image-delete	delete_product_image	DELETE	https://oz-nails-wa.myshopify.com/admin/api/2024-10/products/9364762198251/images/49828275552491.json	9364762198251		images	200	OK	image_id=49828275552491
2026-05-18 10:25:48	image-delete	delete_product_image	DELETE	https://oz-nails-wa.myshopify.com/admin/api/2024-10/products/9365268922603/images/49828275683563.json	9365268922603		images	200	OK	image_id=49828275683563
2026-05-18 10:25:50	image-delete	delete_product_image	DELETE	https://oz-nails-wa.myshopify.com/admin/api/2024-10/products/9365191557355/images/49828275749099.json	9365191557355		images	200	OK	image_id=49828275749099
2026-05-18 10:25:51	image-delete	delete_product_image	DELETE	https://oz-nails-wa.myshopify.com/admin/api/2024-10/products/9365191655659/images/49828275847403.json	9365191655659		images	200	OK	image_id=49828275847403
2026-05-18 10:25:53	image-delete	delete_product_image	DELETE	https://oz-nails-wa.myshopify.com/admin/api/2024-10/products/9365191721195/images/49828275912939.json	9365191721195		images	200	OK	image_id=49828275912939
2026-05-18 10:25:55	image-delete	delete_product_image	DELETE	https://oz-nails-wa.myshopify.com/admin/api/2024-10/products/9364762231019/images/49828276011243.json	9364762231019		images	200	OK	image_id=49828276011243
2026-05-18 10:25:57	image-delete	delete_product_image	DELETE	https://oz-nails-wa.myshopify.com/admin/api/2024-10/products/9364762263787/images/49828276207851.json	9364762263787		images	200	OK	image_id=49828276207851
2026-05-18 10:25:59	image-delete	delete_product_image	DELETE	https://oz-nails-wa.myshopify.com/admin/api/2024-10/products/9364762296555/images/49828277387499.json	9364762296555		images	200	OK	image_id=49828277387499
2026-05-18 10:26:01	image-delete	delete_product_image	DELETE	https://oz-nails-wa.myshopify.com/admin/api/2024-10/products/9364762362091/images/49828278042859.json	9364762362091		images	200	OK	image_id=49828278042859
2026-05-18 10:26:03	image-delete	delete_product_image	DELETE	https://oz-nails-wa.myshopify.com/admin/api/2024-10/products/9365225472235/images/49828279058667.json	9365225472235		images	200	OK	image_id=49828279058667
2026-05-18 10:26:04	image-delete	delete_product_image	DELETE	https://oz-nails-wa.myshopify.com/admin/api/2024-10/products/9364762394859/images/49828279681259.json	9364762394859		images	200	OK	image_id=49828279681259
2026-05-18 10:26:06	image-delete	delete_product_image	DELETE	https://oz-nails-wa.myshopify.com/admin/api/2024-10/products/9364762460395/images/49828280729835.json	9364762460395		images	200	OK	image_id=49828280729835
2026-05-18 10:26:08	image-delete	delete_product_image	DELETE	https://oz-nails-wa.myshopify.com/admin/api/2024-10/products/9364762493163/images/49828281188587.json	9364762493163		images	200	OK	image_id=49828281188587
2026-05-18 10:26:10	image-delete	delete_product_image	DELETE	https://oz-nails-wa.myshopify.com/admin/api/2024-10/products/9364762525931/images/49828281286891.json	9364762525931		images	200	OK	image_id=49828281286891
2026-05-18 10:26:12	image-delete	delete_product_image	DELETE	https://oz-nails-wa.myshopify.com/admin/api/2024-10/products/9365161804011/images/49828281385195.json	9365161804011		images	200	OK	image_id=49828281385195
2026-05-18 10:26:14	image-delete	delete_product_image	DELETE	https://oz-nails-wa.myshopify.com/admin/api/2024-10/products/9364762820843/images/49828281450731.json	9364762820843		images	200	OK	image_id=49828281450731
2026-05-18 10:26:16	image-delete	delete_product_image	DELETE	https://oz-nails-wa.myshopify.com/admin/api/2024-10/products/9364762853611/images/49828281581803.json	9364762853611		images	200	OK	image_id=49828281581803
2026-05-18 10:26:17	image-delete	delete_product_image	DELETE	https://oz-nails-wa.myshopify.com/admin/api/2024-10/products/9364762886379/images/49828281647339.json	9364762886379		images	200	OK	image_id=49828281647339
2026-05-18 10:26:19	image-delete	delete_product_image	DELETE	https://oz-nails-wa.myshopify.com/admin/api/2024-10/products/9364762951915/images/49828282204395.json	9364762951915		images	200	OK	image_id=49828282204395
2026-05-18 10:26:21	image-delete	delete_product_image	DELETE	https://oz-nails-wa.myshopify.com/admin/api/2024-10/products/9364762984683/images/49828283121899.json	9364762984683		images	200	OK	image_id=49828283121899
2026-05-18 10:26:23	image-delete	delete_product_image	DELETE	https://oz-nails-wa.myshopify.com/admin/api/2024-10/products/9364763050219/images/49828283744491.json	9364763050219		images	200	OK	image_id=49828283744491
2026-05-18 10:26:25	image-delete	delete_product_image	DELETE	https://oz-nails-wa.myshopify.com/admin/api/2024-10/products/9364763082987/images/49828284629227.json	9364763082987		images	200	OK	image_id=49828284629227
2026-05-18 10:26:26	image-delete	delete_product_image	DELETE	https://oz-nails-wa.myshopify.com/admin/api/2024-10/products/9364763115755/images/49828285546731.json	9364763115755		images	200	OK	image_id=49828285546731
2026-05-18 10:26:28	image-delete	delete_product_image	DELETE	https://oz-nails-wa.myshopify.com/admin/api/2024-10/products/9364763148523/images/49828285841643.json	9364763148523		images	200	OK	image_id=49828285841643
2026-05-18 10:26:30	image-delete	delete_product_image	DELETE	https://oz-nails-wa.myshopify.com/admin/api/2024-10/products/9364763181291/images/49828285907179.json	9364763181291		images	200	OK	image_id=49828285907179
2026-05-18 10:26:32	image-delete	delete_product_image	DELETE	https://oz-nails-wa.myshopify.com/admin/api/2024-10/products/9364763214059/images/49828286005483.json	9364763214059		images	200	OK	image_id=49828286005483
2026-05-18 10:26:34	image-delete	delete_product_image	DELETE	https://oz-nails-wa.myshopify.com/admin/api/2024-10/products/9364763279595/images/49828286071019.json	9364763279595		images	200	OK	image_id=49828286071019
2026-05-18 10:26:35	image-delete	delete_product_image	DELETE	https://oz-nails-wa.myshopify.com/admin/api/2024-10/products/9364763312363/images/49828286169323.json	9364763312363		images	200	OK	image_id=49828286169323
2026-05-18 10:26:37	image-delete	delete_product_image	DELETE	https://oz-nails-wa.myshopify.com/admin/api/2024-10/products/9364763345131/images/49828286234859.json	9364763345131		images	200	OK	image_id=49828286234859
2026-05-18 10:26:39	image-delete	delete_product_image	DELETE	https://oz-nails-wa.myshopify.com/admin/api/2024-10/products/9364763377899/images/49828286857451.json	9364763377899		images	200	OK	image_id=49828286857451
2026-05-18 10:26:41	image-delete	delete_product_image	DELETE	https://oz-nails-wa.myshopify.com/admin/api/2024-10/products/9364763443435/images/49828287381739.json	9364763443435		images	200	OK	image_id=49828287381739
2026-05-18 10:26:43	image-delete	delete_product_image	DELETE	https://oz-nails-wa.myshopify.com/admin/api/2024-10/products/9364763476203/images/49828287971563.json	9364763476203		images	200	OK	image_id=49828287971563
2026-05-18 10:26:45	image-delete	delete_product_image	DELETE	https://oz-nails-wa.myshopify.com/admin/api/2024-10/products/9364763508971/images/49828288790763.json	9364763508971		images	200	OK	image_id=49828288790763
2026-05-18 10:26:46	image-delete	delete_product_image	DELETE	https://oz-nails-wa.myshopify.com/admin/api/2024-10/products/9364763541739/images/49828289511659.json	9364763541739		images	200	OK	image_id=49828289511659
2026-05-18 10:26:48	image-delete	delete_product_image	DELETE	https://oz-nails-wa.myshopify.com/admin/api/2024-10/products/9364763574507/images/49828290167019.json	9364763574507		images	200	OK	image_id=49828290167019
2026-05-18 10:26:50	image-delete	delete_product_image	DELETE	https://oz-nails-wa.myshopify.com/admin/api/2024-10/products/9364763607275/images/49828290363627.json	9364763607275		images	200	OK	image_id=49828290363627
2026-05-18 10:26:52	image-delete	delete_product_image	DELETE	https://oz-nails-wa.myshopify.com/admin/api/2024-10/products/9364763640043/images/49828290494699.json	9364763640043		images	200	OK	image_id=49828290494699
2026-05-18 10:26:54	image-delete	delete_product_image	DELETE	https://oz-nails-wa.myshopify.com/admin/api/2024-10/products/9364763672811/images/49828290625771.json	9364763672811		images	200	OK	image_id=49828290625771
2026-05-18 10:26:56	image-delete	delete_product_image	DELETE	https://oz-nails-wa.myshopify.com/admin/api/2024-10/products/9364763705579/images/49828290691307.json	9364763705579		images	200	OK	image_id=49828290691307
2026-05-18 10:26:57	image-delete	delete_product_image	DELETE	https://oz-nails-wa.myshopify.com/admin/api/2024-10/products/9364763738347/images/49828291084523.json	9364763738347		images	200	OK	image_id=49828291084523
2026-05-18 10:26:59	image-delete	delete_product_image	DELETE	https://oz-nails-wa.myshopify.com/admin/api/2024-10/products/9364763803883/images/49828291182827.json	9364763803883		images	200	OK	image_id=49828291182827
2026-05-18 10:27:01	image-delete	delete_product_image	DELETE	https://oz-nails-wa.myshopify.com/admin/api/2024-10/products/9364763836651/images/49828291739883.json	9364763836651		images	200	OK	image_id=49828291739883
2026-05-18 10:27:03	image-delete	delete_product_image	DELETE	https://oz-nails-wa.myshopify.com/admin/api/2024-10/products/9364763869419/images/49828292657387.json	9364763869419		images	200	OK	image_id=49828292657387
2026-05-18 10:27:05	image-delete	delete_product_image	DELETE	https://oz-nails-wa.myshopify.com/admin/api/2024-10/products/9364763902187/images/49828293378283.json	9364763902187		images	200	OK	image_id=49828293378283
2026-05-18 10:27:06	image-delete	delete_product_image	DELETE	https://oz-nails-wa.myshopify.com/admin/api/2024-10/products/9364763934955/images/49828294197483.json	9364763934955		images	200	OK	image_id=49828294197483
2026-05-18 10:27:08	image-delete	delete_product_image	DELETE	https://oz-nails-wa.myshopify.com/admin/api/2024-10/products/9364764000491/images/49828294885611.json	9364764000491		images	200	OK	image_id=49828294885611
2026-05-18 10:27:10	image-delete	delete_product_image	DELETE	https://oz-nails-wa.myshopify.com/admin/api/2024-10/products/9364764033259/images/49828295606507.json	9364764033259		images	200	OK	image_id=49828295606507
2026-05-18 10:27:12	image-delete	delete_product_image	DELETE	https://oz-nails-wa.myshopify.com/admin/api/2024-10/products/9364764066027/images/49828296196331.json	9364764066027		images	200	OK	image_id=49828296196331
2026-05-18 10:27:14	image-delete	delete_product_image	DELETE	https://oz-nails-wa.myshopify.com/admin/api/2024-10/products/9364764131563/images/49828296261867.json	9364764131563		images	200	OK	image_id=49828296261867
2026-05-18 10:27:16	image-delete	delete_product_image	DELETE	https://oz-nails-wa.myshopify.com/admin/api/2024-10/products/9364764164331/images/49828296491243.json	9364764164331		images	200	OK	image_id=49828296491243
2026-05-18 10:27:17	image-delete	delete_product_image	DELETE	https://oz-nails-wa.myshopify.com/admin/api/2024-10/products/9364764197099/images/49828296655083.json	9364764197099		images	200	OK	image_id=49828296655083
2026-05-18 10:27:19	image-delete	delete_product_image	DELETE	https://oz-nails-wa.myshopify.com/admin/api/2024-10/products/9364764229867/images/49828296851691.json	9364764229867		images	200	OK	image_id=49828296851691
2026-05-18 10:27:21	image-delete	delete_product_image	DELETE	https://oz-nails-wa.myshopify.com/admin/api/2024-10/products/9364764262635/images/49828296917227.json	9364764262635		images	200	OK	image_id=49828296917227
2026-05-18 10:27:23	image-delete	delete_product_image	DELETE	https://oz-nails-wa.myshopify.com/admin/api/2024-10/products/9364764295403/images/49828297605355.json	9364764295403		images	200	OK	image_id=49828297605355
2026-05-18 10:27:24	image-delete	delete_product_image	DELETE	https://oz-nails-wa.myshopify.com/admin/api/2024-10/products/9364764328171/images/49828298391787.json	9364764328171		images	200	OK	image_id=49828298391787
2026-05-18 10:27:26	image-delete	delete_product_image	DELETE	https://oz-nails-wa.myshopify.com/admin/api/2024-10/products/9364764393707/images/49828299702507.json	9364764393707		images	200	OK	image_id=49828299702507
2026-05-18 10:27:28	image-delete	delete_product_image	DELETE	https://oz-nails-wa.myshopify.com/admin/api/2024-10/products/9364764426475/images/49828300456171.json	9364764426475		images	200	OK	image_id=49828300456171
2026-05-18 10:27:30	image-delete	delete_product_image	DELETE	https://oz-nails-wa.myshopify.com/admin/api/2024-10/products/9364764459243/images/49828301045995.json	9364764459243		images	200	OK	image_id=49828301045995
2026-05-18 10:27:32	image-delete	delete_product_image	DELETE	https://oz-nails-wa.myshopify.com/admin/api/2024-10/products/9364764492011/images/49828301504747.json	9364764492011		images	200	OK	image_id=49828301504747
2026-05-18 10:27:33	image-delete	delete_product_image	DELETE	https://oz-nails-wa.myshopify.com/admin/api/2024-10/products/9364764557547/images/49828301603051.json	9364764557547		images	200	OK	image_id=49828301603051
2026-05-18 10:27:35	image-delete	delete_product_image	DELETE	https://oz-nails-wa.myshopify.com/admin/api/2024-10/products/9364764590315/images/49828301668587.json	9364764590315		images	200	OK	image_id=49828301668587
2026-05-18 10:27:37	image-delete	delete_product_image	DELETE	https://oz-nails-wa.myshopify.com/admin/api/2024-10/products/9364764623083/images/49828301766891.json	9364764623083		images	200	OK	image_id=49828301766891
2026-05-18 10:27:39	image-delete	delete_product_image	DELETE	https://oz-nails-wa.myshopify.com/admin/api/2024-10/products/9364764688619/images/49828301865195.json	9364764688619		images	200	OK	image_id=49828301865195
2026-05-18 10:27:41	image-delete	delete_product_image	DELETE	https://oz-nails-wa.myshopify.com/admin/api/2024-10/products/9364764721387/images/49828301963499.json	9364764721387		images	200	OK	image_id=49828301963499
2026-05-18 10:27:43	image-delete	delete_product_image	DELETE	https://oz-nails-wa.myshopify.com/admin/api/2024-10/products/9364764786923/images/49828302946539.json	9364764786923		images	200	OK	image_id=49828302946539
2026-05-18 10:27:44	image-delete	delete_product_image	DELETE	https://oz-nails-wa.myshopify.com/admin/api/2024-10/products/9364764819691/images/49828303536363.json	9364764819691		images	200	OK	image_id=49828303536363
2026-05-18 10:27:46	image-delete	delete_product_image	DELETE	https://oz-nails-wa.myshopify.com/admin/api/2024-10/products/9364764852459/images/49828304257259.json	9364764852459		images	200	OK	image_id=49828304257259
2026-05-18 10:27:48	image-delete	delete_product_image	DELETE	https://oz-nails-wa.myshopify.com/admin/api/2024-10/products/9364764885227/images/49828305731819.json	9364764885227		images	200	OK	image_id=49828305731819
2026-05-18 10:27:50	image-delete	delete_product_image	DELETE	https://oz-nails-wa.myshopify.com/admin/api/2024-10/products/9364764950763/images/49828306223339.json	9364764950763		images	200	OK	image_id=49828306223339
2026-05-18 10:27:51	image-delete	delete_product_image	DELETE	https://oz-nails-wa.myshopify.com/admin/api/2024-10/products/9364764983531/images/49828306616555.json	9364764983531		images	200	OK	image_id=49828306616555
2026-05-18 10:27:53	image-delete	delete_product_image	DELETE	https://oz-nails-wa.myshopify.com/admin/api/2024-10/products/9365269020907/images/49828306714859.json	9365269020907		images	200	OK	image_id=49828306714859
2026-05-18 10:27:55	image-delete	delete_product_image	DELETE	https://oz-nails-wa.myshopify.com/admin/api/2024-10/products/9365266727147/images/49828306911467.json	9365266727147		images	200	OK	image_id=49828306911467
2026-05-18 10:27:57	image-delete	delete_product_image	DELETE	https://oz-nails-wa.myshopify.com/admin/api/2024-10/products/9365266792683/images/49828307009771.json	9365266792683		images	200	OK	image_id=49828307009771
2026-05-18 10:27:58	image-delete	delete_product_image	DELETE	https://oz-nails-wa.myshopify.com/admin/api/2024-10/products/9365266890987/images/49828307140843.json	9365266890987		images	200	OK	image_id=49828307140843
2026-05-18 10:28:00	image-delete	delete_product_image	DELETE	https://oz-nails-wa.myshopify.com/admin/api/2024-10/products/9365266923755/images/49828307271915.json	9365266923755		images	200	OK	image_id=49828307271915
2026-05-18 10:28:02	image-delete	delete_product_image	DELETE	https://oz-nails-wa.myshopify.com/admin/api/2024-10/products/9365266956523/images/49828307960043.json	9365266956523		images	200	OK	image_id=49828307960043
2026-05-18 10:28:04	image-delete	delete_product_image	DELETE	https://oz-nails-wa.myshopify.com/admin/api/2024-10/products/9365217542379/images/49828309467371.json	9365217542379		images	200	OK	image_id=49828309467371
2026-05-18 10:28:05	image-delete	delete_product_image	DELETE	https://oz-nails-wa.myshopify.com/admin/api/2024-10/products/9365217640683/images/49828310352107.json	9365217640683		images	200	OK	image_id=49828310352107
2026-05-18 10:28:07	image-delete	delete_product_image	DELETE	https://oz-nails-wa.myshopify.com/admin/api/2024-10/products/9365217738987/images/49828311138539.json	9365217738987		images	200	OK	image_id=49828311138539
2026-05-18 10:28:09	image-delete	delete_product_image	DELETE	https://oz-nails-wa.myshopify.com/admin/api/2024-10/products/9365217870059/images/49828311793899.json	9365217870059		images	200	OK	image_id=49828311793899
2026-05-18 10:28:11	image-delete	delete_product_image	DELETE	https://oz-nails-wa.myshopify.com/admin/api/2024-10/products/9365217968363/images/49828312514795.json	9365217968363		images	200	OK	image_id=49828312514795
2026-05-18 10:28:13	image-delete	delete_product_image	DELETE	https://oz-nails-wa.myshopify.com/admin/api/2024-10/products/9365218066667/images/49828312678635.json	9365218066667		images	200	OK	image_id=49828312678635
2026-05-18 10:28:15	image-delete	delete_product_image	DELETE	https://oz-nails-wa.myshopify.com/admin/api/2024-10/products/9365218132203/images/49828312940779.json	9365218132203		images	200	OK	image_id=49828312940779
2026-05-18 10:28:16	image-delete	delete_product_image	DELETE	https://oz-nails-wa.myshopify.com/admin/api/2024-10/products/9365218427115/images/49828313137387.json	9365218427115		images	200	OK	image_id=49828313137387
2026-05-18 10:28:18	image-delete	delete_product_image	DELETE	https://oz-nails-wa.myshopify.com/admin/api/2024-10/products/9364765737195/images/49828313268459.json	9364765737195		images	200	OK	image_id=49828313268459
2026-05-18 10:28:20	image-delete	delete_product_image	DELETE	https://oz-nails-wa.myshopify.com/admin/api/2024-10/products/9364765769963/images/49828313661675.json	9364765769963		images	200	OK	image_id=49828313661675
2026-05-18 10:28:22	image-delete	delete_product_image	DELETE	https://oz-nails-wa.myshopify.com/admin/api/2024-10/products/9364765868267/images/49828314382571.json	9364765868267		images	200	OK	image_id=49828314382571
2026-05-18 10:28:24	image-delete	delete_product_image	DELETE	https://oz-nails-wa.myshopify.com/admin/api/2024-10/products/9364765933803/images/49828315201771.json	9364765933803		images	200	OK	image_id=49828315201771
2026-05-18 10:28:26	image-delete	delete_product_image	DELETE	https://oz-nails-wa.myshopify.com/admin/api/2024-10/products/9364774846699/images/49828316184811.json	9364774846699		images	200	OK	image_id=49828316184811
2026-05-18 10:28:28	image-delete	delete_product_image	DELETE	https://oz-nails-wa.myshopify.com/admin/api/2024-10/products/9365223702763/images/49828316741867.json	9365223702763		images	200	OK	image_id=49828316741867
2026-05-18 10:28:30	image-delete	delete_product_image	DELETE	https://oz-nails-wa.myshopify.com/admin/api/2024-10/products/9365269053675/images/49828317429995.json	9365269053675		images	200	OK	image_id=49828317429995
2026-05-18 10:28:31	image-delete	delete_product_image	DELETE	https://oz-nails-wa.myshopify.com/admin/api/2024-10/products/9365269119211/images/49828318019819.json	9365269119211		images	200	OK	image_id=49828318019819
2026-05-18 10:28:33	image-delete	delete_product_image	DELETE	https://oz-nails-wa.myshopify.com/admin/api/2024-10/products/9365269151979/images/49828318839019.json	9365269151979		images	200	OK	image_id=49828318839019
2026-05-18 10:28:35	image-delete	delete_product_image	DELETE	https://oz-nails-wa.myshopify.com/admin/api/2024-10/products/9365269184747/images/49828318904555.json	9365269184747		images	200	OK	image_id=49828318904555
2026-05-18 10:28:37	image-delete	delete_product_image	DELETE	https://oz-nails-wa.myshopify.com/admin/api/2024-10/products/9365269217515/images/49828319035627.json	9365269217515		images	200	OK	image_id=49828319035627
2026-05-18 10:28:39	image-delete	delete_product_image	DELETE	https://oz-nails-wa.myshopify.com/admin/api/2024-10/products/9365269250283/images/49828319101163.json	9365269250283		images	200	OK	image_id=49828319101163
2026-05-18 10:28:41	image-delete	delete_product_image	DELETE	https://oz-nails-wa.myshopify.com/admin/api/2024-10/products/9365269315819/images/49828319232235.json	9365269315819		images	200	OK	image_id=49828319232235
2026-05-18 10:28:43	image-delete	delete_product_image	DELETE	https://oz-nails-wa.myshopify.com/admin/api/2024-10/products/9365269545195/images/49828319396075.json	9365269545195		images	200	OK	image_id=49828319396075
2026-05-18 10:28:44	image-delete	delete_product_image	DELETE	https://oz-nails-wa.myshopify.com/admin/api/2024-10/products/9365269643499/images/49828319789291.json	9365269643499		images	200	OK	image_id=49828319789291
2026-05-18 10:28:46	image-delete	delete_product_image	DELETE	https://oz-nails-wa.myshopify.com/admin/api/2024-10/products/9365269676267/images/49828320837867.json	9365269676267		images	200	OK	image_id=49828320837867
2026-05-18 10:28:48	image-delete	delete_product_image	DELETE	https://oz-nails-wa.myshopify.com/admin/api/2024-10/products/9365269709035/images/49828321624299.json	9365269709035		images	200	OK	image_id=49828321624299
2026-05-18 10:28:50	image-delete	delete_product_image	DELETE	https://oz-nails-wa.myshopify.com/admin/api/2024-10/products/9365450752235/images/49828322607339.json	9365450752235		images	200	OK	image_id=49828322607339
2026-05-18 10:28:52	image-delete	delete_product_image	DELETE	https://oz-nails-wa.myshopify.com/admin/api/2024-10/products/9364804239595/images/49828323262699.json	9364804239595		images	200	OK	image_id=49828323262699
2026-05-18 10:28:54	image-delete	delete_product_image	DELETE	https://oz-nails-wa.myshopify.com/admin/api/2024-10/products/9365269774571/images/49828323950827.json	9365269774571		images	200	OK	image_id=49828323950827
2026-05-18 10:28:55	image-delete	delete_product_image	DELETE	https://oz-nails-wa.myshopify.com/admin/api/2024-10/products/9365407039723/images/49828324475115.json	9365407039723		images	200	OK	image_id=49828324475115
2026-05-18 10:28:57	image-delete	delete_product_image	DELETE	https://oz-nails-wa.myshopify.com/admin/api/2024-10/products/9364804927723/images/49828324573419.json	9364804927723		images	200	OK	image_id=49828324573419
2026-05-18 10:28:59	image-delete	delete_product_image	DELETE	https://oz-nails-wa.myshopify.com/admin/api/2024-10/products/9364805157099/images/49828324737259.json	9364805157099		images	200	OK	image_id=49828324737259
2026-05-18 10:29:01	image-delete	delete_product_image	DELETE	https://oz-nails-wa.myshopify.com/admin/api/2024-10/products/9365224095979/images/49828325064939.json	9365224095979		images	200	OK	image_id=49828325064939
2026-05-18 10:29:03	image-delete	delete_product_image	DELETE	https://oz-nails-wa.myshopify.com/admin/api/2024-10/products/9364805386475/images/49828325163243.json	9364805386475		images	200	OK	image_id=49828325163243
2026-05-18 10:29:04	image-delete	delete_product_image	DELETE	https://oz-nails-wa.myshopify.com/admin/api/2024-10/products/9364805583083/images/49828325261547.json	9364805583083		images	200	OK	image_id=49828325261547
2026-05-18 10:29:06	image-delete	delete_product_image	DELETE	https://oz-nails-wa.myshopify.com/admin/api/2024-10/products/9364805845227/images/49828325884139.json	9364805845227		images	200	OK	image_id=49828325884139
2026-05-18 10:29:08	image-delete	delete_product_image	DELETE	https://oz-nails-wa.myshopify.com/admin/api/2024-10/products/9364806041835/images/49828326965483.json	9364806041835		images	200	OK	image_id=49828326965483
2026-05-18 10:29:10	image-delete	delete_product_image	DELETE	https://oz-nails-wa.myshopify.com/admin/api/2024-10/products/9364806303979/images/49828329128171.json	9364806303979		images	200	OK	image_id=49828329128171
2026-05-18 10:29:12	image-delete	delete_product_image	DELETE	https://oz-nails-wa.myshopify.com/admin/api/2024-10/products/9364806500587/images/49828329881835.json	9364806500587		images	200	OK	image_id=49828329881835
2026-05-18 10:29:13	image-delete	delete_product_image	DELETE	https://oz-nails-wa.myshopify.com/admin/api/2024-10/products/9364806697195/images/49828330504427.json	9364806697195		images	200	OK	image_id=49828330504427
2026-05-18 10:29:15	image-delete	delete_product_image	DELETE	https://oz-nails-wa.myshopify.com/admin/api/2024-10/products/9364806992107/images/49828331192555.json	9364806992107		images	200	OK	image_id=49828331192555
2026-05-18 10:29:17	image-delete	delete_product_image	DELETE	https://oz-nails-wa.myshopify.com/admin/api/2024-10/products/9364807188715/images/49828331258091.json	9364807188715		images	200	OK	image_id=49828331258091
2026-05-18 10:29:19	image-delete	delete_product_image	DELETE	https://oz-nails-wa.myshopify.com/admin/api/2024-10/products/9365269807339/images/49828331323627.json	9365269807339		images	200	OK	image_id=49828331323627
2026-05-18 10:29:21	image-delete	delete_product_image	DELETE	https://oz-nails-wa.myshopify.com/admin/api/2024-10/products/9365269840107/images/49828331389163.json	9365269840107		images	200	OK	image_id=49828331389163
2026-05-18 10:29:22	image-delete	delete_product_image	DELETE	https://oz-nails-wa.myshopify.com/admin/api/2024-10/products/9365269872875/images/49828331454699.json	9365269872875		images	200	OK	image_id=49828331454699
2026-05-18 10:29:24	image-delete	delete_product_image	DELETE	https://oz-nails-wa.myshopify.com/admin/api/2024-10/products/9365269938411/images/49828331553003.json	9365269938411		images	200	OK	image_id=49828331553003
2026-05-18 10:29:26	image-delete	delete_product_image	DELETE	https://oz-nails-wa.myshopify.com/admin/api/2024-10/products/9365269971179/images/49828332175595.json	9365269971179		images	200	OK	image_id=49828332175595
2026-05-18 10:29:28	image-delete	delete_product_image	DELETE	https://oz-nails-wa.myshopify.com/admin/api/2024-10/products/9365270036715/images/49828333158635.json	9365270036715		images	200	OK	image_id=49828333158635
2026-05-18 10:29:29	image-delete	delete_product_image	DELETE	https://oz-nails-wa.myshopify.com/admin/api/2024-10/products/9365270659307/images/49828333813995.json	9365270659307		images	200	OK	image_id=49828333813995
2026-05-18 10:29:31	image-delete	delete_product_image	DELETE	https://oz-nails-wa.myshopify.com/admin/api/2024-10/products/9365272396011/images/49828334502123.json	9365272396011		images	200	OK	image_id=49828334502123
2026-05-18 10:29:33	image-delete	delete_product_image	DELETE	https://oz-nails-wa.myshopify.com/admin/api/2024-10/products/9365272461547/images/49828335681771.json	9365272461547		images	200	OK	image_id=49828335681771
2026-05-18 10:29:35	image-delete	delete_product_image	DELETE	https://oz-nails-wa.myshopify.com/admin/api/2024-10/products/9365272494315/images/49828336435435.json	9365272494315		images	200	OK	image_id=49828336435435
2026-05-18 10:29:37	image-delete	delete_product_image	DELETE	https://oz-nails-wa.myshopify.com/admin/api/2024-10/products/9365272527083/images/49828336664811.json	9365272527083		images	200	OK	image_id=49828336664811
2026-05-18 10:29:48	image-delete	delete_product_image	DELETE	https://oz-nails-wa.myshopify.com/admin/api/2024-10/products/9365272559851/images/49828336828651.json	9365272559851		images	200	OK	image_id=49828336828651
2026-05-18 10:29:50	image-delete	delete_product_image	DELETE	https://oz-nails-wa.myshopify.com/admin/api/2024-10/products/9365272592619/images/49828336959723.json	9365272592619		images	200	OK	image_id=49828336959723
2026-05-18 10:29:52	image-delete	delete_product_image	DELETE	https://oz-nails-wa.myshopify.com/admin/api/2024-10/products/9365272625387/images/49828337058027.json	9365272625387		images	200	OK	image_id=49828337058027
2026-05-18 10:29:53	image-delete	delete_product_image	DELETE	https://oz-nails-wa.myshopify.com/admin/api/2024-10/products/9365272690923/images/49828337189099.json	9365272690923		images	200	OK	image_id=49828337189099
2026-05-18 10:29:55	image-delete	delete_product_image	DELETE	https://oz-nails-wa.myshopify.com/admin/api/2024-10/products/9365272723691/images/49828337615083.json	9365272723691		images	200	OK	image_id=49828337615083
2026-05-18 10:29:57	image-delete	delete_product_image	DELETE	https://oz-nails-wa.myshopify.com/admin/api/2024-10/products/9365274165483/images/49828338565355.json	9365274165483		images	200	OK	image_id=49828338565355
2026-05-18 10:29:59	image-delete	delete_product_image	DELETE	https://oz-nails-wa.myshopify.com/admin/api/2024-10/products/9365274231019/images/49828339482859.json	9365274231019		images	200	OK	image_id=49828339482859
2026-05-18 10:30:01	image-delete	delete_product_image	DELETE	https://oz-nails-wa.myshopify.com/admin/api/2024-10/products/9365274329323/images/49828340236523.json	9365274329323		images	200	OK	image_id=49828340236523
2026-05-18 10:30:02	image-delete	delete_product_image	DELETE	https://oz-nails-wa.myshopify.com/admin/api/2024-10/products/9365274362091/images/49828341154027.json	9365274362091		images	200	OK	image_id=49828341154027
2026-05-18 10:30:04	image-delete	delete_product_image	DELETE	https://oz-nails-wa.myshopify.com/admin/api/2024-10/products/9365274427627/images/49828342038763.json	9365274427627		images	200	OK	image_id=49828342038763
2026-05-18 10:30:06	image-delete	delete_product_image	DELETE	https://oz-nails-wa.myshopify.com/admin/api/2024-10/products/9365274525931/images/49828342235371.json	9365274525931		images	200	OK	image_id=49828342235371
2026-05-18 10:30:08	image-delete	delete_product_image	DELETE	https://oz-nails-wa.myshopify.com/admin/api/2024-10/products/9365274558699/images/49828342399211.json	9365274558699		images	200	OK	image_id=49828342399211
2026-05-18 10:30:10	image-delete	delete_product_image	DELETE	https://oz-nails-wa.myshopify.com/admin/api/2024-10/products/9365274591467/images/49828342628587.json	9365274591467		images	200	OK	image_id=49828342628587
2026-05-18 10:30:12	image-delete	delete_product_image	DELETE	https://oz-nails-wa.myshopify.com/admin/api/2024-10/products/9365274689771/images/49828342825195.json	9365274689771		images	200	OK	image_id=49828342825195
2026-05-18 10:30:14	image-delete	delete_product_image	DELETE	https://oz-nails-wa.myshopify.com/admin/api/2024-10/products/9365275148523/images/49828343021803.json	9365275148523		images	200	OK	image_id=49828343021803
2026-05-18 10:30:16	image-delete	delete_product_image	DELETE	https://oz-nails-wa.myshopify.com/admin/api/2024-10/products/9365275214059/images/49828343775467.json	9365275214059		images	200	OK	image_id=49828343775467
2026-05-18 10:30:17	image-delete	delete_product_image	DELETE	https://oz-nails-wa.myshopify.com/admin/api/2024-10/products/9365275246827/images/49828344791275.json	9365275246827		images	200	OK	image_id=49828344791275
2026-05-18 10:30:19	image-delete	delete_product_image	DELETE	https://oz-nails-wa.myshopify.com/admin/api/2024-10/products/9365275345131/images/49828346593515.json	9365275345131		images	200	OK	image_id=49828346593515
2026-05-18 10:30:21	image-delete	delete_product_image	DELETE	https://oz-nails-wa.myshopify.com/admin/api/2024-10/products/9365275377899/images/49828347511019.json	9365275377899		images	200	OK	image_id=49828347511019
2026-05-18 10:30:23	image-delete	delete_product_image	DELETE	https://oz-nails-wa.myshopify.com/admin/api/2024-10/products/9365275476203/images/49828348297451.json	9365275476203		images	200	OK	image_id=49828348297451
2026-05-18 10:30:25	image-delete	delete_product_image	DELETE	https://oz-nails-wa.myshopify.com/admin/api/2024-10/products/9365275508971/images/49828348887275.json	9365275508971		images	200	OK	image_id=49828348887275
2026-05-18 10:30:26	image-delete	delete_product_image	DELETE	https://oz-nails-wa.myshopify.com/admin/api/2024-10/products/9364808990955/images/49828349018347.json	9364808990955		images	200	OK	image_id=49828349018347
2026-05-18 10:30:28	image-delete	delete_product_image	DELETE	https://oz-nails-wa.myshopify.com/admin/api/2024-10/products/9366107980011/images/49828349182187.json	9366107980011		images	200	OK	image_id=49828349182187
2026-05-18 10:30:30	image-delete	delete_product_image	DELETE	https://oz-nails-wa.myshopify.com/admin/api/2024-10/products/9365275541739/images/49828349346027.json	9365275541739		images	200	OK	image_id=49828349346027
2026-05-18 10:30:32	image-delete	delete_product_image	DELETE	https://oz-nails-wa.myshopify.com/admin/api/2024-10/products/9365275607275/images/49828349444331.json	9365275607275		images	200	OK	image_id=49828349444331
2026-05-18 10:30:33	image-delete	delete_product_image	DELETE	https://oz-nails-wa.myshopify.com/admin/api/2024-10/products/9365276590315/images/49828349575403.json	9365276590315		images	200	OK	image_id=49828349575403
2026-05-18 10:30:35	image-delete	delete_product_image	DELETE	https://oz-nails-wa.myshopify.com/admin/api/2024-10/products/9365277409515/images/49828350460139.json	9365277409515		images	200	OK	image_id=49828350460139
2026-05-18 10:30:37	image-delete	delete_product_image	DELETE	https://oz-nails-wa.myshopify.com/admin/api/2024-10/products/9365240119531/images/49828351443179.json	9365240119531		images	200	OK	image_id=49828351443179
2026-05-18 10:30:39	image-delete	delete_product_image	DELETE	https://oz-nails-wa.myshopify.com/admin/api/2024-10/products/9365239628011/images/49828352196843.json	9365239628011		images	200	OK	image_id=49828352196843
2026-05-18 10:30:40	image-delete	delete_product_image	DELETE	https://oz-nails-wa.myshopify.com/admin/api/2024-10/products/9365240217835/images/49828352688363.json	9365240217835		images	200	OK	image_id=49828352688363
2026-05-18 10:30:42	image-delete	delete_product_image	DELETE	https://oz-nails-wa.myshopify.com/admin/api/2024-10/products/9365241168107/images/49828353769707.json	9365241168107		images	200	OK	image_id=49828353769707
2026-05-18 10:30:44	image-delete	delete_product_image	DELETE	https://oz-nails-wa.myshopify.com/admin/api/2024-10/products/9365241331947/images/49828354031851.json	9365241331947		images	200	OK	image_id=49828354031851
2026-05-18 10:30:46	image-delete	delete_product_image	DELETE	https://oz-nails-wa.myshopify.com/admin/api/2024-10/products/9365241856235/images/49828354130155.json	9365241856235		images	200	OK	image_id=49828354130155
2026-05-18 10:30:47	image-delete	delete_product_image	DELETE	https://oz-nails-wa.myshopify.com/admin/api/2024-10/products/9365241954539/images/49828354261227.json	9365241954539		images	200	OK	image_id=49828354261227
2026-05-18 10:30:49	image-delete	delete_product_image	DELETE	https://oz-nails-wa.myshopify.com/admin/api/2024-10/products/9365239988459/images/49828354359531.json	9365239988459		images	200	OK	image_id=49828354359531
2026-05-18 10:30:51	image-delete	delete_product_image	DELETE	https://oz-nails-wa.myshopify.com/admin/api/2024-10/products/9365239496939/images/49828354457835.json	9365239496939		images	200	OK	image_id=49828354457835
2026-05-18 10:30:53	image-delete	delete_product_image	DELETE	https://oz-nails-wa.myshopify.com/admin/api/2024-10/products/9365240447211/images/49828354621675.json	9365240447211		images	200	OK	image_id=49828354621675
2026-05-18 10:30:57	image-delete	delete_product_image	DELETE	https://oz-nails-wa.myshopify.com/admin/api/2024-10/products/9365239693547/images/49828355014891.json	9365239693547		images	200	OK	image_id=49828355014891
2026-05-18 10:30:59	image-delete	delete_product_image	DELETE	https://oz-nails-wa.myshopify.com/admin/api/2024-10/products/9365240611051/images/49828355801323.json	9365240611051		images	200	OK	image_id=49828355801323
2026-05-18 10:31:01	image-delete	delete_product_image	DELETE	https://oz-nails-wa.myshopify.com/admin/api/2024-10/products/9365240742123/images/49828356554987.json	9365240742123		images	200	OK	image_id=49828356554987
2026-05-18 10:31:03	image-delete	delete_product_image	DELETE	https://oz-nails-wa.myshopify.com/admin/api/2024-10/products/9365240807659/images/49828357341419.json	9365240807659		images	200	OK	image_id=49828357341419
2026-05-18 10:31:05	image-delete	delete_product_image	DELETE	https://oz-nails-wa.myshopify.com/admin/api/2024-10/products/9365241004267/images/49828358553835.json	9365241004267		images	200	OK	image_id=49828358553835
2026-05-18 10:31:06	image-delete	delete_product_image	DELETE	https://oz-nails-wa.myshopify.com/admin/api/2024-10/products/9365241069803/images/49828359373035.json	9365241069803		images	200	OK	image_id=49828359373035
2026-05-18 10:31:10	image-delete	delete_product_image	DELETE	https://oz-nails-wa.myshopify.com/admin/api/2024-10/products/9365241692395/images/49828360454379.json	9365241692395		images	200	OK	image_id=49828360454379
2026-05-18 10:31:13	image-delete	delete_product_image	DELETE	https://oz-nails-wa.myshopify.com/admin/api/2024-10/products/9365242249451/images/49828361339115.json	9365242249451		images	200	OK	image_id=49828361339115
2026-05-18 10:31:15	image-delete	delete_product_image	DELETE	https://oz-nails-wa.myshopify.com/admin/api/2024-10/products/9364809220331/images/49828361502955.json	9364809220331		images	200	OK	image_id=49828361502955
2026-05-18 10:31:17	image-delete	delete_product_image	DELETE	https://oz-nails-wa.myshopify.com/admin/api/2024-10/products/9364809449707/images/49828361601259.json	9364809449707		images	200	OK	image_id=49828361601259
2026-05-18 10:31:19	image-delete	delete_product_image	DELETE	https://oz-nails-wa.myshopify.com/admin/api/2024-10/products/9365277442283/images/49828361732331.json	9365277442283		images	200	OK	image_id=49828361732331
2026-05-18 10:31:21	image-delete	delete_product_image	DELETE	https://oz-nails-wa.myshopify.com/admin/api/2024-10/products/9364809679083/images/49828361896171.json	9364809679083		images	200	OK	image_id=49828361896171
2026-05-18 10:31:22	image-delete	delete_product_image	DELETE	https://oz-nails-wa.myshopify.com/admin/api/2024-10/products/9364809973995/images/49828362846443.json	9364809973995		images	200	OK	image_id=49828362846443
2026-05-18 10:31:24	image-delete	delete_product_image	DELETE	https://oz-nails-wa.myshopify.com/admin/api/2024-10/products/9364810203371/images/49828364484843.json	9364810203371		images	200	OK	image_id=49828364484843
2026-05-18 10:31:26	image-delete	delete_product_image	DELETE	https://oz-nails-wa.myshopify.com/admin/api/2024-10/products/9364810465515/images/49828365697259.json	9364810465515		images	200	OK	image_id=49828365697259
2026-05-18 10:31:28	image-delete	delete_product_image	DELETE	https://oz-nails-wa.myshopify.com/admin/api/2024-10/products/9364810694891/images/49828366745835.json	9364810694891		images	200	OK	image_id=49828366745835
2026-05-18 10:31:30	image-delete	delete_product_image	DELETE	https://oz-nails-wa.myshopify.com/admin/api/2024-10/products/9365151154411/images/49828368154859.json	9365151154411		images	200	OK	image_id=49828368154859
2026-05-18 10:31:31	image-delete	delete_product_image	DELETE	https://oz-nails-wa.myshopify.com/admin/api/2024-10/products/9365151318251/images/49828369596651.json	9365151318251		images	200	OK	image_id=49828369596651
2026-05-18 10:31:33	image-delete	delete_product_image	DELETE	https://oz-nails-wa.myshopify.com/admin/api/2024-10/products/9365151383787/images/49828370645227.json	9365151383787		images	200	OK	image_id=49828370645227
2026-05-18 10:31:35	image-delete	delete_product_image	DELETE	https://oz-nails-wa.myshopify.com/admin/api/2024-10/products/9365151482091/images/49828371759339.json	9365151482091		images	200	OK	image_id=49828371759339
2026-05-18 10:31:37	image-delete	delete_product_image	DELETE	https://oz-nails-wa.myshopify.com/admin/api/2024-10/products/9365151547627/images/49828372087019.json	9365151547627		images	200	OK	image_id=49828372087019
2026-05-18 10:31:38	image-delete	delete_product_image	DELETE	https://oz-nails-wa.myshopify.com/admin/api/2024-10/products/9365151613163/images/49828372185323.json	9365151613163		images	200	OK	image_id=49828372185323
2026-05-18 10:31:40	image-delete	delete_product_image	DELETE	https://oz-nails-wa.myshopify.com/admin/api/2024-10/products/9365151678699/images/49828372349163.json	9365151678699		images	200	OK	image_id=49828372349163
2026-05-18 10:31:42	image-delete	delete_product_image	DELETE	https://oz-nails-wa.myshopify.com/admin/api/2024-10/products/9365151809771/images/49828372971755.json	9365151809771		images	200	OK	image_id=49828372971755
2026-05-18 10:31:44	image-delete	delete_product_image	DELETE	https://oz-nails-wa.myshopify.com/admin/api/2024-10/products/9365151875307/images/49828373528811.json	9365151875307		images	200	OK	image_id=49828373528811
2026-05-18 10:31:46	image-delete	delete_product_image	DELETE	https://oz-nails-wa.myshopify.com/admin/api/2024-10/products/9365151940843/images/49828374839531.json	9365151940843		images	200	OK	image_id=49828374839531
2026-05-18 10:31:47	image-delete	delete_product_image	DELETE	https://oz-nails-wa.myshopify.com/admin/api/2024-10/products/9365152039147/images/49828375888107.json	9365152039147		images	200	OK	image_id=49828375888107
2026-05-18 10:31:49	image-delete	delete_product_image	DELETE	https://oz-nails-wa.myshopify.com/admin/api/2024-10/products/9365152104683/images/49828376838379.json	9365152104683		images	200	OK	image_id=49828376838379
2026-05-18 10:31:51	image-delete	delete_product_image	DELETE	https://oz-nails-wa.myshopify.com/admin/api/2024-10/products/9365152202987/images/49828377362667.json	9365152202987		images	200	OK	image_id=49828377362667
2026-05-18 10:31:53	image-delete	delete_product_image	DELETE	https://oz-nails-wa.myshopify.com/admin/api/2024-10/products/9365152268523/images/49828378378475.json	9365152268523		images	200	OK	image_id=49828378378475
2026-05-18 10:31:54	image-delete	delete_product_image	DELETE	https://oz-nails-wa.myshopify.com/admin/api/2024-10/products/9365152334059/images/49828379066603.json	9365152334059		images	200	OK	image_id=49828379066603
2026-05-18 10:31:56	image-delete	delete_product_image	DELETE	https://oz-nails-wa.myshopify.com/admin/api/2024-10/products/9365152399595/images/49828379263211.json	9365152399595		images	200	OK	image_id=49828379263211
2026-05-18 10:31:58	image-delete	delete_product_image	DELETE	https://oz-nails-wa.myshopify.com/admin/api/2024-10/products/9365152497899/images/49828379328747.json	9365152497899		images	200	OK	image_id=49828379328747
2026-05-18 10:32:00	image-delete	delete_product_image	DELETE	https://oz-nails-wa.myshopify.com/admin/api/2024-10/products/9365152628971/images/49828379787499.json	9365152628971		images	200	OK	image_id=49828379787499
2026-05-18 10:32:02	image-delete	delete_product_image	DELETE	https://oz-nails-wa.myshopify.com/admin/api/2024-10/products/9365152694507/images/49828380639467.json	9365152694507		images	200	OK	image_id=49828380639467
2026-05-18 10:32:03	image-delete	delete_product_image	DELETE	https://oz-nails-wa.myshopify.com/admin/api/2024-10/products/9365152792811/images/49828381753579.json	9365152792811		images	200	OK	image_id=49828381753579
2026-05-18 10:32:05	image-delete	delete_product_image	DELETE	https://oz-nails-wa.myshopify.com/admin/api/2024-10/products/9365152891115/images/49828382736619.json	9365152891115		images	200	OK	image_id=49828382736619
2026-05-18 10:32:07	image-delete	delete_product_image	DELETE	https://oz-nails-wa.myshopify.com/admin/api/2024-10/products/9365152989419/images/49828383785195.json	9365152989419		images	200	OK	image_id=49828383785195
2026-05-18 10:32:09	image-delete	delete_product_image	DELETE	https://oz-nails-wa.myshopify.com/admin/api/2024-10/products/9365153087723/images/49828384866539.json	9365153087723		images	200	OK	image_id=49828384866539
2026-05-18 10:32:10	image-delete	delete_product_image	DELETE	https://oz-nails-wa.myshopify.com/admin/api/2024-10/products/9365153153259/images/49828384964843.json	9365153153259		images	200	OK	image_id=49828384964843
2026-05-18 10:32:12	image-delete	delete_product_image	DELETE	https://oz-nails-wa.myshopify.com/admin/api/2024-10/products/9365153251563/images/49828385095915.json	9365153251563		images	200	OK	image_id=49828385095915
2026-05-18 10:32:14	image-delete	delete_product_image	DELETE	https://oz-nails-wa.myshopify.com/admin/api/2024-10/products/9365153349867/images/49828385194219.json	9365153349867		images	200	OK	image_id=49828385194219
2026-05-18 10:32:16	image-delete	delete_product_image	DELETE	https://oz-nails-wa.myshopify.com/admin/api/2024-10/products/9365153415403/images/49828385325291.json	9365153415403		images	200	OK	image_id=49828385325291
2026-05-18 10:32:17	image-delete	delete_product_image	DELETE	https://oz-nails-wa.myshopify.com/admin/api/2024-10/products/9365153546475/images/49828385456363.json	9365153546475		images	200	OK	image_id=49828385456363
2026-05-18 10:32:19	image-delete	delete_product_image	DELETE	https://oz-nails-wa.myshopify.com/admin/api/2024-10/products/9365153612011/images/49828386210027.json	9365153612011		images	200	OK	image_id=49828386210027
2026-05-18 10:32:21	image-delete	delete_product_image	DELETE	https://oz-nails-wa.myshopify.com/admin/api/2024-10/products/9365153710315/images/49828387389675.json	9365153710315		images	200	OK	image_id=49828387389675
2026-05-18 10:32:23	image-delete	delete_product_image	DELETE	https://oz-nails-wa.myshopify.com/admin/api/2024-10/products/9365153874155/images/49828389093611.json	9365153874155		images	200	OK	image_id=49828389093611
2026-05-18 10:32:24	image-delete	delete_product_image	DELETE	https://oz-nails-wa.myshopify.com/admin/api/2024-10/products/9365153972459/images/49828389880043.json	9365153972459		images	200	OK	image_id=49828389880043
2026-05-18 10:32:26	image-delete	delete_product_image	DELETE	https://oz-nails-wa.myshopify.com/admin/api/2024-10/products/9365154103531/images/49828390961387.json	9365154103531		images	200	OK	image_id=49828390961387
2026-05-18 10:32:28	image-delete	delete_product_image	DELETE	https://oz-nails-wa.myshopify.com/admin/api/2024-10/products/9365154267371/images/49828391190763.json	9365154267371		images	200	OK	image_id=49828391190763
2026-05-18 10:32:29	image-delete	delete_product_image	DELETE	https://oz-nails-wa.myshopify.com/admin/api/2024-10/products/9365154431211/images/49828391256299.json	9365154431211		images	200	OK	image_id=49828391256299
2026-05-18 10:32:31	image-delete	delete_product_image	DELETE	https://oz-nails-wa.myshopify.com/admin/api/2024-10/products/9365154562283/images/49828391354603.json	9365154562283		images	200	OK	image_id=49828391354603
2026-05-18 10:32:33	image-delete	delete_product_image	DELETE	https://oz-nails-wa.myshopify.com/admin/api/2024-10/products/9365154693355/images/49828391649515.json	9365154693355		images	200	OK	image_id=49828391649515
2026-05-18 10:32:35	image-delete	delete_product_image	DELETE	https://oz-nails-wa.myshopify.com/admin/api/2024-10/products/9365154791659/images/49828391780587.json	9365154791659		images	200	OK	image_id=49828391780587
2026-05-18 10:32:37	image-delete	delete_product_image	DELETE	https://oz-nails-wa.myshopify.com/admin/api/2024-10/products/9365154988267/images/49828392599787.json	9365154988267		images	200	OK	image_id=49828392599787
2026-05-18 10:32:39	image-delete	delete_product_image	DELETE	https://oz-nails-wa.myshopify.com/admin/api/2024-10/products/9365155053803/images/49828393320683.json	9365155053803		images	200	OK	image_id=49828393320683
2026-05-18 10:32:40	image-delete	delete_product_image	DELETE	https://oz-nails-wa.myshopify.com/admin/api/2024-10/products/9365155152107/images/49828393877739.json	9365155152107		images	200	OK	image_id=49828393877739
2026-05-18 10:32:42	image-delete	delete_product_image	DELETE	https://oz-nails-wa.myshopify.com/admin/api/2024-10/products/9365155250411/images/49828394664171.json	9365155250411		images	200	OK	image_id=49828394664171
2026-05-18 10:32:44	image-delete	delete_product_image	DELETE	https://oz-nails-wa.myshopify.com/admin/api/2024-10/products/9365155381483/images/49828395876587.json	9365155381483		images	200	OK	image_id=49828395876587
2026-05-18 10:32:45	image-delete	delete_product_image	DELETE	https://oz-nails-wa.myshopify.com/admin/api/2024-10/products/9365155447019/images/49828396269803.json	9365155447019		images	200	OK	image_id=49828396269803
2026-05-18 10:32:47	image-delete	delete_product_image	DELETE	https://oz-nails-wa.myshopify.com/admin/api/2024-10/products/9365309980907/images/49828396368107.json	9365309980907		images	200	OK	image_id=49828396368107
2026-05-18 10:32:49	image-delete	delete_product_image	DELETE	https://oz-nails-wa.myshopify.com/admin/api/2024-10/products/9365311881451/images/49828396433643.json	9365311881451		images	200	OK	image_id=49828396433643
2026-05-18 10:32:51	image-delete	delete_product_image	DELETE	https://oz-nails-wa.myshopify.com/admin/api/2024-10/products/9365155512555/images/49828396564715.json	9365155512555		images	200	OK	image_id=49828396564715
2026-05-18 10:32:52	image-delete	delete_product_image	DELETE	https://oz-nails-wa.myshopify.com/admin/api/2024-10/products/9365155643627/images/49828396892395.json	9365155643627		images	200	OK	image_id=49828396892395
2026-05-18 10:32:54	image-delete	delete_product_image	DELETE	https://oz-nails-wa.myshopify.com/admin/api/2024-10/products/9365155741931/images/49828396990699.json	9365155741931		images	200	OK	image_id=49828396990699
2026-05-18 10:32:56	image-delete	delete_product_image	DELETE	https://oz-nails-wa.myshopify.com/admin/api/2024-10/products/9365155840235/images/49828398039275.json	9365155840235		images	200	OK	image_id=49828398039275
2026-05-18 10:32:58	image-delete	delete_product_image	DELETE	https://oz-nails-wa.myshopify.com/admin/api/2024-10/products/9365155938539/images/49828398956779.json	9365155938539		images	200	OK	image_id=49828398956779
2026-05-18 10:33:00	image-delete	delete_product_image	DELETE	https://oz-nails-wa.myshopify.com/admin/api/2024-10/products/9365156069611/images/49828399644907.json	9365156069611		images	200	OK	image_id=49828399644907
2026-05-18 10:33:01	image-delete	delete_product_image	DELETE	https://oz-nails-wa.myshopify.com/admin/api/2024-10/products/9364811579627/images/49828400857323.json	9364811579627		images	200	OK	image_id=49828400857323
2026-05-18 10:33:08	image-delete	delete_product_image	DELETE	https://oz-nails-wa.myshopify.com/admin/api/2024-10/products/9365416771819/images/49828401807595.json	9365416771819		images	200	OK	image_id=49828401807595
2026-05-18 10:33:10	image-delete	delete_product_image	DELETE	https://oz-nails-wa.myshopify.com/admin/api/2024-10/products/9364765016299/images/49828402069739.json	9364765016299		images	200	OK	image_id=49828402069739
2026-05-18 10:33:12	image-delete	delete_product_image	DELETE	https://oz-nails-wa.myshopify.com/admin/api/2024-10/products/9365100691691/images/49828402200811.json	9365100691691		images	200	OK	image_id=49828402200811
2026-05-18 10:33:13	image-delete	delete_product_image	DELETE	https://oz-nails-wa.myshopify.com/admin/api/2024-10/products/9364765049067/images/49828402430187.json	9364765049067		images	200	OK	image_id=49828402430187
2026-05-18 10:33:15	image-delete	delete_product_image	DELETE	https://oz-nails-wa.myshopify.com/admin/api/2024-10/products/9364765081835/images/49828402528491.json	9364765081835		images	200	OK	image_id=49828402528491
2026-05-18 10:33:17	image-delete	delete_product_image	DELETE	https://oz-nails-wa.myshopify.com/admin/api/2024-10/products/9364765114603/images/49828402626795.json	9364765114603		images	200	OK	image_id=49828402626795
2026-05-18 10:33:18	image-delete	delete_product_image	DELETE	https://oz-nails-wa.myshopify.com/admin/api/2024-10/products/9364765147371/images/49828402757867.json	9364765147371		images	200	OK	image_id=49828402757867
2026-05-18 10:33:20	image-delete	delete_product_image	DELETE	https://oz-nails-wa.myshopify.com/admin/api/2024-10/products/9364765180139/images/49828403740907.json	9364765180139		images	200	OK	image_id=49828403740907
2026-05-18 10:33:22	image-delete	delete_product_image	DELETE	https://oz-nails-wa.myshopify.com/admin/api/2024-10/products/9364765212907/images/49828404396267.json	9364765212907		images	200	OK	image_id=49828404396267
2026-05-18 10:33:24	image-delete	delete_product_image	DELETE	https://oz-nails-wa.myshopify.com/admin/api/2024-10/products/9365100626155/images/49828405346539.json	9365100626155		images	200	OK	image_id=49828405346539
2026-05-18 10:33:26	image-delete	delete_product_image	DELETE	https://oz-nails-wa.myshopify.com/admin/api/2024-10/products/9365100658923/images/49828406165739.json	9365100658923		images	200	OK	image_id=49828406165739
2026-05-18 10:33:28	image-delete	delete_product_image	DELETE	https://oz-nails-wa.myshopify.com/admin/api/2024-10/products/9364765278443/images/49828407017707.json	9364765278443		images	200	OK	image_id=49828407017707
2026-05-18 10:33:30	image-delete	delete_product_image	DELETE	https://oz-nails-wa.myshopify.com/admin/api/2024-10/products/9364765376747/images/49828407541995.json	9364765376747		images	200	OK	image_id=49828407541995
2026-05-18 10:33:32	image-delete	delete_product_image	DELETE	https://oz-nails-wa.myshopify.com/admin/api/2024-10/products/9364765409515/images/49828407640299.json	9364765409515		images	200	OK	image_id=49828407640299
2026-05-18 10:33:34	image-delete	delete_product_image	DELETE	https://oz-nails-wa.myshopify.com/admin/api/2024-10/products/9364765442283/images/49828407738603.json	9364765442283		images	200	OK	image_id=49828407738603
2026-05-18 10:33:35	image-delete	delete_product_image	DELETE	https://oz-nails-wa.myshopify.com/admin/api/2024-10/products/9364765475051/images/49828407804139.json	9364765475051		images	200	OK	image_id=49828407804139
2026-05-18 10:33:37	image-delete	delete_product_image	DELETE	https://oz-nails-wa.myshopify.com/admin/api/2024-10/products/9364765540587/images/49828407902443.json	9364765540587		images	200	OK	image_id=49828407902443
2026-05-18 10:33:39	image-delete	delete_product_image	DELETE	https://oz-nails-wa.myshopify.com/admin/api/2024-10/products/9364765573355/images/49828407967979.json	9364765573355		images	200	OK	image_id=49828407967979
2026-05-18 10:33:41	image-delete	delete_product_image	DELETE	https://oz-nails-wa.myshopify.com/admin/api/2024-10/products/9364765606123/images/49828408361195.json	9364765606123		images	200	OK	image_id=49828408361195
2026-05-18 10:33:43	image-delete	delete_product_image	DELETE	https://oz-nails-wa.myshopify.com/admin/api/2024-10/products/9364765638891/images/49828409082091.json	9364765638891		images	200	OK	image_id=49828409082091
2026-05-18 10:33:45	image-delete	delete_product_image	DELETE	https://oz-nails-wa.myshopify.com/admin/api/2024-10/products/9364765671659/images/49828409802987.json	9364765671659		images	200	OK	image_id=49828409802987
2026-05-18 10:33:46	image-delete	delete_product_image	DELETE	https://oz-nails-wa.myshopify.com/admin/api/2024-10/products/9364765704427/images/49828410556651.json	9364765704427		images	200	OK	image_id=49828410556651
2026-05-18 10:33:48	image-delete	delete_product_image	DELETE	https://oz-nails-wa.myshopify.com/admin/api/2024-10/products/9365098758379/images/49828411277547.json	9365098758379		images	200	OK	image_id=49828411277547
2026-05-18 10:33:50	image-delete	delete_product_image	DELETE	https://oz-nails-wa.myshopify.com/admin/api/2024-10/products/9365098889451/images/49828412588267.json	9365098889451		images	200	OK	image_id=49828412588267
2026-05-18 10:33:52	image-delete	delete_product_image	DELETE	https://oz-nails-wa.myshopify.com/admin/api/2024-10/products/9364765802731/images/49828412948715.json	9364765802731		images	200	OK	image_id=49828412948715
2026-05-18 10:33:53	image-delete	delete_product_image	DELETE	https://oz-nails-wa.myshopify.com/admin/api/2024-10/products/9364765835499/images/49828413178091.json	9364765835499		images	200	OK	image_id=49828413178091
2026-05-18 10:33:55	image-delete	delete_product_image	DELETE	https://oz-nails-wa.myshopify.com/admin/api/2024-10/products/9364765901035/images/49828413309163.json	9364765901035		images	200	OK	image_id=49828413309163
2026-05-18 10:33:57	image-delete	delete_product_image	DELETE	https://oz-nails-wa.myshopify.com/admin/api/2024-10/products/9364765966571/images/49828413473003.json	9364765966571		images	200	OK	image_id=49828413473003
2026-05-18 10:33:59	image-delete	delete_product_image	DELETE	https://oz-nails-wa.myshopify.com/admin/api/2024-10/products/9364765999339/images/49828413604075.json	9364765999339		images	200	OK	image_id=49828413604075
2026-05-18 10:34:00	image-delete	delete_product_image	DELETE	https://oz-nails-wa.myshopify.com/admin/api/2024-10/products/9364766032107/images/49828413767915.json	9364766032107		images	200	OK	image_id=49828413767915
2026-05-18 10:34:02	image-delete	delete_product_image	DELETE	https://oz-nails-wa.myshopify.com/admin/api/2024-10/products/9364766064875/images/49828414619883.json	9364766064875		images	200	OK	image_id=49828414619883
2026-05-18 10:34:04	image-delete	delete_product_image	DELETE	https://oz-nails-wa.myshopify.com/admin/api/2024-10/products/9364766097643/images/49828415373547.json	9364766097643		images	200	OK	image_id=49828415373547
2026-05-18 10:34:06	image-delete	delete_product_image	DELETE	https://oz-nails-wa.myshopify.com/admin/api/2024-10/products/9364766130411/images/49828416323819.json	9364766130411		images	200	OK	image_id=49828416323819
2026-05-18 10:34:08	image-delete	delete_product_image	DELETE	https://oz-nails-wa.myshopify.com/admin/api/2024-10/products/9364766195947/images/49828417569003.json	9364766195947		images	200	OK	image_id=49828417569003
2026-05-18 10:34:09	image-delete	delete_product_image	DELETE	https://oz-nails-wa.myshopify.com/admin/api/2024-10/products/9364766228715/images/49828418289899.json	9364766228715		images	200	OK	image_id=49828418289899
2026-05-18 10:34:11	image-delete	delete_product_image	DELETE	https://oz-nails-wa.myshopify.com/admin/api/2024-10/products/9364766294251/images/49828419797227.json	9364766294251		images	200	OK	image_id=49828419797227
2026-05-18 10:34:13	image-delete	delete_product_image	DELETE	https://oz-nails-wa.myshopify.com/admin/api/2024-10/products/9364766359787/images/49828419928299.json	9364766359787		images	200	OK	image_id=49828419928299
2026-05-18 10:34:14	image-delete	delete_product_image	DELETE	https://oz-nails-wa.myshopify.com/admin/api/2024-10/products/9364766392555/images/49828420092139.json	9364766392555		images	200	OK	image_id=49828420092139
2026-05-18 10:34:16	image-delete	delete_product_image	DELETE	https://oz-nails-wa.myshopify.com/admin/api/2024-10/products/9364766425323/images/49828420255979.json	9364766425323		images	200	OK	image_id=49828420255979
2026-05-18 10:34:18	image-delete	delete_product_image	DELETE	https://oz-nails-wa.myshopify.com/admin/api/2024-10/products/9364766458091/images/49828420354283.json	9364766458091		images	200	OK	image_id=49828420354283
2026-05-18 10:34:20	image-delete	delete_product_image	DELETE	https://oz-nails-wa.myshopify.com/admin/api/2024-10/products/9364766490859/images/49828420681963.json	9364766490859		images	200	OK	image_id=49828420681963
2026-05-18 10:34:21	image-delete	delete_product_image	DELETE	https://oz-nails-wa.myshopify.com/admin/api/2024-10/products/9364766523627/images/49828420780267.json	9364766523627		images	200	OK	image_id=49828420780267
2026-05-18 10:34:23	image-delete	delete_product_image	DELETE	https://oz-nails-wa.myshopify.com/admin/api/2024-10/products/9364766589163/images/49828421173483.json	9364766589163		images	200	OK	image_id=49828421173483
2026-05-18 10:34:25	image-delete	delete_product_image	DELETE	https://oz-nails-wa.myshopify.com/admin/api/2024-10/products/9364766621931/images/49828421927147.json	9364766621931		images	200	OK	image_id=49828421927147
2026-05-18 10:34:27	image-delete	delete_product_image	DELETE	https://oz-nails-wa.myshopify.com/admin/api/2024-10/products/9364766654699/images/49828422648043.json	9364766654699		images	200	OK	image_id=49828422648043
2026-05-18 10:34:28	image-delete	delete_product_image	DELETE	https://oz-nails-wa.myshopify.com/admin/api/2024-10/products/9364766687467/images/49828423467243.json	9364766687467		images	200	OK	image_id=49828423467243
2026-05-18 10:34:30	image-delete	delete_product_image	DELETE	https://oz-nails-wa.myshopify.com/admin/api/2024-10/products/9364766720235/images/49828424057067.json	9364766720235		images	200	OK	image_id=49828424057067
2026-05-18 10:34:32	image-delete	delete_product_image	DELETE	https://oz-nails-wa.myshopify.com/admin/api/2024-10/products/9364766753003/images/49828424646891.json	9364766753003		images	200	OK	image_id=49828424646891
2026-05-18 10:34:33	image-delete	delete_product_image	DELETE	https://oz-nails-wa.myshopify.com/admin/api/2024-10/products/9364766785771/images/49828424876267.json	9364766785771		images	200	OK	image_id=49828424876267
2026-05-18 10:34:35	image-delete	delete_product_image	DELETE	https://oz-nails-wa.myshopify.com/admin/api/2024-10/products/9364766818539/images/49828425269483.json	9364766818539		images	200	OK	image_id=49828425269483
2026-05-18 10:34:37	image-delete	delete_product_image	DELETE	https://oz-nails-wa.myshopify.com/admin/api/2024-10/products/9364766851307/images/49828425433323.json	9364766851307		images	200	OK	image_id=49828425433323
2026-05-18 10:34:39	image-delete	delete_product_image	DELETE	https://oz-nails-wa.myshopify.com/admin/api/2024-10/products/9364766884075/images/49828425564395.json	9364766884075		images	200	OK	image_id=49828425564395
2026-05-18 10:34:40	image-delete	delete_product_image	DELETE	https://oz-nails-wa.myshopify.com/admin/api/2024-10/products/9364766916843/images/49828425629931.json	9364766916843		images	200	OK	image_id=49828425629931
2026-05-18 10:34:42	image-delete	delete_product_image	DELETE	https://oz-nails-wa.myshopify.com/admin/api/2024-10/products/9364766949611/images/49828426088683.json	9364766949611		images	200	OK	image_id=49828426088683
2026-05-18 10:34:44	image-delete	delete_product_image	DELETE	https://oz-nails-wa.myshopify.com/admin/api/2024-10/products/9364766982379/images/49828427170027.json	9364766982379		images	200	OK	image_id=49828427170027
2026-05-18 10:34:46	image-delete	delete_product_image	DELETE	https://oz-nails-wa.myshopify.com/admin/api/2024-10/products/9364767015147/images/49828427923691.json	9364767015147		images	200	OK	image_id=49828427923691
2026-05-18 10:34:47	image-delete	delete_product_image	DELETE	https://oz-nails-wa.myshopify.com/admin/api/2024-10/products/9364767047915/images/49828428579051.json	9364767047915		images	200	OK	image_id=49828428579051
2026-05-18 10:34:49	image-delete	delete_product_image	DELETE	https://oz-nails-wa.myshopify.com/admin/api/2024-10/products/9364767080683/images/49828429594859.json	9364767080683		images	200	OK	image_id=49828429594859
2026-05-18 10:34:51	image-delete	delete_product_image	DELETE	https://oz-nails-wa.myshopify.com/admin/api/2024-10/products/9364767113451/images/49828430086379.json	9364767113451		images	200	OK	image_id=49828430086379
2026-05-18 10:34:52	image-delete	delete_product_image	DELETE	https://oz-nails-wa.myshopify.com/admin/api/2024-10/products/9364767146219/images/49828430708971.json	9364767146219		images	200	OK	image_id=49828430708971
2026-05-18 10:34:54	image-delete	delete_product_image	DELETE	https://oz-nails-wa.myshopify.com/admin/api/2024-10/products/9364767178987/images/49828430807275.json	9364767178987		images	200	OK	image_id=49828430807275
2026-05-18 10:34:56	image-delete	delete_product_image	DELETE	https://oz-nails-wa.myshopify.com/admin/api/2024-10/products/9364767211755/images/49828430905579.json	9364767211755		images	200	OK	image_id=49828430905579
2026-05-18 10:34:58	image-delete	delete_product_image	DELETE	https://oz-nails-wa.myshopify.com/admin/api/2024-10/products/9364767310059/images/49828431003883.json	9364767310059		images	200	OK	image_id=49828431003883
2026-05-18 10:34:59	image-delete	delete_product_image	DELETE	https://oz-nails-wa.myshopify.com/admin/api/2024-10/products/9364767375595/images/49828431069419.json	9364767375595		images	200	OK	image_id=49828431069419
2026-05-18 10:35:01	image-delete	delete_product_image	DELETE	https://oz-nails-wa.myshopify.com/admin/api/2024-10/products/9364767408363/images/49828431134955.json	9364767408363		images	200	OK	image_id=49828431134955
2026-05-18 10:35:03	image-delete	delete_product_image	DELETE	https://oz-nails-wa.myshopify.com/admin/api/2024-10/products/9364767441131/images/49828431462635.json	9364767441131		images	200	OK	image_id=49828431462635
2026-05-18 10:35:05	image-delete	delete_product_image	DELETE	https://oz-nails-wa.myshopify.com/admin/api/2024-10/products/9364767506667/images/49828432052459.json	9364767506667		images	200	OK	image_id=49828432052459
2026-05-18 10:35:07	image-delete	delete_product_image	DELETE	https://oz-nails-wa.myshopify.com/admin/api/2024-10/products/9364767539435/images/49828432576747.json	9364767539435		images	200	OK	image_id=49828432576747
2026-05-18 10:35:08	image-delete	delete_product_image	DELETE	https://oz-nails-wa.myshopify.com/admin/api/2024-10/products/9364767572203/images/49828433264875.json	9364767572203		images	200	OK	image_id=49828433264875
2026-05-18 10:35:10	image-delete	delete_product_image	DELETE	https://oz-nails-wa.myshopify.com/admin/api/2024-10/products/9364767637739/images/49828434018539.json	9364767637739		images	200	OK	image_id=49828434018539
2026-05-18 10:35:12	image-delete	delete_product_image	DELETE	https://oz-nails-wa.myshopify.com/admin/api/2024-10/products/9364767670507/images/49828434903275.json	9364767670507		images	200	OK	image_id=49828434903275
2026-05-18 10:35:14	image-delete	delete_product_image	DELETE	https://oz-nails-wa.myshopify.com/admin/api/2024-10/products/9364767703275/images/49828435362027.json	9364767703275		images	200	OK	image_id=49828435362027
2026-05-18 10:35:15	image-delete	delete_product_image	DELETE	https://oz-nails-wa.myshopify.com/admin/api/2024-10/products/9364767736043/images/49828435460331.json	9364767736043		images	200	OK	image_id=49828435460331
2026-05-18 10:35:17	image-delete	delete_product_image	DELETE	https://oz-nails-wa.myshopify.com/admin/api/2024-10/products/9364767801579/images/49828435591403.json	9364767801579		images	200	OK	image_id=49828435591403
2026-05-18 10:35:19	image-delete	delete_product_image	DELETE	https://oz-nails-wa.myshopify.com/admin/api/2024-10/products/9364767834347/images/49828435656939.json	9364767834347		images	200	OK	image_id=49828435656939
2026-05-18 10:35:21	image-delete	delete_product_image	DELETE	https://oz-nails-wa.myshopify.com/admin/api/2024-10/products/9364767899883/images/49828435788011.json	9364767899883		images	200	OK	image_id=49828435788011
2026-05-18 10:35:23	image-delete	delete_product_image	DELETE	https://oz-nails-wa.myshopify.com/admin/api/2024-10/products/9364767932651/images/49828435984619.json	9364767932651		images	200	OK	image_id=49828435984619
2026-05-18 10:35:25	image-delete	delete_product_image	DELETE	https://oz-nails-wa.myshopify.com/admin/api/2024-10/products/9364767965419/images/49828436181227.json	9364767965419		images	200	OK	image_id=49828436181227
2026-05-18 10:35:26	image-delete	delete_product_image	DELETE	https://oz-nails-wa.myshopify.com/admin/api/2024-10/products/9364767998187/images/49828436705515.json	9364767998187		images	200	OK	image_id=49828436705515
2026-05-18 10:35:28	image-delete	delete_product_image	DELETE	https://oz-nails-wa.myshopify.com/admin/api/2024-10/products/9364768030955/images/49828437131499.json	9364768030955		images	200	OK	image_id=49828437131499
2026-05-18 10:35:30	image-delete	delete_product_image	DELETE	https://oz-nails-wa.myshopify.com/admin/api/2024-10/products/9364768063723/images/49828437950699.json	9364768063723		images	200	OK	image_id=49828437950699
2026-05-18 10:35:32	image-delete	delete_product_image	DELETE	https://oz-nails-wa.myshopify.com/admin/api/2024-10/products/9364768096491/images/49828438737131.json	9364768096491		images	200	OK	image_id=49828438737131
2026-05-18 10:35:33	image-delete	delete_product_image	DELETE	https://oz-nails-wa.myshopify.com/admin/api/2024-10/products/9364768129259/images/49828439392491.json	9364768129259		images	200	OK	image_id=49828439392491
2026-05-18 10:35:35	image-delete	delete_product_image	DELETE	https://oz-nails-wa.myshopify.com/admin/api/2024-10/products/9364768227563/images/49828440178923.json	9364768227563		images	200	OK	image_id=49828440178923
2026-05-18 10:35:37	image-delete	delete_product_image	DELETE	https://oz-nails-wa.myshopify.com/admin/api/2024-10/products/9364768293099/images/49828440473835.json	9364768293099		images	200	OK	image_id=49828440473835
2026-05-18 10:35:39	image-delete	delete_product_image	DELETE	https://oz-nails-wa.myshopify.com/admin/api/2024-10/products/9364768325867/images/49828440572139.json	9364768325867		images	200	OK	image_id=49828440572139
2026-05-18 10:35:40	image-delete	delete_product_image	DELETE	https://oz-nails-wa.myshopify.com/admin/api/2024-10/products/9364768358635/images/49828440768747.json	9364768358635		images	200	OK	image_id=49828440768747
2026-05-18 10:35:42	image-delete	delete_product_image	DELETE	https://oz-nails-wa.myshopify.com/admin/api/2024-10/products/9364768391403/images/49828440834283.json	9364768391403		images	200	OK	image_id=49828440834283
2026-05-18 10:35:44	image-delete	delete_product_image	DELETE	https://oz-nails-wa.myshopify.com/admin/api/2024-10/products/9364768424171/images/49828440932587.json	9364768424171		images	200	OK	image_id=49828440932587
2026-05-18 10:35:46	image-delete	delete_product_image	DELETE	https://oz-nails-wa.myshopify.com/admin/api/2024-10/products/9364768489707/images/49828441358571.json	9364768489707		images	200	OK	image_id=49828441358571
2026-05-18 10:35:47	image-delete	delete_product_image	DELETE	https://oz-nails-wa.myshopify.com/admin/api/2024-10/products/9364768522475/images/49828441948395.json	9364768522475		images	200	OK	image_id=49828441948395
2026-05-18 10:35:49	image-delete	delete_product_image	DELETE	https://oz-nails-wa.myshopify.com/admin/api/2024-10/products/9364768555243/images/49828442374379.json	9364768555243		images	200	OK	image_id=49828442374379
2026-05-18 10:35:51	image-delete	delete_product_image	DELETE	https://oz-nails-wa.myshopify.com/admin/api/2024-10/products/9364768588011/images/49828443390187.json	9364768588011		images	200	OK	image_id=49828443390187
2026-05-18 10:35:52	image-delete	delete_product_image	DELETE	https://oz-nails-wa.myshopify.com/admin/api/2024-10/products/9364768620779/images/49828444176619.json	9364768620779		images	200	OK	image_id=49828444176619
2026-05-18 10:35:55	image-delete	delete_product_image	DELETE	https://oz-nails-wa.myshopify.com/admin/api/2024-10/products/9364768751851/images/49828445290731.json	9364768751851		images	200	OK	image_id=49828445290731
2026-05-18 10:35:56	image-delete	delete_product_image	DELETE	https://oz-nails-wa.myshopify.com/admin/api/2024-10/products/9364768784619/images/49828445356267.json	9364768784619		images	200	OK	image_id=49828445356267
2026-05-18 10:35:58	image-delete	delete_product_image	DELETE	https://oz-nails-wa.myshopify.com/admin/api/2024-10/products/9364768817387/images/49828445487339.json	9364768817387		images	200	OK	image_id=49828445487339
2026-05-18 10:36:00	image-delete	delete_product_image	DELETE	https://oz-nails-wa.myshopify.com/admin/api/2024-10/products/9364768850155/images/49828445552875.json	9364768850155		images	200	OK	image_id=49828445552875
2026-05-18 10:36:02	image-delete	delete_product_image	DELETE	https://oz-nails-wa.myshopify.com/admin/api/2024-10/products/9364768882923/images/49828445749483.json	9364768882923		images	200	OK	image_id=49828445749483
2026-05-18 10:36:03	image-delete	delete_product_image	DELETE	https://oz-nails-wa.myshopify.com/admin/api/2024-10/products/9364768915691/images/49828445815019.json	9364768915691		images	200	OK	image_id=49828445815019
2026-05-18 10:36:05	image-delete	delete_product_image	DELETE	https://oz-nails-wa.myshopify.com/admin/api/2024-10/products/9364768948459/images/49828446273771.json	9364768948459		images	200	OK	image_id=49828446273771
2026-05-18 10:36:07	image-delete	delete_product_image	DELETE	https://oz-nails-wa.myshopify.com/admin/api/2024-10/products/9364768981227/images/49828447092971.json	9364768981227		images	200	OK	image_id=49828447092971
2026-05-18 10:36:09	image-delete	delete_product_image	DELETE	https://oz-nails-wa.myshopify.com/admin/api/2024-10/products/9364769013995/images/49828447813867.json	9364769013995		images	200	OK	image_id=49828447813867
2026-05-18 10:36:10	image-delete	delete_product_image	DELETE	https://oz-nails-wa.myshopify.com/admin/api/2024-10/products/9364769079531/images/49828448501995.json	9364769079531		images	200	OK	image_id=49828448501995
2026-05-18 10:36:12	image-delete	delete_product_image	DELETE	https://oz-nails-wa.myshopify.com/admin/api/2024-10/products/9364769112299/images/49828449288427.json	9364769112299		images	200	OK	image_id=49828449288427
2026-05-18 10:36:14	image-delete	delete_product_image	DELETE	https://oz-nails-wa.myshopify.com/admin/api/2024-10/products/9364769145067/images/49828450009323.json	9364769145067		images	200	OK	image_id=49828450009323
2026-05-18 10:36:16	image-delete	delete_product_image	DELETE	https://oz-nails-wa.myshopify.com/admin/api/2024-10/products/9364769177835/images/49828450205931.json	9364769177835		images	200	OK	image_id=49828450205931
2026-05-18 10:36:17	image-delete	delete_product_image	DELETE	https://oz-nails-wa.myshopify.com/admin/api/2024-10/products/9364769243371/images/49828450304235.json	9364769243371		images	200	OK	image_id=49828450304235
2026-05-18 10:36:19	image-delete	delete_product_image	DELETE	https://oz-nails-wa.myshopify.com/admin/api/2024-10/products/9364769308907/images/49828450566379.json	9364769308907		images	200	OK	image_id=49828450566379
2026-05-18 10:36:21	image-delete	delete_product_image	DELETE	https://oz-nails-wa.myshopify.com/admin/api/2024-10/products/9364769341675/images/49828450631915.json	9364769341675		images	200	OK	image_id=49828450631915
2026-05-18 10:36:23	image-delete	delete_product_image	DELETE	https://oz-nails-wa.myshopify.com/admin/api/2024-10/products/9364769374443/images/49828450697451.json	9364769374443		images	200	OK	image_id=49828450697451
2026-05-18 10:36:25	image-delete	delete_product_image	DELETE	https://oz-nails-wa.myshopify.com/admin/api/2024-10/products/9364769407211/images/49828450795755.json	9364769407211		images	200	OK	image_id=49828450795755
2026-05-18 10:36:27	image-delete	delete_product_image	DELETE	https://oz-nails-wa.myshopify.com/admin/api/2024-10/products/9364769439979/images/49828451254507.json	9364769439979		images	200	OK	image_id=49828451254507
2026-05-18 10:36:29	image-delete	delete_product_image	DELETE	https://oz-nails-wa.myshopify.com/admin/api/2024-10/products/9364769472747/images/49828451942635.json	9364769472747		images	200	OK	image_id=49828451942635
2026-05-18 10:36:30	image-delete	delete_product_image	DELETE	https://oz-nails-wa.myshopify.com/admin/api/2024-10/products/9364769505515/images/49828452466923.json	9364769505515		images	200	OK	image_id=49828452466923
2026-05-18 10:36:32	image-delete	delete_product_image	DELETE	https://oz-nails-wa.myshopify.com/admin/api/2024-10/products/9364769603819/images/49828453089515.json	9364769603819		images	200	OK	image_id=49828453089515
2026-05-18 10:36:34	image-delete	delete_product_image	DELETE	https://oz-nails-wa.myshopify.com/admin/api/2024-10/products/9364769636587/images/49828453744875.json	9364769636587		images	200	OK	image_id=49828453744875
2026-05-18 10:36:36	image-delete	delete_product_image	DELETE	https://oz-nails-wa.myshopify.com/admin/api/2024-10/products/9364769669355/images/49828454138091.json	9364769669355		images	200	OK	image_id=49828454138091
2026-05-18 10:36:37	image-delete	delete_product_image	DELETE	https://oz-nails-wa.myshopify.com/admin/api/2024-10/products/9364769702123/images/49828454170859.json	9364769702123		images	200	OK	image_id=49828454170859
2026-05-18 10:36:39	image-delete	delete_product_image	DELETE	https://oz-nails-wa.myshopify.com/admin/api/2024-10/products/9364769734891/images/49828454203627.json	9364769734891		images	200	OK	image_id=49828454203627
2026-05-18 10:36:41	image-delete	delete_product_image	DELETE	https://oz-nails-wa.myshopify.com/admin/api/2024-10/products/9364769767659/images/49828454236395.json	9364769767659		images	200	OK	image_id=49828454236395
2026-05-18 10:36:43	image-delete	delete_product_image	DELETE	https://oz-nails-wa.myshopify.com/admin/api/2024-10/products/9364769800427/images/49828454269163.json	9364769800427		images	200	OK	image_id=49828454269163
2026-05-18 10:36:44	image-delete	delete_product_image	DELETE	https://oz-nails-wa.myshopify.com/admin/api/2024-10/products/9364769833195/images/49828454301931.json	9364769833195		images	200	OK	image_id=49828454301931
2026-05-18 10:36:46	image-delete	delete_product_image	DELETE	https://oz-nails-wa.myshopify.com/admin/api/2024-10/products/9364769865963/images/49828455022827.json	9364769865963		images	200	OK	image_id=49828455022827
2026-05-18 10:36:48	image-delete	delete_product_image	DELETE	https://oz-nails-wa.myshopify.com/admin/api/2024-10/products/9364769898731/images/49828455710955.json	9364769898731		images	200	OK	image_id=49828455710955
2026-05-18 10:36:50	image-delete	delete_product_image	DELETE	https://oz-nails-wa.myshopify.com/admin/api/2024-10/products/9364769931499/images/49828456136939.json	9364769931499		images	200	OK	image_id=49828456136939
2026-05-18 10:36:51	image-delete	delete_product_image	DELETE	https://oz-nails-wa.myshopify.com/admin/api/2024-10/products/9364769997035/images/49828456726763.json	9364769997035		images	200	OK	image_id=49828456726763
2026-05-18 10:36:53	image-delete	delete_product_image	DELETE	https://oz-nails-wa.myshopify.com/admin/api/2024-10/products/9364770029803/images/49828457283819.json	9364770029803		images	200	OK	image_id=49828457283819
2026-05-18 10:36:55	image-delete	delete_product_image	DELETE	https://oz-nails-wa.myshopify.com/admin/api/2024-10/products/9364770062571/images/49828457939179.json	9364770062571		images	200	OK	image_id=49828457939179
2026-05-18 10:36:57	image-delete	delete_product_image	DELETE	https://oz-nails-wa.myshopify.com/admin/api/2024-10/products/9364770095339/images/49828458004715.json	9364770095339		images	200	OK	image_id=49828458004715
2026-05-18 10:36:58	image-delete	delete_product_image	DELETE	https://oz-nails-wa.myshopify.com/admin/api/2024-10/products/9364770128107/images/49828458070251.json	9364770128107		images	200	OK	image_id=49828458070251
2026-05-18 10:37:00	image-delete	delete_product_image	DELETE	https://oz-nails-wa.myshopify.com/admin/api/2024-10/products/9364770160875/images/49828458135787.json	9364770160875		images	200	OK	image_id=49828458135787
2026-05-18 10:37:02	image-delete	delete_product_image	DELETE	https://oz-nails-wa.myshopify.com/admin/api/2024-10/products/9364770193643/images/49828458234091.json	9364770193643		images	200	OK	image_id=49828458234091
2026-05-18 10:37:04	image-delete	delete_product_image	DELETE	https://oz-nails-wa.myshopify.com/admin/api/2024-10/products/9364770226411/images/49828458299627.json	9364770226411		images	200	OK	image_id=49828458299627
2026-05-18 10:37:05	image-delete	delete_product_image	DELETE	https://oz-nails-wa.myshopify.com/admin/api/2024-10/products/9364770259179/images/49828458692843.json	9364770259179		images	200	OK	image_id=49828458692843
2026-05-18 10:37:07	image-delete	delete_product_image	DELETE	https://oz-nails-wa.myshopify.com/admin/api/2024-10/products/9364770291947/images/49828459577579.json	9364770291947		images	200	OK	image_id=49828459577579
2026-05-18 10:37:09	image-delete	delete_product_image	DELETE	https://oz-nails-wa.myshopify.com/admin/api/2024-10/products/9364770324715/images/49828460101867.json	9364770324715		images	200	OK	image_id=49828460101867
2026-05-18 10:37:11	image-delete	delete_product_image	DELETE	https://oz-nails-wa.myshopify.com/admin/api/2024-10/products/9364770357483/images/49828460658923.json	9364770357483		images	200	OK	image_id=49828460658923
2026-05-18 10:37:12	image-delete	delete_product_image	DELETE	https://oz-nails-wa.myshopify.com/admin/api/2024-10/products/9364770390251/images/49828461379819.json	9364770390251		images	200	OK	image_id=49828461379819
2026-05-18 10:37:14	image-delete	delete_product_image	DELETE	https://oz-nails-wa.myshopify.com/admin/api/2024-10/products/9365224030443/images/49828461904107.json	9365224030443		images	200	OK	image_id=49828461904107
2026-05-18 10:37:16	image-delete	delete_product_image	DELETE	https://oz-nails-wa.myshopify.com/admin/api/2024-10/products/9364770423019/images/49828462002411.json	9364770423019		images	200	OK	image_id=49828462002411
2026-05-18 10:37:18	image-delete	delete_product_image	DELETE	https://oz-nails-wa.myshopify.com/admin/api/2024-10/products/9364770455787/images/49828462100715.json	9364770455787		images	200	OK	image_id=49828462100715
2026-05-18 10:37:19	image-delete	delete_product_image	DELETE	https://oz-nails-wa.myshopify.com/admin/api/2024-10/products/9364770488555/images/49828462231787.json	9364770488555		images	200	OK	image_id=49828462231787
2026-05-18 10:37:21	image-delete	delete_product_image	DELETE	https://oz-nails-wa.myshopify.com/admin/api/2024-10/products/9364770521323/images/49828462362859.json	9364770521323		images	200	OK	image_id=49828462362859
2026-05-18 10:37:23	image-delete	delete_product_image	DELETE	https://oz-nails-wa.myshopify.com/admin/api/2024-10/products/9364770554091/images/49828462461163.json	9364770554091		images	200	OK	image_id=49828462461163
2026-05-18 10:37:25	image-delete	delete_product_image	DELETE	https://oz-nails-wa.myshopify.com/admin/api/2024-10/products/9364770619627/images/49828463018219.json	9364770619627		images	200	OK	image_id=49828463018219
2026-05-18 10:37:27	image-delete	delete_product_image	DELETE	https://oz-nails-wa.myshopify.com/admin/api/2024-10/products/9364770652395/images/49828464034027.json	9364770652395		images	200	OK	image_id=49828464034027
2026-05-18 10:37:28	image-delete	delete_product_image	DELETE	https://oz-nails-wa.myshopify.com/admin/api/2024-10/products/9364770685163/images/49828464722155.json	9364770685163		images	200	OK	image_id=49828464722155
2026-05-18 10:37:30	image-delete	delete_product_image	DELETE	https://oz-nails-wa.myshopify.com/admin/api/2024-10/products/9364770717931/images/49828465410283.json	9364770717931		images	200	OK	image_id=49828465410283
2026-05-18 10:37:32	image-delete	delete_product_image	DELETE	https://oz-nails-wa.myshopify.com/admin/api/2024-10/products/9364770750699/images/49828465934571.json	9364770750699		images	200	OK	image_id=49828465934571
2026-05-18 10:37:34	image-delete	delete_product_image	DELETE	https://oz-nails-wa.myshopify.com/admin/api/2024-10/products/9364770783467/images/49828466786539.json	9364770783467		images	200	OK	image_id=49828466786539
2026-05-18 10:37:35	image-delete	delete_product_image	DELETE	https://oz-nails-wa.myshopify.com/admin/api/2024-10/products/9364770816235/images/49828467015915.json	9364770816235		images	200	OK	image_id=49828467015915
2026-05-18 10:37:37	image-delete	delete_product_image	DELETE	https://oz-nails-wa.myshopify.com/admin/api/2024-10/products/9364770881771/images/49828467114219.json	9364770881771		images	200	OK	image_id=49828467114219
2026-05-18 10:37:39	image-delete	delete_product_image	DELETE	https://oz-nails-wa.myshopify.com/admin/api/2024-10/products/9364770947307/images/49828467179755.json	9364770947307		images	200	OK	image_id=49828467179755
2026-05-18 10:37:40	image-delete	delete_product_image	DELETE	https://oz-nails-wa.myshopify.com/admin/api/2024-10/products/9364771012843/images/49828467278059.json	9364771012843		images	200	OK	image_id=49828467278059
2026-05-18 10:37:42	image-delete	delete_product_image	DELETE	https://oz-nails-wa.myshopify.com/admin/api/2024-10/products/9364771078379/images/49828467343595.json	9364771078379		images	200	OK	image_id=49828467343595
2026-05-18 10:37:44	image-delete	delete_product_image	DELETE	https://oz-nails-wa.myshopify.com/admin/api/2024-10/products/9364771111147/images/49828467704043.json	9364771111147		images	200	OK	image_id=49828467704043
2026-05-18 10:37:46	image-delete	delete_product_image	DELETE	https://oz-nails-wa.myshopify.com/admin/api/2024-10/products/9364771143915/images/49828468326635.json	9364771143915		images	200	OK	image_id=49828468326635
2026-05-18 10:37:47	image-delete	delete_product_image	DELETE	https://oz-nails-wa.myshopify.com/admin/api/2024-10/products/9364771176683/images/49828469473515.json	9364771176683		images	200	OK	image_id=49828469473515
2026-05-18 10:37:49	image-delete	delete_product_image	DELETE	https://oz-nails-wa.myshopify.com/admin/api/2024-10/products/9364771242219/images/49828470620395.json	9364771242219		images	200	OK	image_id=49828470620395
2026-05-18 10:37:51	image-delete	delete_product_image	DELETE	https://oz-nails-wa.myshopify.com/admin/api/2024-10/products/9364771274987/images/49828471341291.json	9364771274987		images	200	OK	image_id=49828471341291
2026-05-18 10:37:53	image-delete	delete_product_image	DELETE	https://oz-nails-wa.myshopify.com/admin/api/2024-10/products/9364771307755/images/49828472324331.json	9364771307755		images	200	OK	image_id=49828472324331
2026-05-18 10:37:54	image-delete	delete_product_image	DELETE	https://oz-nails-wa.myshopify.com/admin/api/2024-10/products/9364771340523/images/49828472684779.json	9364771340523		images	200	OK	image_id=49828472684779
2026-05-18 10:37:56	image-delete	delete_product_image	DELETE	https://oz-nails-wa.myshopify.com/admin/api/2024-10/products/9364771373291/images/49828472717547.json	9364771373291		images	200	OK	image_id=49828472717547
2026-05-18 10:37:58	image-delete	delete_product_image	DELETE	https://oz-nails-wa.myshopify.com/admin/api/2024-10/products/9364771438827/images/49828472750315.json	9364771438827		images	200	OK	image_id=49828472750315
2026-05-18 10:38:00	image-delete	delete_product_image	DELETE	https://oz-nails-wa.myshopify.com/admin/api/2024-10/products/9364771471595/images/49828472815851.json	9364771471595		images	200	OK	image_id=49828472815851
2026-05-18 10:38:02	image-delete	delete_product_image	DELETE	https://oz-nails-wa.myshopify.com/admin/api/2024-10/products/9364771504363/images/49828472914155.json	9364771504363		images	200	OK	image_id=49828472914155
2026-05-18 10:38:04	image-delete	delete_product_image	DELETE	https://oz-nails-wa.myshopify.com/admin/api/2024-10/products/9364771537131/images/49828473307371.json	9364771537131		images	200	OK	image_id=49828473307371
2026-05-18 10:38:05	image-delete	delete_product_image	DELETE	https://oz-nails-wa.myshopify.com/admin/api/2024-10/products/9364771569899/images/49828473929963.json	9364771569899		images	200	OK	image_id=49828473929963
2026-05-18 10:38:07	image-delete	delete_product_image	DELETE	https://oz-nails-wa.myshopify.com/admin/api/2024-10/products/9364771602667/images/49828474585323.json	9364771602667		images	200	OK	image_id=49828474585323
2026-05-18 10:38:09	image-delete	delete_product_image	DELETE	https://oz-nails-wa.myshopify.com/admin/api/2024-10/products/9364771635435/images/49828475404523.json	9364771635435		images	200	OK	image_id=49828475404523
2026-05-18 10:38:10	image-delete	delete_product_image	DELETE	https://oz-nails-wa.myshopify.com/admin/api/2024-10/products/9364771668203/images/49828475797739.json	9364771668203		images	200	OK	image_id=49828475797739
2026-05-18 10:38:12	image-delete	delete_product_image	DELETE	https://oz-nails-wa.myshopify.com/admin/api/2024-10/products/9364771700971/images/49828476551403.json	9364771700971		images	200	OK	image_id=49828476551403
2026-05-18 10:38:14	image-delete	delete_product_image	DELETE	https://oz-nails-wa.myshopify.com/admin/api/2024-10/products/9364771733739/images/49828476748011.json	9364771733739		images	200	OK	image_id=49828476748011
2026-05-18 10:38:16	image-delete	delete_product_image	DELETE	https://oz-nails-wa.myshopify.com/admin/api/2024-10/products/9364771766507/images/49828476813547.json	9364771766507		images	200	OK	image_id=49828476813547
2026-05-18 10:38:17	image-delete	delete_product_image	DELETE	https://oz-nails-wa.myshopify.com/admin/api/2024-10/products/9364771799275/images/49828477173995.json	9364771799275		images	200	OK	image_id=49828477173995
2026-05-18 10:38:19	image-delete	delete_product_image	DELETE	https://oz-nails-wa.myshopify.com/admin/api/2024-10/products/9364771832043/images/49828477272299.json	9364771832043		images	200	OK	image_id=49828477272299
2026-05-18 10:38:21	image-delete	delete_product_image	DELETE	https://oz-nails-wa.myshopify.com/admin/api/2024-10/products/9364771864811/images/49828477337835.json	9364771864811		images	200	OK	image_id=49828477337835
2026-05-18 10:38:23	image-delete	delete_product_image	DELETE	https://oz-nails-wa.myshopify.com/admin/api/2024-10/products/9364771930347/images/49828477632747.json	9364771930347		images	200	OK	image_id=49828477632747
2026-05-18 10:38:25	image-delete	delete_product_image	DELETE	https://oz-nails-wa.myshopify.com/admin/api/2024-10/products/9364771963115/images/49828478517483.json	9364771963115		images	200	OK	image_id=49828478517483
2026-05-18 10:38:26	image-delete	delete_product_image	DELETE	https://oz-nails-wa.myshopify.com/admin/api/2024-10/products/9364771995883/images/49828479271147.json	9364771995883		images	200	OK	image_id=49828479271147
2026-05-18 10:38:28	image-delete	delete_product_image	DELETE	https://oz-nails-wa.myshopify.com/admin/api/2024-10/products/9364772028651/images/49828480483563.json	9364772028651		images	200	OK	image_id=49828480483563
2026-05-18 10:38:30	image-delete	delete_product_image	DELETE	https://oz-nails-wa.myshopify.com/admin/api/2024-10/products/9364772061419/images/49828481433835.json	9364772061419		images	200	OK	image_id=49828481433835
2026-05-18 10:38:32	image-delete	delete_product_image	DELETE	https://oz-nails-wa.myshopify.com/admin/api/2024-10/products/9364772094187/images/49828482318571.json	9364772094187		images	200	OK	image_id=49828482318571
2026-05-18 10:38:33	image-delete	delete_product_image	DELETE	https://oz-nails-wa.myshopify.com/admin/api/2024-10/products/9364772126955/images/49828483137771.json	9364772126955		images	200	OK	image_id=49828483137771
2026-05-18 10:38:35	image-delete	delete_product_image	DELETE	https://oz-nails-wa.myshopify.com/admin/api/2024-10/products/9364772192491/images/49828483203307.json	9364772192491		images	200	OK	image_id=49828483203307
2026-05-18 10:38:37	image-delete	delete_product_image	DELETE	https://oz-nails-wa.myshopify.com/admin/api/2024-10/products/9364772225259/images/49828483563755.json	9364772225259		images	200	OK	image_id=49828483563755
2026-05-18 10:38:38	image-delete	delete_product_image	DELETE	https://oz-nails-wa.myshopify.com/admin/api/2024-10/products/9364772258027/images/49828483694827.json	9364772258027		images	200	OK	image_id=49828483694827
2026-05-18 10:38:40	image-delete	delete_product_image	DELETE	https://oz-nails-wa.myshopify.com/admin/api/2024-10/products/9364772290795/images/49828483825899.json	9364772290795		images	200	OK	image_id=49828483825899
2026-05-18 10:38:42	image-delete	delete_product_image	DELETE	https://oz-nails-wa.myshopify.com/admin/api/2024-10/products/9364772323563/images/49828483891435.json	9364772323563		images	200	OK	image_id=49828483891435
2026-05-18 10:38:44	image-delete	delete_product_image	DELETE	https://oz-nails-wa.myshopify.com/admin/api/2024-10/products/9364772356331/images/49828483989739.json	9364772356331		images	200	OK	image_id=49828483989739
2026-05-18 10:38:45	image-delete	delete_product_image	DELETE	https://oz-nails-wa.myshopify.com/admin/api/2024-10/products/9364772389099/images/49828484776171.json	9364772389099		images	200	OK	image_id=49828484776171
2026-05-18 10:38:47	image-delete	delete_product_image	DELETE	https://oz-nails-wa.myshopify.com/admin/api/2024-10/products/9364772421867/images/49828485300459.json	9364772421867		images	200	OK	image_id=49828485300459
2026-05-18 10:38:49	image-delete	delete_product_image	DELETE	https://oz-nails-wa.myshopify.com/admin/api/2024-10/products/9364772454635/images/49828486086891.json	9364772454635		images	200	OK	image_id=49828486086891
2026-05-18 10:38:51	image-delete	delete_product_image	DELETE	https://oz-nails-wa.myshopify.com/admin/api/2024-10/products/9364772487403/images/49828486775019.json	9364772487403		images	200	OK	image_id=49828486775019
2026-05-18 10:38:52	image-delete	delete_product_image	DELETE	https://oz-nails-wa.myshopify.com/admin/api/2024-10/products/9364772552939/images/49828487987435.json	9364772552939		images	200	OK	image_id=49828487987435
2026-05-18 10:38:54	image-delete	delete_product_image	DELETE	https://oz-nails-wa.myshopify.com/admin/api/2024-10/products/9364772618475/images/49828488511723.json	9364772618475		images	200	OK	image_id=49828488511723
2026-05-18 10:38:56	image-delete	delete_product_image	DELETE	https://oz-nails-wa.myshopify.com/admin/api/2024-10/products/9364772651243/images/49828488642795.json	9364772651243		images	200	OK	image_id=49828488642795
2026-05-18 10:38:57	image-delete	delete_product_image	DELETE	https://oz-nails-wa.myshopify.com/admin/api/2024-10/products/9364772684011/images/49828488741099.json	9364772684011		images	200	OK	image_id=49828488741099
2026-05-18 10:38:59	image-delete	delete_product_image	DELETE	https://oz-nails-wa.myshopify.com/admin/api/2024-10/products/9364772716779/images/49828488839403.json	9364772716779		images	200	OK	image_id=49828488839403
2026-05-18 10:39:01	image-delete	delete_product_image	DELETE	https://oz-nails-wa.myshopify.com/admin/api/2024-10/products/9364772749547/images/49828489036011.json	9364772749547		images	200	OK	image_id=49828489036011
2026-05-18 10:39:03	image-delete	delete_product_image	DELETE	https://oz-nails-wa.myshopify.com/admin/api/2024-10/products/9364772782315/images/49828489101547.json	9364772782315		images	200	OK	image_id=49828489101547
2026-05-18 10:39:05	image-delete	delete_product_image	DELETE	https://oz-nails-wa.myshopify.com/admin/api/2024-10/products/9364772815083/images/49828489789675.json	9364772815083		images	200	OK	image_id=49828489789675
2026-05-18 10:39:06	image-delete	delete_product_image	DELETE	https://oz-nails-wa.myshopify.com/admin/api/2024-10/products/9364772847851/images/49828490936555.json	9364772847851		images	200	OK	image_id=49828490936555
2026-05-18 10:39:08	image-delete	delete_product_image	DELETE	https://oz-nails-wa.myshopify.com/admin/api/2024-10/products/9364772913387/images/49828492443883.json	9364772913387		images	200	OK	image_id=49828492443883
2026-05-18 10:39:10	image-delete	delete_product_image	DELETE	https://oz-nails-wa.myshopify.com/admin/api/2024-10/products/9364772946155/images/49828493000939.json	9364772946155		images	200	OK	image_id=49828493000939
2026-05-18 10:39:12	image-delete	delete_product_image	DELETE	https://oz-nails-wa.myshopify.com/admin/api/2024-10/products/9364772978923/images/49828493754603.json	9364772978923		images	200	OK	image_id=49828493754603
2026-05-18 10:39:14	image-delete	delete_product_image	DELETE	https://oz-nails-wa.myshopify.com/admin/api/2024-10/products/9364773011691/images/49828494278891.json	9364773011691		images	200	OK	image_id=49828494278891
2026-05-18 10:39:15	image-delete	delete_product_image	DELETE	https://oz-nails-wa.myshopify.com/admin/api/2024-10/products/9364773044459/images/49828494442731.json	9364773044459		images	200	OK	image_id=49828494442731
2026-05-18 10:39:17	image-delete	delete_product_image	DELETE	https://oz-nails-wa.myshopify.com/admin/api/2024-10/products/9364773077227/images/49828494508267.json	9364773077227		images	200	OK	image_id=49828494508267
2026-05-18 10:39:19	image-delete	delete_product_image	DELETE	https://oz-nails-wa.myshopify.com/admin/api/2024-10/products/9364773109995/images/49828494639339.json	9364773109995		images	200	OK	image_id=49828494639339
2026-05-18 10:39:20	image-delete	delete_product_image	DELETE	https://oz-nails-wa.myshopify.com/admin/api/2024-10/products/9364773142763/images/49828494803179.json	9364773142763		images	200	OK	image_id=49828494803179
2026-05-18 10:39:22	image-delete	delete_product_image	DELETE	https://oz-nails-wa.myshopify.com/admin/api/2024-10/products/9364773175531/images/49828494967019.json	9364773175531		images	200	OK	image_id=49828494967019
2026-05-18 10:39:24	image-delete	delete_product_image	DELETE	https://oz-nails-wa.myshopify.com/admin/api/2024-10/products/9364773241067/images/49828495851755.json	9364773241067		images	200	OK	image_id=49828495851755
2026-05-18 10:39:26	image-delete	delete_product_image	DELETE	https://oz-nails-wa.myshopify.com/admin/api/2024-10/products/9364773273835/images/49828496670955.json	9364773273835		images	200	OK	image_id=49828496670955
2026-05-18 10:39:27	image-delete	delete_product_image	DELETE	https://oz-nails-wa.myshopify.com/admin/api/2024-10/products/9364773306603/images/49828497228011.json	9364773306603		images	200	OK	image_id=49828497228011
2026-05-18 10:39:29	image-delete	delete_product_image	DELETE	https://oz-nails-wa.myshopify.com/admin/api/2024-10/products/9364773339371/images/49828497883371.json	9364773339371		images	200	OK	image_id=49828497883371
2026-05-18 10:39:31	image-delete	delete_product_image	DELETE	https://oz-nails-wa.myshopify.com/admin/api/2024-10/products/9364773372139/images/49828498505963.json	9364773372139		images	200	OK	image_id=49828498505963
2026-05-18 10:39:33	image-delete	delete_product_image	DELETE	https://oz-nails-wa.myshopify.com/admin/api/2024-10/products/9364773404907/images/49828498997483.json	9364773404907		images	200	OK	image_id=49828498997483
2026-05-18 10:39:34	image-delete	delete_product_image	DELETE	https://oz-nails-wa.myshopify.com/admin/api/2024-10/products/9364773437675/images/49828499095787.json	9364773437675		images	200	OK	image_id=49828499095787
2026-05-18 10:39:36	image-delete	delete_product_image	DELETE	https://oz-nails-wa.myshopify.com/admin/api/2024-10/products/9364773470443/images/49828499194091.json	9364773470443		images	200	OK	image_id=49828499194091
2026-05-18 10:39:38	image-delete	delete_product_image	DELETE	https://oz-nails-wa.myshopify.com/admin/api/2024-10/products/9364773503211/images/49828499259627.json	9364773503211		images	200	OK	image_id=49828499259627
2026-05-18 10:39:40	image-delete	delete_product_image	DELETE	https://oz-nails-wa.myshopify.com/admin/api/2024-10/products/9364773535979/images/49828499423467.json	9364773535979		images	200	OK	image_id=49828499423467
2026-05-18 10:39:42	image-delete	delete_product_image	DELETE	https://oz-nails-wa.myshopify.com/admin/api/2024-10/products/9364773568747/images/49828499489003.json	9364773568747		images	200	OK	image_id=49828499489003
2026-05-18 10:39:43	image-delete	delete_product_image	DELETE	https://oz-nails-wa.myshopify.com/admin/api/2024-10/products/9364773601515/images/49828500308203.json	9364773601515		images	200	OK	image_id=49828500308203
2026-05-18 10:39:45	image-delete	delete_product_image	DELETE	https://oz-nails-wa.myshopify.com/admin/api/2024-10/products/9364773634283/images/49828500865259.json	9364773634283		images	200	OK	image_id=49828500865259
2026-05-18 10:39:47	image-delete	delete_product_image	DELETE	https://oz-nails-wa.myshopify.com/admin/api/2024-10/products/9364773667051/images/49828501749995.json	9364773667051		images	200	OK	image_id=49828501749995
2026-05-18 10:39:49	image-delete	delete_product_image	DELETE	https://oz-nails-wa.myshopify.com/admin/api/2024-10/products/9364773699819/images/49828504371435.json	9364773699819		images	200	OK	image_id=49828504371435
2026-05-18 10:39:50	image-delete	delete_product_image	DELETE	https://oz-nails-wa.myshopify.com/admin/api/2024-10/products/9364773732587/images/49828505157867.json	9364773732587		images	200	OK	image_id=49828505157867
2026-05-18 10:39:52	image-delete	delete_product_image	DELETE	https://oz-nails-wa.myshopify.com/admin/api/2024-10/products/9364773765355/images/49828505813227.json	9364773765355		images	200	OK	image_id=49828505813227
2026-05-18 10:39:54	image-delete	delete_product_image	DELETE	https://oz-nails-wa.myshopify.com/admin/api/2024-10/products/9364773798123/images/49828506009835.json	9364773798123		images	200	OK	image_id=49828506009835
2026-05-18 10:39:56	image-delete	delete_product_image	DELETE	https://oz-nails-wa.myshopify.com/admin/api/2024-10/products/9364773830891/images/49828506108139.json	9364773830891		images	200	OK	image_id=49828506108139
2026-05-18 10:39:57	image-delete	delete_product_image	DELETE	https://oz-nails-wa.myshopify.com/admin/api/2024-10/products/9364773863659/images/49828506239211.json	9364773863659		images	200	OK	image_id=49828506239211
2026-05-18 10:39:59	image-delete	delete_product_image	DELETE	https://oz-nails-wa.myshopify.com/admin/api/2024-10/products/9364773896427/images/49828506337515.json	9364773896427		images	200	OK	image_id=49828506337515
2026-05-18 10:40:01	image-delete	delete_product_image	DELETE	https://oz-nails-wa.myshopify.com/admin/api/2024-10/products/9364773929195/images/49828506403051.json	9364773929195		images	200	OK	image_id=49828506403051
2026-05-18 10:40:03	image-delete	delete_product_image	DELETE	https://oz-nails-wa.myshopify.com/admin/api/2024-10/products/9364773994731/images/49828506501355.json	9364773994731		images	200	OK	image_id=49828506501355
2026-05-18 10:40:04	image-delete	delete_product_image	DELETE	https://oz-nails-wa.myshopify.com/admin/api/2024-10/products/9364774060267/images/49828507222251.json	9364774060267		images	200	OK	image_id=49828507222251
2026-05-18 10:40:07	image-delete	delete_product_image	DELETE	https://oz-nails-wa.myshopify.com/admin/api/2024-10/products/9364774125803/images/49828507844843.json	9364774125803		images	200	OK	image_id=49828507844843
2026-05-18 10:40:08	image-delete	delete_product_image	DELETE	https://oz-nails-wa.myshopify.com/admin/api/2024-10/products/9364774191339/images/49828508467435.json	9364774191339		images	200	OK	image_id=49828508467435
2026-05-18 10:40:10	image-delete	delete_product_image	DELETE	https://oz-nails-wa.myshopify.com/admin/api/2024-10/products/9364774256875/images/49828509516011.json	9364774256875		images	200	OK	image_id=49828509516011
2026-05-18 10:40:12	image-delete	delete_product_image	DELETE	https://oz-nails-wa.myshopify.com/admin/api/2024-10/products/9364774355179/images/49828510105835.json	9364774355179		images	200	OK	image_id=49828510105835
2026-05-18 10:40:13	image-delete	delete_product_image	DELETE	https://oz-nails-wa.myshopify.com/admin/api/2024-10/products/9364774453483/images/49828510662891.json	9364774453483		images	200	OK	image_id=49828510662891
2026-05-18 10:40:15	image-delete	delete_product_image	DELETE	https://oz-nails-wa.myshopify.com/admin/api/2024-10/products/9364774519019/images/49828511121643.json	9364774519019		images	200	OK	image_id=49828511121643
2026-05-18 10:40:17	image-delete	delete_product_image	DELETE	https://oz-nails-wa.myshopify.com/admin/api/2024-10/products/9364774551787/images/49828511482091.json	9364774551787		images	200	OK	image_id=49828511482091
2026-05-18 10:40:19	image-delete	delete_product_image	DELETE	https://oz-nails-wa.myshopify.com/admin/api/2024-10/products/9364774584555/images/49828511678699.json	9364774584555		images	200	OK	image_id=49828511678699
2026-05-18 10:40:20	image-delete	delete_product_image	DELETE	https://oz-nails-wa.myshopify.com/admin/api/2024-10/products/9364774617323/images/49828511744235.json	9364774617323		images	200	OK	image_id=49828511744235
2026-05-18 10:40:22	image-delete	delete_product_image	DELETE	https://oz-nails-wa.myshopify.com/admin/api/2024-10/products/9364774650091/images/49828511842539.json	9364774650091		images	200	OK	image_id=49828511842539
2026-05-18 10:40:24	image-delete	delete_product_image	DELETE	https://oz-nails-wa.myshopify.com/admin/api/2024-10/products/9364774682859/images/49828512399595.json	9364774682859		images	200	OK	image_id=49828512399595
2026-05-18 10:40:26	image-delete	delete_product_image	DELETE	https://oz-nails-wa.myshopify.com/admin/api/2024-10/products/9364774781163/images/49828513284331.json	9364774781163		images	200	OK	image_id=49828513284331
2026-05-18 10:40:27	image-delete	delete_product_image	DELETE	https://oz-nails-wa.myshopify.com/admin/api/2024-10/products/9365098496235/images/49828514201835.json	9365098496235		images	200	OK	image_id=49828514201835
2026-05-18 10:40:29	image-delete	delete_product_image	DELETE	https://oz-nails-wa.myshopify.com/admin/api/2024-10/products/9365268005099/images/49828515152107.json	9365268005099		images	200	OK	image_id=49828515152107
2026-05-18 10:40:31	image-delete	delete_product_image	DELETE	https://oz-nails-wa.myshopify.com/admin/api/2024-10/products/9364774945003/images/49828515709163.json	9364774945003		images	200	OK	image_id=49828515709163
2026-05-18 10:40:33	image-delete	delete_product_image	DELETE	https://oz-nails-wa.myshopify.com/admin/api/2024-10/products/9364775076075/images/49828516430059.json	9364775076075		images	200	OK	image_id=49828516430059
2026-05-18 10:40:35	image-delete	delete_product_image	DELETE	https://oz-nails-wa.myshopify.com/admin/api/2024-10/products/9364775141611/images/49828516528363.json	9364775141611		images	200	OK	image_id=49828516528363
2026-05-18 10:40:36	image-delete	delete_product_image	DELETE	https://oz-nails-wa.myshopify.com/admin/api/2024-10/products/9364775174379/images/49828516823275.json	9364775174379		images	200	OK	image_id=49828516823275
2026-05-18 10:40:38	image-delete	delete_product_image	DELETE	https://oz-nails-wa.myshopify.com/admin/api/2024-10/products/9364775207147/images/49828516954347.json	9364775207147		images	200	OK	image_id=49828516954347
2026-05-18 10:40:40	image-delete	delete_product_image	DELETE	https://oz-nails-wa.myshopify.com/admin/api/2024-10/products/9364775272683/images/49828517019883.json	9364775272683		images	200	OK	image_id=49828517019883
2026-05-18 10:40:42	image-delete	delete_product_image	DELETE	https://oz-nails-wa.myshopify.com/admin/api/2024-10/products/9364775370987/images/49828517150955.json	9364775370987		images	200	OK	image_id=49828517150955
2026-05-18 10:40:43	image-delete	delete_product_image	DELETE	https://oz-nails-wa.myshopify.com/admin/api/2024-10/products/9364775469291/images/49828517970155.json	9364775469291		images	200	OK	image_id=49828517970155
2026-05-18 10:40:45	image-delete	delete_product_image	DELETE	https://oz-nails-wa.myshopify.com/admin/api/2024-10/products/9364775502059/images/49828519051499.json	9364775502059		images	200	OK	image_id=49828519051499
2026-05-18 10:40:48	image-delete	delete_product_image	DELETE	https://oz-nails-wa.myshopify.com/admin/api/2024-10/products/9364775567595/images/49828520100075.json	9364775567595		images	200	OK	image_id=49828520100075
2026-05-18 10:40:49	image-delete	delete_product_image	DELETE	https://oz-nails-wa.myshopify.com/admin/api/2024-10/products/9364775633131/images/49828520952043.json	9364775633131		images	200	OK	image_id=49828520952043
2026-05-18 10:40:51	image-delete	delete_product_image	DELETE	https://oz-nails-wa.myshopify.com/admin/api/2024-10/products/9364775698667/images/49828521738475.json	9364775698667		images	200	OK	image_id=49828521738475
2026-05-18 10:40:53	image-delete	delete_product_image	DELETE	https://oz-nails-wa.myshopify.com/admin/api/2024-10/products/9364775731435/images/49828523114731.json	9364775731435		images	200	OK	image_id=49828523114731
2026-05-18 10:40:55	image-delete	delete_product_image	DELETE	https://oz-nails-wa.myshopify.com/admin/api/2024-10/products/9364775796971/images/49828523278571.json	9364775796971		images	200	OK	image_id=49828523278571
2026-05-18 10:40:56	image-delete	delete_product_image	DELETE	https://oz-nails-wa.myshopify.com/admin/api/2024-10/products/9364775895275/images/49828523376875.json	9364775895275		images	200	OK	image_id=49828523376875
2026-05-18 10:40:58	image-delete	delete_product_image	DELETE	https://oz-nails-wa.myshopify.com/admin/api/2024-10/products/9364775960811/images/49828523475179.json	9364775960811		images	200	OK	image_id=49828523475179
2026-05-18 10:41:00	image-delete	delete_product_image	DELETE	https://oz-nails-wa.myshopify.com/admin/api/2024-10/products/9364775993579/images/49828523540715.json	9364775993579		images	200	OK	image_id=49828523540715
2026-05-18 10:41:02	image-delete	delete_product_image	DELETE	https://oz-nails-wa.myshopify.com/admin/api/2024-10/products/9364776026347/images/49828523639019.json	9364776026347		images	200	OK	image_id=49828523639019
2026-05-18 10:41:03	image-delete	delete_product_image	DELETE	https://oz-nails-wa.myshopify.com/admin/api/2024-10/products/9364776059115/images/49828524032235.json	9364776059115		images	200	OK	image_id=49828524032235
2026-05-18 10:41:05	image-delete	delete_product_image	DELETE	https://oz-nails-wa.myshopify.com/admin/api/2024-10/products/9364776091883/images/49828524720363.json	9364776091883		images	200	OK	image_id=49828524720363
2026-05-18 10:41:07	image-delete	delete_product_image	DELETE	https://oz-nails-wa.myshopify.com/admin/api/2024-10/products/9364776124651/images/49828525637867.json	9364776124651		images	200	OK	image_id=49828525637867
2026-05-18 10:41:09	image-delete	delete_product_image	DELETE	https://oz-nails-wa.myshopify.com/admin/api/2024-10/products/9364776157419/images/49828526653675.json	9364776157419		images	200	OK	image_id=49828526653675
2026-05-18 10:41:10	image-delete	delete_product_image	DELETE	https://oz-nails-wa.myshopify.com/admin/api/2024-10/products/9364776190187/images/49828528095467.json	9364776190187		images	200	OK	image_id=49828528095467
2026-05-18 10:41:12	image-delete	delete_product_image	DELETE	https://oz-nails-wa.myshopify.com/admin/api/2024-10/products/9364776222955/images/49828529275115.json	9364776222955		images	200	OK	image_id=49828529275115
2026-05-18 10:41:14	image-delete	delete_product_image	DELETE	https://oz-nails-wa.myshopify.com/admin/api/2024-10/products/9364776255723/images/49828529635563.json	9364776255723		images	200	OK	image_id=49828529635563
2026-05-18 10:41:16	image-delete	delete_product_image	DELETE	https://oz-nails-wa.myshopify.com/admin/api/2024-10/products/9364776419563/images/49828529733867.json	9364776419563		images	200	OK	image_id=49828529733867
2026-05-18 10:41:17	image-delete	delete_product_image	DELETE	https://oz-nails-wa.myshopify.com/admin/api/2024-10/products/9364776517867/images/49828529832171.json	9364776517867		images	200	OK	image_id=49828529832171
2026-05-18 10:41:19	image-delete	delete_product_image	DELETE	https://oz-nails-wa.myshopify.com/admin/api/2024-10/products/9364776550635/images/49828529897707.json	9364776550635		images	200	OK	image_id=49828529897707
2026-05-18 10:41:21	image-delete	delete_product_image	DELETE	https://oz-nails-wa.myshopify.com/admin/api/2024-10/products/9364776616171/images/49828530389227.json	9364776616171		images	200	OK	image_id=49828530389227
2026-05-18 10:41:23	image-delete	delete_product_image	DELETE	https://oz-nails-wa.myshopify.com/admin/api/2024-10/products/9364776648939/images/49828530520299.json	9364776648939		images	200	OK	image_id=49828530520299
2026-05-18 10:41:24	image-delete	delete_product_image	DELETE	https://oz-nails-wa.myshopify.com/admin/api/2024-10/products/9364776681707/images/49828530618603.json	9364776681707		images	200	OK	image_id=49828530618603
2026-05-18 10:41:26	image-delete	delete_product_image	DELETE	https://oz-nails-wa.myshopify.com/admin/api/2024-10/products/9364776780011/images/49828532027627.json	9364776780011		images	200	OK	image_id=49828532027627
2026-05-18 10:41:28	image-delete	delete_product_image	DELETE	https://oz-nails-wa.myshopify.com/admin/api/2024-10/products/9364776943851/images/49828533207275.json	9364776943851		images	200	OK	image_id=49828533207275
2026-05-18 10:41:30	image-delete	delete_product_image	DELETE	https://oz-nails-wa.myshopify.com/admin/api/2024-10/products/9364777074923/images/49828534550763.json	9364777074923		images	200	OK	image_id=49828534550763
2026-05-18 10:41:31	image-delete	delete_product_image	DELETE	https://oz-nails-wa.myshopify.com/admin/api/2024-10/products/9364777304299/images/49828535763179.json	9364777304299		images	200	OK	image_id=49828535763179
2026-05-18 10:41:33	image-delete	delete_product_image	DELETE	https://oz-nails-wa.myshopify.com/admin/api/2024-10/products/9364777402603/images/49828535959787.json	9364777402603		images	200	OK	image_id=49828535959787
2026-05-18 10:41:35	image-delete	delete_product_image	DELETE	https://oz-nails-wa.myshopify.com/admin/api/2024-10/products/9364777566443/images/49828536058091.json	9364777566443		images	200	OK	image_id=49828536058091
2026-05-18 10:41:37	image-delete	delete_product_image	DELETE	https://oz-nails-wa.myshopify.com/admin/api/2024-10/products/9364777631979/images/49828536189163.json	9364777631979		images	200	OK	image_id=49828536189163
2026-05-18 10:41:39	image-delete	delete_product_image	DELETE	https://oz-nails-wa.myshopify.com/admin/api/2024-10/products/9364777664747/images/49828536254699.json	9364777664747		images	200	OK	image_id=49828536254699
2026-05-18 10:41:41	image-delete	delete_product_image	DELETE	https://oz-nails-wa.myshopify.com/admin/api/2024-10/products/9364777730283/images/49828536353003.json	9364777730283		images	200	OK	image_id=49828536353003
2026-05-18 10:41:42	image-delete	delete_product_image	DELETE	https://oz-nails-wa.myshopify.com/admin/api/2024-10/products/9364777763051/images/49828536418539.json	9364777763051		images	200	OK	image_id=49828536418539
2026-05-18 10:41:44	image-delete	delete_product_image	DELETE	https://oz-nails-wa.myshopify.com/admin/api/2024-10/products/9364777795819/images/49828537237739.json	9364777795819		images	200	OK	image_id=49828537237739
2026-05-18 10:41:46	image-delete	delete_product_image	DELETE	https://oz-nails-wa.myshopify.com/admin/api/2024-10/products/9364777861355/images/49828538056939.json	9364777861355		images	200	OK	image_id=49828538056939
2026-05-18 10:41:47	image-delete	delete_product_image	DELETE	https://oz-nails-wa.myshopify.com/admin/api/2024-10/products/9364777992427/images/49828538450155.json	9364777992427		images	200	OK	image_id=49828538450155
2026-05-18 10:41:49	image-delete	delete_product_image	DELETE	https://oz-nails-wa.myshopify.com/admin/api/2024-10/products/9364778025195/images/49828539826411.json	9364778025195		images	200	OK	image_id=49828539826411
2026-05-18 10:41:51	image-delete	delete_product_image	DELETE	https://oz-nails-wa.myshopify.com/admin/api/2024-10/products/9364778090731/images/49828540776683.json	9364778090731		images	200	OK	image_id=49828540776683
2026-05-18 10:41:53	image-delete	delete_product_image	DELETE	https://oz-nails-wa.myshopify.com/admin/api/2024-10/products/9364778156267/images/49828541300971.json	9364778156267		images	200	OK	image_id=49828541300971
2026-05-18 10:41:55	image-delete	delete_product_image	DELETE	https://oz-nails-wa.myshopify.com/admin/api/2024-10/products/9364778221803/images/49828541399275.json	9364778221803		images	200	OK	image_id=49828541399275
2026-05-18 10:41:57	image-delete	delete_product_image	DELETE	https://oz-nails-wa.myshopify.com/admin/api/2024-10/products/9364778254571/images/49828541497579.json	9364778254571		images	200	OK	image_id=49828541497579
2026-05-18 10:41:59	image-delete	delete_product_image	DELETE	https://oz-nails-wa.myshopify.com/admin/api/2024-10/products/9364778320107/images/49828541563115.json	9364778320107		images	200	OK	image_id=49828541563115
2026-05-18 10:42:00	image-delete	delete_product_image	DELETE	https://oz-nails-wa.myshopify.com/admin/api/2024-10/products/9364778385643/images/49828541661419.json	9364778385643		images	200	OK	image_id=49828541661419
2026-05-18 10:42:02	image-delete	delete_product_image	DELETE	https://oz-nails-wa.myshopify.com/admin/api/2024-10/products/9364778418411/images/49828541759723.json	9364778418411		images	200	OK	image_id=49828541759723
2026-05-18 10:42:04	image-delete	delete_product_image	DELETE	https://oz-nails-wa.myshopify.com/admin/api/2024-10/products/9364778516715/images/49828542382315.json	9364778516715		images	200	OK	image_id=49828542382315
2026-05-18 10:42:05	image-delete	delete_product_image	DELETE	https://oz-nails-wa.myshopify.com/admin/api/2024-10/products/9364778549483/images/49828543267051.json	9364778549483		images	200	OK	image_id=49828543267051
2026-05-18 10:42:07	image-delete	delete_product_image	DELETE	https://oz-nails-wa.myshopify.com/admin/api/2024-10/products/9364778582251/images/49828543922411.json	9364778582251		images	200	OK	image_id=49828543922411
2026-05-18 10:42:09	image-delete	delete_product_image	DELETE	https://oz-nails-wa.myshopify.com/admin/api/2024-10/products/9364778615019/images/49828544577771.json	9364778615019		images	200	OK	image_id=49828544577771
2026-05-18 10:42:11	image-delete	delete_product_image	DELETE	https://oz-nails-wa.myshopify.com/admin/api/2024-10/products/9364778647787/images/49828545331435.json	9364778647787		images	200	OK	image_id=49828545331435
2026-05-18 10:42:12	image-delete	delete_product_image	DELETE	https://oz-nails-wa.myshopify.com/admin/api/2024-10/products/9364778680555/images/49828546347243.json	9364778680555		images	200	OK	image_id=49828546347243
2026-05-18 10:42:14	image-delete	delete_product_image	DELETE	https://oz-nails-wa.myshopify.com/admin/api/2024-10/products/9364778713323/images/49828546412779.json	9364778713323		images	200	OK	image_id=49828546412779
2026-05-18 10:42:16	image-delete	delete_product_image	DELETE	https://oz-nails-wa.myshopify.com/admin/api/2024-10/products/9364778746091/images/49828546543851.json	9364778746091		images	200	OK	image_id=49828546543851
2026-05-18 10:42:18	image-delete	delete_product_image	DELETE	https://oz-nails-wa.myshopify.com/admin/api/2024-10/products/9364778778859/images/49828546773227.json	9364778778859		images	200	OK	image_id=49828546773227
2026-05-18 10:42:20	image-delete	delete_product_image	DELETE	https://oz-nails-wa.myshopify.com/admin/api/2024-10/products/9364778811627/images/49828546937067.json	9364778811627		images	200	OK	image_id=49828546937067
2026-05-18 10:42:21	image-delete	delete_product_image	DELETE	https://oz-nails-wa.myshopify.com/admin/api/2024-10/products/9364778942699/images/49828547068139.json	9364778942699		images	200	OK	image_id=49828547068139
2026-05-18 10:42:23	image-delete	delete_product_image	DELETE	https://oz-nails-wa.myshopify.com/admin/api/2024-10/products/9364779008235/images/49828547199211.json	9364779008235		images	200	OK	image_id=49828547199211
2026-05-18 10:42:25	image-delete	delete_product_image	DELETE	https://oz-nails-wa.myshopify.com/admin/api/2024-10/products/9364779041003/images/49828547952875.json	9364779041003		images	200	OK	image_id=49828547952875
2026-05-18 10:42:27	image-delete	delete_product_image	DELETE	https://oz-nails-wa.myshopify.com/admin/api/2024-10/products/9364779106539/images/49828549886187.json	9364779106539		images	200	OK	image_id=49828549886187
2026-05-18 10:42:28	image-delete	delete_product_image	DELETE	https://oz-nails-wa.myshopify.com/admin/api/2024-10/products/9364779139307/images/49828551065835.json	9364779139307		images	200	OK	image_id=49828551065835
2026-05-18 10:42:30	image-delete	delete_product_image	DELETE	https://oz-nails-wa.myshopify.com/admin/api/2024-10/products/9364779172075/images/49828552016107.json	9364779172075		images	200	OK	image_id=49828552016107
2026-05-18 10:42:32	image-delete	delete_product_image	DELETE	https://oz-nails-wa.myshopify.com/admin/api/2024-10/products/9364779204843/images/49828552802539.json	9364779204843		images	200	OK	image_id=49828552802539
2026-05-18 10:42:34	image-delete	delete_product_image	DELETE	https://oz-nails-wa.myshopify.com/admin/api/2024-10/products/9364779237611/images/49828553326827.json	9364779237611		images	200	OK	image_id=49828553326827
2026-05-18 10:42:36	image-delete	delete_product_image	DELETE	https://oz-nails-wa.myshopify.com/admin/api/2024-10/products/9365149941995/images/49828553425131.json	9365149941995		images	200	OK	image_id=49828553425131
2026-05-18 10:42:38	image-delete	delete_product_image	DELETE	https://oz-nails-wa.myshopify.com/admin/api/2024-10/products/9365150138603/images/49828553720043.json	9365150138603		images	200	OK	image_id=49828553720043
2026-05-18 10:42:40	image-delete	delete_product_image	DELETE	https://oz-nails-wa.myshopify.com/admin/api/2024-10/products/9364779303147/images/49828553818347.json	9364779303147		images	200	OK	image_id=49828553818347
2026-05-18 10:42:41	image-delete	delete_product_image	DELETE	https://oz-nails-wa.myshopify.com/admin/api/2024-10/products/9364779335915/images/49828553916651.json	9364779335915		images	200	OK	image_id=49828553916651
2026-05-18 10:42:43	image-delete	delete_product_image	DELETE	https://oz-nails-wa.myshopify.com/admin/api/2024-10/products/9364779368683/images/49828553982187.json	9364779368683		images	200	OK	image_id=49828553982187
2026-05-18 10:42:45	image-delete	delete_product_image	DELETE	https://oz-nails-wa.myshopify.com/admin/api/2024-10/products/9364779401451/images/49828554932459.json	9364779401451		images	200	OK	image_id=49828554932459
2026-05-18 10:42:47	image-delete	delete_product_image	DELETE	https://oz-nails-wa.myshopify.com/admin/api/2024-10/products/9364779434219/images/49828556079339.json	9364779434219		images	200	OK	image_id=49828556079339
2026-05-18 10:42:48	image-delete	delete_product_image	DELETE	https://oz-nails-wa.myshopify.com/admin/api/2024-10/products/9364779466987/images/49828557095147.json	9364779466987		images	200	OK	image_id=49828557095147
2026-05-18 10:42:50	image-delete	delete_product_image	DELETE	https://oz-nails-wa.myshopify.com/admin/api/2024-10/products/9364779499755/images/49828558209259.json	9364779499755		images	200	OK	image_id=49828558209259
2026-05-18 10:42:52	image-delete	delete_product_image	DELETE	https://oz-nails-wa.myshopify.com/admin/api/2024-10/products/9364779532523/images/49828559126763.json	9364779532523		images	200	OK	image_id=49828559126763
2026-05-18 10:42:54	image-delete	delete_product_image	DELETE	https://oz-nails-wa.myshopify.com/admin/api/2024-10/products/9364779565291/images/49828560306411.json	9364779565291		images	200	OK	image_id=49828560306411
2026-05-18 10:42:55	image-delete	delete_product_image	DELETE	https://oz-nails-wa.myshopify.com/admin/api/2024-10/products/9364779630827/images/49828560371947.json	9364779630827		images	200	OK	image_id=49828560371947
2026-05-18 10:42:57	image-delete	delete_product_image	DELETE	https://oz-nails-wa.myshopify.com/admin/api/2024-10/products/9364779663595/images/49828560470251.json	9364779663595		images	200	OK	image_id=49828560470251
2026-05-18 10:42:59	image-delete	delete_product_image	DELETE	https://oz-nails-wa.myshopify.com/admin/api/2024-10/products/9364779696363/images/49828560535787.json	9364779696363		images	200	OK	image_id=49828560535787
2026-05-18 10:43:01	image-delete	delete_product_image	DELETE	https://oz-nails-wa.myshopify.com/admin/api/2024-10/products/9364779761899/images/49828560797931.json	9364779761899		images	200	OK	image_id=49828560797931
2026-05-18 10:43:02	image-delete	delete_product_image	DELETE	https://oz-nails-wa.myshopify.com/admin/api/2024-10/products/9364779827435/images/49828560863467.json	9364779827435		images	200	OK	image_id=49828560863467
2026-05-18 10:43:04	image-delete	delete_product_image	DELETE	https://oz-nails-wa.myshopify.com/admin/api/2024-10/products/9364779860203/images/49828562010347.json	9364779860203		images	200	OK	image_id=49828562010347
2026-05-18 10:43:06	image-delete	delete_product_image	DELETE	https://oz-nails-wa.myshopify.com/admin/api/2024-10/products/9364779892971/images/49828562632939.json	9364779892971		images	200	OK	image_id=49828562632939
2026-05-18 10:43:07	image-delete	delete_product_image	DELETE	https://oz-nails-wa.myshopify.com/admin/api/2024-10/products/9364779925739/images/49828563714283.json	9364779925739		images	200	OK	image_id=49828563714283
2026-05-18 10:43:09	image-delete	delete_product_image	DELETE	https://oz-nails-wa.myshopify.com/admin/api/2024-10/products/9364779958507/images/49828564762859.json	9364779958507		images	200	OK	image_id=49828564762859
2026-05-18 10:43:11	image-delete	delete_product_image	DELETE	https://oz-nails-wa.myshopify.com/admin/api/2024-10/products/9364779991275/images/49828565450987.json	9364779991275		images	200	OK	image_id=49828565450987
2026-05-18 10:43:13	image-delete	delete_product_image	DELETE	https://oz-nails-wa.myshopify.com/admin/api/2024-10/products/9364780024043/images/49828566204651.json	9364780024043		images	200	OK	image_id=49828566204651
2026-05-18 10:43:14	image-delete	delete_product_image	DELETE	https://oz-nails-wa.myshopify.com/admin/api/2024-10/products/9364780056811/images/49828566565099.json	9364780056811		images	200	OK	image_id=49828566565099
2026-05-18 10:43:16	image-delete	delete_product_image	DELETE	https://oz-nails-wa.myshopify.com/admin/api/2024-10/products/9364780089579/images/49828567023851.json	9364780089579		images	200	OK	image_id=49828567023851
2026-05-18 10:43:18	image-delete	delete_product_image	DELETE	https://oz-nails-wa.myshopify.com/admin/api/2024-10/products/9364780155115/images/49828567056619.json	9364780155115		images	200	OK	image_id=49828567056619
2026-05-18 10:43:20	image-delete	delete_product_image	DELETE	https://oz-nails-wa.myshopify.com/admin/api/2024-10/products/9364780187883/images/49828567154923.json	9364780187883		images	200	OK	image_id=49828567154923
2026-05-18 10:43:21	image-delete	delete_product_image	DELETE	https://oz-nails-wa.myshopify.com/admin/api/2024-10/products/9364780253419/images/49828567220459.json	9364780253419		images	200	OK	image_id=49828567220459
2026-05-18 10:43:23	image-delete	delete_product_image	DELETE	https://oz-nails-wa.myshopify.com/admin/api/2024-10/products/9364780318955/images/49828567515371.json	9364780318955		images	200	OK	image_id=49828567515371
2026-05-18 10:43:25	image-delete	delete_product_image	DELETE	https://oz-nails-wa.myshopify.com/admin/api/2024-10/products/9364780351723/images/49828568498411.json	9364780351723		images	200	OK	image_id=49828568498411
2026-05-18 10:43:27	image-delete	delete_product_image	DELETE	https://oz-nails-wa.myshopify.com/admin/api/2024-10/products/9364780417259/images/49828569743595.json	9364780417259		images	200	OK	image_id=49828569743595
2026-05-18 10:43:28	image-delete	delete_product_image	DELETE	https://oz-nails-wa.myshopify.com/admin/api/2024-10/products/9364780450027/images/49828570661099.json	9364780450027		images	200	OK	image_id=49828570661099
2026-05-18 10:43:30	image-delete	delete_product_image	DELETE	https://oz-nails-wa.myshopify.com/admin/api/2024-10/products/9364780482795/images/49828571381995.json	9364780482795		images	200	OK	image_id=49828571381995
2026-05-18 10:43:32	image-delete	delete_product_image	DELETE	https://oz-nails-wa.myshopify.com/admin/api/2024-10/products/9364781301995/images/49828572496107.json	9364781301995		images	200	OK	image_id=49828572496107
2026-05-18 10:43:34	image-delete	delete_product_image	DELETE	https://oz-nails-wa.myshopify.com/admin/api/2024-10/products/9364781334763/images/49828573020395.json	9364781334763		images	200	OK	image_id=49828573020395
2026-05-18 10:43:35	image-delete	delete_product_image	DELETE	https://oz-nails-wa.myshopify.com/admin/api/2024-10/products/9364781367531/images/49828573085931.json	9364781367531		images	200	OK	image_id=49828573085931
2026-05-18 10:43:37	image-delete	delete_product_image	DELETE	https://oz-nails-wa.myshopify.com/admin/api/2024-10/products/9364781400299/images/49828573184235.json	9364781400299		images	200	OK	image_id=49828573184235
2026-05-18 10:43:39	image-delete	delete_product_image	DELETE	https://oz-nails-wa.myshopify.com/admin/api/2024-10/products/9365150236907/images/49828573315307.json	9365150236907		images	200	OK	image_id=49828573315307
2026-05-18 10:43:40	image-delete	delete_product_image	DELETE	https://oz-nails-wa.myshopify.com/admin/api/2024-10/products/9365150335211/images/49828573380843.json	9365150335211		images	200	OK	image_id=49828573380843
2026-05-18 10:43:42	image-delete	delete_product_image	DELETE	https://oz-nails-wa.myshopify.com/admin/api/2024-10/products/9364781433067/images/49828573446379.json	9364781433067		images	200	OK	image_id=49828573446379
2026-05-18 10:43:44	image-delete	delete_product_image	DELETE	https://oz-nails-wa.myshopify.com/admin/api/2024-10/products/9364781465835/images/49828573642987.json	9364781465835		images	200	OK	image_id=49828573642987
2026-05-18 10:43:46	image-delete	delete_product_image	DELETE	https://oz-nails-wa.myshopify.com/admin/api/2024-10/products/9364781498603/images/49828574658795.json	9364781498603		images	200	OK	image_id=49828574658795
2026-05-18 10:43:47	image-delete	delete_product_image	DELETE	https://oz-nails-wa.myshopify.com/admin/api/2024-10/products/9364781531371/images/49828575445227.json	9364781531371		images	200	OK	image_id=49828575445227
2026-05-18 10:43:49	image-delete	delete_product_image	DELETE	https://oz-nails-wa.myshopify.com/admin/api/2024-10/products/9364781564139/images/49828576395499.json	9364781564139		images	200	OK	image_id=49828576395499
2026-05-18 10:43:51	image-delete	delete_product_image	DELETE	https://oz-nails-wa.myshopify.com/admin/api/2024-10/products/9364781596907/images/49828577280235.json	9364781596907		images	200	OK	image_id=49828577280235
2026-05-18 10:43:53	image-delete	delete_product_image	DELETE	https://oz-nails-wa.myshopify.com/admin/api/2024-10/products/9364781629675/images/49828578197739.json	9364781629675		images	200	OK	image_id=49828578197739
2026-05-18 10:43:54	image-delete	delete_product_image	DELETE	https://oz-nails-wa.myshopify.com/admin/api/2024-10/products/9364781662443/images/49828578951403.json	9364781662443		images	200	OK	image_id=49828578951403
2026-05-18 10:43:56	image-delete	delete_product_image	DELETE	https://oz-nails-wa.myshopify.com/admin/api/2024-10/products/9364781695211/images/49828579148011.json	9364781695211		images	200	OK	image_id=49828579148011
2026-05-18 10:43:58	image-delete	delete_product_image	DELETE	https://oz-nails-wa.myshopify.com/admin/api/2024-10/products/9364781727979/images/49828579344619.json	9364781727979		images	200	OK	image_id=49828579344619
2026-05-18 10:44:00	image-delete	delete_product_image	DELETE	https://oz-nails-wa.myshopify.com/admin/api/2024-10/products/9364781760747/images/49828579442923.json	9364781760747		images	200	OK	image_id=49828579442923
2026-05-18 10:44:01	image-delete	delete_product_image	DELETE	https://oz-nails-wa.myshopify.com/admin/api/2024-10/products/9364781793515/images/49828579770603.json	9364781793515		images	200	OK	image_id=49828579770603
2026-05-18 10:44:03	image-delete	delete_product_image	DELETE	https://oz-nails-wa.myshopify.com/admin/api/2024-10/products/9364781826283/images/49828579836139.json	9364781826283		images	200	OK	image_id=49828579836139
2026-05-18 10:44:05	image-delete	delete_product_image	DELETE	https://oz-nails-wa.myshopify.com/admin/api/2024-10/products/9364781859051/images/49828580032747.json	9364781859051		images	200	OK	image_id=49828580032747
2026-05-18 10:44:06	image-delete	delete_product_image	DELETE	https://oz-nails-wa.myshopify.com/admin/api/2024-10/products/9364781891819/images/49828580655339.json	9364781891819		images	200	OK	image_id=49828580655339
2026-05-18 10:44:08	image-delete	delete_product_image	DELETE	https://oz-nails-wa.myshopify.com/admin/api/2024-10/products/9364781924587/images/49828581441771.json	9364781924587		images	200	OK	image_id=49828581441771
2026-05-18 10:44:10	image-delete	delete_product_image	DELETE	https://oz-nails-wa.myshopify.com/admin/api/2024-10/products/9364781990123/images/49828582654187.json	9364781990123		images	200	OK	image_id=49828582654187
2026-05-18 10:44:12	image-delete	delete_product_image	DELETE	https://oz-nails-wa.myshopify.com/admin/api/2024-10/products/9364782055659/images/49828583932139.json	9364782055659		images	200	OK	image_id=49828583932139
2026-05-18 10:44:13	image-delete	delete_product_image	DELETE	https://oz-nails-wa.myshopify.com/admin/api/2024-10/products/9364782088427/images/49828585111787.json	9364782088427		images	200	OK	image_id=49828585111787
2026-05-18 10:44:15	image-delete	delete_product_image	DELETE	https://oz-nails-wa.myshopify.com/admin/api/2024-10/products/9364782121195/images/49828585898219.json	9364782121195		images	200	OK	image_id=49828585898219
2026-05-18 10:44:17	image-delete	delete_product_image	DELETE	https://oz-nails-wa.myshopify.com/admin/api/2024-10/products/9364782153963/images/49828585996523.json	9364782153963		images	200	OK	image_id=49828585996523
2026-05-18 10:44:19	image-delete	delete_product_image	DELETE	https://oz-nails-wa.myshopify.com/admin/api/2024-10/products/9364782186731/images/49828586062059.json	9364782186731		images	200	OK	image_id=49828586062059
2026-05-18 10:44:20	image-delete	delete_product_image	DELETE	https://oz-nails-wa.myshopify.com/admin/api/2024-10/products/9364782252267/images/49828586160363.json	9364782252267		images	200	OK	image_id=49828586160363
2026-05-18 10:44:22	image-delete	delete_product_image	DELETE	https://oz-nails-wa.myshopify.com/admin/api/2024-10/products/9364782285035/images/49828586258667.json	9364782285035		images	200	OK	image_id=49828586258667
2026-05-18 10:44:24	image-delete	delete_product_image	DELETE	https://oz-nails-wa.myshopify.com/admin/api/2024-10/products/9364782317803/images/49828586356971.json	9364782317803		images	200	OK	image_id=49828586356971
2026-05-18 10:44:25	image-delete	delete_product_image	DELETE	https://oz-nails-wa.myshopify.com/admin/api/2024-10/products/9364782350571/images/49828586455275.json	9364782350571		images	200	OK	image_id=49828586455275
2026-05-18 10:44:27	image-delete	delete_product_image	DELETE	https://oz-nails-wa.myshopify.com/admin/api/2024-10/products/9364782383339/images/49828587110635.json	9364782383339		images	200	OK	image_id=49828587110635
2026-05-18 10:44:29	image-delete	delete_product_image	DELETE	https://oz-nails-wa.myshopify.com/admin/api/2024-10/products/9364782416107/images/49828587831531.json	9364782416107		images	200	OK	image_id=49828587831531
2026-05-18 10:44:31	image-delete	delete_product_image	DELETE	https://oz-nails-wa.myshopify.com/admin/api/2024-10/products/9364782448875/images/49828588880107.json	9364782448875		images	200	OK	image_id=49828588880107
2026-05-18 10:44:33	image-delete	delete_product_image	DELETE	https://oz-nails-wa.myshopify.com/admin/api/2024-10/products/9364782481643/images/49828589764843.json	9364782481643		images	200	OK	image_id=49828589764843
2026-05-18 10:44:34	image-delete	delete_product_image	DELETE	https://oz-nails-wa.myshopify.com/admin/api/2024-10/products/9364782514411/images/49828590420203.json	9364782514411		images	200	OK	image_id=49828590420203
2026-05-18 10:44:36	image-delete	delete_product_image	DELETE	https://oz-nails-wa.myshopify.com/admin/api/2024-10/products/9364782547179/images/49828590911723.json	9364782547179		images	200	OK	image_id=49828590911723
2026-05-18 10:44:38	image-delete	delete_product_image	DELETE	https://oz-nails-wa.myshopify.com/admin/api/2024-10/products/9364782579947/images/49828590977259.json	9364782579947		images	200	OK	image_id=49828590977259
2026-05-18 10:44:39	image-delete	delete_product_image	DELETE	https://oz-nails-wa.myshopify.com/admin/api/2024-10/products/9364782612715/images/49828591075563.json	9364782612715		images	200	OK	image_id=49828591075563
2026-05-18 10:44:41	image-delete	delete_product_image	DELETE	https://oz-nails-wa.myshopify.com/admin/api/2024-10/products/9364782645483/images/49828591173867.json	9364782645483		images	200	OK	image_id=49828591173867
2026-05-18 10:44:43	image-delete	delete_product_image	DELETE	https://oz-nails-wa.myshopify.com/admin/api/2024-10/products/9364782678251/images/49828591304939.json	9364782678251		images	200	OK	image_id=49828591304939
2026-05-18 10:44:45	image-delete	delete_product_image	DELETE	https://oz-nails-wa.myshopify.com/admin/api/2024-10/products/9364782711019/images/49828591403243.json	9364782711019		images	200	OK	image_id=49828591403243
2026-05-18 10:44:46	image-delete	delete_product_image	DELETE	https://oz-nails-wa.myshopify.com/admin/api/2024-10/products/9364782743787/images/49828591665387.json	9364782743787		images	200	OK	image_id=49828591665387
2026-05-18 10:44:48	image-delete	delete_product_image	DELETE	https://oz-nails-wa.myshopify.com/admin/api/2024-10/products/9364782776555/images/49828592353515.json	9364782776555		images	200	OK	image_id=49828592353515
2026-05-18 10:44:50	image-delete	delete_product_image	DELETE	https://oz-nails-wa.myshopify.com/admin/api/2024-10/products/9364782809323/images/49828593565931.json	9364782809323		images	200	OK	image_id=49828593565931
2026-05-18 10:44:52	image-delete	delete_product_image	DELETE	https://oz-nails-wa.myshopify.com/admin/api/2024-10/products/9364783005931/images/49828594745579.json	9364783005931		images	200	OK	image_id=49828594745579
2026-05-18 10:44:53	image-delete	delete_product_image	DELETE	https://oz-nails-wa.myshopify.com/admin/api/2024-10/products/9364783268075/images/49828595335403.json	9364783268075		images	200	OK	image_id=49828595335403
2026-05-18 10:44:55	image-delete	delete_product_image	DELETE	https://oz-nails-wa.myshopify.com/admin/api/2024-10/products/9364783497451/images/49828595990763.json	9364783497451		images	200	OK	image_id=49828595990763
2026-05-18 10:44:57	image-delete	delete_product_image	DELETE	https://oz-nails-wa.myshopify.com/admin/api/2024-10/products/9364783792363/images/49828596646123.json	9364783792363		images	200	OK	image_id=49828596646123
2026-05-18 10:44:59	image-delete	delete_product_image	DELETE	https://oz-nails-wa.myshopify.com/admin/api/2024-10/products/9364784087275/images/49828596908267.json	9364784087275		images	200	OK	image_id=49828596908267
2026-05-18 10:45:01	image-delete	delete_product_image	DELETE	https://oz-nails-wa.myshopify.com/admin/api/2024-10/products/9364784316651/images/49828597170411.json	9364784316651		images	200	OK	image_id=49828597170411
2026-05-18 10:45:02	image-delete	delete_product_image	DELETE	https://oz-nails-wa.myshopify.com/admin/api/2024-10/products/9364784644331/images/49828597268715.json	9364784644331		images	200	OK	image_id=49828597268715
2026-05-18 10:45:04	image-delete	delete_product_image	DELETE	https://oz-nails-wa.myshopify.com/admin/api/2024-10/products/9364784873707/images/49828597367019.json	9364784873707		images	200	OK	image_id=49828597367019
2026-05-18 10:45:06	image-delete	delete_product_image	DELETE	https://oz-nails-wa.myshopify.com/admin/api/2024-10/products/9364785135851/images/49828597563627.json	9364785135851		images	200	OK	image_id=49828597563627
2026-05-18 10:45:08	image-delete	delete_product_image	DELETE	https://oz-nails-wa.myshopify.com/admin/api/2024-10/products/9364785365227/images/49828597760235.json	9364785365227		images	200	OK	image_id=49828597760235
2026-05-18 10:45:09	image-delete	delete_product_image	DELETE	https://oz-nails-wa.myshopify.com/admin/api/2024-10/products/9364785660139/images/49828598481131.json	9364785660139		images	200	OK	image_id=49828598481131
2026-05-18 10:45:11	image-delete	delete_product_image	DELETE	https://oz-nails-wa.myshopify.com/admin/api/2024-10/products/9364785889515/images/49828599038187.json	9364785889515		images	200	OK	image_id=49828599038187
2026-05-18 10:45:13	image-delete	delete_product_image	DELETE	https://oz-nails-wa.myshopify.com/admin/api/2024-10/products/9364786217195/images/49828599824619.json	9364786217195		images	200	OK	image_id=49828599824619
2026-05-18 10:45:15	image-delete	delete_product_image	DELETE	https://oz-nails-wa.myshopify.com/admin/api/2024-10/products/9364786479339/images/49828600447211.json	9364786479339		images	200	OK	image_id=49828600447211
2026-05-18 10:45:17	image-delete	delete_product_image	DELETE	https://oz-nails-wa.myshopify.com/admin/api/2024-10/products/9364786675947/images/49828601233643.json	9364786675947		images	200	OK	image_id=49828601233643
2026-05-18 10:45:18	image-delete	delete_product_image	DELETE	https://oz-nails-wa.myshopify.com/admin/api/2024-10/products/9364786938091/images/49828601954539.json	9364786938091		images	200	OK	image_id=49828601954539
2026-05-18 10:45:20	image-delete	delete_product_image	DELETE	https://oz-nails-wa.myshopify.com/admin/api/2024-10/products/9364787200235/images/49828602183915.json	9364787200235		images	200	OK	image_id=49828602183915
2026-05-18 10:45:22	image-delete	delete_product_image	DELETE	https://oz-nails-wa.myshopify.com/admin/api/2024-10/products/9364787429611/images/49828602347755.json	9364787429611		images	200	OK	image_id=49828602347755
2026-05-18 10:45:23	image-delete	delete_product_image	DELETE	https://oz-nails-wa.myshopify.com/admin/api/2024-10/products/9364787691755/images/49828602446059.json	9364787691755		images	200	OK	image_id=49828602446059
2026-05-18 10:45:25	image-delete	delete_product_image	DELETE	https://oz-nails-wa.myshopify.com/admin/api/2024-10/products/9364787888363/images/49828602609899.json	9364787888363		images	200	OK	image_id=49828602609899
2026-05-18 10:45:27	image-delete	delete_product_image	DELETE	https://oz-nails-wa.myshopify.com/admin/api/2024-10/products/9364788117739/images/49828602872043.json	9364788117739		images	200	OK	image_id=49828602872043
2026-05-18 10:45:29	image-delete	delete_product_image	DELETE	https://oz-nails-wa.myshopify.com/admin/api/2024-10/products/9364788314347/images/49828603232491.json	9364788314347		images	200	OK	image_id=49828603232491
2026-05-18 10:45:31	image-delete	delete_product_image	DELETE	https://oz-nails-wa.myshopify.com/admin/api/2024-10/products/9364788510955/images/49828603986155.json	9364788510955		images	200	OK	image_id=49828603986155
2026-05-18 10:45:33	image-delete	delete_product_image	DELETE	https://oz-nails-wa.myshopify.com/admin/api/2024-10/products/9364788805867/images/49828605067499.json	9364788805867		images	200	OK	image_id=49828605067499
2026-05-18 10:45:34	image-delete	delete_product_image	DELETE	https://oz-nails-wa.myshopify.com/admin/api/2024-10/products/9364789035243/images/49828606116075.json	9364789035243		images	200	OK	image_id=49828606116075
2026-05-18 10:45:36	image-delete	delete_product_image	DELETE	https://oz-nails-wa.myshopify.com/admin/api/2024-10/products/9364789264619/images/49828607197419.json	9364789264619		images	200	OK	image_id=49828607197419
2026-05-18 10:45:38	image-delete	delete_product_image	DELETE	https://oz-nails-wa.myshopify.com/admin/api/2024-10/products/9364789526763/images/49828608082155.json	9364789526763		images	200	OK	image_id=49828608082155
2026-05-18 10:45:40	image-delete	delete_product_image	DELETE	https://oz-nails-wa.myshopify.com/admin/api/2024-10/products/9364789788907/images/49828609097963.json	9364789788907		images	200	OK	image_id=49828609097963
2026-05-18 10:45:41	image-delete	delete_product_image	DELETE	https://oz-nails-wa.myshopify.com/admin/api/2024-10/products/9364790051051/images/49828609458411.json	9364790051051		images	200	OK	image_id=49828609458411
2026-05-18 10:45:43	image-delete	delete_product_image	DELETE	https://oz-nails-wa.myshopify.com/admin/api/2024-10/products/9364790280427/images/49828609589483.json	9364790280427		images	200	OK	image_id=49828609589483
2026-05-18 10:45:45	image-delete	delete_product_image	DELETE	https://oz-nails-wa.myshopify.com/admin/api/2024-10/products/9364790575339/images/49828609687787.json	9364790575339		images	200	OK	image_id=49828609687787
2026-05-18 10:45:47	image-delete	delete_product_image	DELETE	https://oz-nails-wa.myshopify.com/admin/api/2024-10/products/9364790837483/images/49828609851627.json	9364790837483		images	200	OK	image_id=49828609851627
2026-05-18 10:45:48	image-delete	delete_product_image	DELETE	https://oz-nails-wa.myshopify.com/admin/api/2024-10/products/9364791066859/images/49828610015467.json	9364791066859		images	200	OK	image_id=49828610015467
2026-05-18 10:45:50	image-delete	delete_product_image	DELETE	https://oz-nails-wa.myshopify.com/admin/api/2024-10/products/9364791296235/images/49828610113771.json	9364791296235		images	200	OK	image_id=49828610113771
2026-05-18 10:45:52	image-delete	delete_product_image	DELETE	https://oz-nails-wa.myshopify.com/admin/api/2024-10/products/9364791525611/images/49828610670827.json	9364791525611		images	200	OK	image_id=49828610670827
2026-05-18 10:45:54	image-delete	delete_product_image	DELETE	https://oz-nails-wa.myshopify.com/admin/api/2024-10/products/9364791787755/images/49828611653867.json	9364791787755		images	200	OK	image_id=49828611653867
2026-05-18 10:45:55	image-delete	delete_product_image	DELETE	https://oz-nails-wa.myshopify.com/admin/api/2024-10/products/9364792115435/images/49828612276459.json	9364792115435		images	200	OK	image_id=49828612276459
2026-05-18 10:45:57	image-delete	delete_product_image	DELETE	https://oz-nails-wa.myshopify.com/admin/api/2024-10/products/9364792312043/images/49828613128427.json	9364792312043		images	200	OK	image_id=49828613128427
2026-05-18 10:45:59	image-delete	delete_product_image	DELETE	https://oz-nails-wa.myshopify.com/admin/api/2024-10/products/9364792541419/images/49828613947627.json	9364792541419		images	200	OK	image_id=49828613947627
2026-05-18 10:46:01	image-delete	delete_product_image	DELETE	https://oz-nails-wa.myshopify.com/admin/api/2024-10/products/9364792770795/images/49828615160043.json	9364792770795		images	200	OK	image_id=49828615160043
2026-05-18 10:46:02	image-delete	delete_product_image	DELETE	https://oz-nails-wa.myshopify.com/admin/api/2024-10/products/9364793032939/images/49828615848171.json	9364793032939		images	200	OK	image_id=49828615848171
2026-05-18 10:46:04	image-delete	delete_product_image	DELETE	https://oz-nails-wa.myshopify.com/admin/api/2024-10/products/9364793262315/images/49828616143083.json	9364793262315		images	200	OK	image_id=49828616143083
2026-05-18 10:46:06	image-delete	delete_product_image	DELETE	https://oz-nails-wa.myshopify.com/admin/api/2024-10/products/9364793491691/images/49828616274155.json	9364793491691		images	200	OK	image_id=49828616274155
2026-05-18 10:46:07	image-delete	delete_product_image	DELETE	https://oz-nails-wa.myshopify.com/admin/api/2024-10/products/9364793688299/images/49828616470763.json	9364793688299		images	200	OK	image_id=49828616470763
2026-05-18 10:46:09	image-delete	delete_product_image	DELETE	https://oz-nails-wa.myshopify.com/admin/api/2024-10/products/9364793917675/images/49828616667371.json	9364793917675		images	200	OK	image_id=49828616667371
2026-05-18 10:46:11	image-delete	delete_product_image	DELETE	https://oz-nails-wa.myshopify.com/admin/api/2024-10/products/9364794147051/images/49828616962283.json	9364794147051		images	200	OK	image_id=49828616962283
2026-05-18 10:46:13	image-delete	delete_product_image	DELETE	https://oz-nails-wa.myshopify.com/admin/api/2024-10/products/9364794409195/images/49828617257195.json	9364794409195		images	200	OK	image_id=49828617257195
2026-05-18 10:46:15	image-delete	delete_product_image	DELETE	https://oz-nails-wa.myshopify.com/admin/api/2024-10/products/9364794605803/images/49828617847019.json	9364794605803		images	200	OK	image_id=49828617847019
2026-05-18 10:46:17	image-delete	delete_product_image	DELETE	https://oz-nails-wa.myshopify.com/admin/api/2024-10/products/9364794802411/images/49828618567915.json	9364794802411		images	200	OK	image_id=49828618567915
2026-05-18 10:46:19	image-delete	delete_product_image	DELETE	https://oz-nails-wa.myshopify.com/admin/api/2024-10/products/9364795097323/images/49828619419883.json	9364795097323		images	200	OK	image_id=49828619419883
2026-05-18 10:46:20	image-delete	delete_product_image	DELETE	https://oz-nails-wa.myshopify.com/admin/api/2024-10/products/9364795359467/images/49828620173547.json	9364795359467		images	200	OK	image_id=49828620173547
2026-05-18 10:46:22	image-delete	delete_product_image	DELETE	https://oz-nails-wa.myshopify.com/admin/api/2024-10/products/9364795588843/images/49828620992747.json	9364795588843		images	200	OK	image_id=49828620992747
2026-05-18 10:46:24	image-delete	delete_product_image	DELETE	https://oz-nails-wa.myshopify.com/admin/api/2024-10/products/9364795850987/images/49828622270699.json	9364795850987		images	200	OK	image_id=49828622270699
2026-05-18 10:46:25	image-delete	delete_product_image	DELETE	https://oz-nails-wa.myshopify.com/admin/api/2024-10/products/9364796080363/images/49828623089899.json	9364796080363		images	200	OK	image_id=49828623089899
2026-05-18 10:46:27	image-delete	delete_product_image	DELETE	https://oz-nails-wa.myshopify.com/admin/api/2024-10/products/9364796309739/images/49828623679723.json	9364796309739		images	200	OK	image_id=49828623679723
2026-05-18 10:46:29	image-delete	delete_product_image	DELETE	https://oz-nails-wa.myshopify.com/admin/api/2024-10/products/9364796506347/images/49828623941867.json	9364796506347		images	200	OK	image_id=49828623941867
2026-05-18 10:46:31	image-delete	delete_product_image	DELETE	https://oz-nails-wa.myshopify.com/admin/api/2024-10/products/9364796768491/images/49828624105707.json	9364796768491		images	200	OK	image_id=49828624105707
2026-05-18 10:46:32	image-delete	delete_product_image	DELETE	https://oz-nails-wa.myshopify.com/admin/api/2024-10/products/9364796997867/images/49828624204011.json	9364796997867		images	200	OK	image_id=49828624204011
2026-05-18 10:46:34	image-delete	delete_product_image	DELETE	https://oz-nails-wa.myshopify.com/admin/api/2024-10/products/9364797227243/images/49828624335083.json	9364797227243		images	200	OK	image_id=49828624335083
2026-05-18 10:46:36	image-delete	delete_product_image	DELETE	https://oz-nails-wa.myshopify.com/admin/api/2024-10/products/9364797456619/images/49828624433387.json	9364797456619		images	200	OK	image_id=49828624433387
2026-05-18 10:46:38	image-delete	delete_product_image	DELETE	https://oz-nails-wa.myshopify.com/admin/api/2024-10/products/9364797685995/images/49828625318123.json	9364797685995		images	200	OK	image_id=49828625318123
2026-05-18 10:46:39	image-delete	delete_product_image	DELETE	https://oz-nails-wa.myshopify.com/admin/api/2024-10/products/9364797915371/images/49828626202859.json	9364797915371		images	200	OK	image_id=49828626202859
2026-05-18 10:46:41	image-delete	delete_product_image	DELETE	https://oz-nails-wa.myshopify.com/admin/api/2024-10/products/9364798144747/images/49828627415275.json	9364798144747		images	200	OK	image_id=49828627415275
2026-05-18 10:46:43	image-delete	delete_product_image	DELETE	https://oz-nails-wa.myshopify.com/admin/api/2024-10/products/9364798406891/images/49828628300011.json	9364798406891		images	200	OK	image_id=49828628300011
2026-05-18 10:46:44	image-delete	delete_product_image	DELETE	https://oz-nails-wa.myshopify.com/admin/api/2024-10/products/9364798603499/images/49828629315819.json	9364798603499		images	200	OK	image_id=49828629315819
2026-05-18 10:46:46	image-delete	delete_product_image	DELETE	https://oz-nails-wa.myshopify.com/admin/api/2024-10/products/9364798832875/images/49828629938411.json	9364798832875		images	200	OK	image_id=49828629938411
2026-05-18 10:46:48	image-delete	delete_product_image	DELETE	https://oz-nails-wa.myshopify.com/admin/api/2024-10/products/9364799062251/images/49828630724843.json	9364799062251		images	200	OK	image_id=49828630724843
2026-05-18 10:46:50	image-delete	delete_product_image	DELETE	https://oz-nails-wa.myshopify.com/admin/api/2024-10/products/9364799291627/images/49828630823147.json	9364799291627		images	200	OK	image_id=49828630823147
2026-05-18 10:46:52	image-delete	delete_product_image	DELETE	https://oz-nails-wa.myshopify.com/admin/api/2024-10/products/9364799521003/images/49828631085291.json	9364799521003		images	200	OK	image_id=49828631085291
2026-05-18 10:46:53	image-delete	delete_product_image	DELETE	https://oz-nails-wa.myshopify.com/admin/api/2024-10/products/9364799750379/images/49828631183595.json	9364799750379		images	200	OK	image_id=49828631183595
2026-05-18 10:46:55	image-delete	delete_product_image	DELETE	https://oz-nails-wa.myshopify.com/admin/api/2024-10/products/9364799979755/images/49828631314667.json	9364799979755		images	200	OK	image_id=49828631314667
2026-05-18 10:46:57	image-delete	delete_product_image	DELETE	https://oz-nails-wa.myshopify.com/admin/api/2024-10/products/9364800209131/images/49828631445739.json	9364800209131		images	200	OK	image_id=49828631445739
2026-05-18 10:46:58	image-delete	delete_product_image	DELETE	https://oz-nails-wa.myshopify.com/admin/api/2024-10/products/9364800471275/images/49828631773419.json	9364800471275		images	200	OK	image_id=49828631773419
2026-05-18 10:47:00	image-delete	delete_product_image	DELETE	https://oz-nails-wa.myshopify.com/admin/api/2024-10/products/9365100789995/images/49828632363243.json	9365100789995		images	200	OK	image_id=49828632363243
2026-05-18 10:47:02	image-delete	delete_product_image	DELETE	https://oz-nails-wa.myshopify.com/admin/api/2024-10/products/9364800733419/images/49828633116907.json	9364800733419		images	200	OK	image_id=49828633116907
2026-05-18 10:47:05	image-delete	delete_product_image	DELETE	https://oz-nails-wa.myshopify.com/admin/api/2024-10/products/9365100495083/images/49828633510123.json	9365100495083		images	200	OK	image_id=49828633510123
2026-05-18 10:47:07	image-delete	delete_product_image	DELETE	https://oz-nails-wa.myshopify.com/admin/api/2024-10/products/9364800930027/images/49828634296555.json	9364800930027		images	200	OK	image_id=49828634296555
2026-05-18 10:47:09	image-delete	delete_product_image	DELETE	https://oz-nails-wa.myshopify.com/admin/api/2024-10/products/9365100527851/images/49828635181291.json	9365100527851		images	200	OK	image_id=49828635181291
2026-05-18 10:47:11	image-delete	delete_product_image	DELETE	https://oz-nails-wa.myshopify.com/admin/api/2024-10/products/9364801159403/images/49828636328171.json	9364801159403		images	200	OK	image_id=49828636328171
2026-05-18 10:47:13	image-delete	delete_product_image	DELETE	https://oz-nails-wa.myshopify.com/admin/api/2024-10/products/9364801388779/images/49828637016299.json	9364801388779		images	200	OK	image_id=49828637016299
2026-05-18 10:47:17	image-delete	delete_product_image	DELETE	https://oz-nails-wa.myshopify.com/admin/api/2024-10/products/9365100167403/images/49828637147371.json	9365100167403		images	200	OK	image_id=49828637147371
2026-05-18 10:47:18	image-delete	delete_product_image	DELETE	https://oz-nails-wa.myshopify.com/admin/api/2024-10/products/9365100101867/images/49828637475051.json	9365100101867		images	200	OK	image_id=49828637475051
2026-05-18 10:47:20	image-delete	delete_product_image	DELETE	https://oz-nails-wa.myshopify.com/admin/api/2024-10/products/9364801650923/images/49828637901035.json	9364801650923		images	200	OK	image_id=49828637901035
2026-05-18 10:47:22	image-delete	delete_product_image	DELETE	https://oz-nails-wa.myshopify.com/admin/api/2024-10/products/9364801880299/images/49828638130411.json	9364801880299		images	200	OK	image_id=49828638130411
2026-05-18 10:47:24	image-delete	delete_product_image	DELETE	https://oz-nails-wa.myshopify.com/admin/api/2024-10/products/9364802109675/images/49828638294251.json	9364802109675		images	200	OK	image_id=49828638294251
2026-05-18 10:47:26	image-delete	delete_product_image	DELETE	https://oz-nails-wa.myshopify.com/admin/api/2024-10/products/9365098168555/images/49828638392555.json	9365098168555		images	200	OK	image_id=49828638392555
2026-05-18 10:47:43	image-delete	delete_product_image	DELETE	https://oz-nails-wa.myshopify.com/admin/api/2024-10/products/9364802371819/images/49828638687467.json	9364802371819		images	200	OK	image_id=49828638687467
2026-05-18 10:47:45	image-delete	delete_product_image	DELETE	https://oz-nails-wa.myshopify.com/admin/api/2024-10/products/9365099446507/images/49828639441131.json	9365099446507		images	200	OK	image_id=49828639441131
2026-05-18 10:47:47	image-delete	delete_product_image	DELETE	https://oz-nails-wa.myshopify.com/admin/api/2024-10/products/9364802601195/images/49828640162027.json	9364802601195		images	200	OK	image_id=49828640162027
2026-05-18 10:47:48	image-delete	delete_product_image	DELETE	https://oz-nails-wa.myshopify.com/admin/api/2024-10/products/9364803092715/images/49828641112299.json	9364803092715		images	200	OK	image_id=49828641112299
2026-05-18 10:47:50	image-delete	delete_product_image	DELETE	https://oz-nails-wa.myshopify.com/admin/api/2024-10/products/9364803322091/images/49828641669355.json	9364803322091		images	200	OK	image_id=49828641669355
2026-05-18 10:47:52	image-delete	delete_product_image	DELETE	https://oz-nails-wa.myshopify.com/admin/api/2024-10/products/9364803551467/images/49828642750699.json	9364803551467		images	200	OK	image_id=49828642750699
2026-05-18 10:47:55	image-delete	delete_product_image	DELETE	https://oz-nails-wa.myshopify.com/admin/api/2024-10/products/9364926890219/images/49828643864811.json	9364926890219		images	200	OK	image_id=49828643864811
2026-05-18 10:47:57	image-delete	delete_product_image	DELETE	https://oz-nails-wa.myshopify.com/admin/api/2024-10/products/9365098004715/images/49828643995883.json	9365098004715		images	200	OK	image_id=49828643995883
2026-05-18 10:47:58	image-delete	delete_product_image	DELETE	https://oz-nails-wa.myshopify.com/admin/api/2024-10/products/9364803748075/images/49828644290795.json	9364803748075		images	200	OK	image_id=49828644290795
2026-05-18 10:48:00	image-delete	delete_product_image	DELETE	https://oz-nails-wa.myshopify.com/admin/api/2024-10/products/9364803977451/images/49828644421867.json	9364803977451		images	200	OK	image_id=49828644421867
2026-05-18 10:48:02	image-delete	delete_product_image	DELETE	https://oz-nails-wa.myshopify.com/admin/api/2024-10/products/9364804468971/images/49828644684011.json	9364804468971		images	200	OK	image_id=49828644684011
2026-05-18 10:48:04	image-delete	delete_product_image	DELETE	https://oz-nails-wa.myshopify.com/admin/api/2024-10/products/9364804698347/images/49828644978923.json	9364804698347		images	200	OK	image_id=49828644978923
2026-05-18 10:48:05	image-delete	delete_product_image	DELETE	https://oz-nails-wa.myshopify.com/admin/api/2024-10/products/9364807450859/images/49828645142763.json	9364807450859		images	200	OK	image_id=49828645142763
2026-05-18 10:48:07	image-delete	delete_product_image	DELETE	https://oz-nails-wa.myshopify.com/admin/api/2024-10/products/9364807713003/images/49828645667051.json	9364807713003		images	200	OK	image_id=49828645667051
2026-05-18 10:48:09	image-delete	delete_product_image	DELETE	https://oz-nails-wa.myshopify.com/admin/api/2024-10/products/9364807909611/images/49828646420715.json	9364807909611		images	200	OK	image_id=49828646420715
2026-05-18 10:48:11	image-delete	delete_product_image	DELETE	https://oz-nails-wa.myshopify.com/admin/api/2024-10/products/9364808138987/images/49828647174379.json	9364808138987		images	200	OK	image_id=49828647174379
2026-05-18 10:48:13	image-delete	delete_product_image	DELETE	https://oz-nails-wa.myshopify.com/admin/api/2024-10/products/9365243756779/images/49828647829739.json	9365243756779		images	200	OK	image_id=49828647829739
2026-05-18 10:48:15	image-delete	delete_product_image	DELETE	https://oz-nails-wa.myshopify.com/admin/api/2024-10/products/9364808368363/images/49828648812779.json	9364808368363		images	200	OK	image_id=49828648812779
2026-05-18 10:48:16	image-delete	delete_product_image	DELETE	https://oz-nails-wa.myshopify.com/admin/api/2024-10/products/9364808564971/images/49828649468139.json	9364808564971		images	200	OK	image_id=49828649468139
2026-05-18 10:48:18	image-delete	delete_product_image	DELETE	https://oz-nails-wa.myshopify.com/admin/api/2024-10/products/9364808794347/images/49828650123499.json	9364808794347		images	200	OK	image_id=49828650123499
2026-05-18 10:48:20	image-delete	delete_product_image	DELETE	https://oz-nails-wa.myshopify.com/admin/api/2024-10/products/9365098070251/images/49828651041003.json	9365098070251		images	200	OK	image_id=49828651041003
2026-05-18 10:48:22	image-delete	delete_product_image	DELETE	https://oz-nails-wa.myshopify.com/admin/api/2024-10/products/9364810957035/images/49828651368683.json	9364810957035		images	200	OK	image_id=49828651368683
2026-05-18 10:48:24	image-delete	delete_product_image	DELETE	https://oz-nails-wa.myshopify.com/admin/api/2024-10/products/9364811186411/images/49828651499755.json	9364811186411		images	200	OK	image_id=49828651499755
2026-05-18 10:48:25	image-delete	delete_product_image	DELETE	https://oz-nails-wa.myshopify.com/admin/api/2024-10/products/9364811415787/images/49828651598059.json	9364811415787		images	200	OK	image_id=49828651598059
2026-05-18 10:48:32	image-delete	delete_product_image	DELETE	https://oz-nails-wa.myshopify.com/admin/api/2024-10/products/9364813775083/images/49828651729131.json	9364813775083		images	200	OK	image_id=49828651729131
2026-05-18 10:48:33	image-delete	delete_product_image	DELETE	https://oz-nails-wa.myshopify.com/admin/api/2024-10/products/9364814069995/images/49828651860203.json	9364814069995		images	200	OK	image_id=49828651860203
2026-05-18 10:48:35	image-delete	delete_product_image	DELETE	https://oz-nails-wa.myshopify.com/admin/api/2024-10/products/9364814299371/images/49828652318955.json	9364814299371		images	200	OK	image_id=49828652318955
2026-05-18 10:48:37	image-delete	delete_product_image	DELETE	https://oz-nails-wa.myshopify.com/admin/api/2024-10/products/9364814528747/images/49828653007083.json	9364814528747		images	200	OK	image_id=49828653007083
2026-05-18 10:48:39	image-delete	delete_product_image	DELETE	https://oz-nails-wa.myshopify.com/admin/api/2024-10/products/9364814758123/images/49828653990123.json	9364814758123		images	200	OK	image_id=49828653990123
2026-05-18 10:48:40	image-delete	delete_product_image	DELETE	https://oz-nails-wa.myshopify.com/admin/api/2024-10/products/9364814987499/images/49828654809323.json	9364814987499		images	200	OK	image_id=49828654809323
2026-05-18 10:48:42	image-delete	delete_product_image	DELETE	https://oz-nails-wa.myshopify.com/admin/api/2024-10/products/9364815184107/images/49828655694059.json	9364815184107		images	200	OK	image_id=49828655694059
2026-05-18 10:48:44	image-delete	delete_product_image	DELETE	https://oz-nails-wa.myshopify.com/admin/api/2024-10/products/9364815446251/images/49828657070315.json	9364815446251		images	200	OK	image_id=49828657070315
2026-05-18 10:48:46	image-delete	delete_product_image	DELETE	https://oz-nails-wa.myshopify.com/admin/api/2024-10/products/9364815708395/images/49828658118891.json	9364815708395		images	200	OK	image_id=49828658118891
2026-05-18 10:48:47	image-delete	delete_product_image	DELETE	https://oz-nails-wa.myshopify.com/admin/api/2024-10/products/9364815937771/images/49828658970859.json	9364815937771		images	200	OK	image_id=49828658970859
2026-05-18 10:48:49	image-delete	delete_product_image	DELETE	https://oz-nails-wa.myshopify.com/admin/api/2024-10/products/9364816167147/images/49828659101931.json	9364816167147		images	200	OK	image_id=49828659101931
2026-05-18 10:48:51	image-delete	delete_product_image	DELETE	https://oz-nails-wa.myshopify.com/admin/api/2024-10/products/9364816396523/images/49828659200235.json	9364816396523		images	200	OK	image_id=49828659200235
2026-05-18 10:48:53	image-delete	delete_product_image	DELETE	https://oz-nails-wa.myshopify.com/admin/api/2024-10/products/9364816658667/images/49828659331307.json	9364816658667		images	200	OK	image_id=49828659331307
2026-05-18 10:48:54	image-delete	delete_product_image	DELETE	https://oz-nails-wa.myshopify.com/admin/api/2024-10/products/9364816888043/images/49828659462379.json	9364816888043		images	200	OK	image_id=49828659462379
2026-05-18 10:48:56	image-delete	delete_product_image	DELETE	https://oz-nails-wa.myshopify.com/admin/api/2024-10/products/9364817084651/images/49828659560683.json	9364817084651		images	200	OK	image_id=49828659560683
2026-05-18 10:48:58	image-delete	delete_product_image	DELETE	https://oz-nails-wa.myshopify.com/admin/api/2024-10/products/9364817346795/images/49828659658987.json	9364817346795		images	200	OK	image_id=49828659658987
2026-05-18 10:49:00	image-delete	delete_product_image	DELETE	https://oz-nails-wa.myshopify.com/admin/api/2024-10/products/9365505704171/images/49828660084971.json	9365505704171		images	200	OK	image_id=49828660084971
2026-05-18 10:49:01	image-delete	delete_product_image	DELETE	https://oz-nails-wa.myshopify.com/admin/api/2024-10/products/9365505736939/images/49828660642027.json	9365505736939		images	200	OK	image_id=49828660642027
2026-05-18 10:49:03	image-delete	delete_product_image	DELETE	https://oz-nails-wa.myshopify.com/admin/api/2024-10/products/9365508587755/images/49828660936939.json	9365508587755		images	200	OK	image_id=49828660936939
2026-05-18 10:49:05	image-delete	delete_product_image	DELETE	https://oz-nails-wa.myshopify.com/admin/api/2024-10/products/9365511373035/images/49828661297387.json	9365511373035		images	200	OK	image_id=49828661297387
2026-05-18 10:49:07	image-delete	delete_product_image	DELETE	https://oz-nails-wa.myshopify.com/admin/api/2024-10/products/9365515075819/images/49828661723371.json	9365515075819		images	200	OK	image_id=49828661723371
2026-05-18 10:49:08	image-delete	delete_product_image	DELETE	https://oz-nails-wa.myshopify.com/admin/api/2024-10/products/9365516353771/images/49828662345963.json	9365516353771		images	200	OK	image_id=49828662345963
2026-05-18 10:49:10	image-delete	delete_product_image	DELETE	https://oz-nails-wa.myshopify.com/admin/api/2024-10/products/9365517566187/images/49828662837483.json	9365517566187		images	200	OK	image_id=49828662837483
2026-05-18 10:49:12	image-delete	delete_product_image	DELETE	https://oz-nails-wa.myshopify.com/admin/api/2024-10/products/9365504524523/images/49828663197931.json	9365504524523		images	200	OK	image_id=49828663197931
2026-05-18 10:49:14	image-delete	delete_product_image	DELETE	https://oz-nails-wa.myshopify.com/admin/api/2024-10/products/9365521006827/images/49828663361771.json	9365521006827		images	200	OK	image_id=49828663361771
2026-05-18 10:49:15	image-delete	delete_product_image	DELETE	https://oz-nails-wa.myshopify.com/admin/api/2024-10/products/9365521072363/images/49828663951595.json	9365521072363		images	200	OK	image_id=49828663951595
2026-05-18 10:49:17	image-delete	delete_product_image	DELETE	https://oz-nails-wa.myshopify.com/admin/api/2024-10/products/9365525528811/images/49828664344811.json	9365525528811		images	200	OK	image_id=49828664344811
2026-05-18 10:49:19	image-delete	delete_product_image	DELETE	https://oz-nails-wa.myshopify.com/admin/api/2024-10/products/9365527331051/images/49828664770795.json	9365527331051		images	200	OK	image_id=49828664770795
2026-05-18 10:49:21	image-delete	delete_product_image	DELETE	https://oz-nails-wa.myshopify.com/admin/api/2024-10/products/9365530149099/images/49828664967403.json	9365530149099		images	200	OK	image_id=49828664967403
2026-05-18 10:49:22	image-delete	delete_product_image	DELETE	https://oz-nails-wa.myshopify.com/admin/api/2024-10/products/9365530378475/images/49828665295083.json	9365530378475		images	200	OK	image_id=49828665295083
2026-05-18 10:49:24	image-delete	delete_product_image	DELETE	https://oz-nails-wa.myshopify.com/admin/api/2024-10/products/9365530640619/images/49828665491691.json	9365530640619		images	200	OK	image_id=49828665491691
2026-05-18 10:49:26	image-delete	delete_product_image	DELETE	https://oz-nails-wa.myshopify.com/admin/api/2024-10/products/9365519859947/images/49828665688299.json	9365519859947		images	200	OK	image_id=49828665688299
2026-05-18 10:49:28	image-delete	delete_product_image	DELETE	https://oz-nails-wa.myshopify.com/admin/api/2024-10/products/9365531230443/images/49828665852139.json	9365531230443		images	200	OK	image_id=49828665852139
2026-05-18 10:49:29	image-delete	delete_product_image	DELETE	https://oz-nails-wa.myshopify.com/admin/api/2024-10/products/9365531263211/images/49828666278123.json	9365531263211		images	200	OK	image_id=49828666278123
2026-05-18 10:49:31	image-delete	delete_product_image	DELETE	https://oz-nails-wa.myshopify.com/admin/api/2024-10/products/9365536473323/images/49828666474731.json	9365536473323		images	200	OK	image_id=49828666474731
2026-05-18 10:49:33	image-delete	delete_product_image	DELETE	https://oz-nails-wa.myshopify.com/admin/api/2024-10/products/9365539225835/images/49828666671339.json	9365539225835		images	200	OK	image_id=49828666671339
2026-05-18 10:49:35	image-delete	delete_product_image	DELETE	https://oz-nails-wa.myshopify.com/admin/api/2024-10/products/9365541650667/images/49828666802411.json	9365541650667		images	200	OK	image_id=49828666802411
2026-05-18 10:49:36	image-delete	delete_product_image	DELETE	https://oz-nails-wa.myshopify.com/admin/api/2024-10/products/9365544632555/images/49828668276971.json	9365544632555		images	200	OK	image_id=49828668276971
2026-05-18 10:49:38	image-delete	delete_product_image	DELETE	https://oz-nails-wa.myshopify.com/admin/api/2024-10/products/9365546434795/images/49828671881451.json	9365546434795		images	200	OK	image_id=49828671881451
2026-05-18 10:49:40	image-delete	delete_product_image	DELETE	https://oz-nails-wa.myshopify.com/admin/api/2024-10/products/9365531132139/images/49828673913067.json	9365531132139		images	200	OK	image_id=49828673913067
2026-05-18 10:49:41	image-delete	delete_product_image	DELETE	https://oz-nails-wa.myshopify.com/admin/api/2024-10/products/9365548826859/images/49828674502891.json	9365548826859		images	200	OK	image_id=49828674502891
2026-05-18 10:49:43	image-delete	delete_product_image	DELETE	https://oz-nails-wa.myshopify.com/admin/api/2024-10/products/9365548892395/images/49828674699499.json	9365548892395		images	200	OK	image_id=49828674699499
2026-05-18 10:49:45	image-delete	delete_product_image	DELETE	https://oz-nails-wa.myshopify.com/admin/api/2024-10/products/9365553905899/images/49828674994411.json	9365553905899		images	200	OK	image_id=49828674994411
2026-05-18 10:49:46	image-delete	delete_product_image	DELETE	https://oz-nails-wa.myshopify.com/admin/api/2024-10/products/9365556560107/images/49828675322091.json	9365556560107		images	200	OK	image_id=49828675322091
2026-05-18 10:49:48	image-delete	delete_product_image	DELETE	https://oz-nails-wa.myshopify.com/admin/api/2024-10/products/9365559181547/images/49828675551467.json	9365559181547		images	200	OK	image_id=49828675551467
2026-05-18 10:49:50	image-delete	delete_product_image	DELETE	https://oz-nails-wa.myshopify.com/admin/api/2024-10/products/9365560164587/images/49828675813611.json	9365560164587		images	200	OK	image_id=49828675813611
2026-05-18 10:49:52	image-delete	delete_product_image	DELETE	https://oz-nails-wa.myshopify.com/admin/api/2024-10/products/9365563670763/images/49828676075755.json	9365563670763		images	200	OK	image_id=49828676075755
2026-05-18 10:49:53	image-delete	delete_product_image	DELETE	https://oz-nails-wa.myshopify.com/admin/api/2024-10/products/9365548105963/images/49828678172907.json	9365548105963		images	200	OK	image_id=49828678172907
2026-05-18 10:49:55	image-delete	delete_product_image	DELETE	https://oz-nails-wa.myshopify.com/admin/api/2024-10/products/9365487190251/images/49828678336747.json	9365487190251		images	200	OK	image_id=49828678336747
2026-05-18 10:49:57	image-delete	delete_product_image	DELETE	https://oz-nails-wa.myshopify.com/admin/api/2024-10/products/9365487583467/images/49828678795499.json	9365487583467		images	200	OK	image_id=49828678795499
2026-05-18 10:49:59	image-delete	delete_product_image	DELETE	https://oz-nails-wa.myshopify.com/admin/api/2024-10/products/9365487649003/images/49828679155947.json	9365487649003		images	200	OK	image_id=49828679155947
2026-05-18 10:50:00	image-delete	delete_product_image	DELETE	https://oz-nails-wa.myshopify.com/admin/api/2024-10/products/9365487780075/images/49828679909611.json	9365487780075		images	200	OK	image_id=49828679909611
2026-05-18 10:50:02	image-delete	delete_product_image	DELETE	https://oz-nails-wa.myshopify.com/admin/api/2024-10/products/9365487943915/images/49828680433899.json	9365487943915		images	200	OK	image_id=49828680433899
2026-05-18 10:50:04	image-delete	delete_product_image	DELETE	https://oz-nails-wa.myshopify.com/admin/api/2024-10/products/9365488009451/images/49828682531051.json	9365488009451		images	200	OK	image_id=49828682531051
2026-05-18 10:50:06	image-delete	delete_product_image	DELETE	https://oz-nails-wa.myshopify.com/admin/api/2024-10/products/9365488042219/images/49828682793195.json	9365488042219		images	200	OK	image_id=49828682793195
2026-05-18 10:50:07	image-delete	delete_product_image	DELETE	https://oz-nails-wa.myshopify.com/admin/api/2024-10/products/9365484601579/images/49828683710699.json	9365484601579		images	200	OK	image_id=49828683710699
2026-05-18 10:50:09	image-delete	delete_product_image	DELETE	https://oz-nails-wa.myshopify.com/admin/api/2024-10/products/9365488271595/images/49828684136683.json	9365488271595		images	200	OK	image_id=49828684136683
2026-05-18 10:50:11	image-delete	delete_product_image	DELETE	https://oz-nails-wa.myshopify.com/admin/api/2024-10/products/9365488369899/images/49828684955883.json	9365488369899		images	200	OK	image_id=49828684955883
2026-05-18 10:50:13	image-delete	delete_product_image	DELETE	https://oz-nails-wa.myshopify.com/admin/api/2024-10/products/9365492302059/images/49828685218027.json	9365492302059		images	200	OK	image_id=49828685218027
2026-05-18 10:50:15	image-delete	delete_product_image	DELETE	https://oz-nails-wa.myshopify.com/admin/api/2024-10/products/9365495546091/images/49828685447403.json	9365495546091		images	200	OK	image_id=49828685447403
2026-05-18 10:50:17	image-delete	delete_product_image	DELETE	https://oz-nails-wa.myshopify.com/admin/api/2024-10/products/9365497970923/images/49828685742315.json	9365497970923		images	200	OK	image_id=49828685742315
2026-05-18 10:50:18	image-delete	delete_product_image	DELETE	https://oz-nails-wa.myshopify.com/admin/api/2024-10/products/9365501346027/images/49828685906155.json	9365501346027		images	200	OK	image_id=49828685906155
2026-05-18 10:50:20	image-delete	delete_product_image	DELETE	https://oz-nails-wa.myshopify.com/admin/api/2024-10/products/9365488238827/images/49828686397675.json	9365488238827		images	200	OK	image_id=49828686397675
2026-05-18 10:50:22	image-delete	delete_product_image	DELETE	https://oz-nails-wa.myshopify.com/admin/api/2024-10/products/9364811809003/images/49828686790891.json	9364811809003		images	200	OK	image_id=49828686790891
2026-05-18 10:50:24	image-delete	delete_product_image	DELETE	https://oz-nails-wa.myshopify.com/admin/api/2024-10/products/9364812038379/images/49828687151339.json	9364812038379		images	200	OK	image_id=49828687151339
2026-05-18 10:50:25	image-delete	delete_product_image	DELETE	https://oz-nails-wa.myshopify.com/admin/api/2024-10/products/9364812267755/images/49828687479019.json	9364812267755		images	200	OK	image_id=49828687479019
2026-05-18 10:50:27	image-delete	delete_product_image	DELETE	https://oz-nails-wa.myshopify.com/admin/api/2024-10/products/9364812529899/images/49828687773931.json	9364812529899		images	200	OK	image_id=49828687773931
2026-05-18 10:50:29	image-delete	delete_product_image	DELETE	https://oz-nails-wa.myshopify.com/admin/api/2024-10/products/9364812759275/images/49828688068843.json	9364812759275		images	200	OK	image_id=49828688068843
2026-05-18 10:50:30	image-delete	delete_product_image	DELETE	https://oz-nails-wa.myshopify.com/admin/api/2024-10/products/9365268791531/images/49828688593131.json	9365268791531		images	200	OK	image_id=49828688593131
2026-05-18 10:50:32	image-delete	delete_product_image	DELETE	https://oz-nails-wa.myshopify.com/admin/api/2024-10/products/9365450785003/images/49828688756971.json	9365450785003		images	200	OK	image_id=49828688756971
2026-05-18 10:50:34	image-delete	delete_product_image	DELETE	https://oz-nails-wa.myshopify.com/admin/api/2024-10/products/9364813086955/images/49828689019115.json	9364813086955		images	200	OK	image_id=49828689019115
2026-05-18 10:50:36	image-delete	delete_product_image	DELETE	https://oz-nails-wa.myshopify.com/admin/api/2024-10/products/9364813349099/images/49828689379563.json	9364813349099		images	200	OK	image_id=49828689379563
2026-05-18 10:50:38	image-delete	delete_product_image	DELETE	https://oz-nails-wa.myshopify.com/admin/api/2024-10/products/9364813545707/images/49828689674475.json	9364813545707		images	200	OK	image_id=49828689674475
2026-05-18 10:50:39	image-delete	delete_product_image	DELETE	https://oz-nails-wa.myshopify.com/admin/api/2024-10/products/9365277475051/images/49828689936619.json	9365277475051		images	200	OK	image_id=49828689936619
2026-05-18 10:50:41	image-delete	delete_product_image	DELETE	https://oz-nails-wa.myshopify.com/admin/api/2024-10/products/9365277540587/images/49828690198763.json	9365277540587		images	200	OK	image_id=49828690198763
2026-05-18 10:50:43	image-delete	delete_product_image	DELETE	https://oz-nails-wa.myshopify.com/admin/api/2024-10/products/9365277573355/images/49828690526443.json	9365277573355		images	200	OK	image_id=49828690526443
2026-05-18 10:50:45	image-delete	delete_product_image	DELETE	https://oz-nails-wa.myshopify.com/admin/api/2024-10/products/9365278163179/images/49828690854123.json	9365278163179		images	200	OK	image_id=49828690854123
2026-05-18 10:50:46	image-delete	delete_product_image	DELETE	https://oz-nails-wa.myshopify.com/admin/api/2024-10/products/9365278490859/images/49828691738859.json	9365278490859		images	200	OK	image_id=49828691738859
2026-05-18 10:50:48	image-delete	delete_product_image	DELETE	https://oz-nails-wa.myshopify.com/admin/api/2024-10/products/9365278523627/images/49828692099307.json	9365278523627		images	200	OK	image_id=49828692099307
2026-05-18 10:50:50	image-delete	delete_product_image	DELETE	https://oz-nails-wa.myshopify.com/admin/api/2024-10/products/9367038296299/images/49828692492523.json	9367038296299		images	200	OK	image_id=49828692492523
2026-05-18 10:50:52	image-delete	delete_product_image	DELETE	https://oz-nails-wa.myshopify.com/admin/api/2024-10/products/9365278589163/images/49828693016811.json	9365278589163		images	200	OK	image_id=49828693016811
2026-05-18 10:50:53	image-delete	delete_product_image	DELETE	https://oz-nails-wa.myshopify.com/admin/api/2024-10/products/9365278621931/images/49828693311723.json	9365278621931		images	200	OK	image_id=49828693311723
2026-05-18 10:50:55	image-delete	delete_product_image	DELETE	https://oz-nails-wa.myshopify.com/admin/api/2024-10/products/9365278654699/images/49828693573867.json	9365278654699		images	200	OK	image_id=49828693573867
2026-05-18 10:50:57	image-delete	delete_product_image	DELETE	https://oz-nails-wa.myshopify.com/admin/api/2024-10/products/9365264433387/images/49828693868779.json	9365264433387		images	200	OK	image_id=49828693868779
2026-05-18 10:50:59	image-delete	delete_product_image	DELETE	https://oz-nails-wa.myshopify.com/admin/api/2024-10/products/9365264531691/images/49828694163691.json	9365264531691		images	200	OK	image_id=49828694163691
2026-05-18 10:51:01	image-delete	delete_product_image	DELETE	https://oz-nails-wa.myshopify.com/admin/api/2024-10/products/9365264629995/images/49828694458603.json	9365264629995		images	200	OK	image_id=49828694458603
2026-05-18 10:51:02	image-delete	delete_product_image	DELETE	https://oz-nails-wa.myshopify.com/admin/api/2024-10/products/9365264826603/images/49828694982891.json	9365264826603		images	200	OK	image_id=49828694982891
2026-05-18 10:51:04	image-delete	delete_product_image	DELETE	https://oz-nails-wa.myshopify.com/admin/api/2024-10/products/9365263810795/images/49828695310571.json	9365263810795		images	200	OK	image_id=49828695310571
2026-05-18 10:51:06	image-delete	delete_product_image	DELETE	https://oz-nails-wa.myshopify.com/admin/api/2024-10/products/9365264007403/images/49828695802091.json	9365264007403		images	200	OK	image_id=49828695802091
2026-05-18 10:51:08	image-delete	delete_product_image	DELETE	https://oz-nails-wa.myshopify.com/admin/api/2024-10/products/9365264269547/images/49828696064235.json	9365264269547		images	200	OK	image_id=49828696064235
2026-05-18 10:51:09	image-delete	delete_product_image	DELETE	https://oz-nails-wa.myshopify.com/admin/api/2024-10/products/9365265088747/images/49828696424683.json	9365265088747		images	200	OK	image_id=49828696424683
2026-05-18 10:51:11	image-delete	delete_product_image	DELETE	https://oz-nails-wa.myshopify.com/admin/api/2024-10/products/9365265187051/images/49828696719595.json	9365265187051		images	200	OK	image_id=49828696719595
2026-05-18 10:51:13	image-delete	delete_product_image	DELETE	https://oz-nails-wa.myshopify.com/admin/api/2024-10/products/9365264924907/images/49828696981739.json	9365264924907		images	200	OK	image_id=49828696981739
2026-05-18 10:51:14	image-delete	delete_product_image	DELETE	https://oz-nails-wa.myshopify.com/admin/api/2024-10/products/9365264662763/images/49828697309419.json	9365264662763		images	200	OK	image_id=49828697309419
2026-05-18 10:51:16	image-delete	delete_product_image	DELETE	https://oz-nails-wa.myshopify.com/admin/api/2024-10/products/9365264728299/images/49828697702635.json	9365264728299		images	200	OK	image_id=49828697702635
2026-05-18 10:51:18	image-delete	delete_product_image	DELETE	https://oz-nails-wa.myshopify.com/admin/api/2024-10/products/9365264761067/images/49828698095851.json	9365264761067		images	200	OK	image_id=49828698095851
2026-05-18 10:51:20	image-delete	delete_product_image	DELETE	https://oz-nails-wa.myshopify.com/admin/api/2024-10/products/9365264990443/images/49828698620139.json	9365264990443		images	200	OK	image_id=49828698620139
2026-05-18 10:51:21	image-delete	delete_product_image	DELETE	https://oz-nails-wa.myshopify.com/admin/api/2024-10/products/9365243822315/images/49828699078891.json	9365243822315		images	200	OK	image_id=49828699078891
2026-05-18 10:51:24	image-delete	delete_product_image	DELETE	https://oz-nails-wa.myshopify.com/admin/api/2024-10/products/9365263319275/images/49828699373803.json	9365263319275		images	200	OK	image_id=49828699373803
2026-05-18 10:51:25	image-delete	delete_product_image	DELETE	https://oz-nails-wa.myshopify.com/admin/api/2024-10/products/9365263548651/images/49828700127467.json	9365263548651		images	200	OK	image_id=49828700127467
2026-05-18 10:51:27	image-delete	delete_product_image	DELETE	https://oz-nails-wa.myshopify.com/admin/api/2024-10/products/9367040491755/images/49828700487915.json	9367040491755		images	200	OK	image_id=49828700487915
2026-05-18 10:51:29	image-delete	delete_product_image	DELETE	https://oz-nails-wa.myshopify.com/admin/api/2024-10/products/9367040622827/images/49828701044971.json	9367040622827		images	200	OK	image_id=49828701044971
2026-05-18 10:51:31	image-delete	delete_product_image	DELETE	https://oz-nails-wa.myshopify.com/admin/api/2024-10/products/9367041704171/images/49828701438187.json	9367041704171		images	200	OK	image_id=49828701438187
2026-05-18 10:51:32	image-delete	delete_product_image	DELETE	https://oz-nails-wa.myshopify.com/admin/api/2024-10/products/9365144633579/images/49828701798635.json	9365144633579		images	200	OK	image_id=49828701798635
2026-05-18 10:51:34	image-delete	delete_product_image	DELETE	https://oz-nails-wa.myshopify.com/admin/api/2024-10/products/9365144699115/images/49828702060779.json	9365144699115		images	200	OK	image_id=49828702060779
2026-05-18 10:51:36	image-delete	delete_product_image	DELETE	https://oz-nails-wa.myshopify.com/admin/api/2024-10/products/9365144797419/images/49828702585067.json	9365144797419		images	200	OK	image_id=49828702585067
2026-05-18 10:51:38	image-delete	delete_product_image	DELETE	https://oz-nails-wa.myshopify.com/admin/api/2024-10/products/9365144862955/images/49828703109355.json	9365144862955		images	200	OK	image_id=49828703109355
2026-05-18 10:51:40	image-delete	delete_product_image	DELETE	https://oz-nails-wa.myshopify.com/admin/api/2024-10/products/9365144961259/images/49828703633643.json	9365144961259		images	200	OK	image_id=49828703633643
2026-05-18 10:51:41	image-delete	delete_product_image	DELETE	https://oz-nails-wa.myshopify.com/admin/api/2024-10/products/9365145125099/images/49828703961323.json	9365145125099		images	200	OK	image_id=49828703961323
2026-05-18 10:51:43	image-delete	delete_product_image	DELETE	https://oz-nails-wa.myshopify.com/admin/api/2024-10/products/9365145354475/images/49828704289003.json	9365145354475		images	200	OK	image_id=49828704289003
2026-05-18 10:51:45	image-delete	delete_product_image	DELETE	https://oz-nails-wa.myshopify.com/admin/api/2024-10/products/9365145452779/images/49828704846059.json	9365145452779		images	200	OK	image_id=49828704846059
2026-05-18 10:51:47	image-delete	delete_product_image	DELETE	https://oz-nails-wa.myshopify.com/admin/api/2024-10/products/9365145485547/images/49828705272043.json	9365145485547		images	200	OK	image_id=49828705272043
2026-05-18 10:51:48	image-delete	delete_product_image	DELETE	https://oz-nails-wa.myshopify.com/admin/api/2024-10/products/9365145583851/images/49828705665259.json	9365145583851		images	200	OK	image_id=49828705665259
2026-05-18 10:51:50	image-delete	delete_product_image	DELETE	https://oz-nails-wa.myshopify.com/admin/api/2024-10/products/9365145649387/images/49828706156779.json	9365145649387		images	200	OK	image_id=49828706156779
2026-05-18 10:51:52	image-delete	delete_product_image	DELETE	https://oz-nails-wa.myshopify.com/admin/api/2024-10/products/9365145747691/images/49828706746603.json	9365145747691		images	200	OK	image_id=49828706746603
2026-05-18 10:51:54	image-delete	delete_product_image	DELETE	https://oz-nails-wa.myshopify.com/admin/api/2024-10/products/9365145813227/images/49828707172587.json	9365145813227		images	200	OK	image_id=49828707172587
2026-05-18 10:51:55	image-delete	delete_product_image	DELETE	https://oz-nails-wa.myshopify.com/admin/api/2024-10/products/9365146009835/images/49828707500267.json	9365146009835		images	200	OK	image_id=49828707500267
2026-05-18 10:51:57	image-delete	delete_product_image	DELETE	https://oz-nails-wa.myshopify.com/admin/api/2024-10/products/9365146075371/images/49828707827947.json	9365146075371		images	200	OK	image_id=49828707827947
2026-05-18 10:51:59	image-delete	delete_product_image	DELETE	https://oz-nails-wa.myshopify.com/admin/api/2024-10/products/9365146140907/images/49828708221163.json	9365146140907		images	200	OK	image_id=49828708221163
2026-05-18 10:52:01	image-delete	delete_product_image	DELETE	https://oz-nails-wa.myshopify.com/admin/api/2024-10/products/9365146206443/images/49828708745451.json	9365146206443		images	200	OK	image_id=49828708745451
2026-05-18 10:52:02	image-delete	delete_product_image	DELETE	https://oz-nails-wa.myshopify.com/admin/api/2024-10/products/9365146271979/images/49828709335275.json	9365146271979		images	200	OK	image_id=49828709335275
2026-05-18 10:52:04	image-delete	delete_product_image	DELETE	https://oz-nails-wa.myshopify.com/admin/api/2024-10/products/9365418737899/images/49828709826795.json	9365418737899		images	200	OK	image_id=49828709826795
2026-05-18 10:52:06	image-delete	delete_product_image	DELETE	https://oz-nails-wa.myshopify.com/admin/api/2024-10/products/9364817576171/images/49828710318315.json	9364817576171		images	200	OK	image_id=49828710318315
2026-05-18 10:52:08	image-delete	delete_product_image	DELETE	https://oz-nails-wa.myshopify.com/admin/api/2024-10/products/9364817838315/images/49828710940907.json	9364817838315		images	200	OK	image_id=49828710940907
2026-05-18 10:52:09	image-delete	delete_product_image	DELETE	https://oz-nails-wa.myshopify.com/admin/api/2024-10/products/9364818100459/images/49828711301355.json	9364818100459		images	200	OK	image_id=49828711301355
2026-05-18 10:52:11	image-delete	delete_product_image	DELETE	https://oz-nails-wa.myshopify.com/admin/api/2024-10/products/9364818329835/images/49828711989483.json	9364818329835		images	200	OK	image_id=49828711989483
2026-05-18 10:52:13	image-delete	delete_product_image	DELETE	https://oz-nails-wa.myshopify.com/admin/api/2024-10/products/9367045865707/images/49828712546539.json	9367045865707		images	200	OK	image_id=49828712546539
2026-05-18 10:52:15	image-delete	delete_product_image	DELETE	https://oz-nails-wa.myshopify.com/admin/api/2024-10/products/9365267710187/images/49828712906987.json	9365267710187		images	200	OK	image_id=49828712906987
2026-05-18 10:52:17	image-delete	delete_product_image	DELETE	https://oz-nails-wa.myshopify.com/admin/api/2024-10/products/9364818624747/images/49828713169131.json	9364818624747		images	200	OK	image_id=49828713169131
2026-05-18 10:52:19	image-delete	delete_product_image	DELETE	https://oz-nails-wa.myshopify.com/admin/api/2024-10/products/9364818788587/images/49828713431275.json	9364818788587		images	200	OK	image_id=49828713431275
2026-05-18 10:52:20	image-delete	delete_product_image	DELETE	https://oz-nails-wa.myshopify.com/admin/api/2024-10/products/9364819083499/images/49828713726187.json	9364819083499		images	200	OK	image_id=49828713726187
2026-05-18 10:52:22	image-delete	delete_product_image	DELETE	https://oz-nails-wa.myshopify.com/admin/api/2024-10/products/9364740440299/images/49828713988331.json	9364740440299		images	200	OK	image_id=49828713988331
2026-05-18 10:52:24	image-delete	delete_product_image	DELETE	https://oz-nails-wa.myshopify.com/admin/api/2024-10/products/9364819345643/images/49828714250475.json	9364819345643		images	200	OK	image_id=49828714250475
2026-05-18 10:52:26	image-delete	delete_product_image	DELETE	https://oz-nails-wa.myshopify.com/admin/api/2024-10/products/9364819640555/images/49828714479851.json	9364819640555		images	200	OK	image_id=49828714479851
2026-05-18 10:52:27	image-delete	delete_product_image	DELETE	https://oz-nails-wa.myshopify.com/admin/api/2024-10/products/9364819869931/images/49828714741995.json	9364819869931		images	200	OK	image_id=49828714741995
2026-05-18 10:52:29	image-delete	delete_product_image	DELETE	https://oz-nails-wa.myshopify.com/admin/api/2024-10/products/9364820033771/images/49828714971371.json	9364820033771		images	200	OK	image_id=49828714971371
2026-05-18 10:52:31	image-delete	delete_product_image	DELETE	https://oz-nails-wa.myshopify.com/admin/api/2024-10/products/9364820295915/images/49828715331819.json	9364820295915		images	200	OK	image_id=49828715331819
2026-05-18 10:52:33	image-delete	delete_product_image	DELETE	https://oz-nails-wa.myshopify.com/admin/api/2024-10/products/9364820492523/images/49828715397355.json	9364820492523		images	200	OK	image_id=49828715397355
2026-05-18 10:52:34	image-delete	delete_product_image	DELETE	https://oz-nails-wa.myshopify.com/admin/api/2024-10/products/9364820721899/images/49828715692267.json	9364820721899		images	200	OK	image_id=49828715692267
2026-05-18 10:52:36	image-delete	delete_product_image	DELETE	https://oz-nails-wa.myshopify.com/admin/api/2024-10/products/9365220524267/images/49828715954411.json	9365220524267		images	200	OK	image_id=49828715954411
2026-05-18 10:52:38	image-delete	delete_product_image	DELETE	https://oz-nails-wa.myshopify.com/admin/api/2024-10/products/9364820951275/images/49828716183787.json	9364820951275		images	200	OK	image_id=49828716183787
2026-05-18 10:52:40	image-delete	delete_product_image	DELETE	https://oz-nails-wa.myshopify.com/admin/api/2024-10/products/9364821180651/images/49828716445931.json	9364821180651		images	200	OK	image_id=49828716445931
2026-05-18 10:52:41	image-delete	delete_product_image	DELETE	https://oz-nails-wa.myshopify.com/admin/api/2024-10/products/9367046291691/images/49828716740843.json	9367046291691		images	200	OK	image_id=49828716740843
2026-05-18 10:52:43	image-delete	delete_product_image	DELETE	https://oz-nails-wa.myshopify.com/admin/api/2024-10/products/9367048585451/images/49828717068523.json	9367048585451		images	200	OK	image_id=49828717068523
2026-05-18 10:52:45	image-delete	delete_product_image	DELETE	https://oz-nails-wa.myshopify.com/admin/api/2024-10/products/9367049273579/images/49828717363435.json	9367049273579		images	200	OK	image_id=49828717363435
2026-05-18 10:52:46	image-delete	delete_product_image	DELETE	https://oz-nails-wa.myshopify.com/admin/api/2024-10/products/9367049601259/images/49828718018795.json	9367049601259		images	200	OK	image_id=49828718018795
2026-05-18 10:52:48	image-delete	delete_product_image	DELETE	https://oz-nails-wa.myshopify.com/admin/api/2024-10/products/9367049928939/images/49828718313707.json	9367049928939		images	200	OK	image_id=49828718313707
2026-05-18 10:52:50	image-delete	delete_product_image	DELETE	https://oz-nails-wa.myshopify.com/admin/api/2024-10/products/9367051632875/images/49828718641387.json	9367051632875		images	200	OK	image_id=49828718641387
2026-05-18 10:52:52	image-delete	delete_product_image	DELETE	https://oz-nails-wa.myshopify.com/admin/api/2024-10/products/9367056810219/images/49828718969067.json	9367056810219		images	200	OK	image_id=49828718969067
2026-05-18 10:52:53	image-delete	delete_product_image	DELETE	https://oz-nails-wa.myshopify.com/admin/api/2024-10/products/9367057498347/images/49828719427819.json	9367057498347		images	200	OK	image_id=49828719427819
2026-05-18 10:52:55	image-delete	delete_product_image	DELETE	https://oz-nails-wa.myshopify.com/admin/api/2024-10/products/9367058415851/images/49828719722731.json	9367058415851		images	200	OK	image_id=49828719722731
2026-05-18 10:52:57	image-delete	delete_product_image	DELETE	https://oz-nails-wa.myshopify.com/admin/api/2024-10/products/9367062872299/images/49828720083179.json	9367062872299		images	200	OK	image_id=49828720083179
2026-05-18 10:52:59	image-delete	delete_product_image	DELETE	https://oz-nails-wa.myshopify.com/admin/api/2024-10/products/9367063658731/images/49828720476395.json	9367063658731		images	200	OK	image_id=49828720476395
2026-05-18 10:53:01	image-delete	delete_product_image	DELETE	https://oz-nails-wa.myshopify.com/admin/api/2024-10/products/9367064740075/images/49828720836843.json	9367064740075		images	200	OK	image_id=49828720836843
2026-05-18 10:53:02	image-delete	delete_product_image	DELETE	https://oz-nails-wa.myshopify.com/admin/api/2024-10/products/9366002270443/images/49828721164523.json	9366002270443		images	200	OK	image_id=49828721164523
2026-05-18 10:53:04	image-delete	delete_product_image	DELETE	https://oz-nails-wa.myshopify.com/admin/api/2024-10/products/9365903278315/images/49828721459435.json	9365903278315		images	200	OK	image_id=49828721459435
2026-05-18 10:53:06	image-delete	delete_product_image	DELETE	https://oz-nails-wa.myshopify.com/admin/api/2024-10/products/9364821377259/images/49828721885419.json	9364821377259		images	200	OK	image_id=49828721885419
2026-05-18 10:53:08	image-delete	delete_product_image	DELETE	https://oz-nails-wa.myshopify.com/admin/api/2024-10/products/9367066771691/images/49828722442475.json	9367066771691		images	200	OK	image_id=49828722442475
2026-05-18 10:53:10	image-delete	delete_product_image	DELETE	https://oz-nails-wa.myshopify.com/admin/api/2024-10/products/9367069098219/images/49828722770155.json	9367069098219		images	200	OK	image_id=49828722770155
2026-05-18 10:53:12	image-delete	delete_product_image	DELETE	https://oz-nails-wa.myshopify.com/admin/api/2024-10/products/9367071883499/images/49828723097835.json	9367071883499		images	200	OK	image_id=49828723097835
2026-05-18 10:53:16	image-delete	delete_product_image	DELETE	https://oz-nails-wa.myshopify.com/admin/api/2024-10/products/9367076962539/images/49828723523819.json	9367076962539		images	200	OK	image_id=49828723523819
2026-05-18 10:53:19	image-delete	delete_product_image	DELETE	https://oz-nails-wa.myshopify.com/admin/api/2024-10/products/9367079420139/images/49828724113643.json	9367079420139		images	200	OK	image_id=49828724113643
2026-05-18 10:53:21	image-delete	delete_product_image	DELETE	https://oz-nails-wa.myshopify.com/admin/api/2024-10/products/9367081124075/images/49828724408555.json	9367081124075		images	200	OK	image_id=49828724408555
2026-05-18 10:54:40	image-delete	delete_product_image	DELETE	https://oz-nails-wa.myshopify.com/admin/api/2024-10/products/9367085908203/images/49828724801771.json	9367085908203		images	200	OK	image_id=49828724801771
2026-05-18 10:54:41	image-delete	delete_product_image	DELETE	https://oz-nails-wa.myshopify.com/admin/api/2024-10/products/9367086137579/images/49828725063915.json	9367086137579		images	200	OK	image_id=49828725063915
2026-05-18 10:54:43	image-delete	delete_product_image	DELETE	https://oz-nails-wa.myshopify.com/admin/api/2024-10/products/9367090069739/images/49828725358827.json	9367090069739		images	200	OK	image_id=49828725358827
2026-05-18 10:54:45	image-delete	delete_product_image	DELETE	https://oz-nails-wa.myshopify.com/admin/api/2024-10/products/9367090430187/images/49828725653739.json	9367090430187		images	200	OK	image_id=49828725653739
2026-05-18 10:54:46	image-delete	delete_product_image	DELETE	https://oz-nails-wa.myshopify.com/admin/api/2024-10/products/9367093051627/images/49828725948651.json	9367093051627		images	200	OK	image_id=49828725948651
2026-05-18 10:54:48	image-delete	delete_product_image	DELETE	https://oz-nails-wa.myshopify.com/admin/api/2024-10/products/9367094329579/images/49828726243563.json	9367094329579		images	200	OK	image_id=49828726243563
2026-05-18 10:54:50	image-delete	delete_product_image	DELETE	https://oz-nails-wa.myshopify.com/admin/api/2024-10/products/9367095607531/images/49828726505707.json	9367095607531		images	200	OK	image_id=49828726505707
2026-05-18 10:54:52	image-delete	delete_product_image	DELETE	https://oz-nails-wa.myshopify.com/admin/api/2024-10/products/9367097147627/images/49828726931691.json	9367097147627		images	200	OK	image_id=49828726931691
2026-05-18 10:54:54	image-delete	delete_product_image	DELETE	https://oz-nails-wa.myshopify.com/admin/api/2024-10/products/9367098753259/images/49828727357675.json	9367098753259		images	200	OK	image_id=49828727357675
2026-05-18 10:54:55	image-delete	delete_product_image	DELETE	https://oz-nails-wa.myshopify.com/admin/api/2024-10/products/9367099900139/images/49828727652587.json	9367099900139		images	200	OK	image_id=49828727652587
2026-05-18 10:54:57	image-delete	delete_product_image	DELETE	https://oz-nails-wa.myshopify.com/admin/api/2024-10/products/9367101735147/images/49828727947499.json	9367101735147		images	200	OK	image_id=49828727947499
2026-05-18 10:54:59	image-delete	delete_product_image	DELETE	https://oz-nails-wa.myshopify.com/admin/api/2024-10/products/9367102488811/images/49828728340715.json	9367102488811		images	200	OK	image_id=49828728340715
2026-05-18 10:55:01	image-delete	delete_product_image	DELETE	https://oz-nails-wa.myshopify.com/admin/api/2024-10/products/9367105143019/images/49828728733931.json	9367105143019		images	200	OK	image_id=49828728733931
2026-05-18 10:55:03	image-delete	delete_product_image	DELETE	https://oz-nails-wa.myshopify.com/admin/api/2024-10/products/9367106289899/images/49828729061611.json	9367106289899		images	200	OK	image_id=49828729061611
2026-05-18 10:55:04	image-delete	delete_product_image	DELETE	https://oz-nails-wa.myshopify.com/admin/api/2024-10/products/9367108485355/images/49828729454827.json	9367108485355		images	200	OK	image_id=49828729454827
2026-05-18 10:55:06	image-delete	delete_product_image	DELETE	https://oz-nails-wa.myshopify.com/admin/api/2024-10/products/9367110582507/images/49828729782507.json	9367110582507		images	200	OK	image_id=49828729782507
2026-05-18 10:55:08	image-delete	delete_product_image	DELETE	https://oz-nails-wa.myshopify.com/admin/api/2024-10/products/9367110811883/images/49828730110187.json	9367110811883		images	200	OK	image_id=49828730110187
2026-05-18 10:55:10	image-delete	delete_product_image	DELETE	https://oz-nails-wa.myshopify.com/admin/api/2024-10/products/9367114219755/images/49828730470635.json	9367114219755		images	200	OK	image_id=49828730470635
2026-05-18 10:55:11	image-delete	delete_product_image	DELETE	https://oz-nails-wa.myshopify.com/admin/api/2024-10/products/9367116021995/images/49828730863851.json	9367116021995		images	200	OK	image_id=49828730863851
2026-05-18 10:55:14	image-delete	delete_product_image	DELETE	https://oz-nails-wa.myshopify.com/admin/api/2024-10/products/9367116087531/images/49828731125995.json	9367116087531		images	200	OK	image_id=49828731125995
2026-05-18 10:55:15	image-delete	delete_product_image	DELETE	https://oz-nails-wa.myshopify.com/admin/api/2024-10/products/9367118446827/images/49828731486443.json	9367118446827		images	200	OK	image_id=49828731486443
2026-05-18 10:55:17	image-delete	delete_product_image	DELETE	https://oz-nails-wa.myshopify.com/admin/api/2024-10/products/9367119167723/images/49828731748587.json	9367119167723		images	200	OK	image_id=49828731748587
2026-05-18 10:55:19	image-delete	delete_product_image	DELETE	https://oz-nails-wa.myshopify.com/admin/api/2024-10/products/9367122116843/images/49828732010731.json	9367122116843		images	200	OK	image_id=49828732010731
2026-05-18 10:55:21	image-delete	delete_product_image	DELETE	https://oz-nails-wa.myshopify.com/admin/api/2024-10/products/9367123034347/images/49828732305643.json	9367123034347		images	200	OK	image_id=49828732305643
2026-05-18 10:55:22	image-delete	delete_product_image	DELETE	https://oz-nails-wa.myshopify.com/admin/api/2024-10/products/9367124869355/images/49828732698859.json	9367124869355		images	200	OK	image_id=49828732698859
2026-05-18 10:55:24	image-delete	delete_product_image	DELETE	https://oz-nails-wa.myshopify.com/admin/api/2024-10/products/9367126835435/images/49828733190379.json	9367126835435		images	200	OK	image_id=49828733190379
2026-05-18 10:55:26	image-delete	delete_product_image	DELETE	https://oz-nails-wa.myshopify.com/admin/api/2024-10/products/9367128768747/images/49828733452523.json	9367128768747		images	200	OK	image_id=49828733452523
2026-05-18 10:55:28	image-delete	delete_product_image	DELETE	https://oz-nails-wa.myshopify.com/admin/api/2024-10/products/9367128834283/images/49828733649131.json	9367128834283		images	200	OK	image_id=49828733649131
2026-05-18 10:55:29	image-delete	delete_product_image	DELETE	https://oz-nails-wa.myshopify.com/admin/api/2024-10/products/9367131619563/images/49828733911275.json	9367131619563		images	200	OK	image_id=49828733911275
2026-05-18 10:55:31	image-delete	delete_product_image	DELETE	https://oz-nails-wa.myshopify.com/admin/api/2024-10/products/9367133028587/images/49828734075115.json	9367133028587		images	200	OK	image_id=49828734075115
2026-05-18 10:55:33	image-delete	delete_product_image	DELETE	https://oz-nails-wa.myshopify.com/admin/api/2024-10/products/9367134961899/images/49828734238955.json	9367134961899		images	200	OK	image_id=49828734238955
2026-05-18 10:55:35	image-delete	delete_product_image	DELETE	https://oz-nails-wa.myshopify.com/admin/api/2024-10/products/9367136239851/images/49828734501099.json	9367136239851		images	200	OK	image_id=49828734501099
2026-05-18 10:55:36	image-delete	delete_product_image	DELETE	https://oz-nails-wa.myshopify.com/admin/api/2024-10/products/9367137190123/images/49828734763243.json	9367137190123		images	200	OK	image_id=49828734763243
2026-05-18 10:55:38	image-delete	delete_product_image	DELETE	https://oz-nails-wa.myshopify.com/admin/api/2024-10/products/9367139025131/images/49828734959851.json	9367139025131		images	200	OK	image_id=49828734959851
2026-05-18 10:55:40	image-delete	delete_product_image	DELETE	https://oz-nails-wa.myshopify.com/admin/api/2024-10/products/9367140663531/images/49828735221995.json	9367140663531		images	200	OK	image_id=49828735221995
2026-05-18 10:55:42	image-delete	delete_product_image	DELETE	https://oz-nails-wa.myshopify.com/admin/api/2024-10/products/9367142596843/images/49828736958699.json	9367142596843		images	200	OK	image_id=49828736958699
2026-05-18 10:55:43	image-delete	delete_product_image	DELETE	https://oz-nails-wa.myshopify.com/admin/api/2024-10/products/9367143481579/images/49828737220843.json	9367143481579		images	200	OK	image_id=49828737220843
2026-05-18 10:55:45	image-delete	delete_product_image	DELETE	https://oz-nails-wa.myshopify.com/admin/api/2024-10/products/9367145611499/images/49828737482987.json	9367145611499		images	200	OK	image_id=49828737482987
2026-05-18 10:55:47	image-delete	delete_product_image	DELETE	https://oz-nails-wa.myshopify.com/admin/api/2024-10/products/9367146922219/images/49828738007275.json	9367146922219		images	200	OK	image_id=49828738007275
2026-05-18 10:55:49	image-delete	delete_product_image	DELETE	https://oz-nails-wa.myshopify.com/admin/api/2024-10/products/9367149379819/images/49828738302187.json	9367149379819		images	200	OK	image_id=49828738302187
2026-05-18 10:55:50	image-delete	delete_product_image	DELETE	https://oz-nails-wa.myshopify.com/admin/api/2024-10/products/9367149609195/images/49828738531563.json	9367149609195		images	200	OK	image_id=49828738531563
2026-05-18 10:55:52	image-delete	delete_product_image	DELETE	https://oz-nails-wa.myshopify.com/admin/api/2024-10/products/9367152066795/images/49828738924779.json	9367152066795		images	200	OK	image_id=49828738924779
2026-05-18 10:55:54	image-delete	delete_product_image	DELETE	https://oz-nails-wa.myshopify.com/admin/api/2024-10/products/9367154262251/images/49828739219691.json	9367154262251		images	200	OK	image_id=49828739219691
2026-05-18 10:55:56	image-delete	delete_product_image	DELETE	https://oz-nails-wa.myshopify.com/admin/api/2024-10/products/9367154327787/images/49828739514603.json	9367154327787		images	200	OK	image_id=49828739514603
2026-05-18 10:55:57	image-delete	delete_product_image	DELETE	https://oz-nails-wa.myshopify.com/admin/api/2024-10/products/9367157309675/images/49828739645675.json	9367157309675		images	200	OK	image_id=49828739645675
2026-05-18 10:55:59	image-delete	delete_product_image	DELETE	https://oz-nails-wa.myshopify.com/admin/api/2024-10/products/9367159242987/images/49828739711211.json	9367159242987		images	200	OK	image_id=49828739711211
2026-05-18 10:56:01	image-delete	delete_product_image	DELETE	https://oz-nails-wa.myshopify.com/admin/api/2024-10/products/9367159898347/images/49828739907819.json	9367159898347		images	200	OK	image_id=49828739907819
2026-05-18 10:56:03	image-delete	delete_product_image	DELETE	https://oz-nails-wa.myshopify.com/admin/api/2024-10/products/9367005921515/images/49828740137195.json	9367005921515		images	200	OK	image_id=49828740137195
2026-05-18 10:56:04	image-delete	delete_product_image	DELETE	https://oz-nails-wa.myshopify.com/admin/api/2024-10/products/9365278687467/images/49828740464875.json	9365278687467		images	200	OK	image_id=49828740464875
2026-05-18 10:56:06	image-delete	delete_product_image	DELETE	https://oz-nails-wa.myshopify.com/admin/api/2024-10/products/9365278720235/images/49828740727019.json	9365278720235		images	200	OK	image_id=49828740727019
2026-05-18 10:56:08	image-delete	delete_product_image	DELETE	https://oz-nails-wa.myshopify.com/admin/api/2024-10/products/9365278753003/images/49828741087467.json	9365278753003		images	200	OK	image_id=49828741087467
2026-05-18 10:56:10	image-delete	delete_product_image	DELETE	https://oz-nails-wa.myshopify.com/admin/api/2024-10/products/9365278785771/images/49828741382379.json	9365278785771		images	200	OK	image_id=49828741382379
2026-05-18 10:56:11	image-delete	delete_product_image	DELETE	https://oz-nails-wa.myshopify.com/admin/api/2024-10/products/9365278851307/images/49828741808363.json	9365278851307		images	200	OK	image_id=49828741808363
2026-05-18 10:56:13	image-delete	delete_product_image	DELETE	https://oz-nails-wa.myshopify.com/admin/api/2024-10/products/9365278884075/images/49828742070507.json	9365278884075		images	200	OK	image_id=49828742070507
2026-05-18 10:56:15	image-delete	delete_product_image	DELETE	https://oz-nails-wa.myshopify.com/admin/api/2024-10/products/9365278916843/images/49828742365419.json	9365278916843		images	200	OK	image_id=49828742365419
2026-05-18 10:56:17	image-delete	delete_product_image	DELETE	https://oz-nails-wa.myshopify.com/admin/api/2024-10/products/9365278982379/images/49828742627563.json	9365278982379		images	200	OK	image_id=49828742627563
2026-05-18 10:56:18	image-delete	delete_product_image	DELETE	https://oz-nails-wa.myshopify.com/admin/api/2024-10/products/9365279080683/images/49828743184619.json	9365279080683		images	200	OK	image_id=49828743184619
2026-05-18 10:56:20	image-delete	delete_product_image	DELETE	https://oz-nails-wa.myshopify.com/admin/api/2024-10/products/9365279113451/images/49828743479531.json	9365279113451		images	200	OK	image_id=49828743479531
2026-05-18 10:56:22	image-delete	delete_product_image	DELETE	https://oz-nails-wa.myshopify.com/admin/api/2024-10/products/9365279211755/images/49828743774443.json	9365279211755		images	200	OK	image_id=49828743774443
2026-05-18 10:56:24	image-delete	delete_product_image	DELETE	https://oz-nails-wa.myshopify.com/admin/api/2024-10/products/9365279244523/images/49828744069355.json	9365279244523		images	200	OK	image_id=49828744069355
2026-05-18 10:56:26	image-delete	delete_product_image	DELETE	https://oz-nails-wa.myshopify.com/admin/api/2024-10/products/9365279277291/images/49828744364267.json	9365279277291		images	200	OK	image_id=49828744364267
2026-05-18 10:56:27	image-delete	delete_product_image	DELETE	https://oz-nails-wa.myshopify.com/admin/api/2024-10/products/9365279310059/images/49828744626411.json	9365279310059		images	200	OK	image_id=49828744626411
2026-05-18 10:56:30	image-delete	delete_product_image	DELETE	https://oz-nails-wa.myshopify.com/admin/api/2024-10/products/9365279342827/images/49828744921323.json	9365279342827		images	200	OK	image_id=49828744921323
2026-05-18 10:56:31	image-delete	delete_product_image	DELETE	https://oz-nails-wa.myshopify.com/admin/api/2024-10/products/9365279375595/images/49828745183467.json	9365279375595		images	200	OK	image_id=49828745183467
2026-05-18 10:56:33	image-delete	delete_product_image	DELETE	https://oz-nails-wa.myshopify.com/admin/api/2024-10/products/9365279408363/images/49828745511147.json	9365279408363		images	200	OK	image_id=49828745511147
2026-05-18 10:56:35	image-delete	delete_product_image	DELETE	https://oz-nails-wa.myshopify.com/admin/api/2024-10/products/9365279441131/images/49828745806059.json	9365279441131		images	200	OK	image_id=49828745806059
2026-05-18 10:57:01	image-delete	delete_product_image	DELETE	https://oz-nails-wa.myshopify.com/admin/api/2024-10/products/9367004545259/images/49828746100971.json	9367004545259		images	200	OK	image_id=49828746100971
2026-05-18 10:57:02	image-delete	delete_product_image	DELETE	https://oz-nails-wa.myshopify.com/admin/api/2024-10/products/9367161307371/images/49828746461419.json	9367161307371		images	200	OK	image_id=49828746461419
2026-05-18 10:57:04	image-delete	delete_product_image	DELETE	https://oz-nails-wa.myshopify.com/admin/api/2024-10/products/9364821606635/images/49828746756331.json	9364821606635		images	200	OK	image_id=49828746756331
2026-05-18 10:57:06	image-delete	delete_product_image	DELETE	https://oz-nails-wa.myshopify.com/admin/api/2024-10/products/9364821639403/images/49828747051243.json	9364821639403		images	200	OK	image_id=49828747051243
2026-05-18 10:57:07	image-delete	delete_product_image	DELETE	https://oz-nails-wa.myshopify.com/admin/api/2024-10/products/9367007363307/images/49828747346155.json	9367007363307		images	200	OK	image_id=49828747346155
2026-05-18 10:57:09	image-delete	delete_product_image	DELETE	https://oz-nails-wa.myshopify.com/admin/api/2024-10/products/9365279604971/images/49828747673835.json	9365279604971		images	200	OK	image_id=49828747673835
2026-05-18 10:57:11	image-delete	delete_product_image	DELETE	https://oz-nails-wa.myshopify.com/admin/api/2024-10/products/9364821672171/images/49828748001515.json	9364821672171		images	200	OK	image_id=49828748001515
2026-05-18 10:57:13	image-delete	delete_product_image	DELETE	https://oz-nails-wa.myshopify.com/admin/api/2024-10/products/9364821704939/images/49828748263659.json	9364821704939		images	200	OK	image_id=49828748263659
2026-05-18 10:57:15	image-delete	delete_product_image	DELETE	https://oz-nails-wa.myshopify.com/admin/api/2024-10/products/9365265514731/images/49828748951787.json	9365265514731		images	200	OK	image_id=49828748951787
2026-05-18 10:57:17	image-delete	delete_product_image	DELETE	https://oz-nails-wa.myshopify.com/admin/api/2024-10/products/9365265547499/images/49828749541611.json	9365265547499		images	200	OK	image_id=49828749541611
2026-05-18 10:57:19	image-delete	delete_product_image	DELETE	https://oz-nails-wa.myshopify.com/admin/api/2024-10/products/9365265613035/images/49828749639915.json	9365265613035		images	200	OK	image_id=49828749639915
2026-05-18 10:57:21	image-delete	delete_product_image	DELETE	https://oz-nails-wa.myshopify.com/admin/api/2024-10/products/9365265645803/images/49828749770987.json	9365265645803		images	200	OK	image_id=49828749770987
2026-05-18 10:57:23	image-delete	delete_product_image	DELETE	https://oz-nails-wa.myshopify.com/admin/api/2024-10/products/9365265678571/images/49828749967595.json	9365265678571		images	200	OK	image_id=49828749967595
2026-05-18 10:57:24	image-delete	delete_product_image	DELETE	https://oz-nails-wa.myshopify.com/admin/api/2024-10/products/9365265711339/images/49828750065899.json	9365265711339		images	200	OK	image_id=49828750065899
2026-05-18 10:57:26	image-delete	delete_product_image	DELETE	https://oz-nails-wa.myshopify.com/admin/api/2024-10/products/9365265776875/images/49828750229739.json	9365265776875		images	200	OK	image_id=49828750229739
2026-05-18 10:57:28	image-delete	delete_product_image	DELETE	https://oz-nails-wa.myshopify.com/admin/api/2024-10/products/9365265842411/images/49828750524651.json	9365265842411		images	200	OK	image_id=49828750524651
2026-05-18 10:57:30	image-delete	delete_product_image	DELETE	https://oz-nails-wa.myshopify.com/admin/api/2024-10/products/9365265907947/images/49828750590187.json	9365265907947		images	200	OK	image_id=49828750590187
2026-05-18 10:57:31	image-delete	delete_product_image	DELETE	https://oz-nails-wa.myshopify.com/admin/api/2024-10/products/9365265940715/images/49828750688491.json	9365265940715		images	200	OK	image_id=49828750688491
2026-05-18 10:57:33	image-delete	delete_product_image	DELETE	https://oz-nails-wa.myshopify.com/admin/api/2024-10/products/9365265973483/images/49828750852331.json	9365265973483		images	200	OK	image_id=49828750852331
2026-05-18 10:57:35	image-delete	delete_product_image	DELETE	https://oz-nails-wa.myshopify.com/admin/api/2024-10/products/9365266039019/images/49828750917867.json	9365266039019		images	200	OK	image_id=49828750917867
2026-05-18 10:57:37	image-delete	delete_product_image	DELETE	https://oz-nails-wa.myshopify.com/admin/api/2024-10/products/9365904752875/images/49828751016171.json	9365904752875		images	200	OK	image_id=49828751016171
2026-05-18 10:57:39	image-delete	delete_product_image	DELETE	https://oz-nails-wa.myshopify.com/admin/api/2024-10/products/9365411037419/images/49828751147243.json	9365411037419		images	200	OK	image_id=49828751147243
2026-05-18 10:57:40	image-delete	delete_product_image	DELETE	https://oz-nails-wa.myshopify.com/admin/api/2024-10/products/9365906194667/images/49828751311083.json	9365906194667		images	200	OK	image_id=49828751311083
2026-05-18 10:57:42	image-delete	delete_product_image	DELETE	https://oz-nails-wa.myshopify.com/admin/api/2024-10/products/9365908586731/images/49828751409387.json	9365908586731		images	200	OK	image_id=49828751409387
2026-05-18 10:57:44	image-delete	delete_product_image	DELETE	https://oz-nails-wa.myshopify.com/admin/api/2024-10/products/9365908914411/images/49828751671531.json	9365908914411		images	200	OK	image_id=49828751671531
2026-05-18 10:57:45	image-delete	delete_product_image	DELETE	https://oz-nails-wa.myshopify.com/admin/api/2024-10/products/9365412249835/images/49828751769835.json	9365412249835		images	200	OK	image_id=49828751769835
2026-05-18 10:57:47	image-delete	delete_product_image	DELETE	https://oz-nails-wa.myshopify.com/admin/api/2024-10/products/9365909438699/images/49828751868139.json	9365909438699		images	200	OK	image_id=49828751868139
2026-05-18 10:57:49	image-delete	delete_product_image	DELETE	https://oz-nails-wa.myshopify.com/admin/api/2024-10/products/9365412774123/images/49828751999211.json	9365412774123		images	200	OK	image_id=49828751999211
2026-05-18 10:57:51	image-delete	delete_product_image	DELETE	https://oz-nails-wa.myshopify.com/admin/api/2024-10/products/9365413789931/images/49828752097515.json	9365413789931		images	200	OK	image_id=49828752097515
2026-05-18 10:57:52	image-delete	delete_product_image	DELETE	https://oz-nails-wa.myshopify.com/admin/api/2024-10/products/9365414510827/images/49828752195819.json	9365414510827		images	200	OK	image_id=49828752195819
2026-05-18 10:57:54	image-delete	delete_product_image	DELETE	https://oz-nails-wa.myshopify.com/admin/api/2024-10/products/9365910061291/images/49828752752875.json	9365910061291		images	200	OK	image_id=49828752752875
2026-05-18 10:57:56	image-delete	delete_product_image	DELETE	https://oz-nails-wa.myshopify.com/admin/api/2024-10/products/9365415395563/images/49828752818411.json	9365415395563		images	200	OK	image_id=49828752818411
2026-05-18 10:57:58	image-delete	delete_product_image	DELETE	https://oz-nails-wa.myshopify.com/admin/api/2024-10/products/9364821737707/images/49828752916715.json	9364821737707		images	200	OK	image_id=49828752916715
2026-05-18 10:57:59	image-delete	delete_product_image	DELETE	https://oz-nails-wa.myshopify.com/admin/api/2024-10/products/9364821770475/images/49828753146091.json	9364821770475		images	200	OK	image_id=49828753146091
2026-05-18 10:58:01	image-delete	delete_product_image	DELETE	https://oz-nails-wa.myshopify.com/admin/api/2024-10/products/9364821836011/images/49828753244395.json	9364821836011		images	200	OK	image_id=49828753244395
2026-05-18 10:58:03	image-delete	delete_product_image	DELETE	https://oz-nails-wa.myshopify.com/admin/api/2024-10/products/9364821868779/images/49828753342699.json	9364821868779		images	200	OK	image_id=49828753342699
2026-05-18 10:58:05	image-delete	delete_product_image	DELETE	https://oz-nails-wa.myshopify.com/admin/api/2024-10/products/9364821901547/images/49828753441003.json	9364821901547		images	200	OK	image_id=49828753441003
2026-05-18 10:58:06	image-delete	delete_product_image	DELETE	https://oz-nails-wa.myshopify.com/admin/api/2024-10/products/9364821934315/images/49828753506539.json	9364821934315		images	200	OK	image_id=49828753506539
2026-05-18 10:58:08	image-delete	delete_product_image	DELETE	https://oz-nails-wa.myshopify.com/admin/api/2024-10/products/9364821967083/images/49828753637611.json	9364821967083		images	200	OK	image_id=49828753637611
2026-05-18 10:58:10	image-delete	delete_product_image	DELETE	https://oz-nails-wa.myshopify.com/admin/api/2024-10/products/9364821999851/images/49828753735915.json	9364821999851		images	200	OK	image_id=49828753735915
2026-05-18 10:58:12	image-delete	delete_product_image	DELETE	https://oz-nails-wa.myshopify.com/admin/api/2024-10/products/9364822032619/images/49828753834219.json	9364822032619		images	200	OK	image_id=49828753834219
2026-05-18 10:58:13	image-delete	delete_product_image	DELETE	https://oz-nails-wa.myshopify.com/admin/api/2024-10/products/9364822098155/images/49828754129131.json	9364822098155		images	200	OK	image_id=49828754129131
2026-05-18 10:58:15	image-delete	delete_product_image	DELETE	https://oz-nails-wa.myshopify.com/admin/api/2024-10/products/9364822130923/images/49828754227435.json	9364822130923		images	200	OK	image_id=49828754227435
2026-05-18 10:58:17	image-delete	delete_product_image	DELETE	https://oz-nails-wa.myshopify.com/admin/api/2024-10/products/9364822163691/images/49828754325739.json	9364822163691		images	200	OK	image_id=49828754325739
2026-05-18 10:58:19	image-delete	delete_product_image	DELETE	https://oz-nails-wa.myshopify.com/admin/api/2024-10/products/9364822229227/images/49828754391275.json	9364822229227		images	200	OK	image_id=49828754391275
2026-05-18 10:58:20	image-delete	delete_product_image	DELETE	https://oz-nails-wa.myshopify.com/admin/api/2024-10/products/9364822261995/images/49828754456811.json	9364822261995		images	200	OK	image_id=49828754456811
2026-05-18 10:58:22	image-delete	delete_product_image	DELETE	https://oz-nails-wa.myshopify.com/admin/api/2024-10/products/9364822294763/images/49828754751723.json	9364822294763		images	200	OK	image_id=49828754751723
2026-05-18 10:58:24	image-delete	delete_product_image	DELETE	https://oz-nails-wa.myshopify.com/admin/api/2024-10/products/9364822327531/images/49828754882795.json	9364822327531		images	200	OK	image_id=49828754882795
2026-05-18 10:58:25	image-delete	delete_product_image	DELETE	https://oz-nails-wa.myshopify.com/admin/api/2024-10/products/9364822393067/images/49828754981099.json	9364822393067		images	200	OK	image_id=49828754981099
2026-05-18 10:58:27	image-delete	delete_product_image	DELETE	https://oz-nails-wa.myshopify.com/admin/api/2024-10/products/9364822425835/images/49828755046635.json	9364822425835		images	200	OK	image_id=49828755046635
2026-05-18 10:58:29	image-delete	delete_product_image	DELETE	https://oz-nails-wa.myshopify.com/admin/api/2024-10/products/9364822458603/images/49828755144939.json	9364822458603		images	200	OK	image_id=49828755144939
2026-05-18 10:58:31	image-delete	delete_product_image	DELETE	https://oz-nails-wa.myshopify.com/admin/api/2024-10/products/9364822491371/images/49828755210475.json	9364822491371		images	200	OK	image_id=49828755210475
2026-05-18 10:58:32	image-delete	delete_product_image	DELETE	https://oz-nails-wa.myshopify.com/admin/api/2024-10/products/9364822524139/images/49828755472619.json	9364822524139		images	200	OK	image_id=49828755472619
2026-05-18 10:58:34	image-delete	delete_product_image	DELETE	https://oz-nails-wa.myshopify.com/admin/api/2024-10/products/9364822556907/images/49828755701995.json	9364822556907		images	200	OK	image_id=49828755701995
2026-05-18 10:58:36	image-delete	delete_product_image	DELETE	https://oz-nails-wa.myshopify.com/admin/api/2024-10/products/9364822589675/images/49828755800299.json	9364822589675		images	200	OK	image_id=49828755800299
2026-05-18 10:58:38	image-delete	delete_product_image	DELETE	https://oz-nails-wa.myshopify.com/admin/api/2024-10/products/9364822622443/images/49828755865835.json	9364822622443		images	200	OK	image_id=49828755865835
2026-05-18 10:58:39	image-delete	delete_product_image	DELETE	https://oz-nails-wa.myshopify.com/admin/api/2024-10/products/9364822655211/images/49828755964139.json	9364822655211		images	200	OK	image_id=49828755964139
2026-05-18 10:58:41	image-delete	delete_product_image	DELETE	https://oz-nails-wa.myshopify.com/admin/api/2024-10/products/9364822687979/images/49828756095211.json	9364822687979		images	200	OK	image_id=49828756095211
2026-05-18 10:58:43	image-delete	delete_product_image	DELETE	https://oz-nails-wa.myshopify.com/admin/api/2024-10/products/9364822720747/images/49828756160747.json	9364822720747		images	200	OK	image_id=49828756160747
2026-05-18 10:58:45	image-delete	delete_product_image	DELETE	https://oz-nails-wa.myshopify.com/admin/api/2024-10/products/9364822753515/images/49828756259051.json	9364822753515		images	200	OK	image_id=49828756259051
2026-05-18 10:58:46	image-delete	delete_product_image	DELETE	https://oz-nails-wa.myshopify.com/admin/api/2024-10/products/9364822786283/images/49828756357355.json	9364822786283		images	200	OK	image_id=49828756357355
2026-05-18 10:58:48	image-delete	delete_product_image	DELETE	https://oz-nails-wa.myshopify.com/admin/api/2024-10/products/9364822819051/images/49828756422891.json	9364822819051		images	200	OK	image_id=49828756422891
2026-05-18 10:58:50	image-delete	delete_product_image	DELETE	https://oz-nails-wa.myshopify.com/admin/api/2024-10/products/9364822851819/images/49828756521195.json	9364822851819		images	200	OK	image_id=49828756521195
2026-05-18 10:58:51	image-delete	delete_product_image	DELETE	https://oz-nails-wa.myshopify.com/admin/api/2024-10/products/9364822884587/images/49828756848875.json	9364822884587		images	200	OK	image_id=49828756848875
2026-05-18 10:58:53	image-delete	delete_product_image	DELETE	https://oz-nails-wa.myshopify.com/admin/api/2024-10/products/9364822917355/images/49828756947179.json	9364822917355		images	200	OK	image_id=49828756947179
2026-05-18 10:58:55	image-delete	delete_product_image	DELETE	https://oz-nails-wa.myshopify.com/admin/api/2024-10/products/9364822982891/images/49828757012715.json	9364822982891		images	200	OK	image_id=49828757012715
2026-05-18 10:58:57	image-delete	delete_product_image	DELETE	https://oz-nails-wa.myshopify.com/admin/api/2024-10/products/9364823048427/images/49828757078251.json	9364823048427		images	200	OK	image_id=49828757078251
2026-05-18 10:58:58	image-delete	delete_product_image	DELETE	https://oz-nails-wa.myshopify.com/admin/api/2024-10/products/9364823113963/images/49828757274859.json	9364823113963		images	200	OK	image_id=49828757274859
2026-05-18 10:59:00	image-delete	delete_product_image	DELETE	https://oz-nails-wa.myshopify.com/admin/api/2024-10/products/9364823146731/images/49828757340395.json	9364823146731		images	200	OK	image_id=49828757340395
2026-05-18 10:59:02	image-delete	delete_product_image	DELETE	https://oz-nails-wa.myshopify.com/admin/api/2024-10/products/9364823179499/images/49828757438699.json	9364823179499		images	200	OK	image_id=49828757438699
2026-05-18 10:59:04	image-delete	delete_product_image	DELETE	https://oz-nails-wa.myshopify.com/admin/api/2024-10/products/9364823212267/images/49828757504235.json	9364823212267		images	200	OK	image_id=49828757504235
2026-05-18 10:59:05	image-delete	delete_product_image	DELETE	https://oz-nails-wa.myshopify.com/admin/api/2024-10/products/9364823245035/images/49828757602539.json	9364823245035		images	200	OK	image_id=49828757602539
2026-05-18 10:59:07	image-delete	delete_product_image	DELETE	https://oz-nails-wa.myshopify.com/admin/api/2024-10/products/9364823310571/images/49828757700843.json	9364823310571		images	200	OK	image_id=49828757700843
2026-05-18 10:59:09	image-delete	delete_product_image	DELETE	https://oz-nails-wa.myshopify.com/admin/api/2024-10/products/9364823343339/images/49828757799147.json	9364823343339		images	200	OK	image_id=49828757799147
2026-05-18 10:59:11	image-delete	delete_product_image	DELETE	https://oz-nails-wa.myshopify.com/admin/api/2024-10/products/9364823376107/images/49828757864683.json	9364823376107		images	200	OK	image_id=49828757864683
2026-05-18 10:59:12	image-delete	delete_product_image	DELETE	https://oz-nails-wa.myshopify.com/admin/api/2024-10/products/9364823408875/images/49828757995755.json	9364823408875		images	200	OK	image_id=49828757995755
2026-05-18 10:59:14	image-delete	delete_product_image	DELETE	https://oz-nails-wa.myshopify.com/admin/api/2024-10/products/9364823441643/images/49828758159595.json	9364823441643		images	200	OK	image_id=49828758159595
2026-05-18 10:59:16	image-delete	delete_product_image	DELETE	https://oz-nails-wa.myshopify.com/admin/api/2024-10/products/9364823474411/images/49828758388971.json	9364823474411		images	200	OK	image_id=49828758388971
2026-05-18 10:59:17	image-delete	delete_product_image	DELETE	https://oz-nails-wa.myshopify.com/admin/api/2024-10/products/9364823507179/images/49828758454507.json	9364823507179		images	200	OK	image_id=49828758454507
2026-05-18 10:59:19	image-delete	delete_product_image	DELETE	https://oz-nails-wa.myshopify.com/admin/api/2024-10/products/9364823539947/images/49828758552811.json	9364823539947		images	200	OK	image_id=49828758552811
2026-05-18 10:59:21	image-delete	delete_product_image	DELETE	https://oz-nails-wa.myshopify.com/admin/api/2024-10/products/9364823572715/images/49828758651115.json	9364823572715		images	200	OK	image_id=49828758651115
2026-05-18 10:59:23	image-delete	delete_product_image	DELETE	https://oz-nails-wa.myshopify.com/admin/api/2024-10/products/9364823605483/images/49828758749419.json	9364823605483		images	200	OK	image_id=49828758749419
2026-05-18 10:59:24	image-delete	delete_product_image	DELETE	https://oz-nails-wa.myshopify.com/admin/api/2024-10/products/9364823638251/images/49828758880491.json	9364823638251		images	200	OK	image_id=49828758880491
2026-05-18 10:59:26	image-delete	delete_product_image	DELETE	https://oz-nails-wa.myshopify.com/admin/api/2024-10/products/9364823671019/images/49828758978795.json	9364823671019		images	200	OK	image_id=49828758978795
2026-05-18 10:59:28	image-delete	delete_product_image	DELETE	https://oz-nails-wa.myshopify.com/admin/api/2024-10/products/9364823736555/images/49828759077099.json	9364823736555		images	200	OK	image_id=49828759077099
2026-05-18 10:59:30	image-delete	delete_product_image	DELETE	https://oz-nails-wa.myshopify.com/admin/api/2024-10/products/9364823769323/images/49828759175403.json	9364823769323		images	200	OK	image_id=49828759175403
2026-05-18 10:59:32	image-delete	delete_product_image	DELETE	https://oz-nails-wa.myshopify.com/admin/api/2024-10/products/9364823802091/images/49828759273707.json	9364823802091		images	200	OK	image_id=49828759273707
2026-05-18 10:59:33	image-delete	delete_product_image	DELETE	https://oz-nails-wa.myshopify.com/admin/api/2024-10/products/9364823834859/images/49828759372011.json	9364823834859		images	200	OK	image_id=49828759372011
2026-05-18 10:59:35	image-delete	delete_product_image	DELETE	https://oz-nails-wa.myshopify.com/admin/api/2024-10/products/9364823867627/images/49828759699691.json	9364823867627		images	200	OK	image_id=49828759699691
2026-05-18 10:59:37	image-delete	delete_product_image	DELETE	https://oz-nails-wa.myshopify.com/admin/api/2024-10/products/9364823933163/images/49828759765227.json	9364823933163		images	200	OK	image_id=49828759765227
2026-05-18 10:59:38	image-delete	delete_product_image	DELETE	https://oz-nails-wa.myshopify.com/admin/api/2024-10/products/9364823965931/images/49828760027371.json	9364823965931		images	200	OK	image_id=49828760027371
2026-05-18 10:59:40	image-delete	delete_product_image	DELETE	https://oz-nails-wa.myshopify.com/admin/api/2024-10/products/9364823998699/images/49828760125675.json	9364823998699		images	200	OK	image_id=49828760125675
2026-05-18 10:59:42	image-delete	delete_product_image	DELETE	https://oz-nails-wa.myshopify.com/admin/api/2024-10/products/9364824031467/images/49828760223979.json	9364824031467		images	200	OK	image_id=49828760223979
2026-05-18 10:59:44	image-delete	delete_product_image	DELETE	https://oz-nails-wa.myshopify.com/admin/api/2024-10/products/9364824064235/images/49828760322283.json	9364824064235		images	200	OK	image_id=49828760322283
2026-05-18 10:59:45	image-delete	delete_product_image	DELETE	https://oz-nails-wa.myshopify.com/admin/api/2024-10/products/9364824097003/images/49828760486123.json	9364824097003		images	200	OK	image_id=49828760486123
2026-05-18 10:59:47	image-delete	delete_product_image	DELETE	https://oz-nails-wa.myshopify.com/admin/api/2024-10/products/9364824129771/images/49828760617195.json	9364824129771		images	200	OK	image_id=49828760617195
2026-05-18 10:59:49	image-delete	delete_product_image	DELETE	https://oz-nails-wa.myshopify.com/admin/api/2024-10/products/9364824162539/images/49828760715499.json	9364824162539		images	200	OK	image_id=49828760715499
2026-05-18 10:59:51	image-delete	delete_product_image	DELETE	https://oz-nails-wa.myshopify.com/admin/api/2024-10/products/9364824195307/images/49828760846571.json	9364824195307		images	200	OK	image_id=49828760846571
2026-05-18 10:59:53	image-delete	delete_product_image	DELETE	https://oz-nails-wa.myshopify.com/admin/api/2024-10/products/9364824228075/images/49828761043179.json	9364824228075		images	200	OK	image_id=49828761043179
2026-05-18 10:59:54	image-delete	delete_product_image	DELETE	https://oz-nails-wa.myshopify.com/admin/api/2024-10/products/9364824260843/images/49828761239787.json	9364824260843		images	200	OK	image_id=49828761239787
2026-05-18 10:59:56	image-delete	delete_product_image	DELETE	https://oz-nails-wa.myshopify.com/admin/api/2024-10/products/9364824326379/images/49828761305323.json	9364824326379		images	200	OK	image_id=49828761305323
2026-05-18 10:59:58	image-delete	delete_product_image	DELETE	https://oz-nails-wa.myshopify.com/admin/api/2024-10/products/9364824359147/images/49828761403627.json	9364824359147		images	200	OK	image_id=49828761403627
2026-05-18 10:59:59	image-delete	delete_product_image	DELETE	https://oz-nails-wa.myshopify.com/admin/api/2024-10/products/9364824391915/images/49828761469163.json	9364824391915		images	200	OK	image_id=49828761469163
2026-05-18 11:00:01	image-delete	delete_product_image	DELETE	https://oz-nails-wa.myshopify.com/admin/api/2024-10/products/9364824424683/images/49828761567467.json	9364824424683		images	200	OK	image_id=49828761567467
2026-05-18 11:00:03	image-delete	delete_product_image	DELETE	https://oz-nails-wa.myshopify.com/admin/api/2024-10/products/9364824490219/images/49828761633003.json	9364824490219		images	200	OK	image_id=49828761633003
2026-05-18 11:00:05	image-delete	delete_product_image	DELETE	https://oz-nails-wa.myshopify.com/admin/api/2024-10/products/9364824522987/images/49828761698539.json	9364824522987		images	200	OK	image_id=49828761698539
2026-05-18 11:00:06	image-delete	delete_product_image	DELETE	https://oz-nails-wa.myshopify.com/admin/api/2024-10/products/9364824555755/images/49828761764075.json	9364824555755		images	200	OK	image_id=49828761764075
2026-05-18 11:00:08	image-delete	delete_product_image	DELETE	https://oz-nails-wa.myshopify.com/admin/api/2024-10/products/9364824588523/images/49828761895147.json	9364824588523		images	200	OK	image_id=49828761895147
2026-05-18 11:00:10	image-delete	delete_product_image	DELETE	https://oz-nails-wa.myshopify.com/admin/api/2024-10/products/9364824621291/images/49828762026219.json	9364824621291		images	200	OK	image_id=49828762026219
2026-05-18 11:00:12	image-delete	delete_product_image	DELETE	https://oz-nails-wa.myshopify.com/admin/api/2024-10/products/9364824686827/images/49828762321131.json	9364824686827		images	200	OK	image_id=49828762321131
2026-05-18 11:00:14	image-delete	delete_product_image	DELETE	https://oz-nails-wa.myshopify.com/admin/api/2024-10/products/9364824719595/images/49828762484971.json	9364824719595		images	200	OK	image_id=49828762484971
2026-05-18 11:00:16	image-delete	delete_product_image	DELETE	https://oz-nails-wa.myshopify.com/admin/api/2024-10/products/9364824752363/images/49828762550507.json	9364824752363		images	200	OK	image_id=49828762550507
2026-05-18 11:00:18	image-delete	delete_product_image	DELETE	https://oz-nails-wa.myshopify.com/admin/api/2024-10/products/9364824785131/images/49828762747115.json	9364824785131		images	200	OK	image_id=49828762747115
2026-05-18 11:00:20	image-delete	delete_product_image	DELETE	https://oz-nails-wa.myshopify.com/admin/api/2024-10/products/9364824817899/images/49828762910955.json	9364824817899		images	200	OK	image_id=49828762910955
2026-05-18 11:00:22	image-delete	delete_product_image	DELETE	https://oz-nails-wa.myshopify.com/admin/api/2024-10/products/9364824850667/images/49828763205867.json	9364824850667		images	200	OK	image_id=49828763205867
2026-05-18 11:00:24	image-delete	delete_product_image	DELETE	https://oz-nails-wa.myshopify.com/admin/api/2024-10/products/9364824883435/images/49828763435243.json	9364824883435		images	200	OK	image_id=49828763435243
2026-05-18 11:00:25	image-delete	delete_product_image	DELETE	https://oz-nails-wa.myshopify.com/admin/api/2024-10/products/9364824916203/images/49828763664619.json	9364824916203		images	200	OK	image_id=49828763664619
2026-05-18 11:00:27	image-delete	delete_product_image	DELETE	https://oz-nails-wa.myshopify.com/admin/api/2024-10/products/9364824948971/images/49828763828459.json	9364824948971		images	200	OK	image_id=49828763828459
2026-05-18 11:00:29	image-delete	delete_product_image	DELETE	https://oz-nails-wa.myshopify.com/admin/api/2024-10/products/9364824981739/images/49828763926763.json	9364824981739		images	200	OK	image_id=49828763926763
2026-05-18 11:00:31	image-delete	delete_product_image	DELETE	https://oz-nails-wa.myshopify.com/admin/api/2024-10/products/9364825014507/images/49828764025067.json	9364825014507		images	200	OK	image_id=49828764025067
2026-05-18 11:00:33	image-delete	delete_product_image	DELETE	https://oz-nails-wa.myshopify.com/admin/api/2024-10/products/9364825047275/images/49828764090603.json	9364825047275		images	200	OK	image_id=49828764090603
2026-05-18 11:00:34	image-delete	delete_product_image	DELETE	https://oz-nails-wa.myshopify.com/admin/api/2024-10/products/9364825080043/images/49828764188907.json	9364825080043		images	200	OK	image_id=49828764188907
2026-05-18 11:00:36	image-delete	delete_product_image	DELETE	https://oz-nails-wa.myshopify.com/admin/api/2024-10/products/9364825112811/images/49828764287211.json	9364825112811		images	200	OK	image_id=49828764287211
2026-05-18 11:00:38	image-delete	delete_product_image	DELETE	https://oz-nails-wa.myshopify.com/admin/api/2024-10/products/9364825145579/images/49828764385515.json	9364825145579		images	200	OK	image_id=49828764385515
2026-05-18 11:00:40	image-delete	delete_product_image	DELETE	https://oz-nails-wa.myshopify.com/admin/api/2024-10/products/9364825178347/images/49828764483819.json	9364825178347		images	200	OK	image_id=49828764483819
2026-05-18 11:00:42	image-delete	delete_product_image	DELETE	https://oz-nails-wa.myshopify.com/admin/api/2024-10/products/9364825211115/images/49828764614891.json	9364825211115		images	200	OK	image_id=49828764614891
2026-05-18 11:00:43	image-delete	delete_product_image	DELETE	https://oz-nails-wa.myshopify.com/admin/api/2024-10/products/9364825243883/images/49828764680427.json	9364825243883		images	200	OK	image_id=49828764680427
2026-05-18 11:00:45	image-delete	delete_product_image	DELETE	https://oz-nails-wa.myshopify.com/admin/api/2024-10/products/9364825276651/images/49828764811499.json	9364825276651		images	200	OK	image_id=49828764811499
2026-05-18 11:00:47	image-delete	delete_product_image	DELETE	https://oz-nails-wa.myshopify.com/admin/api/2024-10/products/9364825309419/images/49828764975339.json	9364825309419		images	200	OK	image_id=49828764975339
2026-05-18 11:00:49	image-delete	delete_product_image	DELETE	https://oz-nails-wa.myshopify.com/admin/api/2024-10/products/9364825342187/images/49828765040875.json	9364825342187		images	200	OK	image_id=49828765040875
2026-05-18 11:00:50	image-delete	delete_product_image	DELETE	https://oz-nails-wa.myshopify.com/admin/api/2024-10/products/9364825374955/images/49828765139179.json	9364825374955		images	200	OK	image_id=49828765139179
2026-05-18 11:00:52	image-delete	delete_product_image	DELETE	https://oz-nails-wa.myshopify.com/admin/api/2024-10/products/9364825407723/images/49828765204715.json	9364825407723		images	200	OK	image_id=49828765204715
2026-05-18 11:00:54	image-delete	delete_product_image	DELETE	https://oz-nails-wa.myshopify.com/admin/api/2024-10/products/9364825473259/images/49828765303019.json	9364825473259		images	200	OK	image_id=49828765303019
2026-05-18 11:00:56	image-delete	delete_product_image	DELETE	https://oz-nails-wa.myshopify.com/admin/api/2024-10/products/9364825506027/images/49828765368555.json	9364825506027		images	200	OK	image_id=49828765368555
2026-05-18 11:00:57	image-delete	delete_product_image	DELETE	https://oz-nails-wa.myshopify.com/admin/api/2024-10/products/9364825538795/images/49828765466859.json	9364825538795		images	200	OK	image_id=49828765466859
2026-05-18 11:00:59	image-delete	delete_product_image	DELETE	https://oz-nails-wa.myshopify.com/admin/api/2024-10/products/9364825571563/images/49828765565163.json	9364825571563		images	200	OK	image_id=49828765565163
2026-05-18 11:01:01	image-delete	delete_product_image	DELETE	https://oz-nails-wa.myshopify.com/admin/api/2024-10/products/9364825604331/images/49828765827307.json	9364825604331		images	200	OK	image_id=49828765827307
2026-05-18 11:01:03	image-delete	delete_product_image	DELETE	https://oz-nails-wa.myshopify.com/admin/api/2024-10/products/9364825637099/images/49828765958379.json	9364825637099		images	200	OK	image_id=49828765958379
2026-05-18 11:01:05	image-delete	delete_product_image	DELETE	https://oz-nails-wa.myshopify.com/admin/api/2024-10/products/9364825669867/images/49828766056683.json	9364825669867		images	200	OK	image_id=49828766056683
2026-05-18 11:01:07	image-delete	delete_product_image	DELETE	https://oz-nails-wa.myshopify.com/admin/api/2024-10/products/9364825702635/images/49828766089451.json	9364825702635		images	200	OK	image_id=49828766089451
2026-05-18 11:01:08	image-delete	delete_product_image	DELETE	https://oz-nails-wa.myshopify.com/admin/api/2024-10/products/9364825735403/images/49828766351595.json	9364825735403		images	200	OK	image_id=49828766351595
2026-05-18 11:01:10	image-delete	delete_product_image	DELETE	https://oz-nails-wa.myshopify.com/admin/api/2024-10/products/9364825768171/images/49828766580971.json	9364825768171		images	200	OK	image_id=49828766580971
2026-05-18 11:01:12	image-delete	delete_product_image	DELETE	https://oz-nails-wa.myshopify.com/admin/api/2024-10/products/9364825800939/images/49828766613739.json	9364825800939		images	200	OK	image_id=49828766613739
2026-05-18 11:01:14	image-delete	delete_product_image	DELETE	https://oz-nails-wa.myshopify.com/admin/api/2024-10/products/9364825833707/images/49828766646507.json	9364825833707		images	200	OK	image_id=49828766646507
2026-05-18 11:01:15	image-delete	delete_product_image	DELETE	https://oz-nails-wa.myshopify.com/admin/api/2024-10/products/9364825899243/images/49828766679275.json	9364825899243		images	200	OK	image_id=49828766679275
2026-05-18 11:01:17	image-delete	delete_product_image	DELETE	https://oz-nails-wa.myshopify.com/admin/api/2024-10/products/9364825932011/images/49828766777579.json	9364825932011		images	200	OK	image_id=49828766777579
2026-05-18 11:01:19	image-delete	delete_product_image	DELETE	https://oz-nails-wa.myshopify.com/admin/api/2024-10/products/9364825964779/images/49828766843115.json	9364825964779		images	200	OK	image_id=49828766843115
2026-05-18 11:01:21	image-delete	delete_product_image	DELETE	https://oz-nails-wa.myshopify.com/admin/api/2024-10/products/9364825997547/images/49828766941419.json	9364825997547		images	200	OK	image_id=49828766941419
2026-05-18 11:01:22	image-delete	delete_product_image	DELETE	https://oz-nails-wa.myshopify.com/admin/api/2024-10/products/9364826030315/images/49828767006955.json	9364826030315		images	200	OK	image_id=49828767006955
2026-05-18 11:01:24	image-delete	delete_product_image	DELETE	https://oz-nails-wa.myshopify.com/admin/api/2024-10/products/9364826063083/images/49828767105259.json	9364826063083		images	200	OK	image_id=49828767105259
2026-05-18 11:01:26	image-delete	delete_product_image	DELETE	https://oz-nails-wa.myshopify.com/admin/api/2024-10/products/9364826095851/images/49828767170795.json	9364826095851		images	200	OK	image_id=49828767170795
2026-05-18 11:01:28	image-delete	delete_product_image	DELETE	https://oz-nails-wa.myshopify.com/admin/api/2024-10/products/9364826128619/images/49828767269099.json	9364826128619		images	200	OK	image_id=49828767269099
2026-05-18 11:01:30	image-delete	delete_product_image	DELETE	https://oz-nails-wa.myshopify.com/admin/api/2024-10/products/9364826161387/images/49828767334635.json	9364826161387		images	200	OK	image_id=49828767334635
2026-05-18 11:01:31	image-delete	delete_product_image	DELETE	https://oz-nails-wa.myshopify.com/admin/api/2024-10/products/9364826194155/images/49828767432939.json	9364826194155		images	200	OK	image_id=49828767432939
2026-05-18 11:01:33	image-delete	delete_product_image	DELETE	https://oz-nails-wa.myshopify.com/admin/api/2024-10/products/9364826226923/images/49828767498475.json	9364826226923		images	200	OK	image_id=49828767498475
2026-05-18 11:01:35	image-delete	delete_product_image	DELETE	https://oz-nails-wa.myshopify.com/admin/api/2024-10/products/9364826259691/images/49828767596779.json	9364826259691		images	200	OK	image_id=49828767596779
2026-05-18 11:01:37	image-delete	delete_product_image	DELETE	https://oz-nails-wa.myshopify.com/admin/api/2024-10/products/9364826292459/images/49828767662315.json	9364826292459		images	200	OK	image_id=49828767662315
2026-05-18 11:01:38	image-delete	delete_product_image	DELETE	https://oz-nails-wa.myshopify.com/admin/api/2024-10/products/9364826325227/images/49828767826155.json	9364826325227		images	200	OK	image_id=49828767826155
2026-05-18 11:01:41	image-delete	delete_product_image	DELETE	https://oz-nails-wa.myshopify.com/admin/api/2024-10/products/9364826357995/images/49828767924459.json	9364826357995		images	200	OK	image_id=49828767924459
2026-05-18 11:01:42	image-delete	delete_product_image	DELETE	https://oz-nails-wa.myshopify.com/admin/api/2024-10/products/9364826390763/images/49828767989995.json	9364826390763		images	200	OK	image_id=49828767989995
2026-05-18 11:01:44	image-delete	delete_product_image	DELETE	https://oz-nails-wa.myshopify.com/admin/api/2024-10/products/9364826423531/images/49828768055531.json	9364826423531		images	200	OK	image_id=49828768055531
2026-05-18 11:01:46	image-delete	delete_product_image	DELETE	https://oz-nails-wa.myshopify.com/admin/api/2024-10/products/9364826456299/images/49828768317675.json	9364826456299		images	200	OK	image_id=49828768317675
2026-05-18 11:01:48	image-delete	delete_product_image	DELETE	https://oz-nails-wa.myshopify.com/admin/api/2024-10/products/9364826489067/images/49828768776427.json	9364826489067		images	200	OK	image_id=49828768776427
2026-05-18 11:01:49	image-delete	delete_product_image	DELETE	https://oz-nails-wa.myshopify.com/admin/api/2024-10/products/9364826521835/images/49828768841963.json	9364826521835		images	200	OK	image_id=49828768841963
2026-05-18 11:01:51	image-delete	delete_product_image	DELETE	https://oz-nails-wa.myshopify.com/admin/api/2024-10/products/9364826554603/images/49828768940267.json	9364826554603		images	200	OK	image_id=49828768940267
2026-05-18 11:01:53	image-delete	delete_product_image	DELETE	https://oz-nails-wa.myshopify.com/admin/api/2024-10/products/9364826587371/images/49828769071339.json	9364826587371		images	200	OK	image_id=49828769071339
2026-05-18 11:01:55	image-delete	delete_product_image	DELETE	https://oz-nails-wa.myshopify.com/admin/api/2024-10/products/9364826652907/images/49828769136875.json	9364826652907		images	200	OK	image_id=49828769136875
2026-05-18 11:01:56	image-delete	delete_product_image	DELETE	https://oz-nails-wa.myshopify.com/admin/api/2024-10/products/9364826685675/images/49828769235179.json	9364826685675		images	200	OK	image_id=49828769235179
2026-05-18 11:01:58	image-delete	delete_product_image	DELETE	https://oz-nails-wa.myshopify.com/admin/api/2024-10/products/9364826718443/images/49828769333483.json	9364826718443		images	200	OK	image_id=49828769333483
2026-05-18 11:02:00	image-delete	delete_product_image	DELETE	https://oz-nails-wa.myshopify.com/admin/api/2024-10/products/9364826751211/images/49828769399019.json	9364826751211		images	200	OK	image_id=49828769399019
2026-05-18 11:02:02	image-delete	delete_product_image	DELETE	https://oz-nails-wa.myshopify.com/admin/api/2024-10/products/9364826783979/images/49828769792235.json	9364826783979		images	200	OK	image_id=49828769792235
2026-05-18 11:02:03	image-delete	delete_product_image	DELETE	https://oz-nails-wa.myshopify.com/admin/api/2024-10/products/9364826816747/images/49828769890539.json	9364826816747		images	200	OK	image_id=49828769890539
2026-05-18 11:02:05	image-delete	delete_product_image	DELETE	https://oz-nails-wa.myshopify.com/admin/api/2024-10/products/9364826849515/images/49828770349291.json	9364826849515		images	200	OK	image_id=49828770349291
2026-05-18 11:02:07	image-delete	delete_product_image	DELETE	https://oz-nails-wa.myshopify.com/admin/api/2024-10/products/9364826882283/images/49828770480363.json	9364826882283		images	200	OK	image_id=49828770480363
2026-05-18 11:02:09	image-delete	delete_product_image	DELETE	https://oz-nails-wa.myshopify.com/admin/api/2024-10/products/9364826915051/images/49828770709739.json	9364826915051		images	200	OK	image_id=49828770709739
2026-05-18 11:02:11	image-delete	delete_product_image	DELETE	https://oz-nails-wa.myshopify.com/admin/api/2024-10/products/9364826947819/images/49828770775275.json	9364826947819		images	200	OK	image_id=49828770775275
2026-05-18 11:02:13	image-delete	delete_product_image	DELETE	https://oz-nails-wa.myshopify.com/admin/api/2024-10/products/9364826980587/images/49828770873579.json	9364826980587		images	200	OK	image_id=49828770873579
2026-05-18 11:02:14	image-delete	delete_product_image	DELETE	https://oz-nails-wa.myshopify.com/admin/api/2024-10/products/9364827013355/images/49828771037419.json	9364827013355		images	200	OK	image_id=49828771037419
2026-05-18 11:02:16	image-delete	delete_product_image	DELETE	https://oz-nails-wa.myshopify.com/admin/api/2024-10/products/9364827078891/images/49828771102955.json	9364827078891		images	200	OK	image_id=49828771102955
2026-05-18 11:02:18	image-delete	delete_product_image	DELETE	https://oz-nails-wa.myshopify.com/admin/api/2024-10/products/9364827111659/images/49828771234027.json	9364827111659		images	200	OK	image_id=49828771234027
2026-05-18 11:02:20	image-delete	delete_product_image	DELETE	https://oz-nails-wa.myshopify.com/admin/api/2024-10/products/9364827144427/images/49828771299563.json	9364827144427		images	200	OK	image_id=49828771299563
2026-05-18 11:02:21	image-delete	delete_product_image	DELETE	https://oz-nails-wa.myshopify.com/admin/api/2024-10/products/9364827177195/images/49828771528939.json	9364827177195		images	200	OK	image_id=49828771528939
2026-05-18 11:02:23	image-delete	delete_product_image	DELETE	https://oz-nails-wa.myshopify.com/admin/api/2024-10/products/9364827209963/images/49828771889387.json	9364827209963		images	200	OK	image_id=49828771889387
2026-05-18 11:02:25	image-delete	delete_product_image	DELETE	https://oz-nails-wa.myshopify.com/admin/api/2024-10/products/9364827242731/images/49828772053227.json	9364827242731		images	200	OK	image_id=49828772053227
2026-05-18 11:02:26	image-delete	delete_product_image	DELETE	https://oz-nails-wa.myshopify.com/admin/api/2024-10/products/9364827275499/images/49828772118763.json	9364827275499		images	200	OK	image_id=49828772118763
2026-05-18 11:02:28	image-delete	delete_product_image	DELETE	https://oz-nails-wa.myshopify.com/admin/api/2024-10/products/9364827308267/images/49828772282603.json	9364827308267		images	200	OK	image_id=49828772282603
2026-05-18 11:02:30	image-delete	delete_product_image	DELETE	https://oz-nails-wa.myshopify.com/admin/api/2024-10/products/9364827341035/images/49828772380907.json	9364827341035		images	200	OK	image_id=49828772380907
2026-05-18 11:02:32	image-delete	delete_product_image	DELETE	https://oz-nails-wa.myshopify.com/admin/api/2024-10/products/9364827373803/images/49828772511979.json	9364827373803		images	200	OK	image_id=49828772511979
2026-05-18 11:02:33	image-delete	delete_product_image	DELETE	https://oz-nails-wa.myshopify.com/admin/api/2024-10/products/9364827406571/images/49828772643051.json	9364827406571		images	200	OK	image_id=49828772643051
2026-05-18 11:02:35	image-delete	delete_product_image	DELETE	https://oz-nails-wa.myshopify.com/admin/api/2024-10/products/9364827439339/images/49828772774123.json	9364827439339		images	200	OK	image_id=49828772774123
2026-05-18 11:02:37	image-delete	delete_product_image	DELETE	https://oz-nails-wa.myshopify.com/admin/api/2024-10/products/9364827472107/images/49828772905195.json	9364827472107		images	200	OK	image_id=49828772905195
2026-05-18 11:02:39	image-delete	delete_product_image	DELETE	https://oz-nails-wa.myshopify.com/admin/api/2024-10/products/9364827504875/images/49828772970731.json	9364827504875		images	200	OK	image_id=49828772970731
2026-05-18 11:02:40	image-delete	delete_product_image	DELETE	https://oz-nails-wa.myshopify.com/admin/api/2024-10/products/9364827537643/images/49828773069035.json	9364827537643		images	200	OK	image_id=49828773069035
2026-05-18 11:02:42	image-delete	delete_product_image	DELETE	https://oz-nails-wa.myshopify.com/admin/api/2024-10/products/9364827570411/images/49828773167339.json	9364827570411		images	200	OK	image_id=49828773167339
2026-05-18 11:02:44	image-delete	delete_product_image	DELETE	https://oz-nails-wa.myshopify.com/admin/api/2024-10/products/9364827635947/images/49828773363947.json	9364827635947		images	200	OK	image_id=49828773363947
2026-05-18 11:02:46	image-delete	delete_product_image	DELETE	https://oz-nails-wa.myshopify.com/admin/api/2024-10/products/9364827668715/images/49828773462251.json	9364827668715		images	200	OK	image_id=49828773462251
2026-05-18 11:02:47	image-delete	delete_product_image	DELETE	https://oz-nails-wa.myshopify.com/admin/api/2024-10/products/9364827701483/images/49828773593323.json	9364827701483		images	200	OK	image_id=49828773593323
2026-05-18 11:02:49	image-delete	delete_product_image	DELETE	https://oz-nails-wa.myshopify.com/admin/api/2024-10/products/9364827799787/images/49828773658859.json	9364827799787		images	200	OK	image_id=49828773658859
2026-05-18 11:02:51	image-delete	delete_product_image	DELETE	https://oz-nails-wa.myshopify.com/admin/api/2024-10/products/9364827963627/images/49828773789931.json	9364827963627		images	200	OK	image_id=49828773789931
2026-05-18 11:02:53	image-delete	delete_product_image	DELETE	https://oz-nails-wa.myshopify.com/admin/api/2024-10/products/9364828029163/images/49828773855467.json	9364828029163		images	200	OK	image_id=49828773855467
2026-05-18 11:02:54	image-delete	delete_product_image	DELETE	https://oz-nails-wa.myshopify.com/admin/api/2024-10/products/9364828094699/images/49828773953771.json	9364828094699		images	200	OK	image_id=49828773953771
2026-05-18 11:02:56	image-delete	delete_product_image	DELETE	https://oz-nails-wa.myshopify.com/admin/api/2024-10/products/9364828127467/images/49828774019307.json	9364828127467		images	200	OK	image_id=49828774019307
2026-05-18 11:02:58	image-delete	delete_product_image	DELETE	https://oz-nails-wa.myshopify.com/admin/api/2024-10/products/9364828193003/images/49828774150379.json	9364828193003		images	200	OK	image_id=49828774150379
2026-05-18 11:03:00	image-delete	delete_product_image	DELETE	https://oz-nails-wa.myshopify.com/admin/api/2024-10/products/9364828225771/images/49828774346987.json	9364828225771		images	200	OK	image_id=49828774346987
2026-05-18 11:03:01	image-delete	delete_product_image	DELETE	https://oz-nails-wa.myshopify.com/admin/api/2024-10/products/9364828291307/images/49828774609131.json	9364828291307		images	200	OK	image_id=49828774609131
2026-05-18 11:03:03	image-delete	delete_product_image	DELETE	https://oz-nails-wa.myshopify.com/admin/api/2024-10/products/9364828324075/images/49828774707435.json	9364828324075		images	200	OK	image_id=49828774707435
2026-05-18 11:03:05	image-delete	delete_product_image	DELETE	https://oz-nails-wa.myshopify.com/admin/api/2024-10/products/9364828356843/images/49828774772971.json	9364828356843		images	200	OK	image_id=49828774772971
2026-05-18 11:03:07	image-delete	delete_product_image	DELETE	https://oz-nails-wa.myshopify.com/admin/api/2024-10/products/9364828455147/images/49828774871275.json	9364828455147		images	200	OK	image_id=49828774871275
2026-05-18 11:03:08	image-delete	delete_product_image	DELETE	https://oz-nails-wa.myshopify.com/admin/api/2024-10/products/9364828520683/images/49828774936811.json	9364828520683		images	200	OK	image_id=49828774936811
2026-05-18 11:03:11	image-delete	delete_product_image	DELETE	https://oz-nails-wa.myshopify.com/admin/api/2024-10/products/9364828553451/images/49828775002347.json	9364828553451		images	200	OK	image_id=49828775002347
2026-05-18 11:03:12	image-delete	delete_product_image	DELETE	https://oz-nails-wa.myshopify.com/admin/api/2024-10/products/9364828586219/images/49828775100651.json	9364828586219		images	200	OK	image_id=49828775100651
2026-05-18 11:03:14	image-delete	delete_product_image	DELETE	https://oz-nails-wa.myshopify.com/admin/api/2024-10/products/9364828651755/images/49828775166187.json	9364828651755		images	200	OK	image_id=49828775166187
2026-05-18 11:03:16	image-delete	delete_product_image	DELETE	https://oz-nails-wa.myshopify.com/admin/api/2024-10/products/9364828684523/images/49828775264491.json	9364828684523		images	200	OK	image_id=49828775264491
2026-05-18 11:03:18	image-delete	delete_product_image	DELETE	https://oz-nails-wa.myshopify.com/admin/api/2024-10/products/9364828717291/images/49828775330027.json	9364828717291		images	200	OK	image_id=49828775330027
2026-05-18 11:03:19	image-delete	delete_product_image	DELETE	https://oz-nails-wa.myshopify.com/admin/api/2024-10/products/9364828750059/images/49828775428331.json	9364828750059		images	200	OK	image_id=49828775428331
2026-05-18 11:03:21	image-delete	delete_product_image	DELETE	https://oz-nails-wa.myshopify.com/admin/api/2024-10/products/9364828782827/images/49828775493867.json	9364828782827		images	200	OK	image_id=49828775493867
2026-05-18 11:03:23	image-delete	delete_product_image	DELETE	https://oz-nails-wa.myshopify.com/admin/api/2024-10/products/9364828848363/images/49828775624939.json	9364828848363		images	200	OK	image_id=49828775624939
2026-05-18 11:03:25	image-delete	delete_product_image	DELETE	https://oz-nails-wa.myshopify.com/admin/api/2024-10/products/9364828881131/images/49828775690475.json	9364828881131		images	200	OK	image_id=49828775690475
2026-05-18 11:03:26	image-delete	delete_product_image	DELETE	https://oz-nails-wa.myshopify.com/admin/api/2024-10/products/9364828913899/images/49828775788779.json	9364828913899		images	200	OK	image_id=49828775788779
2026-05-18 11:03:28	image-delete	delete_product_image	DELETE	https://oz-nails-wa.myshopify.com/admin/api/2024-10/products/9364828946667/images/49828775887083.json	9364828946667		images	200	OK	image_id=49828775887083
2026-05-18 11:03:30	image-delete	delete_product_image	DELETE	https://oz-nails-wa.myshopify.com/admin/api/2024-10/products/9364828979435/images/49828775985387.json	9364828979435		images	200	OK	image_id=49828775985387
2026-05-18 11:03:32	image-delete	delete_product_image	DELETE	https://oz-nails-wa.myshopify.com/admin/api/2024-10/products/9364829012203/images/49828776116459.json	9364829012203		images	200	OK	image_id=49828776116459
2026-05-18 11:03:33	image-delete	delete_product_image	DELETE	https://oz-nails-wa.myshopify.com/admin/api/2024-10/products/9364829044971/images/49828776214763.json	9364829044971		images	200	OK	image_id=49828776214763
2026-05-18 11:03:35	image-delete	delete_product_image	DELETE	https://oz-nails-wa.myshopify.com/admin/api/2024-10/products/9364829077739/images/49828776345835.json	9364829077739		images	200	OK	image_id=49828776345835
2026-05-18 11:03:38	image-delete	delete_product_image	DELETE	https://oz-nails-wa.myshopify.com/admin/api/2024-10/products/9364829143275/images/49828776444139.json	9364829143275		images	200	OK	image_id=49828776444139
2026-05-18 11:03:40	image-delete	delete_product_image	DELETE	https://oz-nails-wa.myshopify.com/admin/api/2024-10/products/9364829176043/images/49828776575211.json	9364829176043		images	200	OK	image_id=49828776575211
2026-05-18 11:03:42	image-delete	delete_product_image	DELETE	https://oz-nails-wa.myshopify.com/admin/api/2024-10/products/9364829208811/images/49828776673515.json	9364829208811		images	200	OK	image_id=49828776673515
2026-05-18 11:03:43	image-delete	delete_product_image	DELETE	https://oz-nails-wa.myshopify.com/admin/api/2024-10/products/9364829241579/images/49828776804587.json	9364829241579		images	200	OK	image_id=49828776804587
2026-05-18 11:03:45	image-delete	delete_product_image	DELETE	https://oz-nails-wa.myshopify.com/admin/api/2024-10/products/9364829274347/images/49828777066731.json	9364829274347		images	200	OK	image_id=49828777066731
2026-05-18 11:03:47	image-delete	delete_product_image	DELETE	https://oz-nails-wa.myshopify.com/admin/api/2024-10/products/9364829307115/images/49828777230571.json	9364829307115		images	200	OK	image_id=49828777230571
2026-05-18 11:03:49	image-delete	delete_product_image	DELETE	https://oz-nails-wa.myshopify.com/admin/api/2024-10/products/9364829372651/images/49828777427179.json	9364829372651		images	200	OK	image_id=49828777427179
2026-05-18 11:03:51	image-delete	delete_product_image	DELETE	https://oz-nails-wa.myshopify.com/admin/api/2024-10/products/9364829405419/images/49828777591019.json	9364829405419		images	200	OK	image_id=49828777591019
2026-05-18 11:03:53	image-delete	delete_product_image	DELETE	https://oz-nails-wa.myshopify.com/admin/api/2024-10/products/9364829438187/images/49828777787627.json	9364829438187		images	200	OK	image_id=49828777787627
2026-05-18 11:03:54	image-delete	delete_product_image	DELETE	https://oz-nails-wa.myshopify.com/admin/api/2024-10/products/9364829503723/images/49828777951467.json	9364829503723		images	200	OK	image_id=49828777951467
2026-05-18 11:03:56	image-delete	delete_product_image	DELETE	https://oz-nails-wa.myshopify.com/admin/api/2024-10/products/9364829536491/images/49828778180843.json	9364829536491		images	200	OK	image_id=49828778180843
2026-05-18 11:03:58	image-delete	delete_product_image	DELETE	https://oz-nails-wa.myshopify.com/admin/api/2024-10/products/9364829569259/images/49828778377451.json	9364829569259		images	200	OK	image_id=49828778377451
2026-05-18 11:04:00	image-delete	delete_product_image	DELETE	https://oz-nails-wa.myshopify.com/admin/api/2024-10/products/9364829602027/images/49828779000043.json	9364829602027		images	200	OK	image_id=49828779000043
2026-05-18 11:04:02	image-delete	delete_product_image	DELETE	https://oz-nails-wa.myshopify.com/admin/api/2024-10/products/9364829634795/images/49828779327723.json	9364829634795		images	200	OK	image_id=49828779327723
2026-05-18 11:04:04	image-delete	delete_product_image	DELETE	https://oz-nails-wa.myshopify.com/admin/api/2024-10/products/9364829667563/images/49828779622635.json	9364829667563		images	200	OK	image_id=49828779622635
2026-05-18 11:04:06	image-delete	delete_product_image	DELETE	https://oz-nails-wa.myshopify.com/admin/api/2024-10/products/9364829700331/images/49828779852011.json	9364829700331		images	200	OK	image_id=49828779852011
2026-05-18 11:04:08	image-delete	delete_product_image	DELETE	https://oz-nails-wa.myshopify.com/admin/api/2024-10/products/9364829733099/images/49828780048619.json	9364829733099		images	200	OK	image_id=49828780048619
2026-05-18 11:04:09	image-delete	delete_product_image	DELETE	https://oz-nails-wa.myshopify.com/admin/api/2024-10/products/9364829765867/images/49828780212459.json	9364829765867		images	200	OK	image_id=49828780212459
2026-05-18 11:04:11	image-delete	delete_product_image	DELETE	https://oz-nails-wa.myshopify.com/admin/api/2024-10/products/9364829798635/images/49828780409067.json	9364829798635		images	200	OK	image_id=49828780409067
2026-05-18 11:04:13	image-delete	delete_product_image	DELETE	https://oz-nails-wa.myshopify.com/admin/api/2024-10/products/9364829831403/images/49828780638443.json	9364829831403		images	200	OK	image_id=49828780638443
2026-05-18 11:04:15	image-delete	delete_product_image	DELETE	https://oz-nails-wa.myshopify.com/admin/api/2024-10/products/9364829864171/images/49828780835051.json	9364829864171		images	200	OK	image_id=49828780835051
2026-05-18 11:04:17	image-delete	delete_product_image	DELETE	https://oz-nails-wa.myshopify.com/admin/api/2024-10/products/9364829896939/images/49828781031659.json	9364829896939		images	200	OK	image_id=49828781031659
2026-05-18 11:04:19	image-delete	delete_product_image	DELETE	https://oz-nails-wa.myshopify.com/admin/api/2024-10/products/9364829929707/images/49828781261035.json	9364829929707		images	200	OK	image_id=49828781261035
2026-05-18 11:04:20	image-delete	delete_product_image	DELETE	https://oz-nails-wa.myshopify.com/admin/api/2024-10/products/9364829962475/images/49828781457643.json	9364829962475		images	200	OK	image_id=49828781457643
2026-05-18 11:05:10	image-delete	delete_product_image	DELETE	https://oz-nails-wa.myshopify.com/admin/api/2024-10/products/9365220786411/images/49828781654251.json	9365220786411		images	200	OK	image_id=49828781654251
2026-05-18 11:05:12	image-delete	delete_product_image	DELETE	https://oz-nails-wa.myshopify.com/admin/api/2024-10/products/9365220851947/images/49828781883627.json	9365220851947		images	200	OK	image_id=49828781883627
2026-05-18 11:05:14	image-delete	delete_product_image	DELETE	https://oz-nails-wa.myshopify.com/admin/api/2024-10/products/9365220950251/images/49828782047467.json	9365220950251		images	200	OK	image_id=49828782047467
2026-05-18 11:05:16	image-delete	delete_product_image	DELETE	https://oz-nails-wa.myshopify.com/admin/api/2024-10/products/9365221048555/images/49828782244075.json	9365221048555		images	200	OK	image_id=49828782244075
2026-05-18 11:05:18	image-delete	delete_product_image	DELETE	https://oz-nails-wa.myshopify.com/admin/api/2024-10/products/9365423096043/images/49828782571755.json	9365423096043		images	200	OK	image_id=49828782571755
2026-05-18 11:05:19	image-delete	delete_product_image	DELETE	https://oz-nails-wa.myshopify.com/admin/api/2024-10/products/9365268955371/images/49828782801131.json	9365268955371		images	200	OK	image_id=49828782801131
2026-05-18 11:05:21	image-delete	delete_product_image	DELETE	https://oz-nails-wa.myshopify.com/admin/api/2024-10/products/9365268988139/images/49828783227115.json	9365268988139		images	200	OK	image_id=49828783227115
2026-05-18 11:05:23	image-delete	delete_product_image	DELETE	https://oz-nails-wa.myshopify.com/admin/api/2024-10/products/9365267939563/images/49828783456491.json	9365267939563		images	200	OK	image_id=49828783456491
2026-05-18 11:05:25	image-delete	delete_product_image	DELETE	https://oz-nails-wa.myshopify.com/admin/api/2024-10/products/9364830028011/images/49828783882475.json	9364830028011		images	200	OK	image_id=49828783882475
2026-05-18 11:05:27	image-delete	delete_product_image	DELETE	https://oz-nails-wa.myshopify.com/admin/api/2024-10/products/9364830060779/images/49828784111851.json	9364830060779		images	200	OK	image_id=49828784111851
2026-05-18 11:05:28	image-delete	delete_product_image	DELETE	https://oz-nails-wa.myshopify.com/admin/api/2024-10/products/9365350482155/images/49828784373995.json	9365350482155		images	200	OK	image_id=49828784373995
2026-05-18 11:05:30	image-delete	delete_product_image	DELETE	https://oz-nails-wa.myshopify.com/admin/api/2024-10/products/9365350514923/images/49828784603371.json	9365350514923		images	200	OK	image_id=49828784603371
2026-05-18 11:05:32	image-delete	delete_product_image	DELETE	https://oz-nails-wa.myshopify.com/admin/api/2024-10/products/9365350547691/images/49828784832747.json	9365350547691		images	200	OK	image_id=49828784832747
2026-05-18 11:05:34	image-delete	delete_product_image	DELETE	https://oz-nails-wa.myshopify.com/admin/api/2024-10/products/9365350678763/images/49828785029355.json	9365350678763		images	200	OK	image_id=49828785029355
2026-05-18 11:05:35	image-delete	delete_product_image	DELETE	https://oz-nails-wa.myshopify.com/admin/api/2024-10/products/9365350744299/images/49828785258731.json	9365350744299		images	200	OK	image_id=49828785258731
2026-05-18 11:05:37	image-delete	delete_product_image	DELETE	https://oz-nails-wa.myshopify.com/admin/api/2024-10/products/9365350908139/images/49828785553643.json	9365350908139		images	200	OK	image_id=49828785553643
2026-05-18 11:05:39	image-delete	delete_product_image	DELETE	https://oz-nails-wa.myshopify.com/admin/api/2024-10/products/9365350940907/images/49828785783019.json	9365350940907		images	200	OK	image_id=49828785783019
2026-05-18 11:05:41	image-delete	delete_product_image	DELETE	https://oz-nails-wa.myshopify.com/admin/api/2024-10/products/9365351006443/images/49828786012395.json	9365351006443		images	200	OK	image_id=49828786012395
2026-05-18 11:05:43	image-delete	delete_product_image	DELETE	https://oz-nails-wa.myshopify.com/admin/api/2024-10/products/9365351137515/images/49828786176235.json	9365351137515		images	200	OK	image_id=49828786176235
2026-05-18 11:05:45	image-delete	delete_product_image	DELETE	https://oz-nails-wa.myshopify.com/admin/api/2024-10/products/9365353136363/images/49828786340075.json	9365353136363		images	200	OK	image_id=49828786340075
2026-05-18 11:05:47	image-delete	delete_product_image	DELETE	https://oz-nails-wa.myshopify.com/admin/api/2024-10/products/9365354676459/images/49828786503915.json	9365354676459		images	200	OK	image_id=49828786503915
2026-05-18 11:05:49	image-delete	delete_product_image	DELETE	https://oz-nails-wa.myshopify.com/admin/api/2024-10/products/9365357592811/images/49828786766059.json	9365357592811		images	200	OK	image_id=49828786766059
2026-05-18 11:05:51	image-delete	delete_product_image	DELETE	https://oz-nails-wa.myshopify.com/admin/api/2024-10/products/9365357953259/images/49828787355883.json	9365357953259		images	200	OK	image_id=49828787355883
2026-05-18 11:05:53	image-delete	delete_product_image	DELETE	https://oz-nails-wa.myshopify.com/admin/api/2024-10/products/9365357986027/images/49828787519723.json	9365357986027		images	200	OK	image_id=49828787519723
2026-05-18 11:05:54	image-delete	delete_product_image	DELETE	https://oz-nails-wa.myshopify.com/admin/api/2024-10/products/9365358051563/images/49828787814635.json	9365358051563		images	200	OK	image_id=49828787814635
2026-05-18 11:05:56	image-delete	delete_product_image	DELETE	https://oz-nails-wa.myshopify.com/admin/api/2024-10/products/9365358084331/images/49828788142315.json	9365358084331		images	200	OK	image_id=49828788142315
2026-05-18 11:05:58	image-delete	delete_product_image	DELETE	https://oz-nails-wa.myshopify.com/admin/api/2024-10/products/9365358149867/images/49828788306155.json	9365358149867		images	200	OK	image_id=49828788306155
2026-05-18 11:06:00	image-delete	delete_product_image	DELETE	https://oz-nails-wa.myshopify.com/admin/api/2024-10/products/9365358182635/images/49828788535531.json	9365358182635		images	200	OK	image_id=49828788535531
2026-05-18 11:06:02	image-delete	delete_product_image	DELETE	https://oz-nails-wa.myshopify.com/admin/api/2024-10/products/9365358215403/images/49828788699371.json	9365358215403		images	200	OK	image_id=49828788699371
2026-05-18 11:06:04	image-delete	delete_product_image	DELETE	https://oz-nails-wa.myshopify.com/admin/api/2024-10/products/9365358248171/images/49828788895979.json	9365358248171		images	200	OK	image_id=49828788895979
2026-05-18 11:06:06	image-delete	delete_product_image	DELETE	https://oz-nails-wa.myshopify.com/admin/api/2024-10/products/9365358313707/images/49828789059819.json	9365358313707		images	200	OK	image_id=49828789059819
2026-05-18 11:06:08	image-delete	delete_product_image	DELETE	https://oz-nails-wa.myshopify.com/admin/api/2024-10/products/9365362933995/images/49828789321963.json	9365362933995		images	200	OK	image_id=49828789321963
2026-05-18 11:06:09	image-delete	delete_product_image	DELETE	https://oz-nails-wa.myshopify.com/admin/api/2024-10/products/9365362999531/images/49828789518571.json	9365362999531		images	200	OK	image_id=49828789518571
2026-05-18 11:06:11	image-delete	delete_product_image	DELETE	https://oz-nails-wa.myshopify.com/admin/api/2024-10/products/9365364080875/images/49828789715179.json	9365364080875		images	200	OK	image_id=49828789715179
2026-05-18 11:06:13	image-delete	delete_product_image	DELETE	https://oz-nails-wa.myshopify.com/admin/api/2024-10/products/9365368996075/images/49828789977323.json	9365368996075		images	200	OK	image_id=49828789977323
2026-05-18 11:06:15	image-delete	delete_product_image	DELETE	https://oz-nails-wa.myshopify.com/admin/api/2024-10/products/9365369061611/images/49828790272235.json	9365369061611		images	200	OK	image_id=49828790272235
2026-05-18 11:06:17	image-delete	delete_product_image	DELETE	https://oz-nails-wa.myshopify.com/admin/api/2024-10/products/9365369094379/images/49828790730987.json	9365369094379		images	200	OK	image_id=49828790730987
2026-05-18 11:06:18	image-delete	delete_product_image	DELETE	https://oz-nails-wa.myshopify.com/admin/api/2024-10/products/9365369127147/images/49828790960363.json	9365369127147		images	200	OK	image_id=49828790960363
2026-05-18 11:06:20	image-delete	delete_product_image	DELETE	https://oz-nails-wa.myshopify.com/admin/api/2024-10/products/9365369192683/images/49828791189739.json	9365369192683		images	200	OK	image_id=49828791189739
2026-05-18 11:06:22	image-delete	delete_product_image	DELETE	https://oz-nails-wa.myshopify.com/admin/api/2024-10/products/9365369225451/images/49828791582955.json	9365369225451		images	200	OK	image_id=49828791582955
2026-05-18 11:06:24	image-delete	delete_product_image	DELETE	https://oz-nails-wa.myshopify.com/admin/api/2024-10/products/9365369290987/images/49828791812331.json	9365369290987		images	200	OK	image_id=49828791812331
2026-05-18 11:06:25	image-delete	delete_product_image	DELETE	https://oz-nails-wa.myshopify.com/admin/api/2024-10/products/9365369323755/images/49828792041707.json	9365369323755		images	200	OK	image_id=49828792041707
2026-05-18 11:06:27	image-delete	delete_product_image	DELETE	https://oz-nails-wa.myshopify.com/admin/api/2024-10/products/9365369389291/images/49828792565995.json	9365369389291		images	200	OK	image_id=49828792565995
2026-05-18 11:06:29	image-delete	delete_product_image	DELETE	https://oz-nails-wa.myshopify.com/admin/api/2024-10/products/9365371519211/images/49828792795371.json	9365371519211		images	200	OK	image_id=49828792795371
2026-05-18 11:06:31	image-delete	delete_product_image	DELETE	https://oz-nails-wa.myshopify.com/admin/api/2024-10/products/9365375385835/images/49828793319659.json	9365375385835		images	200	OK	image_id=49828793319659
2026-05-18 11:06:33	image-delete	delete_product_image	DELETE	https://oz-nails-wa.myshopify.com/admin/api/2024-10/products/9365375451371/images/49828793778411.json	9365375451371		images	200	OK	image_id=49828793778411
2026-05-18 11:06:35	image-delete	delete_product_image	DELETE	https://oz-nails-wa.myshopify.com/admin/api/2024-10/products/9365378990315/images/49828793975019.json	9365378990315		images	200	OK	image_id=49828793975019
2026-05-18 11:06:36	image-delete	delete_product_image	DELETE	https://oz-nails-wa.myshopify.com/admin/api/2024-10/products/9365381644523/images/49828794171627.json	9365381644523		images	200	OK	image_id=49828794171627
2026-05-18 11:06:38	image-delete	delete_product_image	DELETE	https://oz-nails-wa.myshopify.com/admin/api/2024-10/products/9365384036587/images/49828794597611.json	9365384036587		images	200	OK	image_id=49828794597611
2026-05-18 11:06:40	image-delete	delete_product_image	DELETE	https://oz-nails-wa.myshopify.com/admin/api/2024-10/products/9365385511147/images/49828794794219.json	9365385511147		images	200	OK	image_id=49828794794219
2026-05-18 11:06:42	image-delete	delete_product_image	DELETE	https://oz-nails-wa.myshopify.com/admin/api/2024-10/products/9365385609451/images/49828795089131.json	9365385609451		images	200	OK	image_id=49828795089131
2026-05-18 11:06:44	image-delete	delete_product_image	DELETE	https://oz-nails-wa.myshopify.com/admin/api/2024-10/products/9365388886251/images/49828795351275.json	9365388886251		images	200	OK	image_id=49828795351275
2026-05-18 11:06:46	image-delete	delete_product_image	DELETE	https://oz-nails-wa.myshopify.com/admin/api/2024-10/products/9365389902059/images/49828795547883.json	9365389902059		images	200	OK	image_id=49828795547883
2026-05-18 11:06:47	image-delete	delete_product_image	DELETE	https://oz-nails-wa.myshopify.com/admin/api/2024-10/products/9365391900907/images/49828795744491.json	9365391900907		images	200	OK	image_id=49828795744491
2026-05-18 11:06:50	image-delete	delete_product_image	DELETE	https://oz-nails-wa.myshopify.com/admin/api/2024-10/products/9365393473771/images/49828796039403.json	9365393473771		images	200	OK	image_id=49828796039403
2026-05-18 11:06:51	image-delete	delete_product_image	DELETE	https://oz-nails-wa.myshopify.com/admin/api/2024-10/products/9365396127979/images/49828796236011.json	9365396127979		images	200	OK	image_id=49828796236011
2026-05-18 11:06:53	image-delete	delete_product_image	DELETE	https://oz-nails-wa.myshopify.com/admin/api/2024-10/products/9365396553963/images/49828796432619.json	9365396553963		images	200	OK	image_id=49828796432619
2026-05-18 11:06:55	image-delete	delete_product_image	DELETE	https://oz-nails-wa.myshopify.com/admin/api/2024-10/products/9365398552811/images/49828796629227.json	9365398552811		images	200	OK	image_id=49828796629227
2026-05-18 11:06:57	image-delete	delete_product_image	DELETE	https://oz-nails-wa.myshopify.com/admin/api/2024-10/products/9365242675435/images/49828796858603.json	9365242675435		images	200	OK	image_id=49828796858603
2026-05-18 11:06:59	image-delete	delete_product_image	DELETE	https://oz-nails-wa.myshopify.com/admin/api/2024-10/products/9364830650603/images/49828797055211.json	9364830650603		images	200	OK	image_id=49828797055211
2026-05-18 11:07:01	image-delete	delete_product_image	DELETE	https://oz-nails-wa.myshopify.com/admin/api/2024-10/products/9364830683371/images/49828797284587.json	9364830683371		images	200	OK	image_id=49828797284587
2026-05-18 11:07:03	image-delete	delete_product_image	DELETE	https://oz-nails-wa.myshopify.com/admin/api/2024-10/products/9364830716139/images/49828797481195.json	9364830716139		images	200	OK	image_id=49828797481195
2026-05-18 11:07:04	image-delete	delete_product_image	DELETE	https://oz-nails-wa.myshopify.com/admin/api/2024-10/products/9364830781675/images/49828798005483.json	9364830781675		images	200	OK	image_id=49828798005483
2026-05-18 11:07:06	image-delete	delete_product_image	DELETE	https://oz-nails-wa.myshopify.com/admin/api/2024-10/products/9364830847211/images/49828798234859.json	9364830847211		images	200	OK	image_id=49828798234859
2026-05-18 11:07:08	image-delete	delete_product_image	DELETE	https://oz-nails-wa.myshopify.com/admin/api/2024-10/products/9364830879979/images/49828798497003.json	9364830879979		images	200	OK	image_id=49828798497003
2026-05-18 11:07:10	image-delete	delete_product_image	DELETE	https://oz-nails-wa.myshopify.com/admin/api/2024-10/products/9364830912747/images/49828798693611.json	9364830912747		images	200	OK	image_id=49828798693611
2026-05-18 11:07:12	image-delete	delete_product_image	DELETE	https://oz-nails-wa.myshopify.com/admin/api/2024-10/products/9364830945515/images/49828798890219.json	9364830945515		images	200	OK	image_id=49828798890219
2026-05-18 11:07:13	image-delete	delete_product_image	DELETE	https://oz-nails-wa.myshopify.com/admin/api/2024-10/products/9364830978283/images/49828799054059.json	9364830978283		images	200	OK	image_id=49828799054059
2026-05-18 11:07:15	image-delete	delete_product_image	DELETE	https://oz-nails-wa.myshopify.com/admin/api/2024-10/products/9364831011051/images/49828799348971.json	9364831011051		images	200	OK	image_id=49828799348971
2026-05-18 11:07:17	image-delete	delete_product_image	DELETE	https://oz-nails-wa.myshopify.com/admin/api/2024-10/products/9364831043819/images/49828799545579.json	9364831043819		images	200	OK	image_id=49828799545579
2026-05-18 11:07:19	image-delete	delete_product_image	DELETE	https://oz-nails-wa.myshopify.com/admin/api/2024-10/products/9364831076587/images/49828799971563.json	9364831076587		images	200	OK	image_id=49828799971563
2026-05-18 11:07:21	image-delete	delete_product_image	DELETE	https://oz-nails-wa.myshopify.com/admin/api/2024-10/products/9364831109355/images/49828800168171.json	9364831109355		images	200	OK	image_id=49828800168171
2026-05-18 11:07:23	image-delete	delete_product_image	DELETE	https://oz-nails-wa.myshopify.com/admin/api/2024-10/products/9364831142123/images/49828800430315.json	9364831142123		images	200	OK	image_id=49828800430315
2026-05-18 11:07:24	image-delete	delete_product_image	DELETE	https://oz-nails-wa.myshopify.com/admin/api/2024-10/products/9364831174891/images/49828800626923.json	9364831174891		images	200	OK	image_id=49828800626923
2026-05-18 11:07:26	image-delete	delete_product_image	DELETE	https://oz-nails-wa.myshopify.com/admin/api/2024-10/products/9364831207659/images/49828800790763.json	9364831207659		images	200	OK	image_id=49828800790763
2026-05-18 11:07:28	image-delete	delete_product_image	DELETE	https://oz-nails-wa.myshopify.com/admin/api/2024-10/products/9364831240427/images/49828800987371.json	9364831240427		images	200	OK	image_id=49828800987371
2026-05-18 11:07:30	image-delete	delete_product_image	DELETE	https://oz-nails-wa.myshopify.com/admin/api/2024-10/products/9364831273195/images/49828801347819.json	9364831273195		images	200	OK	image_id=49828801347819
2026-05-18 11:07:32	image-delete	delete_product_image	DELETE	https://oz-nails-wa.myshopify.com/admin/api/2024-10/products/9364831305963/images/49828801609963.json	9364831305963		images	200	OK	image_id=49828801609963
2026-05-18 11:07:33	image-delete	delete_product_image	DELETE	https://oz-nails-wa.myshopify.com/admin/api/2024-10/products/9364831338731/images/49828801806571.json	9364831338731		images	200	OK	image_id=49828801806571
2026-05-18 11:07:35	image-delete	delete_product_image	DELETE	https://oz-nails-wa.myshopify.com/admin/api/2024-10/products/9364831371499/images/49828802167019.json	9364831371499		images	200	OK	image_id=49828802167019
2026-05-18 11:07:37	image-delete	delete_product_image	DELETE	https://oz-nails-wa.myshopify.com/admin/api/2024-10/products/9364831404267/images/49828802396395.json	9364831404267		images	200	OK	image_id=49828802396395
2026-05-18 11:07:39	image-delete	delete_product_image	DELETE	https://oz-nails-wa.myshopify.com/admin/api/2024-10/products/9364831437035/images/49828802625771.json	9364831437035		images	200	OK	image_id=49828802625771
2026-05-18 11:07:41	image-delete	delete_product_image	DELETE	https://oz-nails-wa.myshopify.com/admin/api/2024-10/products/9364831469803/images/49828802855147.json	9364831469803		images	200	OK	image_id=49828802855147
2026-05-18 11:07:43	image-delete	delete_product_image	DELETE	https://oz-nails-wa.myshopify.com/admin/api/2024-10/products/9364831502571/images/49828802986219.json	9364831502571		images	200	OK	image_id=49828802986219
2026-05-18 11:07:44	image-delete	delete_product_image	DELETE	https://oz-nails-wa.myshopify.com/admin/api/2024-10/products/9364831535339/images/49828803248363.json	9364831535339		images	200	OK	image_id=49828803248363
2026-05-18 11:07:46	image-delete	delete_product_image	DELETE	https://oz-nails-wa.myshopify.com/admin/api/2024-10/products/9364831600875/images/49828803412203.json	9364831600875		images	200	OK	image_id=49828803412203
2026-05-18 11:07:48	image-delete	delete_product_image	DELETE	https://oz-nails-wa.myshopify.com/admin/api/2024-10/products/9364831633643/images/49828803641579.json	9364831633643		images	200	OK	image_id=49828803641579
2026-05-18 11:07:50	image-delete	delete_product_image	DELETE	https://oz-nails-wa.myshopify.com/admin/api/2024-10/products/9364831666411/images/49828803870955.json	9364831666411		images	200	OK	image_id=49828803870955
2026-05-18 11:07:51	image-delete	delete_product_image	DELETE	https://oz-nails-wa.myshopify.com/admin/api/2024-10/products/9364831699179/images/49828804067563.json	9364831699179		images	200	OK	image_id=49828804067563
2026-05-18 11:07:53	image-delete	delete_product_image	DELETE	https://oz-nails-wa.myshopify.com/admin/api/2024-10/products/9364831731947/images/49828804231403.json	9364831731947		images	200	OK	image_id=49828804231403
2026-05-18 11:07:55	image-delete	delete_product_image	DELETE	https://oz-nails-wa.myshopify.com/admin/api/2024-10/products/9364831797483/images/49828804395243.json	9364831797483		images	200	OK	image_id=49828804395243
2026-05-18 11:07:57	image-delete	delete_product_image	DELETE	https://oz-nails-wa.myshopify.com/admin/api/2024-10/products/9364831863019/images/49828804526315.json	9364831863019		images	200	OK	image_id=49828804526315
2026-05-18 11:07:59	image-delete	delete_product_image	DELETE	https://oz-nails-wa.myshopify.com/admin/api/2024-10/products/9364831895787/images/49828806689003.json	9364831895787		images	200	OK	image_id=49828806689003
2026-05-18 11:08:00	image-delete	delete_product_image	DELETE	https://oz-nails-wa.myshopify.com/admin/api/2024-10/products/9364831928555/images/49828807082219.json	9364831928555		images	200	OK	image_id=49828807082219
2026-05-18 11:08:02	image-delete	delete_product_image	DELETE	https://oz-nails-wa.myshopify.com/admin/api/2024-10/products/9364831961323/images/49828807442667.json	9364831961323		images	200	OK	image_id=49828807442667
2026-05-18 11:08:04	image-delete	delete_product_image	DELETE	https://oz-nails-wa.myshopify.com/admin/api/2024-10/products/9364831994091/images/49828808949995.json	9364831994091		images	200	OK	image_id=49828808949995
2026-05-18 11:08:06	image-delete	delete_product_image	DELETE	https://oz-nails-wa.myshopify.com/admin/api/2024-10/products/9364832026859/images/49828809408747.json	9364832026859		images	200	OK	image_id=49828809408747
2026-05-18 11:08:08	image-delete	delete_product_image	DELETE	https://oz-nails-wa.myshopify.com/admin/api/2024-10/products/9364832092395/images/49828809736427.json	9364832092395		images	200	OK	image_id=49828809736427
2026-05-18 11:08:09	image-delete	delete_product_image	DELETE	https://oz-nails-wa.myshopify.com/admin/api/2024-10/products/9364832157931/images/49828811210987.json	9364832157931		images	200	OK	image_id=49828811210987
2026-05-18 11:08:11	image-delete	delete_product_image	DELETE	https://oz-nails-wa.myshopify.com/admin/api/2024-10/products/9364832190699/images/49828811440363.json	9364832190699		images	200	OK	image_id=49828811440363
2026-05-18 11:08:13	image-delete	delete_product_image	DELETE	https://oz-nails-wa.myshopify.com/admin/api/2024-10/products/9364832223467/images/49828811800811.json	9364832223467		images	200	OK	image_id=49828811800811
2026-05-18 11:08:15	image-delete	delete_product_image	DELETE	https://oz-nails-wa.myshopify.com/admin/api/2024-10/products/9364832256235/images/49828811964651.json	9364832256235		images	200	OK	image_id=49828811964651
2026-05-18 11:08:16	image-delete	delete_product_image	DELETE	https://oz-nails-wa.myshopify.com/admin/api/2024-10/products/9364832289003/images/49828812161259.json	9364832289003		images	200	OK	image_id=49828812161259
2026-05-18 11:08:18	image-delete	delete_product_image	DELETE	https://oz-nails-wa.myshopify.com/admin/api/2024-10/products/9364832321771/images/49828812357867.json	9364832321771		images	200	OK	image_id=49828812357867
2026-05-18 11:08:20	image-delete	delete_product_image	DELETE	https://oz-nails-wa.myshopify.com/admin/api/2024-10/products/9364832354539/images/49828812587243.json	9364832354539		images	200	OK	image_id=49828812587243
2026-05-18 11:08:22	image-delete	delete_product_image	DELETE	https://oz-nails-wa.myshopify.com/admin/api/2024-10/products/9364832387307/images/49828812783851.json	9364832387307		images	200	OK	image_id=49828812783851
2026-05-18 11:08:24	image-delete	delete_product_image	DELETE	https://oz-nails-wa.myshopify.com/admin/api/2024-10/products/9364832420075/images/49828813209835.json	9364832420075		images	200	OK	image_id=49828813209835
2026-05-18 11:08:26	image-delete	delete_product_image	DELETE	https://oz-nails-wa.myshopify.com/admin/api/2024-10/products/9364832452843/images/49828813504747.json	9364832452843		images	200	OK	image_id=49828813504747
2026-05-18 11:08:28	image-delete	delete_product_image	DELETE	https://oz-nails-wa.myshopify.com/admin/api/2024-10/products/9364832485611/images/49828813701355.json	9364832485611		images	200	OK	image_id=49828813701355
2026-05-18 11:08:30	image-delete	delete_product_image	DELETE	https://oz-nails-wa.myshopify.com/admin/api/2024-10/products/9364832518379/images/49828813963499.json	9364832518379		images	200	OK	image_id=49828813963499
2026-05-18 11:08:31	image-delete	delete_product_image	DELETE	https://oz-nails-wa.myshopify.com/admin/api/2024-10/products/9364832551147/images/49828814160107.json	9364832551147		images	200	OK	image_id=49828814160107
2026-05-18 11:08:33	image-delete	delete_product_image	DELETE	https://oz-nails-wa.myshopify.com/admin/api/2024-10/products/9364832583915/images/49828814553323.json	9364832583915		images	200	OK	image_id=49828814553323
2026-05-18 11:08:35	image-delete	delete_product_image	DELETE	https://oz-nails-wa.myshopify.com/admin/api/2024-10/products/9364832616683/images/49828814782699.json	9364832616683		images	200	OK	image_id=49828814782699
2026-05-18 11:08:37	image-delete	delete_product_image	DELETE	https://oz-nails-wa.myshopify.com/admin/api/2024-10/products/9364832649451/images/49828814979307.json	9364832649451		images	200	OK	image_id=49828814979307
2026-05-18 11:08:39	image-delete	delete_product_image	DELETE	https://oz-nails-wa.myshopify.com/admin/api/2024-10/products/9364832682219/images/49828815208683.json	9364832682219		images	200	OK	image_id=49828815208683
2026-05-18 11:08:40	image-delete	delete_product_image	DELETE	https://oz-nails-wa.myshopify.com/admin/api/2024-10/products/9364832714987/images/49828815470827.json	9364832714987		images	200	OK	image_id=49828815470827
2026-05-18 11:08:42	image-delete	delete_product_image	DELETE	https://oz-nails-wa.myshopify.com/admin/api/2024-10/products/9364832747755/images/49828815634667.json	9364832747755		images	200	OK	image_id=49828815634667
2026-05-18 11:08:44	image-delete	delete_product_image	DELETE	https://oz-nails-wa.myshopify.com/admin/api/2024-10/products/9364832780523/images/49828815896811.json	9364832780523		images	200	OK	image_id=49828815896811
2026-05-18 11:08:46	image-delete	delete_product_image	DELETE	https://oz-nails-wa.myshopify.com/admin/api/2024-10/products/9364832813291/images/49828816388331.json	9364832813291		images	200	OK	image_id=49828816388331
2026-05-18 11:08:47	image-delete	delete_product_image	DELETE	https://oz-nails-wa.myshopify.com/admin/api/2024-10/products/9364832846059/images/49828816519403.json	9364832846059		images	200	OK	image_id=49828816519403
2026-05-18 11:08:49	image-delete	delete_product_image	DELETE	https://oz-nails-wa.myshopify.com/admin/api/2024-10/products/9364832878827/images/49828816748779.json	9364832878827		images	200	OK	image_id=49828816748779
2026-05-18 11:08:51	image-delete	delete_product_image	DELETE	https://oz-nails-wa.myshopify.com/admin/api/2024-10/products/9364832911595/images/49828816945387.json	9364832911595		images	200	OK	image_id=49828816945387
2026-05-18 11:08:53	image-delete	delete_product_image	DELETE	https://oz-nails-wa.myshopify.com/admin/api/2024-10/products/9364832944363/images/49828817141995.json	9364832944363		images	200	OK	image_id=49828817141995
2026-05-18 11:08:54	image-delete	delete_product_image	DELETE	https://oz-nails-wa.myshopify.com/admin/api/2024-10/products/9364832977131/images/49828817469675.json	9364832977131		images	200	OK	image_id=49828817469675
2026-05-18 11:08:56	image-delete	delete_product_image	DELETE	https://oz-nails-wa.myshopify.com/admin/api/2024-10/products/9364833009899/images/49828817731819.json	9364833009899		images	200	OK	image_id=49828817731819
2026-05-18 11:08:58	image-delete	delete_product_image	DELETE	https://oz-nails-wa.myshopify.com/admin/api/2024-10/products/9364833042667/images/49828817993963.json	9364833042667		images	200	OK	image_id=49828817993963
2026-05-18 11:09:00	image-delete	delete_product_image	DELETE	https://oz-nails-wa.myshopify.com/admin/api/2024-10/products/9364833075435/images/49828818256107.json	9364833075435		images	200	OK	image_id=49828818256107
2026-05-18 11:09:02	image-delete	delete_product_image	DELETE	https://oz-nails-wa.myshopify.com/admin/api/2024-10/products/9364833108203/images/49828818518251.json	9364833108203		images	200	OK	image_id=49828818518251
2026-05-18 11:09:03	image-delete	delete_product_image	DELETE	https://oz-nails-wa.myshopify.com/admin/api/2024-10/products/9364833140971/images/49828818813163.json	9364833140971		images	200	OK	image_id=49828818813163
2026-05-18 11:09:05	image-delete	delete_product_image	DELETE	https://oz-nails-wa.myshopify.com/admin/api/2024-10/products/9364833173739/images/49828819271915.json	9364833173739		images	200	OK	image_id=49828819271915
2026-05-18 11:09:07	image-delete	delete_product_image	DELETE	https://oz-nails-wa.myshopify.com/admin/api/2024-10/products/9364833206507/images/49828819566827.json	9364833206507		images	200	OK	image_id=49828819566827
2026-05-18 11:09:09	image-delete	delete_product_image	DELETE	https://oz-nails-wa.myshopify.com/admin/api/2024-10/products/9364833239275/images/49828819828971.json	9364833239275		images	200	OK	image_id=49828819828971
2026-05-18 11:09:11	image-delete	delete_product_image	DELETE	https://oz-nails-wa.myshopify.com/admin/api/2024-10/products/9364833272043/images/49828820025579.json	9364833272043		images	200	OK	image_id=49828820025579
2026-05-18 11:09:13	image-delete	delete_product_image	DELETE	https://oz-nails-wa.myshopify.com/admin/api/2024-10/products/9364833304811/images/49828820320491.json	9364833304811		images	200	OK	image_id=49828820320491
2026-05-18 11:09:15	image-delete	delete_product_image	DELETE	https://oz-nails-wa.myshopify.com/admin/api/2024-10/products/9364833337579/images/49828820582635.json	9364833337579		images	200	OK	image_id=49828820582635
2026-05-18 11:09:16	image-delete	delete_product_image	DELETE	https://oz-nails-wa.myshopify.com/admin/api/2024-10/products/9364833403115/images/49828820779243.json	9364833403115		images	200	OK	image_id=49828820779243
2026-05-18 11:09:18	image-delete	delete_product_image	DELETE	https://oz-nails-wa.myshopify.com/admin/api/2024-10/products/9364833435883/images/49828821008619.json	9364833435883		images	200	OK	image_id=49828821008619
2026-05-18 11:09:20	image-delete	delete_product_image	DELETE	https://oz-nails-wa.myshopify.com/admin/api/2024-10/products/9364833468651/images/49828821270763.json	9364833468651		images	200	OK	image_id=49828821270763
2026-05-18 11:09:22	image-delete	delete_product_image	DELETE	https://oz-nails-wa.myshopify.com/admin/api/2024-10/products/9364833501419/images/49828821467371.json	9364833501419		images	200	OK	image_id=49828821467371
2026-05-18 11:09:24	image-delete	delete_product_image	DELETE	https://oz-nails-wa.myshopify.com/admin/api/2024-10/products/9364833534187/images/49828821729515.json	9364833534187		images	200	OK	image_id=49828821729515
2026-05-18 11:09:25	image-delete	delete_product_image	DELETE	https://oz-nails-wa.myshopify.com/admin/api/2024-10/products/9364833566955/images/49828821958891.json	9364833566955		images	200	OK	image_id=49828821958891
2026-05-18 11:09:27	image-delete	delete_product_image	DELETE	https://oz-nails-wa.myshopify.com/admin/api/2024-10/products/9364833599723/images/49828822089963.json	9364833599723		images	200	OK	image_id=49828822089963
2026-05-18 11:09:29	image-delete	delete_product_image	DELETE	https://oz-nails-wa.myshopify.com/admin/api/2024-10/products/9364833632491/images/49828822286571.json	9364833632491		images	200	OK	image_id=49828822286571
2026-05-18 11:09:31	image-delete	delete_product_image	DELETE	https://oz-nails-wa.myshopify.com/admin/api/2024-10/products/9364833665259/images/49828822450411.json	9364833665259		images	200	OK	image_id=49828822450411
2026-05-18 11:09:32	image-delete	delete_product_image	DELETE	https://oz-nails-wa.myshopify.com/admin/api/2024-10/products/9364833698027/images/49828822647019.json	9364833698027		images	200	OK	image_id=49828822647019
2026-05-18 11:09:34	image-delete	delete_product_image	DELETE	https://oz-nails-wa.myshopify.com/admin/api/2024-10/products/9364833730795/images/49828822843627.json	9364833730795		images	200	OK	image_id=49828822843627
2026-05-18 11:09:36	image-delete	delete_product_image	DELETE	https://oz-nails-wa.myshopify.com/admin/api/2024-10/products/9364833763563/images/49828823105771.json	9364833763563		images	200	OK	image_id=49828823105771
2026-05-18 11:09:38	image-delete	delete_product_image	DELETE	https://oz-nails-wa.myshopify.com/admin/api/2024-10/products/9364833796331/images/49828823302379.json	9364833796331		images	200	OK	image_id=49828823302379
2026-05-18 11:09:39	image-delete	delete_product_image	DELETE	https://oz-nails-wa.myshopify.com/admin/api/2024-10/products/9364833829099/images/49828823498987.json	9364833829099		images	200	OK	image_id=49828823498987
2026-05-18 11:09:41	image-delete	delete_product_image	DELETE	https://oz-nails-wa.myshopify.com/admin/api/2024-10/products/9364833894635/images/49828823662827.json	9364833894635		images	200	OK	image_id=49828823662827
2026-05-18 11:09:43	image-delete	delete_product_image	DELETE	https://oz-nails-wa.myshopify.com/admin/api/2024-10/products/9364833927403/images/49828823793899.json	9364833927403		images	200	OK	image_id=49828823793899
2026-05-18 11:09:45	image-delete	delete_product_image	DELETE	https://oz-nails-wa.myshopify.com/admin/api/2024-10/products/9364833960171/images/49828823990507.json	9364833960171		images	200	OK	image_id=49828823990507
2026-05-18 11:09:46	image-delete	delete_product_image	DELETE	https://oz-nails-wa.myshopify.com/admin/api/2024-10/products/9364834025707/images/49828824121579.json	9364834025707		images	200	OK	image_id=49828824121579
2026-05-18 11:09:48	image-delete	delete_product_image	DELETE	https://oz-nails-wa.myshopify.com/admin/api/2024-10/products/9364834058475/images/49828824285419.json	9364834058475		images	200	OK	image_id=49828824285419
2026-05-18 11:09:50	image-delete	delete_product_image	DELETE	https://oz-nails-wa.myshopify.com/admin/api/2024-10/products/9364834124011/images/49828824547563.json	9364834124011		images	200	OK	image_id=49828824547563
2026-05-18 11:09:52	image-delete	delete_product_image	DELETE	https://oz-nails-wa.myshopify.com/admin/api/2024-10/products/9364834156779/images/49828824776939.json	9364834156779		images	200	OK	image_id=49828824776939
2026-05-18 11:09:54	image-delete	delete_product_image	DELETE	https://oz-nails-wa.myshopify.com/admin/api/2024-10/products/9364834189547/images/49828824940779.json	9364834189547		images	200	OK	image_id=49828824940779
2026-05-18 11:09:56	image-delete	delete_product_image	DELETE	https://oz-nails-wa.myshopify.com/admin/api/2024-10/products/9364834222315/images/49828825071851.json	9364834222315		images	200	OK	image_id=49828825071851
2026-05-18 11:09:57	image-delete	delete_product_image	DELETE	https://oz-nails-wa.myshopify.com/admin/api/2024-10/products/9364834255083/images/49828825268459.json	9364834255083		images	200	OK	image_id=49828825268459
2026-05-18 11:09:59	image-delete	delete_product_image	DELETE	https://oz-nails-wa.myshopify.com/admin/api/2024-10/products/9364834287851/images/49828825465067.json	9364834287851		images	200	OK	image_id=49828825465067
2026-05-18 11:10:01	image-delete	delete_product_image	DELETE	https://oz-nails-wa.myshopify.com/admin/api/2024-10/products/9364834320619/images/49828825596139.json	9364834320619		images	200	OK	image_id=49828825596139
2026-05-18 11:10:03	image-delete	delete_product_image	DELETE	https://oz-nails-wa.myshopify.com/admin/api/2024-10/products/9364834353387/images/49828825792747.json	9364834353387		images	200	OK	image_id=49828825792747
2026-05-18 11:10:05	image-delete	delete_product_image	DELETE	https://oz-nails-wa.myshopify.com/admin/api/2024-10/products/9364834386155/images/49828825891051.json	9364834386155		images	200	OK	image_id=49828825891051
2026-05-18 11:10:07	image-delete	delete_product_image	DELETE	https://oz-nails-wa.myshopify.com/admin/api/2024-10/products/9364834451691/images/49828826087659.json	9364834451691		images	200	OK	image_id=49828826087659
2026-05-18 11:10:09	image-delete	delete_product_image	DELETE	https://oz-nails-wa.myshopify.com/admin/api/2024-10/products/9364834484459/images/49828826317035.json	9364834484459		images	200	OK	image_id=49828826317035
2026-05-18 11:10:10	image-delete	delete_product_image	DELETE	https://oz-nails-wa.myshopify.com/admin/api/2024-10/products/9364834517227/images/49828826513643.json	9364834517227		images	200	OK	image_id=49828826513643
2026-05-18 11:10:12	image-delete	delete_product_image	DELETE	https://oz-nails-wa.myshopify.com/admin/api/2024-10/products/9364834549995/images/49828826644715.json	9364834549995		images	200	OK	image_id=49828826644715
2026-05-18 11:10:14	image-delete	delete_product_image	DELETE	https://oz-nails-wa.myshopify.com/admin/api/2024-10/products/9364834582763/images/49828826808555.json	9364834582763		images	200	OK	image_id=49828826808555
2026-05-18 11:10:16	image-delete	delete_product_image	DELETE	https://oz-nails-wa.myshopify.com/admin/api/2024-10/products/9364834615531/images/49828826972395.json	9364834615531		images	200	OK	image_id=49828826972395
2026-05-18 11:10:18	image-delete	delete_product_image	DELETE	https://oz-nails-wa.myshopify.com/admin/api/2024-10/products/9364834648299/images/49828827169003.json	9364834648299		images	200	OK	image_id=49828827169003
2026-05-18 11:10:19	image-delete	delete_product_image	DELETE	https://oz-nails-wa.myshopify.com/admin/api/2024-10/products/9364834681067/images/49828827431147.json	9364834681067		images	200	OK	image_id=49828827431147
2026-05-18 11:10:21	image-delete	delete_product_image	DELETE	https://oz-nails-wa.myshopify.com/admin/api/2024-10/products/9364834713835/images/49828827660523.json	9364834713835		images	200	OK	image_id=49828827660523
2026-05-18 11:10:23	image-delete	delete_product_image	DELETE	https://oz-nails-wa.myshopify.com/admin/api/2024-10/products/9364834746603/images/49828827889899.json	9364834746603		images	200	OK	image_id=49828827889899
2026-05-18 11:10:25	image-delete	delete_product_image	DELETE	https://oz-nails-wa.myshopify.com/admin/api/2024-10/products/9364834779371/images/49828828283115.json	9364834779371		images	200	OK	image_id=49828828283115
2026-05-18 11:10:27	image-delete	delete_product_image	DELETE	https://oz-nails-wa.myshopify.com/admin/api/2024-10/products/9364834812139/images/49828828512491.json	9364834812139		images	200	OK	image_id=49828828512491
2026-05-18 11:10:29	image-delete	delete_product_image	DELETE	https://oz-nails-wa.myshopify.com/admin/api/2024-10/products/9364834844907/images/49828828676331.json	9364834844907		images	200	OK	image_id=49828828676331
2026-05-18 11:10:30	image-delete	delete_product_image	DELETE	https://oz-nails-wa.myshopify.com/admin/api/2024-10/products/9364834877675/images/49828828807403.json	9364834877675		images	200	OK	image_id=49828828807403
2026-05-18 11:10:32	image-delete	delete_product_image	DELETE	https://oz-nails-wa.myshopify.com/admin/api/2024-10/products/9364834910443/images/49828829004011.json	9364834910443		images	200	OK	image_id=49828829004011
2026-05-18 11:10:34	image-delete	delete_product_image	DELETE	https://oz-nails-wa.myshopify.com/admin/api/2024-10/products/9364834943211/images/49828829200619.json	9364834943211		images	200	OK	image_id=49828829200619
2026-05-18 11:10:36	image-delete	delete_product_image	DELETE	https://oz-nails-wa.myshopify.com/admin/api/2024-10/products/9364834975979/images/49828829397227.json	9364834975979		images	200	OK	image_id=49828829397227
2026-05-18 11:10:37	image-delete	delete_product_image	DELETE	https://oz-nails-wa.myshopify.com/admin/api/2024-10/products/9364835008747/images/49828830052587.json	9364835008747		images	200	OK	image_id=49828830052587
2026-05-18 11:10:39	image-delete	delete_product_image	DELETE	https://oz-nails-wa.myshopify.com/admin/api/2024-10/products/9364835041515/images/49828830216427.json	9364835041515		images	200	OK	image_id=49828830216427
2026-05-18 11:10:41	image-delete	delete_product_image	DELETE	https://oz-nails-wa.myshopify.com/admin/api/2024-10/products/9364835107051/images/49828830347499.json	9364835107051		images	200	OK	image_id=49828830347499
2026-05-18 11:10:43	image-delete	delete_product_image	DELETE	https://oz-nails-wa.myshopify.com/admin/api/2024-10/products/9364835139819/images/49828830511339.json	9364835139819		images	200	OK	image_id=49828830511339
2026-05-18 11:10:44	image-delete	delete_product_image	DELETE	https://oz-nails-wa.myshopify.com/admin/api/2024-10/products/9364835238123/images/49828830740715.json	9364835238123		images	200	OK	image_id=49828830740715
2026-05-18 11:10:46	image-delete	delete_product_image	DELETE	https://oz-nails-wa.myshopify.com/admin/api/2024-10/products/9364835270891/images/49828831166699.json	9364835270891		images	200	OK	image_id=49828831166699
2026-05-18 11:10:48	image-delete	delete_product_image	DELETE	https://oz-nails-wa.myshopify.com/admin/api/2024-10/products/9364835336427/images/49828831428843.json	9364835336427		images	200	OK	image_id=49828831428843
2026-05-18 11:10:50	image-delete	delete_product_image	DELETE	https://oz-nails-wa.myshopify.com/admin/api/2024-10/products/9364835369195/images/49828831690987.json	9364835369195		images	200	OK	image_id=49828831690987
2026-05-18 11:10:52	image-delete	delete_product_image	DELETE	https://oz-nails-wa.myshopify.com/admin/api/2024-10/products/9364835401963/images/49828831920363.json	9364835401963		images	200	OK	image_id=49828831920363
2026-05-18 11:10:53	image-delete	delete_product_image	DELETE	https://oz-nails-wa.myshopify.com/admin/api/2024-10/products/9364835434731/images/49828832084203.json	9364835434731		images	200	OK	image_id=49828832084203
2026-05-18 11:10:55	image-delete	delete_product_image	DELETE	https://oz-nails-wa.myshopify.com/admin/api/2024-10/products/9364835467499/images/49828832215275.json	9364835467499		images	200	OK	image_id=49828832215275
2026-05-18 11:10:57	image-delete	delete_product_image	DELETE	https://oz-nails-wa.myshopify.com/admin/api/2024-10/products/9364835533035/images/49828832411883.json	9364835533035		images	200	OK	image_id=49828832411883
2026-05-18 11:10:59	image-delete	delete_product_image	DELETE	https://oz-nails-wa.myshopify.com/admin/api/2024-10/products/9364835565803/images/49828832542955.json	9364835565803		images	200	OK	image_id=49828832542955
2026-05-18 11:11:00	image-delete	delete_product_image	DELETE	https://oz-nails-wa.myshopify.com/admin/api/2024-10/products/9364835598571/images/49828832706795.json	9364835598571		images	200	OK	image_id=49828832706795
2026-05-18 11:11:02	image-delete	delete_product_image	DELETE	https://oz-nails-wa.myshopify.com/admin/api/2024-10/products/9364835631339/images/49828832870635.json	9364835631339		images	200	OK	image_id=49828832870635
2026-05-18 11:11:04	image-delete	delete_product_image	DELETE	https://oz-nails-wa.myshopify.com/admin/api/2024-10/products/9364835696875/images/49828833001707.json	9364835696875		images	200	OK	image_id=49828833001707
2026-05-18 11:11:06	image-delete	delete_product_image	DELETE	https://oz-nails-wa.myshopify.com/admin/api/2024-10/products/9364835762411/images/49828833198315.json	9364835762411		images	200	OK	image_id=49828833198315
2026-05-18 11:11:08	image-delete	delete_product_image	DELETE	https://oz-nails-wa.myshopify.com/admin/api/2024-10/products/9364835795179/images/49828833329387.json	9364835795179		images	200	OK	image_id=49828833329387
2026-05-18 11:11:10	image-delete	delete_product_image	DELETE	https://oz-nails-wa.myshopify.com/admin/api/2024-10/products/9364835827947/images/49828833493227.json	9364835827947		images	200	OK	image_id=49828833493227
2026-05-18 11:11:11	image-delete	delete_product_image	DELETE	https://oz-nails-wa.myshopify.com/admin/api/2024-10/products/9364835860715/images/49828833657067.json	9364835860715		images	200	OK	image_id=49828833657067
2026-05-18 11:11:13	image-delete	delete_product_image	DELETE	https://oz-nails-wa.myshopify.com/admin/api/2024-10/products/9364835893483/images/49828833788139.json	9364835893483		images	200	OK	image_id=49828833788139
2026-05-18 11:11:15	image-delete	delete_product_image	DELETE	https://oz-nails-wa.myshopify.com/admin/api/2024-10/products/9364835959019/images/49828833853675.json	9364835959019		images	200	OK	image_id=49828833853675
2026-05-18 11:11:17	image-delete	delete_product_image	DELETE	https://oz-nails-wa.myshopify.com/admin/api/2024-10/products/9364835991787/images/49828833951979.json	9364835991787		images	200	OK	image_id=49828833951979
2026-05-18 11:11:18	image-delete	delete_product_image	DELETE	https://oz-nails-wa.myshopify.com/admin/api/2024-10/products/9364836024555/images/49828834115819.json	9364836024555		images	200	OK	image_id=49828834115819
2026-05-18 11:11:20	image-delete	delete_product_image	DELETE	https://oz-nails-wa.myshopify.com/admin/api/2024-10/products/9364836057323/images/49828834279659.json	9364836057323		images	200	OK	image_id=49828834279659
2026-05-18 11:11:22	image-delete	delete_product_image	DELETE	https://oz-nails-wa.myshopify.com/admin/api/2024-10/products/9364836090091/images/49828834509035.json	9364836090091		images	200	OK	image_id=49828834509035
2026-05-18 11:11:24	image-delete	delete_product_image	DELETE	https://oz-nails-wa.myshopify.com/admin/api/2024-10/products/9364836122859/images/49828834672875.json	9364836122859		images	200	OK	image_id=49828834672875
2026-05-18 11:11:26	image-delete	delete_product_image	DELETE	https://oz-nails-wa.myshopify.com/admin/api/2024-10/products/9364836155627/images/49828834836715.json	9364836155627		images	200	OK	image_id=49828834836715
2026-05-18 11:11:27	image-delete	delete_product_image	DELETE	https://oz-nails-wa.myshopify.com/admin/api/2024-10/products/9364836188395/images/49828834967787.json	9364836188395		images	200	OK	image_id=49828834967787
2026-05-18 11:11:29	image-delete	delete_product_image	DELETE	https://oz-nails-wa.myshopify.com/admin/api/2024-10/products/9364836221163/images/49828835164395.json	9364836221163		images	200	OK	image_id=49828835164395
2026-05-18 11:11:31	image-delete	delete_product_image	DELETE	https://oz-nails-wa.myshopify.com/admin/api/2024-10/products/9364836253931/images/49828835295467.json	9364836253931		images	200	OK	image_id=49828835295467
2026-05-18 11:11:33	image-delete	delete_product_image	DELETE	https://oz-nails-wa.myshopify.com/admin/api/2024-10/products/9364836286699/images/49828835426539.json	9364836286699		images	200	OK	image_id=49828835426539
2026-05-18 11:11:35	image-delete	delete_product_image	DELETE	https://oz-nails-wa.myshopify.com/admin/api/2024-10/products/9364836319467/images/49828835590379.json	9364836319467		images	200	OK	image_id=49828835590379
2026-05-18 11:11:37	image-delete	delete_product_image	DELETE	https://oz-nails-wa.myshopify.com/admin/api/2024-10/products/9364836352235/images/49828835786987.json	9364836352235		images	200	OK	image_id=49828835786987
2026-05-18 11:11:38	image-delete	delete_product_image	DELETE	https://oz-nails-wa.myshopify.com/admin/api/2024-10/products/9364836385003/images/49828835918059.json	9364836385003		images	200	OK	image_id=49828835918059
2026-05-18 11:11:40	image-delete	delete_product_image	DELETE	https://oz-nails-wa.myshopify.com/admin/api/2024-10/products/9364836450539/images/49828836114667.json	9364836450539		images	200	OK	image_id=49828836114667
2026-05-18 11:11:42	image-delete	delete_product_image	DELETE	https://oz-nails-wa.myshopify.com/admin/api/2024-10/products/9364836483307/images/49828836245739.json	9364836483307		images	200	OK	image_id=49828836245739
2026-05-18 11:11:44	image-delete	delete_product_image	DELETE	https://oz-nails-wa.myshopify.com/admin/api/2024-10/products/9364836516075/images/49828836376811.json	9364836516075		images	200	OK	image_id=49828836376811
2026-05-18 11:11:46	image-delete	delete_product_image	DELETE	https://oz-nails-wa.myshopify.com/admin/api/2024-10/products/9364836548843/images/49828836573419.json	9364836548843		images	200	OK	image_id=49828836573419
2026-05-18 11:11:47	image-delete	delete_product_image	DELETE	https://oz-nails-wa.myshopify.com/admin/api/2024-10/products/9364836581611/images/49828836704491.json	9364836581611		images	200	OK	image_id=49828836704491
2026-05-18 11:11:49	image-delete	delete_product_image	DELETE	https://oz-nails-wa.myshopify.com/admin/api/2024-10/products/9364836614379/images/49828836835563.json	9364836614379		images	200	OK	image_id=49828836835563
2026-05-18 11:11:51	image-delete	delete_product_image	DELETE	https://oz-nails-wa.myshopify.com/admin/api/2024-10/products/9364836647147/images/49828836999403.json	9364836647147		images	200	OK	image_id=49828836999403
2026-05-18 11:11:53	image-delete	delete_product_image	DELETE	https://oz-nails-wa.myshopify.com/admin/api/2024-10/products/9364836679915/images/49828837163243.json	9364836679915		images	200	OK	image_id=49828837163243
2026-05-18 11:11:55	image-delete	delete_product_image	DELETE	https://oz-nails-wa.myshopify.com/admin/api/2024-10/products/9364836712683/images/49828837327083.json	9364836712683		images	200	OK	image_id=49828837327083
2026-05-18 11:11:56	image-delete	delete_product_image	DELETE	https://oz-nails-wa.myshopify.com/admin/api/2024-10/products/9364836745451/images/49828837458155.json	9364836745451		images	200	OK	image_id=49828837458155
2026-05-18 11:11:58	image-delete	delete_product_image	DELETE	https://oz-nails-wa.myshopify.com/admin/api/2024-10/products/9364836778219/images/49828837621995.json	9364836778219		images	200	OK	image_id=49828837621995
2026-05-18 11:12:00	image-delete	delete_product_image	DELETE	https://oz-nails-wa.myshopify.com/admin/api/2024-10/products/9364836810987/images/49828837753067.json	9364836810987		images	200	OK	image_id=49828837753067
2026-05-18 11:12:02	image-delete	delete_product_image	DELETE	https://oz-nails-wa.myshopify.com/admin/api/2024-10/products/9364836843755/images/49828837916907.json	9364836843755		images	200	OK	image_id=49828837916907
2026-05-18 11:12:03	image-delete	delete_product_image	DELETE	https://oz-nails-wa.myshopify.com/admin/api/2024-10/products/9364836876523/images/49828838113515.json	9364836876523		images	200	OK	image_id=49828838113515
2026-05-18 11:12:05	image-delete	delete_product_image	DELETE	https://oz-nails-wa.myshopify.com/admin/api/2024-10/products/9364836909291/images/49828838375659.json	9364836909291		images	200	OK	image_id=49828838375659
2026-05-18 11:12:07	image-delete	delete_product_image	DELETE	https://oz-nails-wa.myshopify.com/admin/api/2024-10/products/9364836942059/images/49828838572267.json	9364836942059		images	200	OK	image_id=49828838572267
2026-05-18 11:12:09	image-delete	delete_product_image	DELETE	https://oz-nails-wa.myshopify.com/admin/api/2024-10/products/9364837007595/images/49828838867179.json	9364837007595		images	200	OK	image_id=49828838867179
2026-05-18 11:12:11	image-delete	delete_product_image	DELETE	https://oz-nails-wa.myshopify.com/admin/api/2024-10/products/9364837040363/images/49828839129323.json	9364837040363		images	200	OK	image_id=49828839129323
2026-05-18 11:12:12	image-delete	delete_product_image	DELETE	https://oz-nails-wa.myshopify.com/admin/api/2024-10/products/9364837073131/images/49828839457003.json	9364837073131		images	200	OK	image_id=49828839457003
2026-05-18 11:12:14	image-delete	delete_product_image	DELETE	https://oz-nails-wa.myshopify.com/admin/api/2024-10/products/9364837105899/images/49828839588075.json	9364837105899		images	200	OK	image_id=49828839588075
2026-05-18 11:12:16	image-delete	delete_product_image	DELETE	https://oz-nails-wa.myshopify.com/admin/api/2024-10/products/9364837138667/images/49828839784683.json	9364837138667		images	200	OK	image_id=49828839784683
2026-05-18 11:12:18	image-delete	delete_product_image	DELETE	https://oz-nails-wa.myshopify.com/admin/api/2024-10/products/9364837171435/images/49828839981291.json	9364837171435		images	200	OK	image_id=49828839981291
2026-05-18 11:12:19	image-delete	delete_product_image	DELETE	https://oz-nails-wa.myshopify.com/admin/api/2024-10/products/9364837204203/images/49828840112363.json	9364837204203		images	200	OK	image_id=49828840112363
2026-05-18 11:12:21	image-delete	delete_product_image	DELETE	https://oz-nails-wa.myshopify.com/admin/api/2024-10/products/9364837236971/images/49828840308971.json	9364837236971		images	200	OK	image_id=49828840308971
2026-05-18 11:12:23	image-delete	delete_product_image	DELETE	https://oz-nails-wa.myshopify.com/admin/api/2024-10/products/9364837269739/images/49828840440043.json	9364837269739		images	200	OK	image_id=49828840440043
2026-05-18 11:12:25	image-delete	delete_product_image	DELETE	https://oz-nails-wa.myshopify.com/admin/api/2024-10/products/9364837302507/images/49828840636651.json	9364837302507		images	200	OK	image_id=49828840636651
2026-05-18 11:12:27	image-delete	delete_product_image	DELETE	https://oz-nails-wa.myshopify.com/admin/api/2024-10/products/9364837335275/images/49828840866027.json	9364837335275		images	200	OK	image_id=49828840866027
2026-05-18 11:12:28	image-delete	delete_product_image	DELETE	https://oz-nails-wa.myshopify.com/admin/api/2024-10/products/9364837368043/images/49828841259243.json	9364837368043		images	200	OK	image_id=49828841259243
2026-05-18 11:12:30	image-delete	delete_product_image	DELETE	https://oz-nails-wa.myshopify.com/admin/api/2024-10/products/9364837433579/images/49828841455851.json	9364837433579		images	200	OK	image_id=49828841455851
2026-05-18 11:12:32	image-delete	delete_product_image	DELETE	https://oz-nails-wa.myshopify.com/admin/api/2024-10/products/9364837466347/images/49828841652459.json	9364837466347		images	200	OK	image_id=49828841652459
2026-05-18 11:12:34	image-delete	delete_product_image	DELETE	https://oz-nails-wa.myshopify.com/admin/api/2024-10/products/9364837531883/images/49828841816299.json	9364837531883		images	200	OK	image_id=49828841816299
2026-05-18 11:12:36	image-delete	delete_product_image	DELETE	https://oz-nails-wa.myshopify.com/admin/api/2024-10/products/9364837597419/images/49828841980139.json	9364837597419		images	200	OK	image_id=49828841980139
2026-05-18 11:12:37	image-delete	delete_product_image	DELETE	https://oz-nails-wa.myshopify.com/admin/api/2024-10/products/9364837662955/images/49828842111211.json	9364837662955		images	200	OK	image_id=49828842111211
2026-05-18 11:12:39	image-delete	delete_product_image	DELETE	https://oz-nails-wa.myshopify.com/admin/api/2024-10/products/9364837761259/images/49828842209515.json	9364837761259		images	200	OK	image_id=49828842209515
2026-05-18 11:12:41	image-delete	delete_product_image	DELETE	https://oz-nails-wa.myshopify.com/admin/api/2024-10/products/9364837794027/images/49828842340587.json	9364837794027		images	200	OK	image_id=49828842340587
2026-05-18 11:12:43	image-delete	delete_product_image	DELETE	https://oz-nails-wa.myshopify.com/admin/api/2024-10/products/9364837826795/images/49828842537195.json	9364837826795		images	200	OK	image_id=49828842537195
2026-05-18 11:12:44	image-delete	delete_product_image	DELETE	https://oz-nails-wa.myshopify.com/admin/api/2024-10/products/9364837925099/images/49828842701035.json	9364837925099		images	200	OK	image_id=49828842701035
2026-05-18 11:12:47	image-delete	delete_product_image	DELETE	https://oz-nails-wa.myshopify.com/admin/api/2024-10/products/9364837957867/images/49828842930411.json	9364837957867		images	200	OK	image_id=49828842930411
2026-05-18 11:12:48	image-delete	delete_product_image	DELETE	https://oz-nails-wa.myshopify.com/admin/api/2024-10/products/9364838023403/images/49828843094251.json	9364838023403		images	200	OK	image_id=49828843094251
2026-05-18 11:12:50	image-delete	delete_product_image	DELETE	https://oz-nails-wa.myshopify.com/admin/api/2024-10/products/9364838056171/images/49828843225323.json	9364838056171		images	200	OK	image_id=49828843225323
2026-05-18 11:12:52	image-delete	delete_product_image	DELETE	https://oz-nails-wa.myshopify.com/admin/api/2024-10/products/9364838088939/images/49828843454699.json	9364838088939		images	200	OK	image_id=49828843454699
2026-05-18 11:12:54	image-delete	delete_product_image	DELETE	https://oz-nails-wa.myshopify.com/admin/api/2024-10/products/9364838121707/images/49828843651307.json	9364838121707		images	200	OK	image_id=49828843651307
2026-05-18 11:12:56	image-delete	delete_product_image	DELETE	https://oz-nails-wa.myshopify.com/admin/api/2024-10/products/9364838220011/images/49828843815147.json	9364838220011		images	200	OK	image_id=49828843815147
2026-05-18 11:12:58	image-delete	delete_product_image	DELETE	https://oz-nails-wa.myshopify.com/admin/api/2024-10/products/9364838252779/images/49828843978987.json	9364838252779		images	200	OK	image_id=49828843978987
2026-05-18 11:13:00	image-delete	delete_product_image	DELETE	https://oz-nails-wa.myshopify.com/admin/api/2024-10/products/9364838318315/images/49828844142827.json	9364838318315		images	200	OK	image_id=49828844142827
2026-05-18 11:13:01	image-delete	delete_product_image	DELETE	https://oz-nails-wa.myshopify.com/admin/api/2024-10/products/9364838351083/images/49828844306667.json	9364838351083		images	200	OK	image_id=49828844306667
2026-05-18 11:13:03	image-delete	delete_product_image	DELETE	https://oz-nails-wa.myshopify.com/admin/api/2024-10/products/9364838383851/images/49828844470507.json	9364838383851		images	200	OK	image_id=49828844470507
2026-05-18 11:13:05	image-delete	delete_product_image	DELETE	https://oz-nails-wa.myshopify.com/admin/api/2024-10/products/9364838449387/images/49828844634347.json	9364838449387		images	200	OK	image_id=49828844634347
2026-05-18 11:13:07	image-delete	delete_product_image	DELETE	https://oz-nails-wa.myshopify.com/admin/api/2024-10/products/9364838482155/images/49828844798187.json	9364838482155		images	200	OK	image_id=49828844798187
2026-05-18 11:13:09	image-delete	delete_product_image	DELETE	https://oz-nails-wa.myshopify.com/admin/api/2024-10/products/9364838547691/images/49828844994795.json	9364838547691		images	200	OK	image_id=49828844994795
2026-05-18 11:13:10	image-delete	delete_product_image	DELETE	https://oz-nails-wa.myshopify.com/admin/api/2024-10/products/9364838580459/images/49828845486315.json	9364838580459		images	200	OK	image_id=49828845486315
2026-05-18 11:13:12	image-delete	delete_product_image	DELETE	https://oz-nails-wa.myshopify.com/admin/api/2024-10/products/9364838613227/images/49828845650155.json	9364838613227		images	200	OK	image_id=49828845650155
2026-05-18 11:13:14	image-delete	delete_product_image	DELETE	https://oz-nails-wa.myshopify.com/admin/api/2024-10/products/9364838645995/images/49828845781227.json	9364838645995		images	200	OK	image_id=49828845781227
2026-05-18 11:13:16	image-delete	delete_product_image	DELETE	https://oz-nails-wa.myshopify.com/admin/api/2024-10/products/9364838678763/images/49828846043371.json	9364838678763		images	200	OK	image_id=49828846043371
2026-05-18 11:13:17	image-delete	delete_product_image	DELETE	https://oz-nails-wa.myshopify.com/admin/api/2024-10/products/9364838711531/images/49828846207211.json	9364838711531		images	200	OK	image_id=49828846207211
2026-05-18 11:13:19	image-delete	delete_product_image	DELETE	https://oz-nails-wa.myshopify.com/admin/api/2024-10/products/9364838777067/images/49828846403819.json	9364838777067		images	200	OK	image_id=49828846403819
2026-05-18 11:13:21	image-delete	delete_product_image	DELETE	https://oz-nails-wa.myshopify.com/admin/api/2024-10/products/9364838809835/images/49828846534891.json	9364838809835		images	200	OK	image_id=49828846534891
2026-05-18 11:13:23	image-delete	delete_product_image	DELETE	https://oz-nails-wa.myshopify.com/admin/api/2024-10/products/9364838842603/images/49828846862571.json	9364838842603		images	200	OK	image_id=49828846862571
2026-05-18 11:13:26	image-delete	delete_product_image	DELETE	https://oz-nails-wa.myshopify.com/admin/api/2024-10/products/9364838875371/images/49828847026411.json	9364838875371		images	200	OK	image_id=49828847026411
2026-05-18 11:13:27	image-delete	delete_product_image	DELETE	https://oz-nails-wa.myshopify.com/admin/api/2024-10/products/9364838908139/images/49828847190251.json	9364838908139		images	200	OK	image_id=49828847190251
2026-05-18 11:13:29	image-delete	delete_product_image	DELETE	https://oz-nails-wa.myshopify.com/admin/api/2024-10/products/9367163011307/images/49828847354091.json	9367163011307		images	200	OK	image_id=49828847354091
2026-05-18 11:13:31	image-delete	delete_product_image	DELETE	https://oz-nails-wa.myshopify.com/admin/api/2024-10/products/9367164125419/images/49828847517931.json	9367164125419		images	200	OK	image_id=49828847517931
2026-05-18 11:13:33	image-delete	delete_product_image	DELETE	https://oz-nails-wa.myshopify.com/admin/api/2024-10/products/9367165993195/images/49828847681771.json	9367165993195		images	200	OK	image_id=49828847681771
2026-05-18 11:13:35	image-delete	delete_product_image	DELETE	https://oz-nails-wa.myshopify.com/admin/api/2024-10/products/9367167172843/images/49828847878379.json	9367167172843		images	200	OK	image_id=49828847878379
2026-05-18 11:13:36	image-delete	delete_product_image	DELETE	https://oz-nails-wa.myshopify.com/admin/api/2024-10/products/9367169892587/images/49828848042219.json	9367169892587		images	200	OK	image_id=49828848042219
2026-05-18 11:13:38	image-delete	delete_product_image	DELETE	https://oz-nails-wa.myshopify.com/admin/api/2024-10/products/9367170121963/images/49828848238827.json	9367170121963		images	200	OK	image_id=49828848238827
2026-05-18 11:13:40	image-delete	delete_product_image	DELETE	https://oz-nails-wa.myshopify.com/admin/api/2024-10/products/9367171956971/images/49828848402667.json	9367171956971		images	200	OK	image_id=49828848402667
2026-05-18 11:13:42	image-delete	delete_product_image	DELETE	https://oz-nails-wa.myshopify.com/admin/api/2024-10/products/9367174447339/images/49828848566507.json	9367174447339		images	200	OK	image_id=49828848566507
2026-05-18 11:13:43	image-delete	delete_product_image	DELETE	https://oz-nails-wa.myshopify.com/admin/api/2024-10/products/9364838940907/images/49828848697579.json	9364838940907		images	200	OK	image_id=49828848697579
2026-05-18 11:13:45	image-delete	delete_product_image	DELETE	https://oz-nails-wa.myshopify.com/admin/api/2024-10/products/9367174938859/images/49828849352939.json	9367174938859		images	200	OK	image_id=49828849352939
2026-05-18 11:13:47	image-delete	delete_product_image	DELETE	https://oz-nails-wa.myshopify.com/admin/api/2024-10/products/9367176839403/images/49828849549547.json	9367176839403		images	200	OK	image_id=49828849549547
2026-05-18 11:13:49	image-delete	delete_product_image	DELETE	https://oz-nails-wa.myshopify.com/admin/api/2024-10/products/9364838973675/images/49828849680619.json	9364838973675		images	200	OK	image_id=49828849680619
2026-05-18 11:13:51	image-delete	delete_product_image	DELETE	https://oz-nails-wa.myshopify.com/admin/api/2024-10/products/9364839006443/images/49828849877227.json	9364839006443		images	200	OK	image_id=49828849877227
2026-05-18 11:13:52	image-delete	delete_product_image	DELETE	https://oz-nails-wa.myshopify.com/admin/api/2024-10/products/9364839071979/images/49828850008299.json	9364839071979		images	200	OK	image_id=49828850008299
2026-05-18 11:13:54	image-delete	delete_product_image	DELETE	https://oz-nails-wa.myshopify.com/admin/api/2024-10/products/9365424505067/images/49828850303211.json	9365424505067		images	200	OK	image_id=49828850303211
2026-05-18 11:13:56	image-delete	delete_product_image	DELETE	https://oz-nails-wa.myshopify.com/admin/api/2024-10/products/9365425750251/images/49828850401515.json	9365425750251		images	200	OK	image_id=49828850401515
2026-05-18 11:13:58	image-delete	delete_product_image	DELETE	https://oz-nails-wa.myshopify.com/admin/api/2024-10/products/9365266268395/images/49828850860267.json	9365266268395		images	200	OK	image_id=49828850860267
2026-05-18 11:13:59	image-delete	delete_product_image	DELETE	https://oz-nails-wa.myshopify.com/admin/api/2024-10/products/9365266301163/images/49828851056875.json	9365266301163		images	200	OK	image_id=49828851056875
2026-05-18 11:14:01	image-delete	delete_product_image	DELETE	https://oz-nails-wa.myshopify.com/admin/api/2024-10/products/9367177494763/images/49828851220715.json	9367177494763		images	200	OK	image_id=49828851220715
2026-05-18 11:14:04	image-delete	delete_product_image	DELETE	https://oz-nails-wa.myshopify.com/admin/api/2024-10/products/9367179100395/images/49828851450091.json	9367179100395		images	200	OK	image_id=49828851450091
2026-05-18 11:14:05	image-delete	delete_product_image	DELETE	https://oz-nails-wa.myshopify.com/admin/api/2024-10/products/9367180443883/images/49828851613931.json	9367180443883		images	200	OK	image_id=49828851613931
2026-05-18 11:14:07	image-delete	delete_product_image	DELETE	https://oz-nails-wa.myshopify.com/admin/api/2024-10/products/9367182016747/images/49828851745003.json	9367182016747		images	200	OK	image_id=49828851745003
2026-05-18 11:14:09	image-delete	delete_product_image	DELETE	https://oz-nails-wa.myshopify.com/admin/api/2024-10/products/9367185326315/images/49828852007147.json	9367185326315		images	200	OK	image_id=49828852007147
2026-05-18 11:14:11	image-delete	delete_product_image	DELETE	https://oz-nails-wa.myshopify.com/admin/api/2024-10/products/9367186800875/images/49828852138219.json	9367186800875		images	200	OK	image_id=49828852138219
2026-05-18 11:14:12	image-delete	delete_product_image	DELETE	https://oz-nails-wa.myshopify.com/admin/api/2024-10/products/9367187914987/images/49828852334827.json	9367187914987		images	200	OK	image_id=49828852334827
2026-05-18 11:14:14	image-delete	delete_product_image	DELETE	https://oz-nails-wa.myshopify.com/admin/api/2024-10/products/9367188406507/images/49828852433131.json	9367188406507		images	200	OK	image_id=49828852433131
2026-05-18 11:14:16	image-delete	delete_product_image	DELETE	https://oz-nails-wa.myshopify.com/admin/api/2024-10/products/9367190470891/images/49828852596971.json	9367190470891		images	200	OK	image_id=49828852596971
2026-05-18 11:14:18	image-delete	delete_product_image	DELETE	https://oz-nails-wa.myshopify.com/admin/api/2024-10/products/9367193354475/images/49828852760811.json	9367193354475		images	200	OK	image_id=49828852760811
2026-05-18 11:14:19	image-delete	delete_product_image	DELETE	https://oz-nails-wa.myshopify.com/admin/api/2024-10/products/9364839104747/images/49828852924651.json	9364839104747		images	200	OK	image_id=49828852924651
2026-05-18 11:14:21	image-delete	delete_product_image	DELETE	https://oz-nails-wa.myshopify.com/admin/api/2024-10/products/9364839137515/images/49828853219563.json	9364839137515		images	200	OK	image_id=49828853219563
2026-05-18 11:14:23	image-delete	delete_product_image	DELETE	https://oz-nails-wa.myshopify.com/admin/api/2024-10/products/9366018490603/images/49828853383403.json	9366018490603		images	200	OK	image_id=49828853383403
2026-05-18 11:14:25	image-delete	delete_product_image	DELETE	https://oz-nails-wa.myshopify.com/admin/api/2024-10/products/9366107685099/images/49828853612779.json	9366107685099		images	200	OK	image_id=49828853612779
2026-05-18 11:14:26	image-delete	delete_product_image	DELETE	https://oz-nails-wa.myshopify.com/admin/api/2024-10/products/9365242806507/images/49828853809387.json	9365242806507		images	200	OK	image_id=49828853809387
2026-05-18 11:14:28	image-delete	delete_product_image	DELETE	https://oz-nails-wa.myshopify.com/admin/api/2024-10/products/9364839170283/images/49828854137067.json	9364839170283		images	200	OK	image_id=49828854137067
2026-05-18 11:14:30	image-delete	delete_product_image	DELETE	https://oz-nails-wa.myshopify.com/admin/api/2024-10/products/9364839268587/images/49828854300907.json	9364839268587		images	200	OK	image_id=49828854300907
2026-05-18 11:14:32	image-delete	delete_product_image	DELETE	https://oz-nails-wa.myshopify.com/admin/api/2024-10/products/9365267349739/images/49828854464747.json	9365267349739		images	200	OK	image_id=49828854464747
2026-05-18 11:14:34	image-delete	delete_product_image	DELETE	https://oz-nails-wa.myshopify.com/admin/api/2024-10/products/9365267251435/images/49828854628587.json	9365267251435		images	200	OK	image_id=49828854628587
2026-05-18 11:14:36	image-delete	delete_product_image	DELETE	https://oz-nails-wa.myshopify.com/admin/api/2024-10/products/9364839301355/images/49828854792427.json	9364839301355		images	200	OK	image_id=49828854792427
2026-05-18 11:14:37	image-delete	delete_product_image	DELETE	https://oz-nails-wa.myshopify.com/admin/api/2024-10/products/9364839334123/images/49828855021803.json	9364839334123		images	200	OK	image_id=49828855021803
2026-05-18 11:14:41	image-delete	delete_product_image	DELETE	https://oz-nails-wa.myshopify.com/admin/api/2024-10/products/9367021945067/images/49828855513323.json	9367021945067		images	200	OK	image_id=49828855513323
2026-05-18 11:14:43	image-delete	delete_product_image	DELETE	https://oz-nails-wa.myshopify.com/admin/api/2024-10/products/9367195681003/images/49828855709931.json	9367195681003		images	200	OK	image_id=49828855709931
2026-05-18 11:14:45	image-delete	delete_product_image	DELETE	https://oz-nails-wa.myshopify.com/admin/api/2024-10/products/9367196893419/images/49828855873771.json	9367196893419		images	200	OK	image_id=49828855873771
2026-05-18 11:14:46	image-delete	delete_product_image	DELETE	https://oz-nails-wa.myshopify.com/admin/api/2024-10/products/9367198335211/images/49828855972075.json	9367198335211		images	200	OK	image_id=49828855972075
2026-05-18 11:14:48	image-delete	delete_product_image	DELETE	https://oz-nails-wa.myshopify.com/admin/api/2024-10/products/9367198761195/images/49828856168683.json	9367198761195		images	200	OK	image_id=49828856168683
2026-05-18 11:14:50	image-delete	delete_product_image	DELETE	https://oz-nails-wa.myshopify.com/admin/api/2024-10/products/9367199809771/images/49828856430827.json	9367199809771		images	200	OK	image_id=49828856430827
2026-05-18 11:14:52	image-delete	delete_product_image	DELETE	https://oz-nails-wa.myshopify.com/admin/api/2024-10/products/9367203184875/images/49828856561899.json	9367203184875		images	200	OK	image_id=49828856561899
2026-05-18 11:14:54	image-delete	delete_product_image	DELETE	https://oz-nails-wa.myshopify.com/admin/api/2024-10/products/9367203971307/images/49828856758507.json	9367203971307		images	200	OK	image_id=49828856758507
2026-05-18 11:14:55	image-delete	delete_product_image	DELETE	https://oz-nails-wa.myshopify.com/admin/api/2024-10/products/9367205511403/images/49828856955115.json	9367205511403		images	200	OK	image_id=49828856955115
2026-05-18 11:14:57	image-delete	delete_product_image	DELETE	https://oz-nails-wa.myshopify.com/admin/api/2024-10/products/9367208394987/images/49828857184491.json	9367208394987		images	200	OK	image_id=49828857184491
2026-05-18 11:14:59	image-delete	delete_product_image	DELETE	https://oz-nails-wa.myshopify.com/admin/api/2024-10/products/9367208591595/images/49828857807083.json	9367208591595		images	200	OK	image_id=49828857807083
2026-05-18 11:15:01	image-delete	delete_product_image	DELETE	https://oz-nails-wa.myshopify.com/admin/api/2024-10/products/9367210131691/images/49828858036459.json	9367210131691		images	200	OK	image_id=49828858036459
2026-05-18 11:15:03	image-delete	delete_product_image	DELETE	https://oz-nails-wa.myshopify.com/admin/api/2024-10/products/9367213670635/images/49828858200299.json	9367213670635		images	200	OK	image_id=49828858200299
2026-05-18 11:15:05	image-delete	delete_product_image	DELETE	https://oz-nails-wa.myshopify.com/admin/api/2024-10/products/9367213768939/images/49828858331371.json	9367213768939		images	200	OK	image_id=49828858331371
2026-05-18 11:15:07	image-delete	delete_product_image	DELETE	https://oz-nails-wa.myshopify.com/admin/api/2024-10/products/9367215210731/images/49828858790123.json	9367215210731		images	200	OK	image_id=49828858790123
2026-05-18 11:15:09	image-delete	delete_product_image	DELETE	https://oz-nails-wa.myshopify.com/admin/api/2024-10/products/9367215931627/images/49828858953963.json	9367215931627		images	200	OK	image_id=49828858953963
2026-05-18 11:15:10	image-delete	delete_product_image	DELETE	https://oz-nails-wa.myshopify.com/admin/api/2024-10/products/9367215964395/images/49828859117803.json	9367215964395		images	200	OK	image_id=49828859117803
2026-05-18 11:15:12	image-delete	delete_product_image	DELETE	https://oz-nails-wa.myshopify.com/admin/api/2024-10/products/9367216029931/images/49828859314411.json	9367216029931		images	200	OK	image_id=49828859314411
2026-05-18 11:15:14	image-delete	delete_product_image	DELETE	https://oz-nails-wa.myshopify.com/admin/api/2024-10/products/9367216521451/images/49828859511019.json	9367216521451		images	200	OK	image_id=49828859511019
2026-05-18 11:15:16	image-delete	delete_product_image	DELETE	https://oz-nails-wa.myshopify.com/admin/api/2024-10/products/9367221436651/images/49828859740395.json	9367221436651		images	200	OK	image_id=49828859740395
2026-05-18 11:15:18	image-delete	delete_product_image	DELETE	https://oz-nails-wa.myshopify.com/admin/api/2024-10/products/9367223402731/images/49828860100843.json	9367223402731		images	200	OK	image_id=49828860100843
2026-05-18 11:15:19	image-delete	delete_product_image	DELETE	https://oz-nails-wa.myshopify.com/admin/api/2024-10/products/9367225696491/images/49828860297451.json	9367225696491		images	200	OK	image_id=49828860297451
2026-05-18 11:15:21	image-delete	delete_product_image	DELETE	https://oz-nails-wa.myshopify.com/admin/api/2024-10/products/9367226253547/images/49828860592363.json	9367226253547		images	200	OK	image_id=49828860592363
2026-05-18 11:15:23	image-delete	delete_product_image	DELETE	https://oz-nails-wa.myshopify.com/admin/api/2024-10/products/9367227269355/images/49828860952811.json	9367227269355		images	200	OK	image_id=49828860952811
2026-05-18 11:15:25	image-delete	delete_product_image	DELETE	https://oz-nails-wa.myshopify.com/admin/api/2024-10/products/9367231267051/images/49828861739243.json	9367231267051		images	200	OK	image_id=49828861739243
2026-05-18 11:15:27	image-delete	delete_product_image	DELETE	https://oz-nails-wa.myshopify.com/admin/api/2024-10/products/9367231365355/images/49828861935851.json	9367231365355		images	200	OK	image_id=49828861935851
2026-05-18 11:15:28	image-delete	delete_product_image	DELETE	https://oz-nails-wa.myshopify.com/admin/api/2024-10/products/9367231824107/images/49828862132459.json	9367231824107		images	200	OK	image_id=49828862132459
2026-05-18 11:15:30	image-delete	delete_product_image	DELETE	https://oz-nails-wa.myshopify.com/admin/api/2024-10/products/9367232839915/images/49828862329067.json	9367232839915		images	200	OK	image_id=49828862329067
2026-05-18 11:15:32	image-delete	delete_product_image	DELETE	https://oz-nails-wa.myshopify.com/admin/api/2024-10/products/9367236641003/images/49828862492907.json	9367236641003		images	200	OK	image_id=49828862492907
2026-05-18 11:15:34	image-delete	delete_product_image	DELETE	https://oz-nails-wa.myshopify.com/admin/api/2024-10/products/9367237034219/images/49828862853355.json	9367237034219		images	200	OK	image_id=49828862853355
2026-05-18 11:15:36	image-delete	delete_product_image	DELETE	https://oz-nails-wa.myshopify.com/admin/api/2024-10/products/9367239360747/images/49828863017195.json	9367239360747		images	200	OK	image_id=49828863017195
2026-05-18 11:15:38	image-delete	delete_product_image	DELETE	https://oz-nails-wa.myshopify.com/admin/api/2024-10/products/9367239983339/images/49828863279339.json	9367239983339		images	200	OK	image_id=49828863279339
2026-05-18 11:15:39	image-delete	delete_product_image	DELETE	https://oz-nails-wa.myshopify.com/admin/api/2024-10/products/9367242211563/images/49828863475947.json	9367242211563		images	200	OK	image_id=49828863475947
2026-05-18 11:15:41	image-delete	delete_product_image	DELETE	https://oz-nails-wa.myshopify.com/admin/api/2024-10/products/9367243522283/images/49828863901931.json	9367243522283		images	200	OK	image_id=49828863901931
2026-05-18 11:15:43	image-delete	delete_product_image	DELETE	https://oz-nails-wa.myshopify.com/admin/api/2024-10/products/9367245291755/images/49828864262379.json	9367245291755		images	200	OK	image_id=49828864262379
2026-05-18 11:15:45	image-delete	delete_product_image	DELETE	https://oz-nails-wa.myshopify.com/admin/api/2024-10/products/9367247159531/images/49828864688363.json	9367247159531		images	200	OK	image_id=49828864688363
2026-05-18 11:15:46	image-delete	delete_product_image	DELETE	https://oz-nails-wa.myshopify.com/admin/api/2024-10/products/9367249027307/images/49828864884971.json	9367249027307		images	200	OK	image_id=49828864884971
2026-05-18 11:15:48	image-delete	delete_product_image	DELETE	https://oz-nails-wa.myshopify.com/admin/api/2024-10/products/9367250436331/images/49828865048811.json	9367250436331		images	200	OK	image_id=49828865048811
2026-05-18 11:15:50	image-delete	delete_product_image	DELETE	https://oz-nails-wa.myshopify.com/admin/api/2024-10/products/9367253090539/images/49828865245419.json	9367253090539		images	200	OK	image_id=49828865245419
2026-05-18 11:15:51	image-delete	delete_product_image	DELETE	https://oz-nails-wa.myshopify.com/admin/api/2024-10/products/9367254958315/images/49828865671403.json	9367254958315		images	200	OK	image_id=49828865671403
2026-05-18 11:15:53	image-delete	delete_product_image	DELETE	https://oz-nails-wa.myshopify.com/admin/api/2024-10/products/9367255515371/images/49828865933547.json	9367255515371		images	200	OK	image_id=49828865933547
2026-05-18 11:15:55	image-delete	delete_product_image	DELETE	https://oz-nails-wa.myshopify.com/admin/api/2024-10/products/9367258104043/images/49828866195691.json	9367258104043		images	200	OK	image_id=49828866195691
2026-05-18 11:15:57	image-delete	delete_product_image	DELETE	https://oz-nails-wa.myshopify.com/admin/api/2024-10/products/9367260463339/images/49828866359531.json	9367260463339		images	200	OK	image_id=49828866359531
2026-05-18 11:15:59	image-delete	delete_product_image	DELETE	https://oz-nails-wa.myshopify.com/admin/api/2024-10/products/9367261020395/images/49828866687211.json	9367261020395		images	200	OK	image_id=49828866687211
2026-05-18 11:16:00	image-delete	delete_product_image	DELETE	https://oz-nails-wa.myshopify.com/admin/api/2024-10/products/9367263576299/images/49828866883819.json	9367263576299		images	200	OK	image_id=49828866883819
2026-05-18 11:16:02	image-delete	delete_product_image	DELETE	https://oz-nails-wa.myshopify.com/admin/api/2024-10/products/9367264624875/images/49828867080427.json	9367264624875		images	200	OK	image_id=49828867080427
2026-05-18 11:16:04	image-delete	delete_product_image	DELETE	https://oz-nails-wa.myshopify.com/admin/api/2024-10/products/9367266918635/images/49828867211499.json	9367266918635		images	200	OK	image_id=49828867211499
2026-05-18 11:16:06	image-delete	delete_product_image	DELETE	https://oz-nails-wa.myshopify.com/admin/api/2024-10/products/9367268491499/images/49828867440875.json	9367268491499		images	200	OK	image_id=49828867440875
2026-05-18 11:16:08	image-delete	delete_product_image	DELETE	https://oz-nails-wa.myshopify.com/admin/api/2024-10/products/9367269900523/images/49828867703019.json	9367269900523		images	200	OK	image_id=49828867703019
2026-05-18 11:16:10	image-delete	delete_product_image	DELETE	https://oz-nails-wa.myshopify.com/admin/api/2024-10/products/9367271637227/images/49828868063467.json	9367271637227		images	200	OK	image_id=49828868063467
2026-05-18 11:16:12	image-delete	delete_product_image	DELETE	https://oz-nails-wa.myshopify.com/admin/api/2024-10/products/9367273799915/images/49828868260075.json	9367273799915		images	200	OK	image_id=49828868260075
2026-05-18 11:16:14	image-delete	delete_product_image	DELETE	https://oz-nails-wa.myshopify.com/admin/api/2024-10/products/9367274488043/images/49828868423915.json	9367274488043		images	200	OK	image_id=49828868423915
2026-05-18 11:16:15	image-delete	delete_product_image	DELETE	https://oz-nails-wa.myshopify.com/admin/api/2024-10/products/9367276388587/images/49828868718827.json	9367276388587		images	200	OK	image_id=49828868718827
2026-05-18 11:16:17	image-delete	delete_product_image	DELETE	https://oz-nails-wa.myshopify.com/admin/api/2024-10/products/9367278682347/images/49828869177579.json	9367278682347		images	200	OK	image_id=49828869177579
2026-05-18 11:16:19	image-delete	delete_product_image	DELETE	https://oz-nails-wa.myshopify.com/admin/api/2024-10/products/9367279763691/images/49828869505259.json	9367279763691		images	200	OK	image_id=49828869505259
2026-05-18 11:16:21	image-delete	delete_product_image	DELETE	https://oz-nails-wa.myshopify.com/admin/api/2024-10/products/9367281664235/images/49828869800171.json	9367281664235		images	200	OK	image_id=49828869800171
2026-05-18 11:16:23	image-delete	delete_product_image	DELETE	https://oz-nails-wa.myshopify.com/admin/api/2024-10/products/9367283400939/images/49828870160619.json	9367283400939		images	200	OK	image_id=49828870160619
2026-05-18 11:16:25	image-delete	delete_product_image	DELETE	https://oz-nails-wa.myshopify.com/admin/api/2024-10/products/9367285661931/images/49828870553835.json	9367285661931		images	200	OK	image_id=49828870553835
2026-05-18 11:16:26	image-delete	delete_product_image	DELETE	https://oz-nails-wa.myshopify.com/admin/api/2024-10/products/9367286972651/images/49828870815979.json	9367286972651		images	200	OK	image_id=49828870815979
2026-05-18 11:16:28	image-delete	delete_product_image	DELETE	https://oz-nails-wa.myshopify.com/admin/api/2024-10/products/9367289168107/images/49828871012587.json	9367289168107		images	200	OK	image_id=49828871012587
2026-05-18 11:16:30	image-delete	delete_product_image	DELETE	https://oz-nails-wa.myshopify.com/admin/api/2024-10/products/9367291003115/images/49828871209195.json	9367291003115		images	200	OK	image_id=49828871209195
2026-05-18 11:16:32	image-delete	delete_product_image	DELETE	https://oz-nails-wa.myshopify.com/admin/api/2024-10/products/9367291953387/images/49828871373035.json	9367291953387		images	200	OK	image_id=49828871373035
2026-05-18 11:16:33	image-delete	delete_product_image	DELETE	https://oz-nails-wa.myshopify.com/admin/api/2024-10/products/9367293755627/images/49828871667947.json	9367293755627		images	200	OK	image_id=49828871667947
2026-05-18 11:16:35	image-delete	delete_product_image	DELETE	https://oz-nails-wa.myshopify.com/admin/api/2024-10/products/9367294378219/images/49828871962859.json	9367294378219		images	200	OK	image_id=49828871962859
2026-05-18 11:16:37	image-delete	delete_product_image	DELETE	https://oz-nails-wa.myshopify.com/admin/api/2024-10/products/9367295000811/images/49828872225003.json	9367295000811		images	200	OK	image_id=49828872225003
2026-05-18 11:16:39	image-delete	delete_product_image	DELETE	https://oz-nails-wa.myshopify.com/admin/api/2024-10/products/9367296704747/images/49828873175275.json	9367296704747		images	200	OK	image_id=49828873175275
2026-05-18 11:16:41	image-delete	delete_product_image	DELETE	https://oz-nails-wa.myshopify.com/admin/api/2024-10/products/9367300833515/images/49828873306347.json	9367300833515		images	200	OK	image_id=49828873306347
2026-05-18 11:16:42	image-delete	delete_product_image	DELETE	https://oz-nails-wa.myshopify.com/admin/api/2024-10/products/9367301325035/images/49828873765099.json	9367301325035		images	200	OK	image_id=49828873765099
2026-05-18 11:16:44	image-delete	delete_product_image	DELETE	https://oz-nails-wa.myshopify.com/admin/api/2024-10/products/9367303422187/images/49828873961707.json	9367303422187		images	200	OK	image_id=49828873961707
2026-05-18 11:16:46	image-delete	delete_product_image	DELETE	https://oz-nails-wa.myshopify.com/admin/api/2024-10/products/9367304962283/images/49828874256619.json	9367304962283		images	200	OK	image_id=49828874256619
2026-05-18 11:16:48	image-delete	delete_product_image	DELETE	https://oz-nails-wa.myshopify.com/admin/api/2024-10/products/9367306698987/images/49828874551531.json	9367306698987		images	200	OK	image_id=49828874551531
2026-05-18 11:16:49	image-delete	delete_product_image	DELETE	https://oz-nails-wa.myshopify.com/admin/api/2024-10/products/9367307780331/images/49828874715371.json	9367307780331		images	200	OK	image_id=49828874715371
2026-05-18 11:16:51	image-delete	delete_product_image	DELETE	https://oz-nails-wa.myshopify.com/admin/api/2024-10/products/9367309746411/images/49828874879211.json	9367309746411		images	200	OK	image_id=49828874879211
2026-05-18 11:16:53	image-delete	delete_product_image	DELETE	https://oz-nails-wa.myshopify.com/admin/api/2024-10/products/9367311220971/images/49828875108587.json	9367311220971		images	200	OK	image_id=49828875108587
2026-05-18 11:16:55	image-delete	delete_product_image	DELETE	https://oz-nails-wa.myshopify.com/admin/api/2024-10/products/9367312007403/images/49828875272427.json	9367312007403		images	200	OK	image_id=49828875272427
2026-05-18 11:16:57	image-delete	delete_product_image	DELETE	https://oz-nails-wa.myshopify.com/admin/api/2024-10/products/9367313940715/images/49828875698411.json	9367313940715		images	200	OK	image_id=49828875698411
2026-05-18 11:16:58	image-delete	delete_product_image	DELETE	https://oz-nails-wa.myshopify.com/admin/api/2024-10/products/9367317512427/images/49828876124395.json	9367317512427		images	200	OK	image_id=49828876124395
2026-05-18 11:17:00	image-delete	delete_product_image	DELETE	https://oz-nails-wa.myshopify.com/admin/api/2024-10/products/9367318069483/images/49828876419307.json	9367318069483		images	200	OK	image_id=49828876419307
2026-05-18 11:17:02	image-delete	delete_product_image	DELETE	https://oz-nails-wa.myshopify.com/admin/api/2024-10/products/9367320232171/images/49828876746987.json	9367320232171		images	200	OK	image_id=49828876746987
2026-05-18 11:17:04	image-delete	delete_product_image	DELETE	https://oz-nails-wa.myshopify.com/admin/api/2024-10/products/9367322034411/images/49828877009131.json	9367322034411		images	200	OK	image_id=49828877009131
2026-05-18 11:17:06	image-delete	delete_product_image	DELETE	https://oz-nails-wa.myshopify.com/admin/api/2024-10/products/9367323050219/images/49828877238507.json	9367323050219		images	200	OK	image_id=49828877238507
2026-05-18 11:17:08	image-delete	delete_product_image	DELETE	https://oz-nails-wa.myshopify.com/admin/api/2024-10/products/9367325114603/images/49828877435115.json	9367325114603		images	200	OK	image_id=49828877435115
2026-05-18 11:17:10	image-delete	delete_product_image	DELETE	https://oz-nails-wa.myshopify.com/admin/api/2024-10/products/9367326523627/images/49828877598955.json	9367326523627		images	200	OK	image_id=49828877598955
2026-05-18 11:17:11	image-delete	delete_product_image	DELETE	https://oz-nails-wa.myshopify.com/admin/api/2024-10/products/9367328817387/images/49828877992171.json	9367328817387		images	200	OK	image_id=49828877992171
2026-05-18 11:17:13	image-delete	delete_product_image	DELETE	https://oz-nails-wa.myshopify.com/admin/api/2024-10/products/9367330488555/images/49828878614763.json	9367330488555		images	200	OK	image_id=49828878614763
2026-05-18 11:17:15	image-delete	delete_product_image	DELETE	https://oz-nails-wa.myshopify.com/admin/api/2024-10/products/9367331406059/images/49828879040747.json	9367331406059		images	200	OK	image_id=49828879040747
2026-05-18 11:17:17	image-delete	delete_product_image	DELETE	https://oz-nails-wa.myshopify.com/admin/api/2024-10/products/9367332946155/images/49828879892715.json	9367332946155		images	200	OK	image_id=49828879892715
2026-05-18 11:17:18	image-delete	delete_product_image	DELETE	https://oz-nails-wa.myshopify.com/admin/api/2024-10/products/9367334813931/images/49828880318699.json	9367334813931		images	200	OK	image_id=49828880318699
2026-05-18 11:17:20	image-delete	delete_product_image	DELETE	https://oz-nails-wa.myshopify.com/admin/api/2024-10/products/9367335829739/images/49828881105131.json	9367335829739		images	200	OK	image_id=49828881105131
2026-05-18 11:17:22	image-delete	delete_product_image	DELETE	https://oz-nails-wa.myshopify.com/admin/api/2024-10/products/9367337763051/images/49828881891563.json	9367337763051		images	200	OK	image_id=49828881891563
2026-05-18 11:17:24	image-delete	delete_product_image	DELETE	https://oz-nails-wa.myshopify.com/admin/api/2024-10/products/9367340056811/images/49828882481387.json	9367340056811		images	200	OK	image_id=49828882481387
2026-05-18 11:17:26	image-delete	delete_product_image	DELETE	https://oz-nails-wa.myshopify.com/admin/api/2024-10/products/9367341727979/images/49828882972907.json	9367341727979		images	200	OK	image_id=49828882972907
2026-05-18 11:17:28	image-delete	delete_product_image	DELETE	https://oz-nails-wa.myshopify.com/admin/api/2024-10/products/9367342547179/images/49828883497195.json	9367342547179		images	200	OK	image_id=49828883497195
2026-05-18 11:17:30	image-delete	delete_product_image	DELETE	https://oz-nails-wa.myshopify.com/admin/api/2024-10/products/9367344251115/images/49828884021483.json	9367344251115		images	200	OK	image_id=49828884021483
2026-05-18 11:17:32	image-delete	delete_product_image	DELETE	https://oz-nails-wa.myshopify.com/admin/api/2024-10/products/9367345103083/images/49828884381931.json	9367345103083		images	200	OK	image_id=49828884381931
2026-05-18 11:17:33	image-delete	delete_product_image	DELETE	https://oz-nails-wa.myshopify.com/admin/api/2024-10/products/9367346938091/images/49828885463275.json	9367346938091		images	200	OK	image_id=49828885463275
2026-05-18 11:17:35	image-delete	delete_product_image	DELETE	https://oz-nails-wa.myshopify.com/admin/api/2024-10/products/9367348183275/images/49828885987563.json	9367348183275		images	200	OK	image_id=49828885987563
2026-05-18 11:17:37	image-delete	delete_product_image	DELETE	https://oz-nails-wa.myshopify.com/admin/api/2024-10/products/9367351918827/images/49828886773995.json	9367351918827		images	200	OK	image_id=49828886773995
2026-05-18 11:17:39	image-delete	delete_product_image	DELETE	https://oz-nails-wa.myshopify.com/admin/api/2024-10/products/9367353131243/images/49828887232747.json	9367353131243		images	200	OK	image_id=49828887232747
2026-05-18 11:17:40	image-delete	delete_product_image	DELETE	https://oz-nails-wa.myshopify.com/admin/api/2024-10/products/9367353164011/images/49828888084715.json	9367353164011		images	200	OK	image_id=49828888084715
2026-05-18 11:17:42	image-delete	delete_product_image	DELETE	https://oz-nails-wa.myshopify.com/admin/api/2024-10/products/9367356899563/images/49828888871147.json	9367356899563		images	200	OK	image_id=49828888871147
2026-05-18 11:17:44	image-delete	delete_product_image	DELETE	https://oz-nails-wa.myshopify.com/admin/api/2024-10/products/9367356997867/images/49828889264363.json	9367356997867		images	200	OK	image_id=49828889264363
2026-05-18 11:17:46	image-delete	delete_product_image	DELETE	https://oz-nails-wa.myshopify.com/admin/api/2024-10/products/9367360307435/images/49828890050795.json	9367360307435		images	200	OK	image_id=49828890050795
2026-05-18 11:17:47	image-delete	delete_product_image	DELETE	https://oz-nails-wa.myshopify.com/admin/api/2024-10/products/9367361290475/images/49828890542315.json	9367361290475		images	200	OK	image_id=49828890542315
2026-05-18 11:17:49	image-delete	delete_product_image	DELETE	https://oz-nails-wa.myshopify.com/admin/api/2024-10/products/9367361356011/images/49828891001067.json	9367361356011		images	200	OK	image_id=49828891001067
2026-05-18 11:17:51	image-delete	delete_product_image	DELETE	https://oz-nails-wa.myshopify.com/admin/api/2024-10/products/9367361421547/images/49828891492587.json	9367361421547		images	200	OK	image_id=49828891492587
2026-05-18 11:17:53	image-delete	delete_product_image	DELETE	https://oz-nails-wa.myshopify.com/admin/api/2024-10/products/9367364698347/images/49828891984107.json	9367364698347		images	200	OK	image_id=49828891984107
2026-05-18 11:17:54	image-delete	delete_product_image	DELETE	https://oz-nails-wa.myshopify.com/admin/api/2024-10/products/9367367155947/images/49828892508395.json	9367367155947		images	200	OK	image_id=49828892508395
2026-05-18 11:17:56	image-delete	delete_product_image	DELETE	https://oz-nails-wa.myshopify.com/admin/api/2024-10/products/9367367319787/images/49828893327595.json	9367367319787		images	200	OK	image_id=49828893327595
2026-05-18 11:17:58	image-delete	delete_product_image	DELETE	https://oz-nails-wa.myshopify.com/admin/api/2024-10/products/9367372005611/images/49828893786347.json	9367372005611		images	200	OK	image_id=49828893786347
2026-05-18 11:18:00	image-delete	delete_product_image	DELETE	https://oz-nails-wa.myshopify.com/admin/api/2024-10/products/9367372726507/images/49828893982955.json	9367372726507		images	200	OK	image_id=49828893982955
2026-05-18 11:18:01	image-delete	delete_product_image	DELETE	https://oz-nails-wa.myshopify.com/admin/api/2024-10/products/9367373414635/images/49828894310635.json	9367373414635		images	200	OK	image_id=49828894310635
2026-05-18 11:18:03	image-delete	delete_product_image	DELETE	https://oz-nails-wa.myshopify.com/admin/api/2024-10/products/9367376462059/images/49828894507243.json	9367376462059		images	200	OK	image_id=49828894507243
2026-05-18 11:18:05	image-delete	delete_product_image	DELETE	https://oz-nails-wa.myshopify.com/admin/api/2024-10/products/9367376658667/images/49828894671083.json	9367376658667		images	200	OK	image_id=49828894671083
2026-05-18 11:18:06	image-delete	delete_product_image	DELETE	https://oz-nails-wa.myshopify.com/admin/api/2024-10/products/9367377412331/images/49828894867691.json	9367377412331		images	200	OK	image_id=49828894867691
2026-05-18 11:18:08	image-delete	delete_product_image	DELETE	https://oz-nails-wa.myshopify.com/admin/api/2024-10/products/9367381377259/images/49828895588587.json	9367381377259		images	200	OK	image_id=49828895588587
2026-05-18 11:18:10	image-delete	delete_product_image	DELETE	https://oz-nails-wa.myshopify.com/admin/api/2024-10/products/9367382229227/images/49828895850731.json	9367382229227		images	200	OK	image_id=49828895850731
2026-05-18 11:18:12	image-delete	delete_product_image	DELETE	https://oz-nails-wa.myshopify.com/admin/api/2024-10/products/9367383834859/images/49828896407787.json	9367383834859		images	200	OK	image_id=49828896407787
2026-05-18 11:18:14	image-delete	delete_product_image	DELETE	https://oz-nails-wa.myshopify.com/admin/api/2024-10/products/9367384621291/images/49828896669931.json	9367384621291		images	200	OK	image_id=49828896669931
2026-05-18 11:18:16	image-delete	delete_product_image	DELETE	https://oz-nails-wa.myshopify.com/admin/api/2024-10/products/9367385407723/images/49828896899307.json	9367385407723		images	200	OK	image_id=49828896899307
2026-05-18 11:18:17	image-delete	delete_product_image	DELETE	https://oz-nails-wa.myshopify.com/admin/api/2024-10/products/9367388356843/images/49828897095915.json	9367388356843		images	200	OK	image_id=49828897095915
2026-05-18 11:18:19	image-delete	delete_product_image	DELETE	https://oz-nails-wa.myshopify.com/admin/api/2024-10/products/9367389765867/images/49828897325291.json	9367389765867		images	200	OK	image_id=49828897325291
2026-05-18 11:18:21	image-delete	delete_product_image	DELETE	https://oz-nails-wa.myshopify.com/admin/api/2024-10/products/9367391895787/images/49828897587435.json	9367391895787		images	200	OK	image_id=49828897587435
2026-05-18 11:18:23	image-delete	delete_product_image	DELETE	https://oz-nails-wa.myshopify.com/admin/api/2024-10/products/9367394124011/images/49828897784043.json	9367394124011		images	200	OK	image_id=49828897784043
2026-05-18 11:18:25	image-delete	delete_product_image	DELETE	https://oz-nails-wa.myshopify.com/admin/api/2024-10/products/9367396942059/images/49828898078955.json	9367396942059		images	200	OK	image_id=49828898078955
2026-05-18 11:18:27	image-delete	delete_product_image	DELETE	https://oz-nails-wa.myshopify.com/admin/api/2024-10/products/9367397859563/images/49828898603243.json	9367397859563		images	200	OK	image_id=49828898603243
2026-05-18 11:18:29	image-delete	delete_product_image	DELETE	https://oz-nails-wa.myshopify.com/admin/api/2024-10/products/9367399530731/images/49828898898155.json	9367399530731		images	200	OK	image_id=49828898898155
2026-05-18 11:18:30	image-delete	delete_product_image	DELETE	https://oz-nails-wa.myshopify.com/admin/api/2024-10/products/9367401267435/images/49828899160299.json	9367401267435		images	200	OK	image_id=49828899160299
2026-05-18 11:18:32	image-delete	delete_product_image	DELETE	https://oz-nails-wa.myshopify.com/admin/api/2024-10/products/9367403200747/images/49828899356907.json	9367403200747		images	200	OK	image_id=49828899356907
2026-05-18 11:18:34	image-delete	delete_product_image	DELETE	https://oz-nails-wa.myshopify.com/admin/api/2024-10/products/9367404904683/images/49828899586283.json	9367404904683		images	200	OK	image_id=49828899586283
2026-05-18 11:18:36	image-delete	delete_product_image	DELETE	https://oz-nails-wa.myshopify.com/admin/api/2024-10/products/9367406248171/images/49828899815659.json	9367406248171		images	200	OK	image_id=49828899815659
2026-05-18 11:18:38	image-delete	delete_product_image	DELETE	https://oz-nails-wa.myshopify.com/admin/api/2024-10/products/9367408673003/images/49828899979499.json	9367408673003		images	200	OK	image_id=49828899979499
2026-05-18 11:18:40	image-delete	delete_product_image	DELETE	https://oz-nails-wa.myshopify.com/admin/api/2024-10/products/9367409393899/images/49828900274411.json	9367409393899		images	200	OK	image_id=49828900274411
2026-05-18 11:18:42	image-delete	delete_product_image	DELETE	https://oz-nails-wa.myshopify.com/admin/api/2024-10/products/9367410999531/images/49828900471019.json	9367410999531		images	200	OK	image_id=49828900471019
2026-05-18 11:18:43	image-delete	delete_product_image	DELETE	https://oz-nails-wa.myshopify.com/admin/api/2024-10/products/9367413522667/images/49828900700395.json	9367413522667		images	200	OK	image_id=49828900700395
2026-05-18 11:18:45	image-delete	delete_product_image	DELETE	https://oz-nails-wa.myshopify.com/admin/api/2024-10/products/9367414046955/images/49828901028075.json	9367414046955		images	200	OK	image_id=49828901028075
2026-05-18 11:18:47	image-delete	delete_product_image	DELETE	https://oz-nails-wa.myshopify.com/admin/api/2024-10/products/9367414898923/images/49828901257451.json	9367414898923		images	200	OK	image_id=49828901257451
2026-05-18 11:18:49	image-delete	delete_product_image	DELETE	https://oz-nails-wa.myshopify.com/admin/api/2024-10/products/9367417454827/images/49828901519595.json	9367417454827		images	200	OK	image_id=49828901519595
2026-05-18 11:18:51	image-delete	delete_product_image	DELETE	https://oz-nails-wa.myshopify.com/admin/api/2024-10/products/9367419453675/images/49828901683435.json	9367419453675		images	200	OK	image_id=49828901683435
2026-05-18 11:18:52	image-delete	delete_product_image	DELETE	https://oz-nails-wa.myshopify.com/admin/api/2024-10/products/9367421321451/images/49828901912811.json	9367421321451		images	200	OK	image_id=49828901912811
2026-05-18 11:18:54	image-delete	delete_product_image	DELETE	https://oz-nails-wa.myshopify.com/admin/api/2024-10/products/9367423779051/images/49828902371563.json	9367423779051		images	200	OK	image_id=49828902371563
2026-05-18 11:18:56	image-delete	delete_product_image	DELETE	https://oz-nails-wa.myshopify.com/admin/api/2024-10/products/9367424827627/images/49828902568171.json	9367424827627		images	200	OK	image_id=49828902568171
2026-05-18 11:18:58	image-delete	delete_product_image	DELETE	https://oz-nails-wa.myshopify.com/admin/api/2024-10/products/9367426531563/images/49828902863083.json	9367426531563		images	200	OK	image_id=49828902863083
2026-05-18 11:18:59	image-delete	delete_product_image	DELETE	https://oz-nails-wa.myshopify.com/admin/api/2024-10/products/9367427547371/images/49828903125227.json	9367427547371		images	200	OK	image_id=49828903125227
2026-05-18 11:19:01	image-delete	delete_product_image	DELETE	https://oz-nails-wa.myshopify.com/admin/api/2024-10/products/9367428006123/images/49828903354603.json	9367428006123		images	200	OK	image_id=49828903354603
2026-05-18 11:19:03	image-delete	delete_product_image	DELETE	https://oz-nails-wa.myshopify.com/admin/api/2024-10/products/9367428333803/images/49828903551211.json	9367428333803		images	200	OK	image_id=49828903551211
2026-05-18 11:19:05	image-delete	delete_product_image	DELETE	https://oz-nails-wa.myshopify.com/admin/api/2024-10/products/9367429153003/images/49828903747819.json	9367429153003		images	200	OK	image_id=49828903747819
2026-05-18 11:19:07	image-delete	delete_product_image	DELETE	https://oz-nails-wa.myshopify.com/admin/api/2024-10/products/9367431413995/images/49828903977195.json	9367431413995		images	200	OK	image_id=49828903977195
2026-05-18 11:19:09	image-delete	delete_product_image	DELETE	https://oz-nails-wa.myshopify.com/admin/api/2024-10/products/9367435509995/images/49828904173803.json	9367435509995		images	200	OK	image_id=49828904173803
2026-05-18 11:19:11	image-delete	delete_product_image	DELETE	https://oz-nails-wa.myshopify.com/admin/api/2024-10/products/9367437902059/images/49828904403179.json	9367437902059		images	200	OK	image_id=49828904403179
2026-05-18 11:19:13	image-delete	delete_product_image	DELETE	https://oz-nails-wa.myshopify.com/admin/api/2024-10/products/9367438754027/images/49828904632555.json	9367438754027		images	200	OK	image_id=49828904632555
2026-05-18 11:19:15	image-delete	delete_product_image	DELETE	https://oz-nails-wa.myshopify.com/admin/api/2024-10/products/9367441080555/images/49828904960235.json	9367441080555		images	200	OK	image_id=49828904960235
2026-05-18 11:19:16	image-delete	delete_product_image	DELETE	https://oz-nails-wa.myshopify.com/admin/api/2024-10/products/9367441735915/images/49828905222379.json	9367441735915		images	200	OK	image_id=49828905222379
2026-05-18 11:19:18	image-delete	delete_product_image	DELETE	https://oz-nails-wa.myshopify.com/admin/api/2024-10/products/9367443865835/images/49828905386219.json	9367443865835		images	200	OK	image_id=49828905386219
2026-05-18 11:19:20	image-delete	delete_product_image	DELETE	https://oz-nails-wa.myshopify.com/admin/api/2024-10/products/9367445438699/images/49828905648363.json	9367445438699		images	200	OK	image_id=49828905648363
2026-05-18 11:19:22	image-delete	delete_product_image	DELETE	https://oz-nails-wa.myshopify.com/admin/api/2024-10/products/9367447273707/images/49828905877739.json	9367447273707		images	200	OK	image_id=49828905877739
2026-05-18 11:19:24	image-delete	delete_product_image	DELETE	https://oz-nails-wa.myshopify.com/admin/api/2024-10/products/9367448518891/images/49828906205419.json	9367448518891		images	200	OK	image_id=49828906205419
2026-05-18 11:19:26	image-delete	delete_product_image	DELETE	https://oz-nails-wa.myshopify.com/admin/api/2024-10/products/9367450648811/images/49828906402027.json	9367450648811		images	200	OK	image_id=49828906402027
2026-05-18 11:19:28	image-delete	delete_product_image	DELETE	https://oz-nails-wa.myshopify.com/admin/api/2024-10/products/9367452713195/images/49828906696939.json	9367452713195		images	200	OK	image_id=49828906696939
2026-05-18 11:19:30	image-delete	delete_product_image	DELETE	https://oz-nails-wa.myshopify.com/admin/api/2024-10/products/9367453532395/images/49828906959083.json	9367453532395		images	200	OK	image_id=49828906959083
2026-05-18 11:19:32	image-delete	delete_product_image	DELETE	https://oz-nails-wa.myshopify.com/admin/api/2024-10/products/9367454384363/images/49828907155691.json	9367454384363		images	200	OK	image_id=49828907155691
2026-05-18 11:19:34	image-delete	delete_product_image	DELETE	https://oz-nails-wa.myshopify.com/admin/api/2024-10/products/9367456809195/images/49828907319531.json	9367456809195		images	200	OK	image_id=49828907319531
2026-05-18 11:19:35	image-delete	delete_product_image	DELETE	https://oz-nails-wa.myshopify.com/admin/api/2024-10/products/9367459168491/images/49828907516139.json	9367459168491		images	200	OK	image_id=49828907516139
2026-05-18 11:19:37	image-delete	delete_product_image	DELETE	https://oz-nails-wa.myshopify.com/admin/api/2024-10/products/9367461101803/images/49828907811051.json	9367461101803		images	200	OK	image_id=49828907811051
2026-05-18 11:19:39	image-delete	delete_product_image	DELETE	https://oz-nails-wa.myshopify.com/admin/api/2024-10/products/9367461593323/images/49828908040427.json	9367461593323		images	200	OK	image_id=49828908040427
2026-05-18 11:19:41	image-delete	delete_product_image	DELETE	https://oz-nails-wa.myshopify.com/admin/api/2024-10/products/9367464083691/images/49828908237035.json	9367464083691		images	200	OK	image_id=49828908237035
2026-05-18 11:19:43	image-delete	delete_product_image	DELETE	https://oz-nails-wa.myshopify.com/admin/api/2024-10/products/9367465328875/images/49828908433643.json	9367465328875		images	200	OK	image_id=49828908433643
2026-05-18 11:19:44	image-delete	delete_product_image	DELETE	https://oz-nails-wa.myshopify.com/admin/api/2024-10/products/9367467196651/images/49828908630251.json	9367467196651		images	200	OK	image_id=49828908630251
2026-05-18 11:19:46	image-delete	delete_product_image	DELETE	https://oz-nails-wa.myshopify.com/admin/api/2024-10/products/9367469129963/images/49828908925163.json	9367469129963		images	200	OK	image_id=49828908925163
2026-05-18 11:19:48	image-delete	delete_product_image	DELETE	https://oz-nails-wa.myshopify.com/admin/api/2024-10/products/9367470440683/images/49828909121771.json	9367470440683		images	200	OK	image_id=49828909121771
2026-05-18 11:19:50	image-delete	delete_product_image	DELETE	https://oz-nails-wa.myshopify.com/admin/api/2024-10/products/9367471489259/images/49828909318379.json	9367471489259		images	200	OK	image_id=49828909318379
2026-05-18 11:19:52	image-delete	delete_product_image	DELETE	https://oz-nails-wa.myshopify.com/admin/api/2024-10/products/9367473651947/images/49828909547755.json	9367473651947		images	200	OK	image_id=49828909547755
2026-05-18 11:19:53	image-delete	delete_product_image	DELETE	https://oz-nails-wa.myshopify.com/admin/api/2024-10/products/9367475192043/images/49828909744363.json	9367475192043		images	200	OK	image_id=49828909744363
2026-05-18 11:19:55	image-delete	delete_product_image	DELETE	https://oz-nails-wa.myshopify.com/admin/api/2024-10/products/9367477289195/images/49828909940971.json	9367477289195		images	200	OK	image_id=49828909940971
2026-05-18 11:19:57	image-delete	delete_product_image	DELETE	https://oz-nails-wa.myshopify.com/admin/api/2024-10/products/9367478403307/images/49828910203115.json	9367478403307		images	200	OK	image_id=49828910203115
2026-05-18 11:19:59	image-delete	delete_product_image	DELETE	https://oz-nails-wa.myshopify.com/admin/api/2024-10/products/9367479714027/images/49828910563563.json	9367479714027		images	200	OK	image_id=49828910563563
2026-05-18 11:20:01	image-delete	delete_product_image	DELETE	https://oz-nails-wa.myshopify.com/admin/api/2024-10/products/9367481680107/images/49828910924011.json	9367481680107		images	200	OK	image_id=49828910924011
2026-05-18 11:20:03	image-delete	delete_product_image	DELETE	https://oz-nails-wa.myshopify.com/admin/api/2024-10/products/9367483842795/images/49828911153387.json	9367483842795		images	200	OK	image_id=49828911153387
2026-05-18 11:20:05	image-delete	delete_product_image	DELETE	https://oz-nails-wa.myshopify.com/admin/api/2024-10/products/9367485186283/images/49828911382763.json	9367485186283		images	200	OK	image_id=49828911382763
2026-05-18 11:20:07	image-delete	delete_product_image	DELETE	https://oz-nails-wa.myshopify.com/admin/api/2024-10/products/9367487217899/images/49828911612139.json	9367487217899		images	200	OK	image_id=49828911612139
2026-05-18 11:20:09	image-delete	delete_product_image	DELETE	https://oz-nails-wa.myshopify.com/admin/api/2024-10/products/9367487742187/images/49828911841515.json	9367487742187		images	200	OK	image_id=49828911841515
2026-05-18 11:20:10	image-delete	delete_product_image	DELETE	https://oz-nails-wa.myshopify.com/admin/api/2024-10/products/9367489511659/images/49828912005355.json	9367489511659		images	200	OK	image_id=49828912005355
2026-05-18 11:20:12	image-delete	delete_product_image	DELETE	https://oz-nails-wa.myshopify.com/admin/api/2024-10/products/9367490887915/images/49828912234731.json	9367490887915		images	200	OK	image_id=49828912234731
2026-05-18 11:20:14	image-delete	delete_product_image	DELETE	https://oz-nails-wa.myshopify.com/admin/api/2024-10/products/9367492329707/images/49828912464107.json	9367492329707		images	200	OK	image_id=49828912464107
2026-05-18 11:20:16	image-delete	delete_product_image	DELETE	https://oz-nails-wa.myshopify.com/admin/api/2024-10/products/9367494394091/images/49828912660715.json	9367494394091		images	200	OK	image_id=49828912660715
2026-05-18 11:20:18	image-delete	delete_product_image	DELETE	https://oz-nails-wa.myshopify.com/admin/api/2024-10/products/9367495246059/images/49828912922859.json	9367495246059		images	200	OK	image_id=49828912922859
2026-05-18 11:20:19	image-delete	delete_product_image	DELETE	https://oz-nails-wa.myshopify.com/admin/api/2024-10/products/9367497146603/images/49828913119467.json	9367497146603		images	200	OK	image_id=49828913119467
2026-05-18 11:20:21	image-delete	delete_product_image	DELETE	https://oz-nails-wa.myshopify.com/admin/api/2024-10/products/9367498555627/images/49828913348843.json	9367498555627		images	200	OK	image_id=49828913348843
2026-05-18 11:20:23	image-delete	delete_product_image	DELETE	https://oz-nails-wa.myshopify.com/admin/api/2024-10/products/9367499407595/images/49828913545451.json	9367499407595		images	200	OK	image_id=49828913545451
2026-05-18 11:20:25	image-delete	delete_product_image	DELETE	https://oz-nails-wa.myshopify.com/admin/api/2024-10/products/9367502127339/images/49828913742059.json	9367502127339		images	200	OK	image_id=49828913742059
2026-05-18 11:20:26	image-delete	delete_product_image	DELETE	https://oz-nails-wa.myshopify.com/admin/api/2024-10/products/9367503601899/images/49828913971435.json	9367503601899		images	200	OK	image_id=49828913971435
2026-05-18 11:20:28	image-delete	delete_product_image	DELETE	https://oz-nails-wa.myshopify.com/admin/api/2024-10/products/9367504879851/images/49828914168043.json	9367504879851		images	200	OK	image_id=49828914168043
2026-05-18 11:20:30	image-delete	delete_product_image	DELETE	https://oz-nails-wa.myshopify.com/admin/api/2024-10/products/9367506878699/images/49828914364651.json	9367506878699		images	200	OK	image_id=49828914364651
2026-05-18 11:20:31	image-delete	delete_product_image	DELETE	https://oz-nails-wa.myshopify.com/admin/api/2024-10/products/9367507665131/images/49828914528491.json	9367507665131		images	200	OK	image_id=49828914528491
2026-05-18 11:20:33	image-delete	delete_product_image	DELETE	https://oz-nails-wa.myshopify.com/admin/api/2024-10/products/9367509991659/images/49828914725099.json	9367509991659		images	200	OK	image_id=49828914725099
2026-05-18 11:20:35	image-delete	delete_product_image	DELETE	https://oz-nails-wa.myshopify.com/admin/api/2024-10/products/9367510974699/images/49828915118315.json	9367510974699		images	200	OK	image_id=49828915118315
2026-05-18 11:20:37	image-delete	delete_product_image	DELETE	https://oz-nails-wa.myshopify.com/admin/api/2024-10/products/9367511531755/images/49828915347691.json	9367511531755		images	200	OK	image_id=49828915347691
2026-05-18 11:20:39	image-delete	delete_product_image	DELETE	https://oz-nails-wa.myshopify.com/admin/api/2024-10/products/9367512482027/images/49828915511531.json	9367512482027		images	200	OK	image_id=49828915511531
2026-05-18 11:20:41	image-delete	delete_product_image	DELETE	https://oz-nails-wa.myshopify.com/admin/api/2024-10/products/9367513235691/images/49828915773675.json	9367513235691		images	200	OK	image_id=49828915773675
2026-05-18 11:20:43	image-delete	delete_product_image	DELETE	https://oz-nails-wa.myshopify.com/admin/api/2024-10/products/9367515496683/images/49828915970283.json	9367515496683		images	200	OK	image_id=49828915970283
2026-05-18 11:20:45	image-delete	delete_product_image	DELETE	https://oz-nails-wa.myshopify.com/admin/api/2024-10/products/9367516414187/images/49828916265195.json	9367516414187		images	200	OK	image_id=49828916265195
2026-05-18 11:20:47	image-delete	delete_product_image	DELETE	https://oz-nails-wa.myshopify.com/admin/api/2024-10/products/9367517167851/images/49828916625643.json	9367517167851		images	200	OK	image_id=49828916625643
2026-05-18 11:20:48	image-delete	delete_product_image	DELETE	https://oz-nails-wa.myshopify.com/admin/api/2024-10/products/9367520542955/images/49828916855019.json	9367520542955		images	200	OK	image_id=49828916855019
2026-05-18 11:20:50	image-delete	delete_product_image	DELETE	https://oz-nails-wa.myshopify.com/admin/api/2024-10/products/9367522476267/images/49828916986091.json	9367522476267		images	200	OK	image_id=49828916986091
2026-05-18 11:20:52	image-delete	delete_product_image	DELETE	https://oz-nails-wa.myshopify.com/admin/api/2024-10/products/9367522869483/images/49828917215467.json	9367522869483		images	200	OK	image_id=49828917215467
2026-05-18 11:20:54	image-delete	delete_product_image	DELETE	https://oz-nails-wa.myshopify.com/admin/api/2024-10/products/9367523000555/images/49828917412075.json	9367523000555		images	200	OK	image_id=49828917412075
2026-05-18 11:20:55	image-delete	delete_product_image	DELETE	https://oz-nails-wa.myshopify.com/admin/api/2024-10/products/9367523688683/images/49828917608683.json	9367523688683		images	200	OK	image_id=49828917608683
2026-05-18 11:20:57	image-delete	delete_product_image	DELETE	https://oz-nails-wa.myshopify.com/admin/api/2024-10/products/9367524999403/images/49828917772523.json	9367524999403		images	200	OK	image_id=49828917772523
2026-05-18 11:20:59	image-delete	delete_product_image	DELETE	https://oz-nails-wa.myshopify.com/admin/api/2024-10/products/9367525032171/images/49828918034667.json	9367525032171		images	200	OK	image_id=49828918034667
2026-05-18 11:21:01	image-delete	delete_product_image	DELETE	https://oz-nails-wa.myshopify.com/admin/api/2024-10/products/9367527784683/images/49828918264043.json	9367527784683		images	200	OK	image_id=49828918264043
2026-05-18 11:21:03	image-delete	delete_product_image	DELETE	https://oz-nails-wa.myshopify.com/admin/api/2024-10/products/9367528997099/images/49828918460651.json	9367528997099		images	200	OK	image_id=49828918460651
2026-05-18 11:21:05	image-delete	delete_product_image	DELETE	https://oz-nails-wa.myshopify.com/admin/api/2024-10/products/9367530471659/images/49828918690027.json	9367530471659		images	200	OK	image_id=49828918690027
2026-05-18 11:21:07	image-delete	delete_product_image	DELETE	https://oz-nails-wa.myshopify.com/admin/api/2024-10/products/9367532142827/images/49828918886635.json	9367532142827		images	200	OK	image_id=49828918886635
2026-05-18 11:21:09	image-delete	delete_product_image	DELETE	https://oz-nails-wa.myshopify.com/admin/api/2024-10/products/9367533256939/images/49828919148779.json	9367533256939		images	200	OK	image_id=49828919148779
2026-05-18 11:21:11	image-delete	delete_product_image	DELETE	https://oz-nails-wa.myshopify.com/admin/api/2024-10/products/9367535878379/images/49828919312619.json	9367535878379		images	200	OK	image_id=49828919312619
2026-05-18 11:21:12	image-delete	delete_product_image	DELETE	https://oz-nails-wa.myshopify.com/admin/api/2024-10/products/9367536500971/images/49828919738603.json	9367536500971		images	200	OK	image_id=49828919738603
2026-05-18 11:21:14	image-delete	delete_product_image	DELETE	https://oz-nails-wa.myshopify.com/admin/api/2024-10/products/9367536926955/images/49828919967979.json	9367536926955		images	200	OK	image_id=49828919967979
2026-05-18 11:21:16	image-delete	delete_product_image	DELETE	https://oz-nails-wa.myshopify.com/admin/api/2024-10/products/9367539515627/images/49828920197355.json	9367539515627		images	200	OK	image_id=49828920197355
2026-05-18 11:21:18	image-delete	delete_product_image	DELETE	https://oz-nails-wa.myshopify.com/admin/api/2024-10/products/9367540138219/images/49828920426731.json	9367540138219		images	200	OK	image_id=49828920426731
2026-05-18 11:21:20	image-delete	delete_product_image	DELETE	https://oz-nails-wa.myshopify.com/admin/api/2024-10/products/9367540465899/images/49828920590571.json	9367540465899		images	200	OK	image_id=49828920590571
2026-05-18 11:21:22	image-delete	delete_product_image	DELETE	https://oz-nails-wa.myshopify.com/admin/api/2024-10/products/9367540793579/images/49828920787179.json	9367540793579		images	200	OK	image_id=49828920787179
2026-05-18 11:21:24	image-delete	delete_product_image	DELETE	https://oz-nails-wa.myshopify.com/admin/api/2024-10/products/9367543873771/images/49828921016555.json	9367543873771		images	200	OK	image_id=49828921016555
2026-05-18 11:21:26	image-delete	delete_product_image	DELETE	https://oz-nails-wa.myshopify.com/admin/api/2024-10/products/9367544987883/images/49828921245931.json	9367544987883		images	200	OK	image_id=49828921245931
2026-05-18 11:21:28	image-delete	delete_product_image	DELETE	https://oz-nails-wa.myshopify.com/admin/api/2024-10/products/9367546724587/images/49828921442539.json	9367546724587		images	200	OK	image_id=49828921442539
2026-05-18 11:21:30	image-delete	delete_product_image	DELETE	https://oz-nails-wa.myshopify.com/admin/api/2024-10/products/9367547773163/images/49828921737451.json	9367547773163		images	200	OK	image_id=49828921737451
2026-05-18 11:21:31	image-delete	delete_product_image	DELETE	https://oz-nails-wa.myshopify.com/admin/api/2024-10/products/9367549477099/images/49828921999595.json	9367549477099		images	200	OK	image_id=49828921999595
2026-05-18 11:21:33	image-delete	delete_product_image	DELETE	https://oz-nails-wa.myshopify.com/admin/api/2024-10/products/9367549673707/images/49828922228971.json	9367549673707		images	200	OK	image_id=49828922228971
2026-05-18 11:21:35	image-delete	delete_product_image	DELETE	https://oz-nails-wa.myshopify.com/admin/api/2024-10/products/9367550066923/images/49828922589419.json	9367550066923		images	200	OK	image_id=49828922589419
2026-05-18 11:21:37	image-delete	delete_product_image	DELETE	https://oz-nails-wa.myshopify.com/admin/api/2024-10/products/9367550525675/images/49828922818795.json	9367550525675		images	200	OK	image_id=49828922818795
2026-05-18 11:21:39	image-delete	delete_product_image	DELETE	https://oz-nails-wa.myshopify.com/admin/api/2024-10/products/9367551410411/images/49828923080939.json	9367551410411		images	200	OK	image_id=49828923080939
2026-05-18 11:21:40	image-delete	delete_product_image	DELETE	https://oz-nails-wa.myshopify.com/admin/api/2024-10/products/9367551869163/images/49828923375851.json	9367551869163		images	200	OK	image_id=49828923375851
2026-05-18 11:21:42	image-delete	delete_product_image	DELETE	https://oz-nails-wa.myshopify.com/admin/api/2024-10/products/9367554097387/images/49828923605227.json	9367554097387		images	200	OK	image_id=49828923605227
2026-05-18 11:21:44	image-delete	delete_product_image	DELETE	https://oz-nails-wa.myshopify.com/admin/api/2024-10/products/9367554523371/images/49828923867371.json	9367554523371		images	200	OK	image_id=49828923867371
2026-05-18 11:21:46	image-delete	delete_product_image	DELETE	https://oz-nails-wa.myshopify.com/admin/api/2024-10/products/9367555113195/images/49828924096747.json	9367555113195		images	200	OK	image_id=49828924096747
2026-05-18 11:21:48	image-delete	delete_product_image	DELETE	https://oz-nails-wa.myshopify.com/admin/api/2024-10/products/9367558226155/images/49828924752107.json	9367558226155		images	200	OK	image_id=49828924752107
2026-05-18 11:21:50	image-delete	delete_product_image	DELETE	https://oz-nails-wa.myshopify.com/admin/api/2024-10/products/9367558914283/images/49828932092139.json	9367558914283		images	200	OK	image_id=49828932092139
2026-05-18 11:21:51	image-delete	delete_product_image	DELETE	https://oz-nails-wa.myshopify.com/admin/api/2024-10/products/9367560356075/images/49828941267179.json	9367560356075		images	200	OK	image_id=49828941267179
2026-05-18 11:21:53	image-delete	delete_product_image	DELETE	https://oz-nails-wa.myshopify.com/admin/api/2024-10/products/9367560454379/images/49828952506603.json	9367560454379		images	200	OK	image_id=49828952506603
2026-05-18 11:21:55	image-delete	delete_product_image	DELETE	https://oz-nails-wa.myshopify.com/admin/api/2024-10/products/9367563534571/images/49828970922219.json	9367563534571		images	200	OK	image_id=49828970922219
2026-05-18 11:21:57	image-delete	delete_product_image	DELETE	https://oz-nails-wa.myshopify.com/admin/api/2024-10/products/9367563763947/images/49828979441899.json	9367563763947		images	200	OK	image_id=49828979441899
2026-05-18 11:21:59	image-delete	delete_product_image	DELETE	https://oz-nails-wa.myshopify.com/admin/api/2024-10/products/9367564091627/images/49828988354795.json	9367564091627		images	200	OK	image_id=49828988354795
2026-05-18 11:22:00	image-delete	delete_product_image	DELETE	https://oz-nails-wa.myshopify.com/admin/api/2024-10/products/9367564484843/images/49828996612331.json	9367564484843		images	200	OK	image_id=49828996612331
2026-05-18 11:22:02	image-delete	delete_product_image	DELETE	https://oz-nails-wa.myshopify.com/admin/api/2024-10/products/9367564714219/images/49829003722987.json	9367564714219		images	200	OK	image_id=49829003722987
2026-05-18 11:22:04	image-delete	delete_product_image	DELETE	https://oz-nails-wa.myshopify.com/admin/api/2024-10/products/9367564812523/images/49829006049515.json	9367564812523		images	200	OK	image_id=49829006049515
2026-05-18 11:22:06	image-delete	delete_product_image	DELETE	https://oz-nails-wa.myshopify.com/admin/api/2024-10/products/9367565304043/images/49829008081131.json	9367565304043		images	200	OK	image_id=49829008081131
2026-05-18 11:22:07	image-delete	delete_product_image	DELETE	https://oz-nails-wa.myshopify.com/admin/api/2024-10/products/9367565500651/images/49829008769259.json	9367565500651		images	200	OK	image_id=49829008769259
2026-05-18 11:22:09	image-delete	delete_product_image	DELETE	https://oz-nails-wa.myshopify.com/admin/api/2024-10/products/9367565566187/images/49829009293547.json	9367565566187		images	200	OK	image_id=49829009293547
2026-05-18 11:22:11	image-delete	delete_product_image	DELETE	https://oz-nails-wa.myshopify.com/admin/api/2024-10/products/9367565631723/images/49829009752299.json	9367565631723		images	200	OK	image_id=49829009752299
2026-05-18 11:22:13	image-delete	delete_product_image	DELETE	https://oz-nails-wa.myshopify.com/admin/api/2024-10/products/9367565762795/images/49829010047211.json	9367565762795		images	200	OK	image_id=49829010047211
2026-05-18 11:22:14	image-delete	delete_product_image	DELETE	https://oz-nails-wa.myshopify.com/admin/api/2024-10/products/9367565828331/images/49829010440427.json	9367565828331		images	200	OK	image_id=49829010440427
2026-05-18 11:22:16	image-delete	delete_product_image	DELETE	https://oz-nails-wa.myshopify.com/admin/api/2024-10/products/9367566057707/images/49829010800875.json	9367566057707		images	200	OK	image_id=49829010800875
2026-05-18 11:22:18	image-delete	delete_product_image	DELETE	https://oz-nails-wa.myshopify.com/admin/api/2024-10/products/9367566254315/images/49829011128555.json	9367566254315		images	200	OK	image_id=49829011128555
2026-05-18 11:22:20	image-delete	delete_product_image	DELETE	https://oz-nails-wa.myshopify.com/admin/api/2024-10/products/9367566352619/images/49829011423467.json	9367566352619		images	200	OK	image_id=49829011423467
2026-05-18 11:22:22	image-delete	delete_product_image	DELETE	https://oz-nails-wa.myshopify.com/admin/api/2024-10/products/9367566614763/images/49829011751147.json	9367566614763		images	200	OK	image_id=49829011751147
2026-05-18 11:22:23	image-delete	delete_product_image	DELETE	https://oz-nails-wa.myshopify.com/admin/api/2024-10/products/9367566745835/images/49829012111595.json	9367566745835		images	200	OK	image_id=49829012111595
2026-05-18 11:22:25	image-delete	delete_product_image	DELETE	https://oz-nails-wa.myshopify.com/admin/api/2024-10/products/9367566778603/images/49829012439275.json	9367566778603		images	200	OK	image_id=49829012439275
2026-05-18 11:22:56	image-delete	delete_product_image	DELETE	https://oz-nails-wa.myshopify.com/admin/api/2024-10/products/9367003332843/images/49829012734187.json	9367003332843		images	200	OK	image_id=49829012734187
2026-05-18 11:22:58	image-delete	delete_product_image	DELETE	https://oz-nails-wa.myshopify.com/admin/api/2024-10/products/9364839399659/images/49829013029099.json	9364839399659		images	200	OK	image_id=49829013029099
2026-05-18 11:22:59	image-delete	delete_product_image	DELETE	https://oz-nails-wa.myshopify.com/admin/api/2024-10/products/9364839432427/images/49829013324011.json	9364839432427		images	200	OK	image_id=49829013324011
2026-05-18 11:23:01	image-delete	delete_product_image	DELETE	https://oz-nails-wa.myshopify.com/admin/api/2024-10/products/9365429125355/images/49829013651691.json	9365429125355		images	200	OK	image_id=49829013651691
2026-05-18 11:23:03	image-delete	delete_product_image	DELETE	https://oz-nails-wa.myshopify.com/admin/api/2024-10/products/9365196046571/images/49829013881067.json	9365196046571		images	200	OK	image_id=49829013881067
2026-05-18 11:23:05	image-delete	delete_product_image	DELETE	https://oz-nails-wa.myshopify.com/admin/api/2024-10/products/9365279637739/images/49829014241515.json	9365279637739		images	200	OK	image_id=49829014241515
2026-05-18 11:23:06	image-delete	delete_product_image	DELETE	https://oz-nails-wa.myshopify.com/admin/api/2024-10/products/9364839465195/images/49829014470891.json	9364839465195		images	200	OK	image_id=49829014470891
2026-05-18 11:23:08	image-delete	delete_product_image	DELETE	https://oz-nails-wa.myshopify.com/admin/api/2024-10/products/9365429223659/images/49829014733035.json	9365429223659		images	200	OK	image_id=49829014733035
2026-05-18 11:23:10	image-delete	delete_product_image	DELETE	https://oz-nails-wa.myshopify.com/admin/api/2024-10/products/9364839497963/images/49829014995179.json	9364839497963		images	200	OK	image_id=49829014995179
2026-05-18 11:23:12	image-delete	delete_product_image	DELETE	https://oz-nails-wa.myshopify.com/admin/api/2024-10/products/9367566844139/images/49829015191787.json	9367566844139		images	200	OK	image_id=49829015191787
2026-05-18 11:23:14	image-delete	delete_product_image	DELETE	https://oz-nails-wa.myshopify.com/admin/api/2024-10/products/9367567040747/images/49829015453931.json	9367567040747		images	200	OK	image_id=49829015453931
2026-05-18 11:23:15	image-delete	delete_product_image	DELETE	https://oz-nails-wa.myshopify.com/admin/api/2024-10/products/9367567106283/images/49829015716075.json	9367567106283		images	200	OK	image_id=49829015716075
2026-05-18 11:23:17	image-delete	delete_product_image	DELETE	https://oz-nails-wa.myshopify.com/admin/api/2024-10/products/9367567237355/images/49829016207595.json	9367567237355		images	200	OK	image_id=49829016207595
2026-05-18 11:23:19	image-delete	delete_product_image	DELETE	https://oz-nails-wa.myshopify.com/admin/api/2024-10/products/9367567270123/images/49829016436971.json	9367567270123		images	200	OK	image_id=49829016436971
2026-05-18 11:23:21	image-delete	delete_product_image	DELETE	https://oz-nails-wa.myshopify.com/admin/api/2024-10/products/9367567335659/images/49829016699115.json	9367567335659		images	200	OK	image_id=49829016699115
2026-05-18 11:23:23	image-delete	delete_product_image	DELETE	https://oz-nails-wa.myshopify.com/admin/api/2024-10/products/9367567401195/images/49829016895723.json	9367567401195		images	200	OK	image_id=49829016895723
2026-05-18 11:23:25	image-delete	delete_product_image	DELETE	https://oz-nails-wa.myshopify.com/admin/api/2024-10/products/9367567499499/images/49829017125099.json	9367567499499		images	200	OK	image_id=49829017125099
2026-05-18 11:23:26	image-delete	delete_product_image	DELETE	https://oz-nails-wa.myshopify.com/admin/api/2024-10/products/9367567663339/images/49829017321707.json	9367567663339		images	200	OK	image_id=49829017321707
2026-05-18 11:23:28	image-delete	delete_product_image	DELETE	https://oz-nails-wa.myshopify.com/admin/api/2024-10/products/9367567761643/images/49829017616619.json	9367567761643		images	200	OK	image_id=49829017616619
2026-05-18 11:23:30	image-delete	delete_product_image	DELETE	https://oz-nails-wa.myshopify.com/admin/api/2024-10/products/9367567925483/images/49829017845995.json	9367567925483		images	200	OK	image_id=49829017845995
2026-05-18 11:23:32	image-delete	delete_product_image	DELETE	https://oz-nails-wa.myshopify.com/admin/api/2024-10/products/9367568023787/images/49829018042603.json	9367568023787		images	200	OK	image_id=49829018042603
2026-05-18 11:23:33	image-delete	delete_product_image	DELETE	https://oz-nails-wa.myshopify.com/admin/api/2024-10/products/9367568089323/images/49829018206443.json	9367568089323		images	200	OK	image_id=49829018206443
2026-05-18 11:23:35	image-delete	delete_product_image	DELETE	https://oz-nails-wa.myshopify.com/admin/api/2024-10/products/9367568154859/images/49829018403051.json	9367568154859		images	200	OK	image_id=49829018403051
2026-05-18 11:23:37	image-delete	delete_product_image	DELETE	https://oz-nails-wa.myshopify.com/admin/api/2024-10/products/9367568285931/images/49829018665195.json	9367568285931		images	200	OK	image_id=49829018665195
2026-05-18 11:23:39	image-delete	delete_product_image	DELETE	https://oz-nails-wa.myshopify.com/admin/api/2024-10/products/9367568351467/images/49829018861803.json	9367568351467		images	200	OK	image_id=49829018861803
2026-05-18 11:23:40	image-delete	delete_product_image	DELETE	https://oz-nails-wa.myshopify.com/admin/api/2024-10/products/9367568449771/images/49829019222251.json	9367568449771		images	200	OK	image_id=49829019222251
2026-05-18 11:23:42	image-delete	delete_product_image	DELETE	https://oz-nails-wa.myshopify.com/admin/api/2024-10/products/9367568613611/images/49829019582699.json	9367568613611		images	200	OK	image_id=49829019582699
2026-05-18 11:23:44	image-delete	delete_product_image	DELETE	https://oz-nails-wa.myshopify.com/admin/api/2024-10/products/9367568679147/images/49829020106987.json	9367568679147		images	200	OK	image_id=49829020106987
2026-05-18 11:23:46	image-delete	delete_product_image	DELETE	https://oz-nails-wa.myshopify.com/admin/api/2024-10/products/9367568744683/images/49829020500203.json	9367568744683		images	200	OK	image_id=49829020500203
2026-05-18 11:23:47	image-delete	delete_product_image	DELETE	https://oz-nails-wa.myshopify.com/admin/api/2024-10/products/9367568777451/images/49829020729579.json	9367568777451		images	200	OK	image_id=49829020729579
2026-05-18 11:23:49	image-delete	delete_product_image	DELETE	https://oz-nails-wa.myshopify.com/admin/api/2024-10/products/9367568941291/images/49829021221099.json	9367568941291		images	200	OK	image_id=49829021221099
2026-05-18 11:23:51	image-delete	delete_product_image	DELETE	https://oz-nails-wa.myshopify.com/admin/api/2024-10/products/9367569006827/images/49829021581547.json	9367569006827		images	200	OK	image_id=49829021581547
2026-05-18 11:23:53	image-delete	delete_product_image	DELETE	https://oz-nails-wa.myshopify.com/admin/api/2024-10/products/9367569203435/images/49829022040299.json	9367569203435		images	200	OK	image_id=49829022040299
2026-05-18 11:23:55	image-delete	delete_product_image	DELETE	https://oz-nails-wa.myshopify.com/admin/api/2024-10/products/9365312602347/images/49829022269675.json	9365312602347		images	200	OK	image_id=49829022269675
2026-05-18 11:23:56	image-delete	delete_product_image	DELETE	https://oz-nails-wa.myshopify.com/admin/api/2024-10/products/9364936065259/images/49829022531819.json	9364936065259		images	200	OK	image_id=49829022531819
2026-05-18 11:23:58	image-delete	delete_product_image	DELETE	https://oz-nails-wa.myshopify.com/admin/api/2024-10/products/9365265383659/images/49829022826731.json	9365265383659		images	200	OK	image_id=49829022826731
2026-05-18 11:24:01	image-delete	delete_product_image	DELETE	https://oz-nails-wa.myshopify.com/admin/api/2024-10/products/9365197324523/images/49829023023339.json	9365197324523		images	200	OK	image_id=49829023023339
2026-05-18 11:24:03	image-delete	delete_product_image	DELETE	https://oz-nails-wa.myshopify.com/admin/api/2024-10/products/9366001746155/images/49829023580395.json	9366001746155		images	200	OK	image_id=49829023580395
2026-05-18 11:24:06	image-delete	delete_product_image	DELETE	https://oz-nails-wa.myshopify.com/admin/api/2024-10/products/9365221245163/images/49829023777003.json	9365221245163		images	200	OK	image_id=49829023777003
2026-05-18 11:24:08	image-delete	delete_product_image	DELETE	https://oz-nails-wa.myshopify.com/admin/api/2024-10/products/9365221310699/images/49829024039147.json	9365221310699		images	200	OK	image_id=49829024039147
2026-05-18 11:24:09	image-delete	delete_product_image	DELETE	https://oz-nails-wa.myshopify.com/admin/api/2024-10/products/9365221409003/images/49829024301291.json	9365221409003		images	200	OK	image_id=49829024301291
2026-05-18 11:24:11	image-delete	delete_product_image	DELETE	https://oz-nails-wa.myshopify.com/admin/api/2024-10/products/9365221540075/images/49829024530667.json	9365221540075		images	200	OK	image_id=49829024530667
2026-05-18 11:24:13	image-delete	delete_product_image	DELETE	https://oz-nails-wa.myshopify.com/admin/api/2024-10/products/9364839530731/images/49829024727275.json	9364839530731		images	200	OK	image_id=49829024727275
2026-05-18 11:24:15	image-delete	delete_product_image	DELETE	https://oz-nails-wa.myshopify.com/admin/api/2024-10/products/9364839563499/images/49829024923883.json	9364839563499		images	200	OK	image_id=49829024923883
2026-05-18 11:24:16	image-delete	delete_product_image	DELETE	https://oz-nails-wa.myshopify.com/admin/api/2024-10/products/9367569400043/images/49829025186027.json	9367569400043		images	200	OK	image_id=49829025186027
2026-05-18 11:24:57	image-delete	delete_product_image	DELETE	https://oz-nails-wa.myshopify.com/admin/api/2024-10/products/9364839629035/images/49829025382635.json	9364839629035		images	200	OK	image_id=49829025382635
2026-05-18 11:24:59	image-delete	delete_product_image	DELETE	https://oz-nails-wa.myshopify.com/admin/api/2024-10/products/9364839661803/images/49829025579243.json	9364839661803		images	200	OK	image_id=49829025579243
2026-05-18 11:25:01	image-delete	delete_product_image	DELETE	https://oz-nails-wa.myshopify.com/admin/api/2024-10/products/9364839694571/images/49829025841387.json	9364839694571		images	200	OK	image_id=49829025841387
2026-05-18 11:25:03	image-delete	delete_product_image	DELETE	https://oz-nails-wa.myshopify.com/admin/api/2024-10/products/9364839760107/images/49829026070763.json	9364839760107		images	200	OK	image_id=49829026070763
2026-05-18 11:25:04	image-delete	delete_product_image	DELETE	https://oz-nails-wa.myshopify.com/admin/api/2024-10/products/9365220688107/images/49829026300139.json	9365220688107		images	200	OK	image_id=49829026300139
2026-05-18 11:25:06	image-delete	delete_product_image	DELETE	https://oz-nails-wa.myshopify.com/admin/api/2024-10/products/9367571726571/images/49829026529515.json	9367571726571		images	200	OK	image_id=49829026529515
2026-05-18 11:25:46	image-delete	delete_product_image	DELETE	https://oz-nails-wa.myshopify.com/admin/api/2024-10/products/9365430337771/images/49829026791659.json	9365430337771		images	200	OK	image_id=49829026791659
2026-05-18 11:25:48	image-delete	delete_product_image	DELETE	https://oz-nails-wa.myshopify.com/admin/api/2024-10/products/9367569465579/images/49829026955499.json	9367569465579		images	200	OK	image_id=49829026955499
2026-05-18 11:25:50	image-delete	delete_product_image	DELETE	https://oz-nails-wa.myshopify.com/admin/api/2024-10/products/9367569498347/images/49829027152107.json	9367569498347		images	200	OK	image_id=49829027152107
2026-05-18 11:25:52	image-delete	delete_product_image	DELETE	https://oz-nails-wa.myshopify.com/admin/api/2024-10/products/9367569531115/images/49829027447019.json	9367569531115		images	200	OK	image_id=49829027447019
2026-05-18 11:25:53	image-delete	delete_product_image	DELETE	https://oz-nails-wa.myshopify.com/admin/api/2024-10/products/9367569563883/images/49829027676395.json	9367569563883		images	200	OK	image_id=49829027676395
2026-05-18 11:25:55	image-delete	delete_product_image	DELETE	https://oz-nails-wa.myshopify.com/admin/api/2024-10/products/9367569694955/images/49829027905771.json	9367569694955		images	200	OK	image_id=49829027905771
2026-05-18 11:25:57	image-delete	delete_product_image	DELETE	https://oz-nails-wa.myshopify.com/admin/api/2024-10/products/9367569826027/images/49829028167915.json	9367569826027		images	200	OK	image_id=49829028167915
2026-05-18 11:25:59	image-delete	delete_product_image	DELETE	https://oz-nails-wa.myshopify.com/admin/api/2024-10/products/9367569891563/images/49829028397291.json	9367569891563		images	200	OK	image_id=49829028397291
2026-05-18 11:26:01	image-delete	delete_product_image	DELETE	https://oz-nails-wa.myshopify.com/admin/api/2024-10/products/9367569924331/images/49829028593899.json	9367569924331		images	200	OK	image_id=49829028593899
2026-05-18 11:26:03	image-delete	delete_product_image	DELETE	https://oz-nails-wa.myshopify.com/admin/api/2024-10/products/9367569957099/images/49829028823275.json	9367569957099		images	200	OK	image_id=49829028823275
2026-05-18 11:26:04	image-delete	delete_product_image	DELETE	https://oz-nails-wa.myshopify.com/admin/api/2024-10/products/9367570088171/images/49829029052651.json	9367570088171		images	200	OK	image_id=49829029052651
2026-05-18 11:26:06	image-delete	delete_product_image	DELETE	https://oz-nails-wa.myshopify.com/admin/api/2024-10/products/9367570219243/images/49829029347563.json	9367570219243		images	200	OK	image_id=49829029347563
2026-05-18 11:26:08	image-delete	delete_product_image	DELETE	https://oz-nails-wa.myshopify.com/admin/api/2024-10/products/9367570252011/images/49829029642475.json	9367570252011		images	200	OK	image_id=49829029642475
2026-05-18 11:26:10	image-delete	delete_product_image	DELETE	https://oz-nails-wa.myshopify.com/admin/api/2024-10/products/9367570350315/images/49829029904619.json	9367570350315		images	200	OK	image_id=49829029904619
2026-05-18 11:26:11	image-delete	delete_product_image	DELETE	https://oz-nails-wa.myshopify.com/admin/api/2024-10/products/9367570415851/images/49829030133995.json	9367570415851		images	200	OK	image_id=49829030133995
2026-05-18 11:26:13	image-delete	delete_product_image	DELETE	https://oz-nails-wa.myshopify.com/admin/api/2024-10/products/9367570481387/images/49829030363371.json	9367570481387		images	200	OK	image_id=49829030363371
2026-05-18 11:26:15	image-delete	delete_product_image	DELETE	https://oz-nails-wa.myshopify.com/admin/api/2024-10/products/9367570514155/images/49829030658283.json	9367570514155		images	200	OK	image_id=49829030658283
2026-05-18 11:26:17	image-delete	delete_product_image	DELETE	https://oz-nails-wa.myshopify.com/admin/api/2024-10/products/9367570579691/images/49829030953195.json	9367570579691		images	200	OK	image_id=49829030953195
2026-05-18 11:26:18	image-delete	delete_product_image	DELETE	https://oz-nails-wa.myshopify.com/admin/api/2024-10/products/9367570612459/images/49829031248107.json	9367570612459		images	200	OK	image_id=49829031248107
2026-05-18 11:26:20	image-delete	delete_product_image	DELETE	https://oz-nails-wa.myshopify.com/admin/api/2024-10/products/9367570841835/images/49829031510251.json	9367570841835		images	200	OK	image_id=49829031510251
2026-05-18 11:26:22	image-delete	delete_product_image	DELETE	https://oz-nails-wa.myshopify.com/admin/api/2024-10/products/9367571136747/images/49829031706859.json	9367571136747		images	200	OK	image_id=49829031706859
2026-05-18 11:26:24	image-delete	delete_product_image	DELETE	https://oz-nails-wa.myshopify.com/admin/api/2024-10/products/9367571398891/images/49829031903467.json	9367571398891		images	200	OK	image_id=49829031903467
2026-05-18 11:26:25	image-delete	delete_product_image	DELETE	https://oz-nails-wa.myshopify.com/admin/api/2024-10/products/9367571497195/images/49829032231147.json	9367571497195		images	200	OK	image_id=49829032231147
2026-05-18 11:26:27	image-delete	delete_product_image	DELETE	https://oz-nails-wa.myshopify.com/admin/api/2024-10/products/9367571628267/images/49829032558827.json	9367571628267		images	200	OK	image_id=49829032558827
2026-05-18 11:26:29	image-delete	delete_product_image	DELETE	https://oz-nails-wa.myshopify.com/admin/api/2024-10/products/9367571661035/images/49829033410795.json	9367571661035		images	200	OK	image_id=49829033410795
2026-05-18 11:26:31	image-delete	delete_product_image	DELETE	https://oz-nails-wa.myshopify.com/admin/api/2024-10/products/9365418639595/images/49829033672939.json	9365418639595		images	200	OK	image_id=49829033672939
2026-05-18 11:26:32	image-delete	delete_product_image	DELETE	https://oz-nails-wa.myshopify.com/admin/api/2024-10/products/9365409792235/images/49829033902315.json	9365409792235		images	200	OK	image_id=49829033902315
2026-05-18 11:27:12	image-delete	delete_product_image	DELETE	https://oz-nails-wa.myshopify.com/admin/api/2024-10/products/9367571693803/images/49829034131691.json	9367571693803		images	200	OK	image_id=49829034131691
2026-05-18 11:27:15	image-delete	delete_product_image	DELETE	https://oz-nails-wa.myshopify.com/admin/api/2024-10/products/9365224620267/images/49829034361067.json	9365224620267		images	200	OK	image_id=49829034361067
2026-05-18 11:27:16	image-delete	delete_product_image	DELETE	https://oz-nails-wa.myshopify.com/admin/api/2024-10/products/9364839792875/images/49829034623211.json	9364839792875		images	200	OK	image_id=49829034623211
2026-05-18 11:27:18	image-delete	delete_product_image	DELETE	https://oz-nails-wa.myshopify.com/admin/api/2024-10/products/9365279703275/images/49829034819819.json	9365279703275		images	200	OK	image_id=49829034819819
2026-05-18 11:27:22	image-delete	delete_product_image	DELETE	https://oz-nails-wa.myshopify.com/admin/api/2024-10/products/9364839825643/images/49829034983659.json	9364839825643		images	200	OK	image_id=49829034983659
2026-05-18 11:27:24	image-delete	delete_product_image	DELETE	https://oz-nails-wa.myshopify.com/admin/api/2024-10/products/9364839858411/images/49829035245803.json	9364839858411		images	200	OK	image_id=49829035245803
2026-05-18 11:27:25	image-delete	delete_product_image	DELETE	https://oz-nails-wa.myshopify.com/admin/api/2024-10/products/9364839891179/images/49829035639019.json	9364839891179		images	200	OK	image_id=49829035639019
2026-05-18 11:27:28	image-delete	delete_product_image	DELETE	https://oz-nails-wa.myshopify.com/admin/api/2024-10/products/9364839923947/images/49829035868395.json	9364839923947		images	200	OK	image_id=49829035868395
2026-05-18 11:27:29	image-delete	delete_product_image	DELETE	https://oz-nails-wa.myshopify.com/admin/api/2024-10/products/9364839956715/images/49829036327147.json	9364839956715		images	200	OK	image_id=49829036327147
2026-05-18 11:27:31	image-delete	delete_product_image	DELETE	https://oz-nails-wa.myshopify.com/admin/api/2024-10/products/9364840055019/images/49829036556523.json	9364840055019		images	200	OK	image_id=49829036556523
2026-05-18 11:27:33	image-delete	delete_product_image	DELETE	https://oz-nails-wa.myshopify.com/admin/api/2024-10/products/9364840087787/images/49829036851435.json	9364840087787		images	200	OK	image_id=49829036851435
2026-05-18 11:27:35	image-delete	delete_product_image	DELETE	https://oz-nails-wa.myshopify.com/admin/api/2024-10/products/9364840120555/images/49829037146347.json	9364840120555		images	200	OK	image_id=49829037146347
2026-05-18 11:27:37	image-delete	delete_product_image	DELETE	https://oz-nails-wa.myshopify.com/admin/api/2024-10/products/9364840153323/images/49829037375723.json	9364840153323		images	200	OK	image_id=49829037375723
2026-05-18 11:27:38	image-delete	delete_product_image	DELETE	https://oz-nails-wa.myshopify.com/admin/api/2024-10/products/9364840186091/images/49829037637867.json	9364840186091		images	200	OK	image_id=49829037637867
2026-05-18 11:27:40	image-delete	delete_product_image	DELETE	https://oz-nails-wa.myshopify.com/admin/api/2024-10/products/9364840218859/images/49829037867243.json	9364840218859		images	200	OK	image_id=49829037867243
2026-05-18 11:27:42	image-delete	delete_product_image	DELETE	https://oz-nails-wa.myshopify.com/admin/api/2024-10/products/9364840284395/images/49829038096619.json	9364840284395		images	200	OK	image_id=49829038096619
2026-05-18 11:27:44	image-delete	delete_product_image	DELETE	https://oz-nails-wa.myshopify.com/admin/api/2024-10/products/9364840317163/images/49829038358763.json	9364840317163		images	200	OK	image_id=49829038358763
2026-05-18 11:27:45	image-delete	delete_product_image	DELETE	https://oz-nails-wa.myshopify.com/admin/api/2024-10/products/9364840349931/images/49829038588139.json	9364840349931		images	200	OK	image_id=49829038588139
2026-05-18 11:27:47	image-delete	delete_product_image	DELETE	https://oz-nails-wa.myshopify.com/admin/api/2024-10/products/9364840382699/images/49829038784747.json	9364840382699		images	200	OK	image_id=49829038784747
2026-05-18 11:27:49	image-delete	delete_product_image	DELETE	https://oz-nails-wa.myshopify.com/admin/api/2024-10/products/9364840415467/images/49829039243499.json	9364840415467		images	200	OK	image_id=49829039243499
2026-05-18 11:27:51	image-delete	delete_product_image	DELETE	https://oz-nails-wa.myshopify.com/admin/api/2024-10/products/9364840448235/images/49829039505643.json	9364840448235		images	200	OK	image_id=49829039505643
2026-05-18 11:27:52	image-delete	delete_product_image	DELETE	https://oz-nails-wa.myshopify.com/admin/api/2024-10/products/9364840481003/images/49829039866091.json	9364840481003		images	200	OK	image_id=49829039866091
2026-05-18 11:27:54	image-delete	delete_product_image	DELETE	https://oz-nails-wa.myshopify.com/admin/api/2024-10/products/9364840513771/images/49829040161003.json	9364840513771		images	200	OK	image_id=49829040161003
2026-05-18 11:27:56	image-delete	delete_product_image	DELETE	https://oz-nails-wa.myshopify.com/admin/api/2024-10/products/9364840546539/images/49829040423147.json	9364840546539		images	200	OK	image_id=49829040423147
2026-05-18 11:27:57	image-delete	delete_product_image	DELETE	https://oz-nails-wa.myshopify.com/admin/api/2024-10/products/9364840579307/images/49829040685291.json	9364840579307		images	200	OK	image_id=49829040685291
2026-05-18 11:27:59	image-delete	delete_product_image	DELETE	https://oz-nails-wa.myshopify.com/admin/api/2024-10/products/9364840612075/images/49829040914667.json	9364840612075		images	200	OK	image_id=49829040914667
2026-05-18 11:28:01	image-delete	delete_product_image	DELETE	https://oz-nails-wa.myshopify.com/admin/api/2024-10/products/9364840644843/images/49829041144043.json	9364840644843		images	200	OK	image_id=49829041144043
2026-05-18 11:28:03	image-delete	delete_product_image	DELETE	https://oz-nails-wa.myshopify.com/admin/api/2024-10/products/9364840677611/images/49829041340651.json	9364840677611		images	200	OK	image_id=49829041340651
2026-05-18 11:28:04	image-delete	delete_product_image	DELETE	https://oz-nails-wa.myshopify.com/admin/api/2024-10/products/9364840710379/images/49829041537259.json	9364840710379		images	200	OK	image_id=49829041537259
2026-05-18 11:28:06	image-delete	delete_product_image	DELETE	https://oz-nails-wa.myshopify.com/admin/api/2024-10/products/9364840743147/images/49829041864939.json	9364840743147		images	200	OK	image_id=49829041864939
2026-05-18 11:28:08	image-delete	delete_product_image	DELETE	https://oz-nails-wa.myshopify.com/admin/api/2024-10/products/9364840775915/images/49829042192619.json	9364840775915		images	200	OK	image_id=49829042192619
2026-05-18 11:28:10	image-delete	delete_product_image	DELETE	https://oz-nails-wa.myshopify.com/admin/api/2024-10/products/9364840808683/images/49829042487531.json	9364840808683		images	200	OK	image_id=49829042487531
2026-05-18 11:28:12	image-delete	delete_product_image	DELETE	https://oz-nails-wa.myshopify.com/admin/api/2024-10/products/9364840841451/images/49829042684139.json	9364840841451		images	200	OK	image_id=49829042684139
2026-05-18 11:28:14	image-delete	delete_product_image	DELETE	https://oz-nails-wa.myshopify.com/admin/api/2024-10/products/9364840874219/images/49829042946283.json	9364840874219		images	200	OK	image_id=49829042946283
2026-05-18 11:28:15	image-delete	delete_product_image	DELETE	https://oz-nails-wa.myshopify.com/admin/api/2024-10/products/9364840906987/images/49829043110123.json	9364840906987		images	200	OK	image_id=49829043110123
2026-05-18 11:28:17	image-delete	delete_product_image	DELETE	https://oz-nails-wa.myshopify.com/admin/api/2024-10/products/9364840939755/images/49829043634411.json	9364840939755		images	200	OK	image_id=49829043634411
2026-05-18 11:28:19	image-delete	delete_product_image	DELETE	https://oz-nails-wa.myshopify.com/admin/api/2024-10/products/9364840972523/images/49829043863787.json	9364840972523		images	200	OK	image_id=49829043863787
2026-05-18 11:28:21	image-delete	delete_product_image	DELETE	https://oz-nails-wa.myshopify.com/admin/api/2024-10/products/9364841005291/images/49829044125931.json	9364841005291		images	200	OK	image_id=49829044125931
2026-05-18 11:28:23	image-delete	delete_product_image	DELETE	https://oz-nails-wa.myshopify.com/admin/api/2024-10/products/9364841038059/images/49829044551915.json	9364841038059		images	200	OK	image_id=49829044551915
2026-05-18 11:28:25	image-delete	delete_product_image	DELETE	https://oz-nails-wa.myshopify.com/admin/api/2024-10/products/9364841070827/images/49829044814059.json	9364841070827		images	200	OK	image_id=49829044814059
2026-05-18 11:28:26	image-delete	delete_product_image	DELETE	https://oz-nails-wa.myshopify.com/admin/api/2024-10/products/9364841103595/images/49829045076203.json	9364841103595		images	200	OK	image_id=49829045076203
2026-05-18 11:28:28	image-delete	delete_product_image	DELETE	https://oz-nails-wa.myshopify.com/admin/api/2024-10/products/9364841136363/images/49829045305579.json	9364841136363		images	200	OK	image_id=49829045305579
2026-05-18 11:28:30	image-delete	delete_product_image	DELETE	https://oz-nails-wa.myshopify.com/admin/api/2024-10/products/9364841169131/images/49829045534955.json	9364841169131		images	200	OK	image_id=49829045534955
2026-05-18 11:28:32	image-delete	delete_product_image	DELETE	https://oz-nails-wa.myshopify.com/admin/api/2024-10/products/9364841234667/images/49829045764331.json	9364841234667		images	200	OK	image_id=49829045764331
2026-05-18 11:28:33	image-delete	delete_product_image	DELETE	https://oz-nails-wa.myshopify.com/admin/api/2024-10/products/9364841267435/images/49829046190315.json	9364841267435		images	200	OK	image_id=49829046190315
2026-05-18 11:28:35	image-delete	delete_product_image	DELETE	https://oz-nails-wa.myshopify.com/admin/api/2024-10/products/9364841300203/images/49829046386923.json	9364841300203		images	200	OK	image_id=49829046386923
2026-05-18 11:28:37	image-delete	delete_product_image	DELETE	https://oz-nails-wa.myshopify.com/admin/api/2024-10/products/9364841332971/images/49829046649067.json	9364841332971		images	200	OK	image_id=49829046649067
2026-05-18 11:28:39	image-delete	delete_product_image	DELETE	https://oz-nails-wa.myshopify.com/admin/api/2024-10/products/9364841365739/images/49829046878443.json	9364841365739		images	200	OK	image_id=49829046878443
2026-05-18 11:28:40	image-delete	delete_product_image	DELETE	https://oz-nails-wa.myshopify.com/admin/api/2024-10/products/9364841398507/images/49829047173355.json	9364841398507		images	200	OK	image_id=49829047173355
2026-05-18 11:28:42	image-delete	delete_product_image	DELETE	https://oz-nails-wa.myshopify.com/admin/api/2024-10/products/9364841431275/images/49829047402731.json	9364841431275		images	200	OK	image_id=49829047402731
2026-05-18 11:28:44	image-delete	delete_product_image	DELETE	https://oz-nails-wa.myshopify.com/admin/api/2024-10/products/9364841464043/images/49829047632107.json	9364841464043		images	200	OK	image_id=49829047632107
2026-05-18 11:28:46	image-delete	delete_product_image	DELETE	https://oz-nails-wa.myshopify.com/admin/api/2024-10/products/9364841529579/images/49829047894251.json	9364841529579		images	200	OK	image_id=49829047894251
2026-05-18 11:28:48	image-delete	delete_product_image	DELETE	https://oz-nails-wa.myshopify.com/admin/api/2024-10/products/9364841562347/images/49829048123627.json	9364841562347		images	200	OK	image_id=49829048123627
2026-05-18 11:28:50	image-delete	delete_product_image	DELETE	https://oz-nails-wa.myshopify.com/admin/api/2024-10/products/9364841595115/images/49829048353003.json	9364841595115		images	200	OK	image_id=49829048353003
2026-05-18 11:28:52	image-delete	delete_product_image	DELETE	https://oz-nails-wa.myshopify.com/admin/api/2024-10/products/9364841627883/images/49829048647915.json	9364841627883		images	200	OK	image_id=49829048647915
2026-05-18 11:28:54	image-delete	delete_product_image	DELETE	https://oz-nails-wa.myshopify.com/admin/api/2024-10/products/9364841693419/images/49829048877291.json	9364841693419		images	200	OK	image_id=49829048877291
2026-05-18 11:28:56	image-delete	delete_product_image	DELETE	https://oz-nails-wa.myshopify.com/admin/api/2024-10/products/9364841726187/images/49829049139435.json	9364841726187		images	200	OK	image_id=49829049139435
2026-05-18 11:28:58	image-delete	delete_product_image	DELETE	https://oz-nails-wa.myshopify.com/admin/api/2024-10/products/9364841758955/images/49829049368811.json	9364841758955		images	200	OK	image_id=49829049368811
2026-05-18 11:28:59	image-delete	delete_product_image	DELETE	https://oz-nails-wa.myshopify.com/admin/api/2024-10/products/9364841824491/images/49829049630955.json	9364841824491		images	200	OK	image_id=49829049630955
2026-05-18 11:29:01	image-delete	delete_product_image	DELETE	https://oz-nails-wa.myshopify.com/admin/api/2024-10/products/9364841857259/images/49829050286315.json	9364841857259		images	200	OK	image_id=49829050286315
2026-05-18 11:29:03	image-delete	delete_product_image	DELETE	https://oz-nails-wa.myshopify.com/admin/api/2024-10/products/9364841890027/images/49829050482923.json	9364841890027		images	200	OK	image_id=49829050482923
2026-05-18 11:29:05	image-delete	delete_product_image	DELETE	https://oz-nails-wa.myshopify.com/admin/api/2024-10/products/9364841955563/images/49829050679531.json	9364841955563		images	200	OK	image_id=49829050679531
2026-05-18 11:29:07	image-delete	delete_product_image	DELETE	https://oz-nails-wa.myshopify.com/admin/api/2024-10/products/9364841988331/images/49829050941675.json	9364841988331		images	200	OK	image_id=49829050941675
2026-05-18 11:29:09	image-delete	delete_product_image	DELETE	https://oz-nails-wa.myshopify.com/admin/api/2024-10/products/9364842021099/images/49829051138283.json	9364842021099		images	200	OK	image_id=49829051138283
2026-05-18 11:29:11	image-delete	delete_product_image	DELETE	https://oz-nails-wa.myshopify.com/admin/api/2024-10/products/9364842053867/images/49829051433195.json	9364842053867		images	200	OK	image_id=49829051433195
2026-05-18 11:29:13	image-delete	delete_product_image	DELETE	https://oz-nails-wa.myshopify.com/admin/api/2024-10/products/9364842086635/images/49829051597035.json	9364842086635		images	200	OK	image_id=49829051597035
2026-05-18 11:29:15	image-delete	delete_product_image	DELETE	https://oz-nails-wa.myshopify.com/admin/api/2024-10/products/9364842152171/images/49829051859179.json	9364842152171		images	200	OK	image_id=49829051859179
2026-05-18 11:29:17	image-delete	delete_product_image	DELETE	https://oz-nails-wa.myshopify.com/admin/api/2024-10/products/9364842217707/images/49829052023019.json	9364842217707		images	200	OK	image_id=49829052023019
2026-05-18 11:29:19	image-delete	delete_product_image	DELETE	https://oz-nails-wa.myshopify.com/admin/api/2024-10/products/9364842250475/images/49829052252395.json	9364842250475		images	200	OK	image_id=49829052252395
2026-05-18 11:29:21	image-delete	delete_product_image	DELETE	https://oz-nails-wa.myshopify.com/admin/api/2024-10/products/9364842283243/images/49829052481771.json	9364842283243		images	200	OK	image_id=49829052481771
2026-05-18 11:29:23	image-delete	delete_product_image	DELETE	https://oz-nails-wa.myshopify.com/admin/api/2024-10/products/9364842316011/images/49829052645611.json	9364842316011		images	200	OK	image_id=49829052645611
2026-05-18 11:29:24	image-delete	delete_product_image	DELETE	https://oz-nails-wa.myshopify.com/admin/api/2024-10/products/9364842348779/images/49829052842219.json	9364842348779		images	200	OK	image_id=49829052842219
2026-05-18 11:29:26	image-delete	delete_product_image	DELETE	https://oz-nails-wa.myshopify.com/admin/api/2024-10/products/9364842381547/images/49829053038827.json	9364842381547		images	200	OK	image_id=49829053038827
2026-05-18 11:29:28	image-delete	delete_product_image	DELETE	https://oz-nails-wa.myshopify.com/admin/api/2024-10/products/9364842447083/images/49829053235435.json	9364842447083		images	200	OK	image_id=49829053235435
2026-05-18 11:29:30	image-delete	delete_product_image	DELETE	https://oz-nails-wa.myshopify.com/admin/api/2024-10/products/9364842479851/images/49829053530347.json	9364842479851		images	200	OK	image_id=49829053530347
2026-05-18 11:29:32	image-delete	delete_product_image	DELETE	https://oz-nails-wa.myshopify.com/admin/api/2024-10/products/9364842512619/images/49829059166443.json	9364842512619		images	200	OK	image_id=49829059166443
2026-05-18 11:29:34	image-delete	delete_product_image	DELETE	https://oz-nails-wa.myshopify.com/admin/api/2024-10/products/9364842545387/images/49829067489515.json	9364842545387		images	200	OK	image_id=49829067489515
2026-05-18 11:29:36	image-delete	delete_product_image	DELETE	https://oz-nails-wa.myshopify.com/admin/api/2024-10/products/9365451210987/images/49829076009195.json	9365451210987		images	200	OK	image_id=49829076009195
2026-05-18 11:29:38	image-delete	delete_product_image	DELETE	https://oz-nails-wa.myshopify.com/admin/api/2024-10/products/9364842610923/images/49829086068971.json	9364842610923		images	200	OK	image_id=49829086068971
2026-05-18 11:29:50	image-delete	delete_product_image	DELETE	https://oz-nails-wa.myshopify.com/admin/api/2024-10/products/9364842643691/images/49829094228203.json	9364842643691		images	200	OK	image_id=49829094228203
2026-05-18 11:29:51	image-delete	delete_product_image	DELETE	https://oz-nails-wa.myshopify.com/admin/api/2024-10/products/9364842676459/images/49829100781803.json	9364842676459		images	200	OK	image_id=49829100781803
2026-05-18 11:30:35	image-delete	delete_product_image	DELETE	https://oz-nails-wa.myshopify.com/admin/api/2024-10/products/9367571759339/images/49829105467627.json	9367571759339		images	200	OK	image_id=49829105467627
2026-05-18 11:30:39	image-delete	delete_product_image	DELETE	https://oz-nails-wa.myshopify.com/admin/api/2024-10/products/9364842741995/images/49829106188523.json	9364842741995		images	200	OK	image_id=49829106188523
2026-05-18 11:30:42	image-delete	delete_product_image	DELETE	https://oz-nails-wa.myshopify.com/admin/api/2024-10/products/9365243527403/images/49829106450667.json	9365243527403		images	200	OK	image_id=49829106450667
2026-05-18 11:30:43	image-delete	delete_product_image	DELETE	https://oz-nails-wa.myshopify.com/admin/api/2024-10/products/9365266137323/images/49829106647275.json	9365266137323		images	200	OK	image_id=49829106647275
2026-05-18 11:30:45	image-delete	delete_product_image	DELETE	https://oz-nails-wa.myshopify.com/admin/api/2024-10/products/9365266170091/images/49829106811115.json	9365266170091		images	200	OK	image_id=49829106811115
2026-05-18 11:30:47	image-delete	delete_product_image	DELETE	https://oz-nails-wa.myshopify.com/admin/api/2024-10/products/9367571824875/images/49829107007723.json	9367571824875		images	200	OK	image_id=49829107007723
2026-05-18 11:30:49	image-delete	delete_product_image	DELETE	https://oz-nails-wa.myshopify.com/admin/api/2024-10/products/9367571955947/images/49829107269867.json	9367571955947		images	200	OK	image_id=49829107269867
2026-05-18 11:30:52	image-delete	delete_product_image	DELETE	https://oz-nails-wa.myshopify.com/admin/api/2024-10/products/9367571988715/images/49829107466475.json	9367571988715		images	200	OK	image_id=49829107466475
2026-05-18 11:30:54	image-delete	delete_product_image	DELETE	https://oz-nails-wa.myshopify.com/admin/api/2024-10/products/9367572021483/images/49829107663083.json	9367572021483		images	200	OK	image_id=49829107663083
2026-05-18 11:30:55	image-delete	delete_product_image	DELETE	https://oz-nails-wa.myshopify.com/admin/api/2024-10/products/9364842807531/images/49829107826923.json	9364842807531		images	200	OK	image_id=49829107826923
2026-05-18 11:30:57	image-delete	delete_product_image	DELETE	https://oz-nails-wa.myshopify.com/admin/api/2024-10/products/9364842840299/images/49829108121835.json	9364842840299		images	200	OK	image_id=49829108121835
2026-05-18 11:30:59	image-delete	delete_product_image	DELETE	https://oz-nails-wa.myshopify.com/admin/api/2024-10/products/9364842873067/images/49829108613355.json	9364842873067		images	200	OK	image_id=49829108613355
2026-05-18 11:31:01	image-delete	delete_product_image	DELETE	https://oz-nails-wa.myshopify.com/admin/api/2024-10/products/9364842905835/images/49829108777195.json	9364842905835		images	200	OK	image_id=49829108777195
2026-05-18 11:31:03	image-delete	delete_product_image	DELETE	https://oz-nails-wa.myshopify.com/admin/api/2024-10/products/9364842938603/images/49829108973803.json	9364842938603		images	200	OK	image_id=49829108973803
2026-05-18 11:31:05	image-delete	delete_product_image	DELETE	https://oz-nails-wa.myshopify.com/admin/api/2024-10/products/9364842971371/images/49829109268715.json	9364842971371		images	200	OK	image_id=49829109268715
2026-05-18 11:31:07	image-delete	delete_product_image	DELETE	https://oz-nails-wa.myshopify.com/admin/api/2024-10/products/9364843004139/images/49829109629163.json	9364843004139		images	200	OK	image_id=49829109629163
2026-05-18 11:31:08	image-delete	delete_product_image	DELETE	https://oz-nails-wa.myshopify.com/admin/api/2024-10/products/9364843036907/images/49829110218987.json	9364843036907		images	200	OK	image_id=49829110218987
2026-05-18 11:31:10	image-delete	delete_product_image	DELETE	https://oz-nails-wa.myshopify.com/admin/api/2024-10/products/9364843069675/images/49829110612203.json	9364843069675		images	200	OK	image_id=49829110612203
2026-05-18 11:31:12	image-delete	delete_product_image	DELETE	https://oz-nails-wa.myshopify.com/admin/api/2024-10/products/9364843102443/images/49829111070955.json	9364843102443		images	200	OK	image_id=49829111070955
2026-05-18 11:31:14	image-delete	delete_product_image	DELETE	https://oz-nails-wa.myshopify.com/admin/api/2024-10/products/9364843135211/images/49829112578283.json	9364843135211		images	200	OK	image_id=49829112578283
2026-05-18 11:31:16	image-delete	delete_product_image	DELETE	https://oz-nails-wa.myshopify.com/admin/api/2024-10/products/9364843167979/images/49829113069803.json	9364843167979		images	200	OK	image_id=49829113069803
2026-05-18 11:31:18	image-delete	delete_product_image	DELETE	https://oz-nails-wa.myshopify.com/admin/api/2024-10/products/9365221179627/images/49829113725163.json	9365221179627		images	200	OK	image_id=49829113725163
2026-05-18 11:31:20	image-delete	delete_product_image	DELETE	https://oz-nails-wa.myshopify.com/admin/api/2024-10/products/9364843200747/images/49829114216683.json	9364843200747		images	200	OK	image_id=49829114216683
2026-05-18 11:31:22	image-delete	delete_product_image	DELETE	https://oz-nails-wa.myshopify.com/admin/api/2024-10/products/9364843233515/images/49829114511595.json	9364843233515		images	200	OK	image_id=49829114511595
2026-05-18 11:31:23	image-delete	delete_product_image	DELETE	https://oz-nails-wa.myshopify.com/admin/api/2024-10/products/9364843266283/images/49829114708203.json	9364843266283		images	200	OK	image_id=49829114708203
2026-05-18 11:31:25	image-delete	delete_product_image	DELETE	https://oz-nails-wa.myshopify.com/admin/api/2024-10/products/9364843299051/images/49829114904811.json	9364843299051		images	200	OK	image_id=49829114904811
2026-05-18 11:31:27	image-delete	delete_product_image	DELETE	https://oz-nails-wa.myshopify.com/admin/api/2024-10/products/9364843364587/images/49829115101419.json	9364843364587		images	200	OK	image_id=49829115101419
2026-05-18 11:31:29	image-delete	delete_product_image	DELETE	https://oz-nails-wa.myshopify.com/admin/api/2024-10/products/9364843462891/images/49829115298027.json	9364843462891		images	200	OK	image_id=49829115298027
2026-05-18 11:31:31	image-delete	delete_product_image	DELETE	https://oz-nails-wa.myshopify.com/admin/api/2024-10/products/9364843528427/images/49829115658475.json	9364843528427		images	200	OK	image_id=49829115658475
2026-05-18 11:31:32	image-delete	delete_product_image	DELETE	https://oz-nails-wa.myshopify.com/admin/api/2024-10/products/9364843561195/images/49829115822315.json	9364843561195		images	200	OK	image_id=49829115822315
2026-05-18 11:31:34	image-delete	delete_product_image	DELETE	https://oz-nails-wa.myshopify.com/admin/api/2024-10/products/9364843593963/images/49829116018923.json	9364843593963		images	200	OK	image_id=49829116018923
2026-05-18 11:31:36	image-delete	delete_product_image	DELETE	https://oz-nails-wa.myshopify.com/admin/api/2024-10/products/9364843659499/images/49829116248299.json	9364843659499		images	200	OK	image_id=49829116248299
2026-05-18 11:31:38	image-delete	delete_product_image	DELETE	https://oz-nails-wa.myshopify.com/admin/api/2024-10/products/9364843692267/images/49829116444907.json	9364843692267		images	200	OK	image_id=49829116444907
2026-05-18 11:31:40	image-delete	delete_product_image	DELETE	https://oz-nails-wa.myshopify.com/admin/api/2024-10/products/9364843757803/images/49829116641515.json	9364843757803		images	200	OK	image_id=49829116641515
2026-05-18 11:31:41	image-delete	delete_product_image	DELETE	https://oz-nails-wa.myshopify.com/admin/api/2024-10/products/9364843790571/images/49829116805355.json	9364843790571		images	200	OK	image_id=49829116805355
2026-05-18 11:31:43	image-delete	delete_product_image	DELETE	https://oz-nails-wa.myshopify.com/admin/api/2024-10/products/9364843856107/images/49829117001963.json	9364843856107		images	200	OK	image_id=49829117001963
2026-05-18 11:31:45	image-delete	delete_product_image	DELETE	https://oz-nails-wa.myshopify.com/admin/api/2024-10/products/9364843888875/images/49829117526251.json	9364843888875		images	200	OK	image_id=49829117526251
2026-05-18 11:31:47	image-delete	delete_product_image	DELETE	https://oz-nails-wa.myshopify.com/admin/api/2024-10/products/9364843921643/images/49829117755627.json	9364843921643		images	200	OK	image_id=49829117755627
2026-05-18 11:31:48	image-delete	delete_product_image	DELETE	https://oz-nails-wa.myshopify.com/admin/api/2024-10/products/9364843987179/images/49829117952235.json	9364843987179		images	200	OK	image_id=49829117952235
2026-05-18 11:31:50	image-delete	delete_product_image	DELETE	https://oz-nails-wa.myshopify.com/admin/api/2024-10/products/9364844019947/images/49829118083307.json	9364844019947		images	200	OK	image_id=49829118083307
2026-05-18 11:31:52	image-delete	delete_product_image	DELETE	https://oz-nails-wa.myshopify.com/admin/api/2024-10/products/9364844052715/images/49829118214379.json	9364844052715		images	200	OK	image_id=49829118214379
2026-05-18 11:31:54	image-delete	delete_product_image	DELETE	https://oz-nails-wa.myshopify.com/admin/api/2024-10/products/9364844085483/images/49829118410987.json	9364844085483		images	200	OK	image_id=49829118410987
2026-05-18 11:31:55	image-delete	delete_product_image	DELETE	https://oz-nails-wa.myshopify.com/admin/api/2024-10/products/9364844151019/images/49829118542059.json	9364844151019		images	200	OK	image_id=49829118542059
2026-05-18 11:31:57	image-delete	delete_product_image	DELETE	https://oz-nails-wa.myshopify.com/admin/api/2024-10/products/9364844183787/images/49829118705899.json	9364844183787		images	200	OK	image_id=49829118705899
2026-05-18 11:31:59	image-delete	delete_product_image	DELETE	https://oz-nails-wa.myshopify.com/admin/api/2024-10/products/9364844249323/images/49829118902507.json	9364844249323		images	200	OK	image_id=49829118902507
2026-05-18 11:32:01	image-delete	delete_product_image	DELETE	https://oz-nails-wa.myshopify.com/admin/api/2024-10/products/9364844282091/images/49829119131883.json	9364844282091		images	200	OK	image_id=49829119131883
2026-05-18 11:32:02	image-delete	delete_product_image	DELETE	https://oz-nails-wa.myshopify.com/admin/api/2024-10/products/9364844314859/images/49829119361259.json	9364844314859		images	200	OK	image_id=49829119361259
2026-05-18 11:32:04	image-delete	delete_product_image	DELETE	https://oz-nails-wa.myshopify.com/admin/api/2024-10/products/9364844347627/images/49829119721707.json	9364844347627		images	200	OK	image_id=49829119721707
2026-05-18 11:32:06	image-delete	delete_product_image	DELETE	https://oz-nails-wa.myshopify.com/admin/api/2024-10/products/9364844380395/images/49829119885547.json	9364844380395		images	200	OK	image_id=49829119885547
2026-05-18 11:32:08	image-delete	delete_product_image	DELETE	https://oz-nails-wa.myshopify.com/admin/api/2024-10/products/9364844413163/images/49829120082155.json	9364844413163		images	200	OK	image_id=49829120082155
2026-05-18 11:32:10	image-delete	delete_product_image	DELETE	https://oz-nails-wa.myshopify.com/admin/api/2024-10/products/9364844478699/images/49829120278763.json	9364844478699		images	200	OK	image_id=49829120278763
2026-05-18 11:32:12	image-delete	delete_product_image	DELETE	https://oz-nails-wa.myshopify.com/admin/api/2024-10/products/9364844511467/images/49829120508139.json	9364844511467		images	200	OK	image_id=49829120508139
2026-05-18 11:32:14	image-delete	delete_product_image	DELETE	https://oz-nails-wa.myshopify.com/admin/api/2024-10/products/9364844544235/images/49829120671979.json	9364844544235		images	200	OK	image_id=49829120671979
2026-05-18 11:32:15	image-delete	delete_product_image	DELETE	https://oz-nails-wa.myshopify.com/admin/api/2024-10/products/9364844609771/images/49829120934123.json	9364844609771		images	200	OK	image_id=49829120934123
2026-05-18 11:32:17	image-delete	delete_product_image	DELETE	https://oz-nails-wa.myshopify.com/admin/api/2024-10/products/9364844675307/images/49829121130731.json	9364844675307		images	200	OK	image_id=49829121130731
2026-05-18 11:32:49	image-delete	delete_product_image	DELETE	https://oz-nails-wa.myshopify.com/admin/api/2024-10/products/9365266235627/images/49829121327339.json	9365266235627		images	200	OK	image_id=49829121327339
2026-05-18 11:32:51	image-delete	delete_product_image	DELETE	https://oz-nails-wa.myshopify.com/admin/api/2024-10/products/9367572087019/images/49829121589483.json	9367572087019		images	200	OK	image_id=49829121589483
2026-05-18 11:32:53	image-delete	delete_product_image	DELETE	https://oz-nails-wa.myshopify.com/admin/api/2024-10/products/9366002925803/images/49829121949931.json	9366002925803		images	200	OK	image_id=49829121949931
2026-05-18 11:32:54	image-delete	delete_product_image	DELETE	https://oz-nails-wa.myshopify.com/admin/api/2024-10/products/9365266202859/images/49829122212075.json	9365266202859		images	200	OK	image_id=49829122212075
2026-05-18 11:32:56	image-delete	delete_product_image	DELETE	https://oz-nails-wa.myshopify.com/admin/api/2024-10/products/9367024992491/images/49829122441451.json	9367024992491		images	200	OK	image_id=49829122441451
2026-05-18 11:32:58	image-delete	delete_product_image	DELETE	https://oz-nails-wa.myshopify.com/admin/api/2024-10/products/9365874409707/images/49829122736363.json	9365874409707		images	200	OK	image_id=49829122736363
2026-05-18 11:33:00	image-delete	delete_product_image	DELETE	https://oz-nails-wa.myshopify.com/admin/api/2024-10/products/9365894889707/images/49829122932971.json	9365894889707		images	200	OK	image_id=49829122932971
2026-05-18 11:33:02	image-delete	delete_product_image	DELETE	https://oz-nails-wa.myshopify.com/admin/api/2024-10/products/9365872443627/images/49829123162347.json	9365872443627		images	200	OK	image_id=49829123162347
2026-05-18 11:33:04	image-delete	delete_product_image	DELETE	https://oz-nails-wa.myshopify.com/admin/api/2024-10/products/9365898559723/images/49829123326187.json	9365898559723		images	200	OK	image_id=49829123326187
2026-05-18 11:33:06	image-delete	delete_product_image	DELETE	https://oz-nails-wa.myshopify.com/admin/api/2024-10/products/9365866447083/images/49829123555563.json	9365866447083		images	200	OK	image_id=49829123555563
2026-05-18 11:33:20	image-delete	delete_product_image	DELETE	https://oz-nails-wa.myshopify.com/admin/api/2024-10/products/9365869625579/images/49829123784939.json	9365869625579		images	200	OK	image_id=49829123784939
2026-05-18 11:33:22	image-delete	delete_product_image	DELETE	https://oz-nails-wa.myshopify.com/admin/api/2024-10/products/9365584085227/images/49829123948779.json	9365584085227		images	200	OK	image_id=49829123948779
2026-05-18 11:33:24	image-delete	delete_product_image	DELETE	https://oz-nails-wa.myshopify.com/admin/api/2024-10/products/9365584183531/images/49829124178155.json	9365584183531		images	200	OK	image_id=49829124178155
2026-05-18 11:33:26	image-delete	delete_product_image	DELETE	https://oz-nails-wa.myshopify.com/admin/api/2024-10/products/9365588574443/images/49829124407531.json	9365588574443		images	200	OK	image_id=49829124407531
2026-05-18 11:33:28	image-delete	delete_product_image	DELETE	https://oz-nails-wa.myshopify.com/admin/api/2024-10/products/9365588639979/images/49829124833515.json	9365588639979		images	200	OK	image_id=49829124833515
2026-05-18 11:33:30	image-delete	delete_product_image	DELETE	https://oz-nails-wa.myshopify.com/admin/api/2024-10/products/9365591785707/images/49829124997355.json	9365591785707		images	200	OK	image_id=49829124997355
2026-05-18 11:33:32	image-delete	delete_product_image	DELETE	https://oz-nails-wa.myshopify.com/admin/api/2024-10/products/9365593817323/images/49829125193963.json	9365593817323		images	200	OK	image_id=49829125193963
2026-05-18 11:33:33	image-delete	delete_product_image	DELETE	https://oz-nails-wa.myshopify.com/admin/api/2024-10/products/9365594636523/images/49829125423339.json	9365594636523		images	200	OK	image_id=49829125423339
2026-05-18 11:33:35	image-delete	delete_product_image	DELETE	https://oz-nails-wa.myshopify.com/admin/api/2024-10/products/9365576712427/images/49829125718251.json	9365576712427		images	200	OK	image_id=49829125718251
2026-05-18 11:33:37	image-delete	delete_product_image	DELETE	https://oz-nails-wa.myshopify.com/admin/api/2024-10/products/9365579858155/images/49829125914859.json	9365579858155		images	200	OK	image_id=49829125914859
2026-05-18 11:33:39	image-delete	delete_product_image	DELETE	https://oz-nails-wa.myshopify.com/admin/api/2024-10/products/9365640446187/images/49829126144235.json	9365640446187		images	200	OK	image_id=49829126144235
2026-05-18 11:33:40	image-delete	delete_product_image	DELETE	https://oz-nails-wa.myshopify.com/admin/api/2024-10/products/9365642346731/images/49829126340843.json	9365642346731		images	200	OK	image_id=49829126340843
2026-05-18 11:33:42	image-delete	delete_product_image	DELETE	https://oz-nails-wa.myshopify.com/admin/api/2024-10/products/9365644738795/images/49829126504683.json	9365644738795		images	200	OK	image_id=49829126504683
2026-05-18 11:33:44	image-delete	delete_product_image	DELETE	https://oz-nails-wa.myshopify.com/admin/api/2024-10/products/9365645721835/images/49829126701291.json	9365645721835		images	200	OK	image_id=49829126701291
2026-05-18 11:33:46	image-delete	delete_product_image	DELETE	https://oz-nails-wa.myshopify.com/admin/api/2024-10/products/9365646901483/images/49829126897899.json	9365646901483		images	200	OK	image_id=49829126897899
2026-05-18 11:33:48	image-delete	delete_product_image	DELETE	https://oz-nails-wa.myshopify.com/admin/api/2024-10/products/9365650342123/images/49829127291115.json	9365650342123		images	200	OK	image_id=49829127291115
2026-05-18 11:33:50	image-delete	delete_product_image	DELETE	https://oz-nails-wa.myshopify.com/admin/api/2024-10/products/9365651849451/images/49829127586027.json	9365651849451		images	200	OK	image_id=49829127586027
2026-05-18 11:33:52	image-delete	delete_product_image	DELETE	https://oz-nails-wa.myshopify.com/admin/api/2024-10/products/9365636088043/images/49829127782635.json	9365636088043		images	200	OK	image_id=49829127782635
2026-05-18 11:33:53	image-delete	delete_product_image	DELETE	https://oz-nails-wa.myshopify.com/admin/api/2024-10/products/9365638742251/images/49829128306923.json	9365638742251		images	200	OK	image_id=49829128306923
2026-05-18 11:33:55	image-delete	delete_product_image	DELETE	https://oz-nails-wa.myshopify.com/admin/api/2024-10/products/9365695758571/images/49829128503531.json	9365695758571		images	200	OK	image_id=49829128503531
2026-05-18 11:33:57	image-delete	delete_product_image	DELETE	https://oz-nails-wa.myshopify.com/admin/api/2024-10/products/9365697134827/images/49829129027819.json	9365697134827		images	200	OK	image_id=49829129027819
2026-05-18 11:33:59	image-delete	delete_product_image	DELETE	https://oz-nails-wa.myshopify.com/admin/api/2024-10/products/9365698707691/images/49829129453803.json	9365698707691		images	200	OK	image_id=49829129453803
2026-05-18 11:34:01	image-delete	delete_product_image	DELETE	https://oz-nails-wa.myshopify.com/admin/api/2024-10/products/9365700968683/images/49829129715947.json	9365700968683		images	200	OK	image_id=49829129715947
2026-05-18 11:34:02	image-delete	delete_product_image	DELETE	https://oz-nails-wa.myshopify.com/admin/api/2024-10/products/9365704540395/images/49829130109163.json	9365704540395		images	200	OK	image_id=49829130109163
2026-05-18 11:34:04	image-delete	delete_product_image	DELETE	https://oz-nails-wa.myshopify.com/admin/api/2024-10/products/9365704573163/images/49829130338539.json	9365704573163		images	200	OK	image_id=49829130338539
2026-05-18 11:34:06	image-delete	delete_product_image	DELETE	https://oz-nails-wa.myshopify.com/admin/api/2024-10/products/9365708505323/images/49829130830059.json	9365708505323		images	200	OK	image_id=49829130830059
2026-05-18 11:34:08	image-delete	delete_product_image	DELETE	https://oz-nails-wa.myshopify.com/admin/api/2024-10/products/9365692416235/images/49829131256043.json	9365692416235		images	200	OK	image_id=49829131256043
2026-05-18 11:34:10	image-delete	delete_product_image	DELETE	https://oz-nails-wa.myshopify.com/admin/api/2024-10/products/9365693595883/images/49829131452651.json	9365693595883		images	200	OK	image_id=49829131452651
2026-05-18 11:34:12	image-delete	delete_product_image	DELETE	https://oz-nails-wa.myshopify.com/admin/api/2024-10/products/9365750448363/images/49829131944171.json	9365750448363		images	200	OK	image_id=49829131944171
2026-05-18 11:34:13	image-delete	delete_product_image	DELETE	https://oz-nails-wa.myshopify.com/admin/api/2024-10/products/9365753200875/images/49829132140779.json	9365753200875		images	200	OK	image_id=49829132140779
2026-05-18 11:34:15	image-delete	delete_product_image	DELETE	https://oz-nails-wa.myshopify.com/admin/api/2024-10/products/9365754577131/images/49829132632299.json	9365754577131		images	200	OK	image_id=49829132632299
2026-05-18 11:34:17	image-delete	delete_product_image	DELETE	https://oz-nails-wa.myshopify.com/admin/api/2024-10/products/9365757067499/images/49829133222123.json	9365757067499		images	200	OK	image_id=49829133222123
2026-05-18 11:34:19	image-delete	delete_product_image	DELETE	https://oz-nails-wa.myshopify.com/admin/api/2024-10/products/9365759623403/images/49829133549803.json	9365759623403		images	200	OK	image_id=49829133549803
2026-05-18 11:34:20	image-delete	delete_product_image	DELETE	https://oz-nails-wa.myshopify.com/admin/api/2024-10/products/9365760835819/images/49829134074091.json	9365760835819		images	200	OK	image_id=49829134074091
2026-05-18 11:34:22	image-delete	delete_product_image	DELETE	https://oz-nails-wa.myshopify.com/admin/api/2024-10/products/9365763293419/images/49829134270699.json	9365763293419		images	200	OK	image_id=49829134270699
2026-05-18 11:34:24	image-delete	delete_product_image	DELETE	https://oz-nails-wa.myshopify.com/admin/api/2024-10/products/9365746188523/images/49829134729451.json	9365746188523		images	200	OK	image_id=49829134729451
2026-05-18 11:34:26	image-delete	delete_product_image	DELETE	https://oz-nails-wa.myshopify.com/admin/api/2024-10/products/9365748809963/images/49829135155435.json	9365748809963		images	200	OK	image_id=49829135155435
2026-05-18 11:34:27	image-delete	delete_product_image	DELETE	https://oz-nails-wa.myshopify.com/admin/api/2024-10/products/9365806088427/images/49829135679723.json	9365806088427		images	200	OK	image_id=49829135679723
2026-05-18 11:34:29	image-delete	delete_product_image	DELETE	https://oz-nails-wa.myshopify.com/admin/api/2024-10/products/9365807202539/images/49829135843563.json	9365807202539		images	200	OK	image_id=49829135843563
2026-05-18 11:34:31	image-delete	delete_product_image	DELETE	https://oz-nails-wa.myshopify.com/admin/api/2024-10/products/9365809234155/images/49829136662763.json	9365809234155		images	200	OK	image_id=49829136662763
2026-05-18 11:34:33	image-delete	delete_product_image	DELETE	https://oz-nails-wa.myshopify.com/admin/api/2024-10/products/9365811560683/images/49829136826603.json	9365811560683		images	200	OK	image_id=49829136826603
2026-05-18 11:34:35	image-delete	delete_product_image	DELETE	https://oz-nails-wa.myshopify.com/admin/api/2024-10/products/9365813330155/images/49829137481963.json	9365813330155		images	200	OK	image_id=49829137481963
2026-05-18 11:34:36	image-delete	delete_product_image	DELETE	https://oz-nails-wa.myshopify.com/admin/api/2024-10/products/9365814739179/images/49829137711339.json	9365814739179		images	200	OK	image_id=49829137711339
2026-05-18 11:34:38	image-delete	delete_product_image	DELETE	https://oz-nails-wa.myshopify.com/admin/api/2024-10/products/9365815066859/images/49829137940715.json	9365815066859		images	200	OK	image_id=49829137940715
2026-05-18 11:34:40	image-delete	delete_product_image	DELETE	https://oz-nails-wa.myshopify.com/admin/api/2024-10/products/9365802746091/images/49829138268395.json	9365802746091		images	200	OK	image_id=49829138268395
2026-05-18 11:34:42	image-delete	delete_product_image	DELETE	https://oz-nails-wa.myshopify.com/admin/api/2024-10/products/9365803565291/images/49829139022059.json	9365803565291		images	200	OK	image_id=49829139022059
2026-05-18 11:34:43	image-delete	delete_product_image	DELETE	https://oz-nails-wa.myshopify.com/admin/api/2024-10/products/9365601747179/images/49829139513579.json	9365601747179		images	200	OK	image_id=49829139513579
2026-05-18 11:34:45	image-delete	delete_product_image	DELETE	https://oz-nails-wa.myshopify.com/admin/api/2024-10/products/9365603909867/images/49829139742955.json	9365603909867		images	200	OK	image_id=49829139742955
2026-05-18 11:34:47	image-delete	delete_product_image	DELETE	https://oz-nails-wa.myshopify.com/admin/api/2024-10/products/9365605908715/images/49829140332779.json	9365605908715		images	200	OK	image_id=49829140332779
2026-05-18 11:34:49	image-delete	delete_product_image	DELETE	https://oz-nails-wa.myshopify.com/admin/api/2024-10/products/9365608628459/images/49829140857067.json	9365608628459		images	200	OK	image_id=49829140857067
2026-05-18 11:34:51	image-delete	delete_product_image	DELETE	https://oz-nails-wa.myshopify.com/admin/api/2024-10/products/9365610070251/images/49829141053675.json	9365610070251		images	200	OK	image_id=49829141053675
2026-05-18 11:34:52	image-delete	delete_product_image	DELETE	https://oz-nails-wa.myshopify.com/admin/api/2024-10/products/9365612429547/images/49829141840107.json	9365612429547		images	200	OK	image_id=49829141840107
2026-05-18 11:34:54	image-delete	delete_product_image	DELETE	https://oz-nails-wa.myshopify.com/admin/api/2024-10/products/9365614690539/images/49829142397163.json	9365614690539		images	200	OK	image_id=49829142397163
2026-05-18 11:34:56	image-delete	delete_product_image	DELETE	https://oz-nails-wa.myshopify.com/admin/api/2024-10/products/9365598109931/images/49829142855915.json	9365598109931		images	200	OK	image_id=49829142855915
2026-05-18 11:34:58	image-delete	delete_product_image	DELETE	https://oz-nails-wa.myshopify.com/admin/api/2024-10/products/9365599715563/images/49829143052523.json	9365599715563		images	200	OK	image_id=49829143052523
2026-05-18 11:34:59	image-delete	delete_product_image	DELETE	https://oz-nails-wa.myshopify.com/admin/api/2024-10/products/9365660008683/images/49829143576811.json	9365660008683		images	200	OK	image_id=49829143576811
2026-05-18 11:35:01	image-delete	delete_product_image	DELETE	https://oz-nails-wa.myshopify.com/admin/api/2024-10/products/9365660664043/images/49829144232171.json	9365660664043		images	200	OK	image_id=49829144232171
2026-05-18 11:35:03	image-delete	delete_product_image	DELETE	https://oz-nails-wa.myshopify.com/admin/api/2024-10/products/9365663318251/images/49829144821995.json	9365663318251		images	200	OK	image_id=49829144821995
2026-05-18 11:35:05	image-delete	delete_product_image	DELETE	https://oz-nails-wa.myshopify.com/admin/api/2024-10/products/9365663875307/images/49829145018603.json	9365663875307		images	200	OK	image_id=49829145018603
2026-05-18 11:35:07	image-delete	delete_product_image	DELETE	https://oz-nails-wa.myshopify.com/admin/api/2024-10/products/9365666332907/images/49829145215211.json	9365666332907		images	200	OK	image_id=49829145215211
2026-05-18 11:35:08	image-delete	delete_product_image	DELETE	https://oz-nails-wa.myshopify.com/admin/api/2024-10/products/9365667709163/images/49829145641195.json	9365667709163		images	200	OK	image_id=49829145641195
2026-05-18 11:35:10	image-delete	delete_product_image	DELETE	https://oz-nails-wa.myshopify.com/admin/api/2024-10/products/9365670953195/images/49829146198251.json	9365670953195		images	200	OK	image_id=49829146198251
2026-05-18 11:35:12	image-delete	delete_product_image	DELETE	https://oz-nails-wa.myshopify.com/admin/api/2024-10/products/9365654831339/images/49829146362091.json	9365654831339		images	200	OK	image_id=49829146362091
2026-05-18 11:35:14	image-delete	delete_product_image	DELETE	https://oz-nails-wa.myshopify.com/admin/api/2024-10/products/9365656568043/images/49829146853611.json	9365656568043		images	200	OK	image_id=49829146853611
2026-05-18 11:35:15	image-delete	delete_product_image	DELETE	https://oz-nails-wa.myshopify.com/admin/api/2024-10/products/9365714108651/images/49829147050219.json	9365714108651		images	200	OK	image_id=49829147050219
2026-05-18 11:35:17	image-delete	delete_product_image	DELETE	https://oz-nails-wa.myshopify.com/admin/api/2024-10/products/9365715845355/images/49829148000491.json	9365715845355		images	200	OK	image_id=49829148000491
2026-05-18 11:35:19	image-delete	delete_product_image	DELETE	https://oz-nails-wa.myshopify.com/admin/api/2024-10/products/9365716664555/images/49829148524779.json	9365716664555		images	200	OK	image_id=49829148524779
2026-05-18 11:35:21	image-delete	delete_product_image	DELETE	https://oz-nails-wa.myshopify.com/admin/api/2024-10/products/9365720269035/images/49829148688619.json	9365720269035		images	200	OK	image_id=49829148688619
2026-05-18 11:35:23	image-delete	delete_product_image	DELETE	https://oz-nails-wa.myshopify.com/admin/api/2024-10/products/9365722628331/images/49829149442283.json	9365722628331		images	200	OK	image_id=49829149442283
2026-05-18 11:35:24	image-delete	delete_product_image	DELETE	https://oz-nails-wa.myshopify.com/admin/api/2024-10/products/9365724692715/images/49829149901035.json	9365724692715		images	200	OK	image_id=49829149901035
2026-05-18 11:35:26	image-delete	delete_product_image	DELETE	https://oz-nails-wa.myshopify.com/admin/api/2024-10/products/9365726920939/images/49829150130411.json	9365726920939		images	200	OK	image_id=49829150130411
2026-05-18 11:35:28	image-delete	delete_product_image	DELETE	https://oz-nails-wa.myshopify.com/admin/api/2024-10/products/9365710635243/images/49829150916843.json	9365710635243		images	200	OK	image_id=49829150916843
2026-05-18 11:35:30	image-delete	delete_product_image	DELETE	https://oz-nails-wa.myshopify.com/admin/api/2024-10/products/9365711683819/images/49829151178987.json	9365711683819		images	200	OK	image_id=49829151178987
2026-05-18 11:35:31	image-delete	delete_product_image	DELETE	https://oz-nails-wa.myshopify.com/admin/api/2024-10/products/9365767913707/images/49829151375595.json	9365767913707		images	200	OK	image_id=49829151375595
2026-05-18 11:35:33	image-delete	delete_product_image	DELETE	https://oz-nails-wa.myshopify.com/admin/api/2024-10/products/9365769879787/images/49829151867115.json	9365769879787		images	200	OK	image_id=49829151867115
2026-05-18 11:35:35	image-delete	delete_product_image	DELETE	https://oz-nails-wa.myshopify.com/admin/api/2024-10/products/9365772501227/images/49829152096491.json	9365772501227		images	200	OK	image_id=49829152096491
2026-05-18 11:35:37	image-delete	delete_product_image	DELETE	https://oz-nails-wa.myshopify.com/admin/api/2024-10/products/9365774663915/images/49829152358635.json	9365774663915		images	200	OK	image_id=49829152358635
2026-05-18 11:35:39	image-delete	delete_product_image	DELETE	https://oz-nails-wa.myshopify.com/admin/api/2024-10/products/9365776105707/images/49829152850155.json	9365776105707		images	200	OK	image_id=49829152850155
2026-05-18 11:35:41	image-delete	delete_product_image	DELETE	https://oz-nails-wa.myshopify.com/admin/api/2024-10/products/9365778432235/images/49829153079531.json	9365778432235		images	200	OK	image_id=49829153079531
2026-05-18 11:35:42	image-delete	delete_product_image	DELETE	https://oz-nails-wa.myshopify.com/admin/api/2024-10/products/9365781119211/images/49829153767659.json	9365781119211		images	200	OK	image_id=49829153767659
2026-05-18 11:35:44	image-delete	delete_product_image	DELETE	https://oz-nails-wa.myshopify.com/admin/api/2024-10/products/9365764374763/images/49829154324715.json	9365764374763		images	200	OK	image_id=49829154324715
2026-05-18 11:35:46	image-delete	delete_product_image	DELETE	https://oz-nails-wa.myshopify.com/admin/api/2024-10/products/9365766373611/images/49829154521323.json	9365766373611		images	200	OK	image_id=49829154521323
2026-05-18 11:35:48	image-delete	delete_product_image	DELETE	https://oz-nails-wa.myshopify.com/admin/api/2024-10/products/9365820571883/images/49829155012843.json	9365820571883		images	200	OK	image_id=49829155012843
2026-05-18 11:35:50	image-delete	delete_product_image	DELETE	https://oz-nails-wa.myshopify.com/admin/api/2024-10/products/9365822636267/images/49829155504363.json	9365822636267		images	200	OK	image_id=49829155504363
2026-05-18 11:35:51	image-delete	delete_product_image	DELETE	https://oz-nails-wa.myshopify.com/admin/api/2024-10/products/9365824569579/images/49829155832043.json	9365824569579		images	200	OK	image_id=49829155832043
2026-05-18 11:35:53	image-delete	delete_product_image	DELETE	https://oz-nails-wa.myshopify.com/admin/api/2024-10/products/9365826109675/images/49829156389099.json	9365826109675		images	200	OK	image_id=49829156389099
2026-05-18 11:35:55	image-delete	delete_product_image	DELETE	https://oz-nails-wa.myshopify.com/admin/api/2024-10/products/9365826470123/images/49829156946155.json	9365826470123		images	200	OK	image_id=49829156946155
2026-05-18 11:35:57	image-delete	delete_product_image	DELETE	https://oz-nails-wa.myshopify.com/admin/api/2024-10/products/9365829255403/images/49829157601515.json	9365829255403		images	200	OK	image_id=49829157601515
2026-05-18 11:35:59	image-delete	delete_product_image	DELETE	https://oz-nails-wa.myshopify.com/admin/api/2024-10/products/9365833842923/images/49829157798123.json	9365833842923		images	200	OK	image_id=49829157798123
2026-05-18 11:36:01	image-delete	delete_product_image	DELETE	https://oz-nails-wa.myshopify.com/admin/api/2024-10/products/9365815427307/images/49829158355179.json	9365815427307		images	200	OK	image_id=49829158355179
2026-05-18 11:36:02	image-delete	delete_product_image	DELETE	https://oz-nails-wa.myshopify.com/admin/api/2024-10/products/9365816082667/images/49829159108843.json	9365816082667		images	200	OK	image_id=49829159108843
2026-05-18 11:36:04	image-delete	delete_product_image	DELETE	https://oz-nails-wa.myshopify.com/admin/api/2024-10/products/9365621276907/images/49829159272683.json	9365621276907		images	200	OK	image_id=49829159272683
2026-05-18 11:36:06	image-delete	delete_product_image	DELETE	https://oz-nails-wa.myshopify.com/admin/api/2024-10/products/9365623636203/images/49829159764203.json	9365623636203		images	200	OK	image_id=49829159764203
2026-05-18 11:36:08	image-delete	delete_product_image	DELETE	https://oz-nails-wa.myshopify.com/admin/api/2024-10/products/9365626159339/images/49829159960811.json	9365626159339		images	200	OK	image_id=49829159960811
2026-05-18 11:36:09	image-delete	delete_product_image	DELETE	https://oz-nails-wa.myshopify.com/admin/api/2024-10/products/9365627338987/images/49829160485099.json	9365627338987		images	200	OK	image_id=49829160485099
2026-05-18 11:36:11	image-delete	delete_product_image	DELETE	https://oz-nails-wa.myshopify.com/admin/api/2024-10/products/9365629960427/images/49829160681707.json	9365629960427		images	200	OK	image_id=49829160681707
2026-05-18 11:36:13	image-delete	delete_product_image	DELETE	https://oz-nails-wa.myshopify.com/admin/api/2024-10/products/9365631172843/images/49829161271531.json	9365631172843		images	200	OK	image_id=49829161271531
2026-05-18 11:36:15	image-delete	delete_product_image	DELETE	https://oz-nails-wa.myshopify.com/admin/api/2024-10/products/9365634842859/images/49829161500907.json	9365634842859		images	200	OK	image_id=49829161500907
2026-05-18 11:36:16	image-delete	delete_product_image	DELETE	https://oz-nails-wa.myshopify.com/admin/api/2024-10/products/9365618098411/images/49829161861355.json	9365618098411		images	200	OK	image_id=49829161861355
2026-05-18 11:36:18	image-delete	delete_product_image	DELETE	https://oz-nails-wa.myshopify.com/admin/api/2024-10/products/9365619114219/images/49829162057963.json	9365619114219		images	200	OK	image_id=49829162057963
2026-05-18 11:36:20	image-delete	delete_product_image	DELETE	https://oz-nails-wa.myshopify.com/admin/api/2024-10/products/9365678653675/images/49829162516715.json	9365678653675		images	200	OK	image_id=49829162516715
2026-05-18 11:36:22	image-delete	delete_product_image	DELETE	https://oz-nails-wa.myshopify.com/admin/api/2024-10/products/9365679997163/images/49829163041003.json	9365679997163		images	200	OK	image_id=49829163041003
2026-05-18 11:36:23	image-delete	delete_product_image	DELETE	https://oz-nails-wa.myshopify.com/admin/api/2024-10/products/9365681209579/images/49829163204843.json	9365681209579		images	200	OK	image_id=49829163204843
2026-05-18 11:36:25	image-delete	delete_product_image	DELETE	https://oz-nails-wa.myshopify.com/admin/api/2024-10/products/9365683339499/images/49829163532523.json	9365683339499		images	200	OK	image_id=49829163532523
2026-05-18 11:36:27	image-delete	delete_product_image	DELETE	https://oz-nails-wa.myshopify.com/admin/api/2024-10/products/9365685600491/images/49829163958507.json	9365685600491		images	200	OK	image_id=49829163958507
2026-05-18 11:36:29	image-delete	delete_product_image	DELETE	https://oz-nails-wa.myshopify.com/admin/api/2024-10/products/9365688287467/images/49829164515563.json	9365688287467		images	200	OK	image_id=49829164515563
2026-05-18 11:36:31	image-delete	delete_product_image	DELETE	https://oz-nails-wa.myshopify.com/admin/api/2024-10/products/9365690286315/images/49829165138155.json	9365690286315		images	200	OK	image_id=49829165138155
2026-05-18 11:36:32	image-delete	delete_product_image	DELETE	https://oz-nails-wa.myshopify.com/admin/api/2024-10/products/9365673050347/images/49829165334763.json	9365673050347		images	200	OK	image_id=49829165334763
2026-05-18 11:36:34	image-delete	delete_product_image	DELETE	https://oz-nails-wa.myshopify.com/admin/api/2024-10/products/9365676753131/images/49829165596907.json	9365676753131		images	200	OK	image_id=49829165596907
2026-05-18 11:36:36	image-delete	delete_product_image	DELETE	https://oz-nails-wa.myshopify.com/admin/api/2024-10/products/9365731442923/images/49829166252267.json	9365731442923		images	200	OK	image_id=49829166252267
2026-05-18 11:36:38	image-delete	delete_product_image	DELETE	https://oz-nails-wa.myshopify.com/admin/api/2024-10/products/9365732065515/images/49829166612715.json	9365732065515		images	200	OK	image_id=49829166612715
2026-05-18 11:36:39	image-delete	delete_product_image	DELETE	https://oz-nails-wa.myshopify.com/admin/api/2024-10/products/9365736849643/images/49829167104235.json	9365736849643		images	200	OK	image_id=49829167104235
2026-05-18 11:36:41	image-delete	delete_product_image	DELETE	https://oz-nails-wa.myshopify.com/admin/api/2024-10/products/9365738881259/images/49829167300843.json	9365738881259		images	200	OK	image_id=49829167300843
2026-05-18 11:36:43	image-delete	delete_product_image	DELETE	https://oz-nails-wa.myshopify.com/admin/api/2024-10/products/9365741043947/images/49829167759595.json	9365741043947		images	200	OK	image_id=49829167759595
2026-05-18 11:36:45	image-delete	delete_product_image	DELETE	https://oz-nails-wa.myshopify.com/admin/api/2024-10/products/9365743501547/images/49829168120043.json	9365743501547		images	200	OK	image_id=49829168120043
2026-05-18 11:36:46	image-delete	delete_product_image	DELETE	https://oz-nails-wa.myshopify.com/admin/api/2024-10/products/9365744746731/images/49829168349419.json	9365744746731		images	200	OK	image_id=49829168349419
2026-05-18 11:36:48	image-delete	delete_product_image	DELETE	https://oz-nails-wa.myshopify.com/admin/api/2024-10/products/9365728461035/images/49829168644331.json	9365728461035		images	200	OK	image_id=49829168644331
2026-05-18 11:36:50	image-delete	delete_product_image	DELETE	https://oz-nails-wa.myshopify.com/admin/api/2024-10/products/9365730787563/images/49829168840939.json	9365730787563		images	200	OK	image_id=49829168840939
2026-05-18 11:36:52	image-delete	delete_product_image	DELETE	https://oz-nails-wa.myshopify.com/admin/api/2024-10/products/9365788033259/images/49829169299691.json	9365788033259		images	200	OK	image_id=49829169299691
2026-05-18 11:36:54	image-delete	delete_product_image	DELETE	https://oz-nails-wa.myshopify.com/admin/api/2024-10/products/9365790654699/images/49829169758443.json	9365790654699		images	200	OK	image_id=49829169758443
2026-05-18 11:36:56	image-delete	delete_product_image	DELETE	https://oz-nails-wa.myshopify.com/admin/api/2024-10/products/9365791899883/images/49829170118891.json	9365791899883		images	200	OK	image_id=49829170118891
2026-05-18 11:36:58	image-delete	delete_product_image	DELETE	https://oz-nails-wa.myshopify.com/admin/api/2024-10/products/9365793800427/images/49829170577643.json	9365793800427		images	200	OK	image_id=49829170577643
2026-05-18 11:37:00	image-delete	delete_product_image	DELETE	https://oz-nails-wa.myshopify.com/admin/api/2024-10/products/9365796192491/images/49829170872555.json	9365796192491		images	200	OK	image_id=49829170872555
2026-05-18 11:37:02	image-delete	delete_product_image	DELETE	https://oz-nails-wa.myshopify.com/admin/api/2024-10/products/9365796946155/images/49829171167467.json	9365796946155		images	200	OK	image_id=49829171167467
2026-05-18 11:37:04	image-delete	delete_product_image	DELETE	https://oz-nails-wa.myshopify.com/admin/api/2024-10/products/9365798191339/images/49829171626219.json	9365798191339		images	200	OK	image_id=49829171626219
2026-05-18 11:37:05	image-delete	delete_product_image	DELETE	https://oz-nails-wa.myshopify.com/admin/api/2024-10/products/9365783118059/images/49829172052203.json	9365783118059		images	200	OK	image_id=49829172052203
2026-05-18 11:37:07	image-delete	delete_product_image	DELETE	https://oz-nails-wa.myshopify.com/admin/api/2024-10/products/9365786951915/images/49829172510955.json	9365786951915		images	200	OK	image_id=49829172510955
2026-05-18 11:37:09	image-delete	delete_product_image	DELETE	https://oz-nails-wa.myshopify.com/admin/api/2024-10/products/9365840003307/images/49829172969707.json	9365840003307		images	200	OK	image_id=49829172969707
2026-05-18 11:37:11	image-delete	delete_product_image	DELETE	https://oz-nails-wa.myshopify.com/admin/api/2024-10/products/9365840494827/images/49829173133547.json	9365840494827		images	200	OK	image_id=49829173133547
2026-05-18 11:37:12	image-delete	delete_product_image	DELETE	https://oz-nails-wa.myshopify.com/admin/api/2024-10/products/9365841150187/images/49829173330155.json	9365841150187		images	200	OK	image_id=49829173330155
2026-05-18 11:37:14	image-delete	delete_product_image	DELETE	https://oz-nails-wa.myshopify.com/admin/api/2024-10/products/9365843247339/images/49829173690603.json	9365843247339		images	200	OK	image_id=49829173690603
2026-05-18 11:37:16	image-delete	delete_product_image	DELETE	https://oz-nails-wa.myshopify.com/admin/api/2024-10/products/9365843640555/images/49829174149355.json	9365843640555		images	200	OK	image_id=49829174149355
2026-05-18 11:37:18	image-delete	delete_product_image	DELETE	https://oz-nails-wa.myshopify.com/admin/api/2024-10/products/9365846032619/images/49829174575339.json	9365846032619		images	200	OK	image_id=49829174575339
2026-05-18 11:37:19	image-delete	delete_product_image	DELETE	https://oz-nails-wa.myshopify.com/admin/api/2024-10/products/9365846229227/images/49829175001323.json	9365846229227		images	200	OK	image_id=49829175001323
2026-05-18 11:37:21	image-delete	delete_product_image	DELETE	https://oz-nails-wa.myshopify.com/admin/api/2024-10/products/9365835415787/images/49829175329003.json	9365835415787		images	200	OK	image_id=49829175329003
2026-05-18 11:37:23	image-delete	delete_product_image	DELETE	https://oz-nails-wa.myshopify.com/admin/api/2024-10/products/9365835841771/images/49829175886059.json	9365835841771		images	200	OK	image_id=49829175886059
2026-05-18 11:37:38	image-delete	delete_product_image	DELETE	https://oz-nails-wa.myshopify.com/admin/api/2024-10/products/9364844773611/images/49829176606955.json	9364844773611		images	200	OK	image_id=49829176606955
2026-05-18 11:37:39	image-delete	delete_product_image	DELETE	https://oz-nails-wa.myshopify.com/admin/api/2024-10/products/9364844806379/images/49829176934635.json	9364844806379		images	200	OK	image_id=49829176934635
2026-05-18 11:37:41	image-delete	delete_product_image	DELETE	https://oz-nails-wa.myshopify.com/admin/api/2024-10/products/9364844839147/images/49829177131243.json	9364844839147		images	200	OK	image_id=49829177131243
2026-05-18 11:37:44	image-delete	delete_product_image	DELETE	https://oz-nails-wa.myshopify.com/admin/api/2024-10/products/9365100298475/images/49829177524459.json	9365100298475		images	200	OK	image_id=49829177524459
2026-05-18 11:37:46	image-delete	delete_product_image	DELETE	https://oz-nails-wa.myshopify.com/admin/api/2024-10/products/9364759314667/images/49829178147051.json	9364759314667		images	200	OK	image_id=49829178147051
2026-05-18 11:37:48	image-delete	delete_product_image	DELETE	https://oz-nails-wa.myshopify.com/admin/api/2024-10/products/9364759347435/images/49829178573035.json	9364759347435		images	200	OK	image_id=49829178573035
2026-05-18 11:37:49	image-delete	delete_product_image	DELETE	https://oz-nails-wa.myshopify.com/admin/api/2024-10/products/9364759380203/images/49829178769643.json	9364759380203		images	200	OK	image_id=49829178769643
2026-05-18 11:37:51	image-delete	delete_product_image	DELETE	https://oz-nails-wa.myshopify.com/admin/api/2024-10/products/9364759412971/images/49829179490539.json	9364759412971		images	200	OK	image_id=49829179490539
2026-05-18 11:37:53	image-delete	delete_product_image	DELETE	https://oz-nails-wa.myshopify.com/admin/api/2024-10/products/9364759445739/images/49829179850987.json	9364759445739		images	200	OK	image_id=49829179850987
2026-05-18 11:37:55	image-delete	delete_product_image	DELETE	https://oz-nails-wa.myshopify.com/admin/api/2024-10/products/9364759478507/images/49829180047595.json	9364759478507		images	200	OK	image_id=49829180047595
2026-05-18 11:37:57	image-delete	delete_product_image	DELETE	https://oz-nails-wa.myshopify.com/admin/api/2024-10/products/9364844871915/images/49829180506347.json	9364844871915		images	200	OK	image_id=49829180506347
2026-05-18 11:37:58	image-delete	delete_product_image	DELETE	https://oz-nails-wa.myshopify.com/admin/api/2024-10/products/9364844904683/images/49829180702955.json	9364844904683		images	200	OK	image_id=49829180702955
2026-05-18 11:38:00	image-delete	delete_product_image	DELETE	https://oz-nails-wa.myshopify.com/admin/api/2024-10/products/9364759511275/images/49829180834027.json	9364759511275		images	200	OK	image_id=49829180834027
2026-05-18 11:38:02	image-delete	delete_product_image	DELETE	https://oz-nails-wa.myshopify.com/admin/api/2024-10/products/9364759544043/images/49829181260011.json	9364759544043		images	200	OK	image_id=49829181260011
2026-05-18 11:38:04	image-delete	delete_product_image	DELETE	https://oz-nails-wa.myshopify.com/admin/api/2024-10/products/9364759576811/images/49829181358315.json	9364759576811		images	200	OK	image_id=49829181358315
2026-05-18 11:38:06	image-delete	delete_product_image	DELETE	https://oz-nails-wa.myshopify.com/admin/api/2024-10/products/9364844970219/images/49829181882603.json	9364844970219		images	200	OK	image_id=49829181882603
2026-05-18 11:38:08	image-delete	delete_product_image	DELETE	https://oz-nails-wa.myshopify.com/admin/api/2024-10/products/9364759609579/images/49829182079211.json	9364759609579		images	200	OK	image_id=49829182079211
2026-05-18 11:38:09	image-delete	delete_product_image	DELETE	https://oz-nails-wa.myshopify.com/admin/api/2024-10/products/9365150925035/images/49829182800107.json	9365150925035		images	200	OK	image_id=49829182800107
2026-05-18 11:38:11	image-delete	delete_product_image	DELETE	https://oz-nails-wa.myshopify.com/admin/api/2024-10/products/9364759675115/images/49829183258859.json	9364759675115		images	200	OK	image_id=49829183258859
2026-05-18 11:38:13	image-delete	delete_product_image	DELETE	https://oz-nails-wa.myshopify.com/admin/api/2024-10/products/9364759740651/images/49829183455467.json	9364759740651		images	200	OK	image_id=49829183455467
2026-05-18 11:38:15	image-delete	delete_product_image	DELETE	https://oz-nails-wa.myshopify.com/admin/api/2024-10/products/9364759773419/images/49829184045291.json	9364759773419		images	200	OK	image_id=49829184045291
2026-05-18 11:38:17	image-delete	delete_product_image	DELETE	https://oz-nails-wa.myshopify.com/admin/api/2024-10/products/9364845002987/images/49829184241899.json	9364845002987		images	200	OK	image_id=49829184241899
2026-05-18 11:38:19	image-delete	delete_product_image	DELETE	https://oz-nails-wa.myshopify.com/admin/api/2024-10/products/9364845035755/images/49829184766187.json	9364845035755		images	200	OK	image_id=49829184766187
2026-05-18 11:38:20	image-delete	delete_product_image	DELETE	https://oz-nails-wa.myshopify.com/admin/api/2024-10/products/9364845068523/images/49829185061099.json	9364845068523		images	200	OK	image_id=49829185061099
2026-05-18 11:38:22	image-delete	delete_product_image	DELETE	https://oz-nails-wa.myshopify.com/admin/api/2024-10/products/9364845101291/images/49829185257707.json	9364845101291		images	200	OK	image_id=49829185257707
2026-05-18 11:38:24	image-delete	delete_product_image	DELETE	https://oz-nails-wa.myshopify.com/admin/api/2024-10/products/9364845134059/images/49829185781995.json	9364845134059		images	200	OK	image_id=49829185781995
2026-05-18 11:38:26	image-delete	delete_product_image	DELETE	https://oz-nails-wa.myshopify.com/admin/api/2024-10/products/9364759838955/images/49829185978603.json	9364759838955		images	200	OK	image_id=49829185978603
2026-05-18 11:38:28	image-delete	delete_product_image	DELETE	https://oz-nails-wa.myshopify.com/admin/api/2024-10/products/9364759871723/images/49829186437355.json	9364759871723		images	200	OK	image_id=49829186437355
2026-05-18 11:38:29	image-delete	delete_product_image	DELETE	https://oz-nails-wa.myshopify.com/admin/api/2024-10/products/9364759904491/images/49829186568427.json	9364759904491		images	200	OK	image_id=49829186568427
2026-05-18 11:38:31	image-delete	delete_product_image	DELETE	https://oz-nails-wa.myshopify.com/admin/api/2024-10/products/9364760789227/images/49829187191019.json	9364760789227		images	200	OK	image_id=49829187191019
2026-05-18 11:38:33	image-delete	delete_product_image	DELETE	https://oz-nails-wa.myshopify.com/admin/api/2024-10/products/9364760821995/images/49829187354859.json	9364760821995		images	200	OK	image_id=49829187354859
2026-05-18 11:38:35	image-delete	delete_product_image	DELETE	https://oz-nails-wa.myshopify.com/admin/api/2024-10/products/9364760854763/images/49829187846379.json	9364760854763		images	200	OK	image_id=49829187846379
2026-05-18 11:38:37	image-delete	delete_product_image	DELETE	https://oz-nails-wa.myshopify.com/admin/api/2024-10/products/9364760887531/images/49829188305131.json	9364760887531		images	200	OK	image_id=49829188305131
2026-05-18 11:38:38	image-delete	delete_product_image	DELETE	https://oz-nails-wa.myshopify.com/admin/api/2024-10/products/9364760920299/images/49829188534507.json	9364760920299		images	200	OK	image_id=49829188534507
2026-05-18 11:38:40	image-delete	delete_product_image	DELETE	https://oz-nails-wa.myshopify.com/admin/api/2024-10/products/9364760953067/images/49829189026027.json	9364760953067		images	200	OK	image_id=49829189026027
2026-05-18 11:38:42	image-delete	delete_product_image	DELETE	https://oz-nails-wa.myshopify.com/admin/api/2024-10/products/9364761018603/images/49829189222635.json	9364761018603		images	200	OK	image_id=49829189222635
2026-05-18 11:38:44	image-delete	delete_product_image	DELETE	https://oz-nails-wa.myshopify.com/admin/api/2024-10/products/9364761051371/images/49829189419243.json	9364761051371		images	200	OK	image_id=49829189419243
2026-05-18 11:38:45	image-delete	delete_product_image	DELETE	https://oz-nails-wa.myshopify.com/admin/api/2024-10/products/9364761084139/images/49829189877995.json	9364761084139		images	200	OK	image_id=49829189877995
2026-05-18 11:38:47	image-delete	delete_product_image	DELETE	https://oz-nails-wa.myshopify.com/admin/api/2024-10/products/9364761149675/images/49829190402283.json	9364761149675		images	200	OK	image_id=49829190402283
2026-05-18 11:38:49	image-delete	delete_product_image	DELETE	https://oz-nails-wa.myshopify.com/admin/api/2024-10/products/9364761182443/images/49829190566123.json	9364761182443		images	200	OK	image_id=49829190566123
2026-05-18 11:38:51	image-delete	delete_product_image	DELETE	https://oz-nails-wa.myshopify.com/admin/api/2024-10/products/9364761215211/images/49829191090411.json	9364761215211		images	200	OK	image_id=49829191090411
2026-05-18 11:38:53	image-delete	delete_product_image	DELETE	https://oz-nails-wa.myshopify.com/admin/api/2024-10/products/9364761247979/images/49829191319787.json	9364761247979		images	200	OK	image_id=49829191319787
2026-05-18 11:38:54	image-delete	delete_product_image	DELETE	https://oz-nails-wa.myshopify.com/admin/api/2024-10/products/9364761280747/images/49829191811307.json	9364761280747		images	200	OK	image_id=49829191811307
2026-05-18 11:38:56	image-delete	delete_product_image	DELETE	https://oz-nails-wa.myshopify.com/admin/api/2024-10/products/9364761313515/images/49829191975147.json	9364761313515		images	200	OK	image_id=49829191975147
2026-05-18 11:38:58	image-delete	delete_product_image	DELETE	https://oz-nails-wa.myshopify.com/admin/api/2024-10/products/9364761346283/images/49829192401131.json	9364761346283		images	200	OK	image_id=49829192401131
2026-05-18 11:39:00	image-delete	delete_product_image	DELETE	https://oz-nails-wa.myshopify.com/admin/api/2024-10/products/9364761379051/images/49829192794347.json	9364761379051		images	200	OK	image_id=49829192794347
2026-05-18 11:39:01	image-delete	delete_product_image	DELETE	https://oz-nails-wa.myshopify.com/admin/api/2024-10/products/9364761411819/images/49829192990955.json	9364761411819		images	200	OK	image_id=49829192990955
2026-05-18 11:39:03	image-delete	delete_product_image	DELETE	https://oz-nails-wa.myshopify.com/admin/api/2024-10/products/9364761477355/images/49829193449707.json	9364761477355		images	200	OK	image_id=49829193449707
2026-05-18 11:39:05	image-delete	delete_product_image	DELETE	https://oz-nails-wa.myshopify.com/admin/api/2024-10/products/9364761510123/images/49829193646315.json	9364761510123		images	200	OK	image_id=49829193646315
2026-05-18 11:39:07	image-delete	delete_product_image	DELETE	https://oz-nails-wa.myshopify.com/admin/api/2024-10/products/9364759970027/images/49829194072299.json	9364759970027		images	200	OK	image_id=49829194072299
2026-05-18 11:39:08	image-delete	delete_product_image	DELETE	https://oz-nails-wa.myshopify.com/admin/api/2024-10/products/9365225373931/images/49829194432747.json	9365225373931		images	200	OK	image_id=49829194432747
2026-05-18 11:39:10	image-delete	delete_product_image	DELETE	https://oz-nails-wa.myshopify.com/admin/api/2024-10/products/9364760035563/images/49829194629355.json	9364760035563		images	200	OK	image_id=49829194629355
2026-05-18 11:39:12	image-delete	delete_product_image	DELETE	https://oz-nails-wa.myshopify.com/admin/api/2024-10/products/9364760002795/images/49829195022571.json	9364760002795		images	200	OK	image_id=49829195022571
2026-05-18 11:39:14	image-delete	delete_product_image	DELETE	https://oz-nails-wa.myshopify.com/admin/api/2024-10/products/9364760068331/images/49829195219179.json	9364760068331		images	200	OK	image_id=49829195219179
2026-05-18 11:39:15	image-delete	delete_product_image	DELETE	https://oz-nails-wa.myshopify.com/admin/api/2024-10/products/9364760101099/images/49829195645163.json	9364760101099		images	200	OK	image_id=49829195645163
2026-05-18 11:39:17	image-delete	delete_product_image	DELETE	https://oz-nails-wa.myshopify.com/admin/api/2024-10/products/9364845166827/images/49829196071147.json	9364845166827		images	200	OK	image_id=49829196071147
2026-05-18 11:39:19	image-delete	delete_product_image	DELETE	https://oz-nails-wa.myshopify.com/admin/api/2024-10/products/9364759937259/images/49829196333291.json	9364759937259		images	200	OK	image_id=49829196333291
2026-05-18 11:39:21	image-delete	delete_product_image	DELETE	https://oz-nails-wa.myshopify.com/admin/api/2024-10/products/9364845265131/images/49829196759275.json	9364845265131		images	200	OK	image_id=49829196759275
2026-05-18 11:39:23	image-delete	delete_product_image	DELETE	https://oz-nails-wa.myshopify.com/admin/api/2024-10/products/9364760133867/images/49829197119723.json	9364760133867		images	200	OK	image_id=49829197119723
2026-05-18 11:39:24	image-delete	delete_product_image	DELETE	https://oz-nails-wa.myshopify.com/admin/api/2024-10/products/9364760166635/images/49829197676779.json	9364760166635		images	200	OK	image_id=49829197676779
2026-05-18 11:39:26	image-delete	delete_product_image	DELETE	https://oz-nails-wa.myshopify.com/admin/api/2024-10/products/9364760232171/images/49829198135531.json	9364760232171		images	200	OK	image_id=49829198135531
2026-05-18 11:39:28	image-delete	delete_product_image	DELETE	https://oz-nails-wa.myshopify.com/admin/api/2024-10/products/9364760264939/images/49829198430443.json	9364760264939		images	200	OK	image_id=49829198430443
2026-05-18 11:39:30	image-delete	delete_product_image	DELETE	https://oz-nails-wa.myshopify.com/admin/api/2024-10/products/9364845330667/images/49829198954731.json	9364845330667		images	200	OK	image_id=49829198954731
2026-05-18 11:39:31	image-delete	delete_product_image	DELETE	https://oz-nails-wa.myshopify.com/admin/api/2024-10/products/9364760297707/images/49829199446251.json	9364760297707		images	200	OK	image_id=49829199446251
2026-05-18 11:39:33	image-delete	delete_product_image	DELETE	https://oz-nails-wa.myshopify.com/admin/api/2024-10/products/9364845297899/images/49829199642859.json	9364845297899		images	200	OK	image_id=49829199642859
2026-05-18 11:39:35	image-delete	delete_product_image	DELETE	https://oz-nails-wa.myshopify.com/admin/api/2024-10/products/9364845363435/images/49829200068843.json	9364845363435		images	200	OK	image_id=49829200068843
2026-05-18 11:39:37	image-delete	delete_product_image	DELETE	https://oz-nails-wa.myshopify.com/admin/api/2024-10/products/9364845396203/images/49829200724203.json	9364845396203		images	200	OK	image_id=49829200724203
2026-05-18 11:39:38	image-delete	delete_product_image	DELETE	https://oz-nails-wa.myshopify.com/admin/api/2024-10/products/9364845428971/images/49829201543403.json	9364845428971		images	200	OK	image_id=49829201543403
2026-05-18 11:39:40	image-delete	delete_product_image	DELETE	https://oz-nails-wa.myshopify.com/admin/api/2024-10/products/9364845461739/images/49829202133227.json	9364845461739		images	200	OK	image_id=49829202133227
2026-05-18 11:39:42	image-delete	delete_product_image	DELETE	https://oz-nails-wa.myshopify.com/admin/api/2024-10/products/9365151088875/images/49829202460907.json	9365151088875		images	200	OK	image_id=49829202460907
2026-05-18 11:39:44	image-delete	delete_product_image	DELETE	https://oz-nails-wa.myshopify.com/admin/api/2024-10/products/9364845527275/images/49829202657515.json	9364845527275		images	200	OK	image_id=49829202657515
2026-05-18 11:39:46	image-delete	delete_product_image	DELETE	https://oz-nails-wa.myshopify.com/admin/api/2024-10/products/9364760330475/images/49829203214571.json	9364760330475		images	200	OK	image_id=49829203214571
2026-05-18 11:39:47	image-delete	delete_product_image	DELETE	https://oz-nails-wa.myshopify.com/admin/api/2024-10/products/9364845560043/images/49829203607787.json	9364845560043		images	200	OK	image_id=49829203607787
2026-05-18 11:39:49	image-delete	delete_product_image	DELETE	https://oz-nails-wa.myshopify.com/admin/api/2024-10/products/9364845592811/images/49829203837163.json	9364845592811		images	200	OK	image_id=49829203837163
2026-05-18 11:39:51	image-delete	delete_product_image	DELETE	https://oz-nails-wa.myshopify.com/admin/api/2024-10/products/9364845723883/images/49829204295915.json	9364845723883		images	200	OK	image_id=49829204295915
2026-05-18 11:39:53	image-delete	delete_product_image	DELETE	https://oz-nails-wa.myshopify.com/admin/api/2024-10/products/9364760625387/images/49829204820203.json	9364760625387		images	200	OK	image_id=49829204820203
2026-05-18 11:39:54	image-delete	delete_product_image	DELETE	https://oz-nails-wa.myshopify.com/admin/api/2024-10/products/9364760592619/images/49829205016811.json	9364760592619		images	200	OK	image_id=49829205016811
2026-05-18 11:39:56	image-delete	delete_product_image	DELETE	https://oz-nails-wa.myshopify.com/admin/api/2024-10/products/9364760658155/images/49829205606635.json	9364760658155		images	200	OK	image_id=49829205606635
2026-05-18 11:39:58	image-delete	delete_product_image	DELETE	https://oz-nails-wa.myshopify.com/admin/api/2024-10/products/9364845854955/images/49829206130923.json	9364845854955		images	200	OK	image_id=49829206130923
2026-05-18 11:40:00	image-delete	delete_product_image	DELETE	https://oz-nails-wa.myshopify.com/admin/api/2024-10/products/9364845887723/images/49829206360299.json	9364845887723		images	200	OK	image_id=49829206360299
2026-05-18 11:40:02	image-delete	delete_product_image	DELETE	https://oz-nails-wa.myshopify.com/admin/api/2024-10/products/9364760723691/images/49829206720747.json	9364760723691		images	200	OK	image_id=49829206720747
2026-05-18 11:40:04	image-delete	delete_product_image	DELETE	https://oz-nails-wa.myshopify.com/admin/api/2024-10/products/9364760756459/images/49829207015659.json	9364760756459		images	200	OK	image_id=49829207015659
2026-05-18 11:40:05	image-delete	delete_product_image	DELETE	https://oz-nails-wa.myshopify.com/admin/api/2024-10/products/9364845920491/images/49829207802091.json	9364845920491		images	200	OK	image_id=49829207802091
2026-05-18 11:40:07	image-delete	delete_product_image	DELETE	https://oz-nails-wa.myshopify.com/admin/api/2024-10/products/9365128413419/images/49829208621291.json	9365128413419		images	200	OK	image_id=49829208621291
2026-05-18 11:40:09	image-delete	delete_product_image	DELETE	https://oz-nails-wa.myshopify.com/admin/api/2024-10/products/9364845756651/images/49829209080043.json	9364845756651		images	200	OK	image_id=49829209080043
2026-05-18 11:40:11	image-delete	delete_product_image	DELETE	https://oz-nails-wa.myshopify.com/admin/api/2024-10/products/9364760396011/images/49829209309419.json	9364760396011		images	200	OK	image_id=49829209309419
2026-05-18 11:40:12	image-delete	delete_product_image	DELETE	https://oz-nails-wa.myshopify.com/admin/api/2024-10/products/9364760428779/images/49829209800939.json	9364760428779		images	200	OK	image_id=49829209800939
2026-05-18 11:40:14	image-delete	delete_product_image	DELETE	https://oz-nails-wa.myshopify.com/admin/api/2024-10/products/9364760461547/images/49829210030315.json	9364760461547		images	200	OK	image_id=49829210030315
2026-05-18 11:40:16	image-delete	delete_product_image	DELETE	https://oz-nails-wa.myshopify.com/admin/api/2024-10/products/9364845789419/images/49829210489067.json	9364845789419		images	200	OK	image_id=49829210489067
2026-05-18 11:40:18	image-delete	delete_product_image	DELETE	https://oz-nails-wa.myshopify.com/admin/api/2024-10/products/9364760494315/images/49829210915051.json	9364760494315		images	200	OK	image_id=49829210915051
2026-05-18 11:40:20	image-delete	delete_product_image	DELETE	https://oz-nails-wa.myshopify.com/admin/api/2024-10/products/9364760527083/images/49829211373803.json	9364760527083		images	200	OK	image_id=49829211373803
2026-05-18 11:40:21	image-delete	delete_product_image	DELETE	https://oz-nails-wa.myshopify.com/admin/api/2024-10/products/9364761542891/images/49829212029163.json	9364761542891		images	200	OK	image_id=49829212029163
2026-05-18 11:40:23	image-delete	delete_product_image	DELETE	https://oz-nails-wa.myshopify.com/admin/api/2024-10/products/9367572119787/images/49829212553451.json	9367572119787		images	200	OK	image_id=49829212553451
2026-05-18 11:40:25	image-delete	delete_product_image	DELETE	https://oz-nails-wa.myshopify.com/admin/api/2024-10/products/9364845953259/images/49829212881131.json	9364845953259		images	200	OK	image_id=49829212881131
2026-05-18 11:40:27	image-delete	delete_product_image	DELETE	https://oz-nails-wa.myshopify.com/admin/api/2024-10/products/9364846084331/images/49829213339883.json	9364846084331		images	200	OK	image_id=49829213339883
2026-05-18 11:40:29	image-delete	delete_product_image	DELETE	https://oz-nails-wa.myshopify.com/admin/api/2024-10/products/9364846149867/images/49829213733099.json	9364846149867		images	200	OK	image_id=49829213733099
2026-05-18 11:40:31	image-delete	delete_product_image	DELETE	https://oz-nails-wa.myshopify.com/admin/api/2024-10/products/9364846608619/images/49829214224619.json	9364846608619		images	200	OK	image_id=49829214224619
2026-05-18 11:40:33	image-delete	delete_product_image	DELETE	https://oz-nails-wa.myshopify.com/admin/api/2024-10/products/9364846641387/images/49829214453995.json	9364846641387		images	200	OK	image_id=49829214453995
2026-05-18 11:40:34	image-delete	delete_product_image	DELETE	https://oz-nails-wa.myshopify.com/admin/api/2024-10/products/9364846706923/images/49829215043819.json	9364846706923		images	200	OK	image_id=49829215043819
2026-05-18 11:40:36	image-delete	delete_product_image	DELETE	https://oz-nails-wa.myshopify.com/admin/api/2024-10/products/9364846739691/images/49829215502571.json	9364846739691		images	200	OK	image_id=49829215502571
2026-05-18 11:40:38	image-delete	delete_product_image	DELETE	https://oz-nails-wa.myshopify.com/admin/api/2024-10/products/9364846772459/images/49829215895787.json	9364846772459		images	200	OK	image_id=49829215895787
2026-05-18 11:40:40	image-delete	delete_product_image	DELETE	https://oz-nails-wa.myshopify.com/admin/api/2024-10/products/9364846805227/images/49829216354539.json	9364846805227		images	200	OK	image_id=49829216354539
2026-05-18 11:40:41	image-delete	delete_product_image	DELETE	https://oz-nails-wa.myshopify.com/admin/api/2024-10/products/9364846837995/images/49829216485611.json	9364846837995		images	200	OK	image_id=49829216485611
2026-05-18 11:40:43	image-delete	delete_product_image	DELETE	https://oz-nails-wa.myshopify.com/admin/api/2024-10/products/9364846903531/images/49829217239275.json	9364846903531		images	200	OK	image_id=49829217239275
2026-05-18 11:40:45	image-delete	delete_product_image	DELETE	https://oz-nails-wa.myshopify.com/admin/api/2024-10/products/9364846936299/images/49829217435883.json	9364846936299		images	200	OK	image_id=49829217435883
2026-05-18 11:40:47	image-delete	delete_product_image	DELETE	https://oz-nails-wa.myshopify.com/admin/api/2024-10/products/9364847001835/images/49829217960171.json	9364847001835		images	200	OK	image_id=49829217960171
2026-05-18 11:40:49	image-delete	delete_product_image	DELETE	https://oz-nails-wa.myshopify.com/admin/api/2024-10/products/9364847034603/images/49829218156779.json	9364847034603		images	200	OK	image_id=49829218156779
2026-05-18 11:40:50	image-delete	delete_product_image	DELETE	https://oz-nails-wa.myshopify.com/admin/api/2024-10/products/9364847067371/images/49829218615531.json	9364847067371		images	200	OK	image_id=49829218615531
2026-05-18 11:40:52	image-delete	delete_product_image	DELETE	https://oz-nails-wa.myshopify.com/admin/api/2024-10/products/9364847100139/images/49829219074283.json	9364847100139		images	200	OK	image_id=49829219074283
2026-05-18 11:40:54	image-delete	delete_product_image	DELETE	https://oz-nails-wa.myshopify.com/admin/api/2024-10/products/9364847886571/images/49829219270891.json	9364847886571		images	200	OK	image_id=49829219270891
2026-05-18 11:40:56	image-delete	delete_product_image	DELETE	https://oz-nails-wa.myshopify.com/admin/api/2024-10/products/9364847919339/images/49829220024555.json	9364847919339		images	200	OK	image_id=49829220024555
2026-05-18 11:40:57	image-delete	delete_product_image	DELETE	https://oz-nails-wa.myshopify.com/admin/api/2024-10/products/9364847952107/images/49829220712683.json	9364847952107		images	200	OK	image_id=49829220712683
2026-05-18 11:40:59	image-delete	delete_product_image	DELETE	https://oz-nails-wa.myshopify.com/admin/api/2024-10/products/9364847984875/images/49829221269739.json	9364847984875		images	200	OK	image_id=49829221269739
2026-05-18 11:41:01	image-delete	delete_product_image	DELETE	https://oz-nails-wa.myshopify.com/admin/api/2024-10/products/9364848017643/images/49829221433579.json	9364848017643		images	200	OK	image_id=49829221433579
2026-05-18 11:41:03	image-delete	delete_product_image	DELETE	https://oz-nails-wa.myshopify.com/admin/api/2024-10/products/9364848050411/images/49829221892331.json	9364848050411		images	200	OK	image_id=49829221892331
2026-05-18 11:41:05	image-delete	delete_product_image	DELETE	https://oz-nails-wa.myshopify.com/admin/api/2024-10/products/9364848083179/images/49829222154475.json	9364848083179		images	200	OK	image_id=49829222154475
2026-05-18 11:41:06	image-delete	delete_product_image	DELETE	https://oz-nails-wa.myshopify.com/admin/api/2024-10/products/9364848115947/images/49829222580459.json	9364848115947		images	200	OK	image_id=49829222580459
2026-05-18 11:41:08	image-delete	delete_product_image	DELETE	https://oz-nails-wa.myshopify.com/admin/api/2024-10/products/9364848148715/images/49829222973675.json	9364848148715		images	200	OK	image_id=49829222973675
2026-05-18 11:41:10	image-delete	delete_product_image	DELETE	https://oz-nails-wa.myshopify.com/admin/api/2024-10/products/9364848181483/images/49829223170283.json	9364848181483		images	200	OK	image_id=49829223170283
2026-05-18 11:41:12	image-delete	delete_product_image	DELETE	https://oz-nails-wa.myshopify.com/admin/api/2024-10/products/9364848247019/images/49829223760107.json	9364848247019		images	200	OK	image_id=49829223760107
2026-05-18 11:41:14	image-delete	delete_product_image	DELETE	https://oz-nails-wa.myshopify.com/admin/api/2024-10/products/9364848279787/images/49829224677611.json	9364848279787		images	200	OK	image_id=49829224677611
2026-05-18 11:41:15	image-delete	delete_product_image	DELETE	https://oz-nails-wa.myshopify.com/admin/api/2024-10/products/9364848312555/images/49829224874219.json	9364848312555		images	200	OK	image_id=49829224874219
2026-05-18 11:41:17	image-delete	delete_product_image	DELETE	https://oz-nails-wa.myshopify.com/admin/api/2024-10/products/9364848345323/images/49829225496811.json	9364848345323		images	200	OK	image_id=49829225496811
2026-05-18 11:41:19	image-delete	delete_product_image	DELETE	https://oz-nails-wa.myshopify.com/admin/api/2024-10/products/9364848378091/images/49829225955563.json	9364848378091		images	200	OK	image_id=49829225955563
2026-05-18 11:41:21	image-delete	delete_product_image	DELETE	https://oz-nails-wa.myshopify.com/admin/api/2024-10/products/9364848410859/images/49829228642539.json	9364848410859		images	200	OK	image_id=49829228642539
2026-05-18 11:41:22	image-delete	delete_product_image	DELETE	https://oz-nails-wa.myshopify.com/admin/api/2024-10/products/9364848443627/images/49829228806379.json	9364848443627		images	200	OK	image_id=49829228806379
2026-05-18 11:41:24	image-delete	delete_product_image	DELETE	https://oz-nails-wa.myshopify.com/admin/api/2024-10/products/9364848476395/images/49829229002987.json	9364848476395		images	200	OK	image_id=49829229002987
2026-05-18 11:41:26	image-delete	delete_product_image	DELETE	https://oz-nails-wa.myshopify.com/admin/api/2024-10/products/9364848509163/images/49829229330667.json	9364848509163		images	200	OK	image_id=49829229330667
2026-05-18 11:41:28	image-delete	delete_product_image	DELETE	https://oz-nails-wa.myshopify.com/admin/api/2024-10/products/9364848574699/images/49829229756651.json	9364848574699		images	200	OK	image_id=49829229756651
2026-05-18 11:41:29	image-delete	delete_product_image	DELETE	https://oz-nails-wa.myshopify.com/admin/api/2024-10/products/9364848607467/images/49829229986027.json	9364848607467		images	200	OK	image_id=49829229986027
2026-05-18 11:41:31	image-delete	delete_product_image	DELETE	https://oz-nails-wa.myshopify.com/admin/api/2024-10/products/9364848640235/images/49829230444779.json	9364848640235		images	200	OK	image_id=49829230444779
2026-05-18 11:41:33	image-delete	delete_product_image	DELETE	https://oz-nails-wa.myshopify.com/admin/api/2024-10/products/9364848705771/images/49829230641387.json	9364848705771		images	200	OK	image_id=49829230641387
2026-05-18 11:41:35	image-delete	delete_product_image	DELETE	https://oz-nails-wa.myshopify.com/admin/api/2024-10/products/9364848738539/images/49829231165675.json	9364848738539		images	200	OK	image_id=49829231165675
2026-05-18 11:41:36	image-delete	delete_product_image	DELETE	https://oz-nails-wa.myshopify.com/admin/api/2024-10/products/9364848771307/images/49829231362283.json	9364848771307		images	200	OK	image_id=49829231362283
2026-05-18 11:41:38	image-delete	delete_product_image	DELETE	https://oz-nails-wa.myshopify.com/admin/api/2024-10/products/9364848804075/images/49829231886571.json	9364848804075		images	200	OK	image_id=49829231886571
2026-05-18 11:41:40	image-delete	delete_product_image	DELETE	https://oz-nails-wa.myshopify.com/admin/api/2024-10/products/9364848836843/images/49829232345323.json	9364848836843		images	200	OK	image_id=49829232345323
2026-05-18 11:41:42	image-delete	delete_product_image	DELETE	https://oz-nails-wa.myshopify.com/admin/api/2024-10/products/9364848902379/images/49829232541931.json	9364848902379		images	200	OK	image_id=49829232541931
2026-05-18 11:41:44	image-delete	delete_product_image	DELETE	https://oz-nails-wa.myshopify.com/admin/api/2024-10/products/9364848935147/images/49829233033451.json	9364848935147		images	200	OK	image_id=49829233033451
2026-05-18 11:41:46	image-delete	delete_product_image	DELETE	https://oz-nails-wa.myshopify.com/admin/api/2024-10/products/9364848967915/images/49829233426667.json	9364848967915		images	200	OK	image_id=49829233426667
2026-05-18 11:41:47	image-delete	delete_product_image	DELETE	https://oz-nails-wa.myshopify.com/admin/api/2024-10/products/9364849000683/images/49829233623275.json	9364849000683		images	200	OK	image_id=49829233623275
2026-05-18 11:41:49	image-delete	delete_product_image	DELETE	https://oz-nails-wa.myshopify.com/admin/api/2024-10/products/9364849033451/images/49829234049259.json	9364849033451		images	200	OK	image_id=49829234049259
2026-05-18 11:41:51	image-delete	delete_product_image	DELETE	https://oz-nails-wa.myshopify.com/admin/api/2024-10/products/9364849098987/images/49829234442475.json	9364849098987		images	200	OK	image_id=49829234442475
2026-05-18 11:41:53	image-delete	delete_product_image	DELETE	https://oz-nails-wa.myshopify.com/admin/api/2024-10/products/9364849131755/images/49829235065067.json	9364849131755		images	200	OK	image_id=49829235065067
2026-05-18 11:41:54	image-delete	delete_product_image	DELETE	https://oz-nails-wa.myshopify.com/admin/api/2024-10/products/9364849197291/images/49829235228907.json	9364849197291		images	200	OK	image_id=49829235228907
2026-05-18 11:41:56	image-delete	delete_product_image	DELETE	https://oz-nails-wa.myshopify.com/admin/api/2024-10/products/9364849262827/images/49829235654891.json	9364849262827		images	200	OK	image_id=49829235654891
2026-05-18 11:41:58	image-delete	delete_product_image	DELETE	https://oz-nails-wa.myshopify.com/admin/api/2024-10/products/9364849295595/images/49829236080875.json	9364849295595		images	200	OK	image_id=49829236080875
2026-05-18 11:42:00	image-delete	delete_product_image	DELETE	https://oz-nails-wa.myshopify.com/admin/api/2024-10/products/9364849328363/images/49829236605163.json	9364849328363		images	200	OK	image_id=49829236605163
2026-05-18 11:42:01	image-delete	delete_product_image	DELETE	https://oz-nails-wa.myshopify.com/admin/api/2024-10/products/9364849361131/images/49829237129451.json	9364849361131		images	200	OK	image_id=49829237129451
2026-05-18 11:42:03	image-delete	delete_product_image	DELETE	https://oz-nails-wa.myshopify.com/admin/api/2024-10/products/9364849393899/images/49829237719275.json	9364849393899		images	200	OK	image_id=49829237719275
2026-05-18 11:42:05	image-delete	delete_product_image	DELETE	https://oz-nails-wa.myshopify.com/admin/api/2024-10/products/9364849426667/images/49829237915883.json	9364849426667		images	200	OK	image_id=49829237915883
2026-05-18 11:42:07	image-delete	delete_product_image	DELETE	https://oz-nails-wa.myshopify.com/admin/api/2024-10/products/9364849524971/images/49829238309099.json	9364849524971		images	200	OK	image_id=49829238309099
2026-05-18 11:42:08	image-delete	delete_product_image	DELETE	https://oz-nails-wa.myshopify.com/admin/api/2024-10/products/9364849557739/images/49829238702315.json	9364849557739		images	200	OK	image_id=49829238702315
2026-05-18 11:42:10	image-delete	delete_product_image	DELETE	https://oz-nails-wa.myshopify.com/admin/api/2024-10/products/9364849590507/images/49829239095531.json	9364849590507		images	200	OK	image_id=49829239095531
2026-05-18 11:42:12	image-delete	delete_product_image	DELETE	https://oz-nails-wa.myshopify.com/admin/api/2024-10/products/9364849623275/images/49829240307947.json	9364849623275		images	200	OK	image_id=49829240307947
2026-05-18 11:42:14	image-delete	delete_product_image	DELETE	https://oz-nails-wa.myshopify.com/admin/api/2024-10/products/9364849656043/images/49829240471787.json	9364849656043		images	200	OK	image_id=49829240471787
2026-05-18 11:42:15	image-delete	delete_product_image	DELETE	https://oz-nails-wa.myshopify.com/admin/api/2024-10/products/9364849688811/images/49829240865003.json	9364849688811		images	200	OK	image_id=49829240865003
2026-05-18 11:42:17	image-delete	delete_product_image	DELETE	https://oz-nails-wa.myshopify.com/admin/api/2024-10/products/9364849721579/images/49829241094379.json	9364849721579		images	200	OK	image_id=49829241094379
2026-05-18 11:42:19	image-delete	delete_product_image	DELETE	https://oz-nails-wa.myshopify.com/admin/api/2024-10/products/9364849787115/images/49829241585899.json	9364849787115		images	200	OK	image_id=49829241585899
2026-05-18 11:42:22	image-delete	delete_product_image	DELETE	https://oz-nails-wa.myshopify.com/admin/api/2024-10/products/9365287141611/images/49829242142955.json	9365287141611		images	200	OK	image_id=49829242142955
2026-05-18 11:42:24	image-delete	delete_product_image	DELETE	https://oz-nails-wa.myshopify.com/admin/api/2024-10/products/9364845986027/images/49829242503403.json	9364845986027		images	200	OK	image_id=49829242503403
2026-05-18 11:42:27	image-delete	delete_product_image	DELETE	https://oz-nails-wa.myshopify.com/admin/api/2024-10/products/9365144338667/images/49829243453675.json	9365144338667		images	200	OK	image_id=49829243453675
2026-05-18 11:42:29	image-delete	delete_product_image	DELETE	https://oz-nails-wa.myshopify.com/admin/api/2024-10/products/9365451374827/images/49829243781355.json	9365451374827		images	200	OK	image_id=49829243781355
2026-05-18 11:42:30	image-delete	delete_product_image	DELETE	https://oz-nails-wa.myshopify.com/admin/api/2024-10/products/9365144404203/images/49829244272875.json	9365144404203		images	200	OK	image_id=49829244272875
2026-05-18 11:42:32	image-delete	delete_product_image	DELETE	https://oz-nails-wa.myshopify.com/admin/api/2024-10/products/9365144469739/images/49829244535019.json	9365144469739		images	200	OK	image_id=49829244535019
2026-05-18 11:42:34	image-delete	delete_product_image	DELETE	https://oz-nails-wa.myshopify.com/admin/api/2024-10/products/9365266530539/images/49829244928235.json	9365266530539		images	200	OK	image_id=49829244928235
2026-05-18 11:42:35	image-delete	delete_product_image	DELETE	https://oz-nails-wa.myshopify.com/admin/api/2024-10/products/9365144535275/images/49829245255915.json	9365144535275		images	200	OK	image_id=49829245255915
2026-05-18 11:42:37	image-delete	delete_product_image	DELETE	https://oz-nails-wa.myshopify.com/admin/api/2024-10/products/9367572185323/images/49829245747435.json	9367572185323		images	200	OK	image_id=49829245747435
2026-05-18 11:42:39	image-delete	delete_product_image	DELETE	https://oz-nails-wa.myshopify.com/admin/api/2024-10/products/9364846182635/images/49829245976811.json	9364846182635		images	200	OK	image_id=49829245976811
2026-05-18 11:42:41	image-delete	delete_product_image	DELETE	https://oz-nails-wa.myshopify.com/admin/api/2024-10/products/9364846215403/images/49829246238955.json	9364846215403		images	200	OK	image_id=49829246238955
2026-05-18 11:42:42	image-delete	delete_product_image	DELETE	https://oz-nails-wa.myshopify.com/admin/api/2024-10/products/9364846248171/images/49829247090923.json	9364846248171		images	200	OK	image_id=49829247090923
2026-05-18 11:42:44	image-delete	delete_product_image	DELETE	https://oz-nails-wa.myshopify.com/admin/api/2024-10/products/9364846280939/images/49829247418603.json	9364846280939		images	200	OK	image_id=49829247418603
2026-05-18 11:42:46	image-delete	delete_product_image	DELETE	https://oz-nails-wa.myshopify.com/admin/api/2024-10/products/9364846313707/images/49829247942891.json	9364846313707		images	200	OK	image_id=49829247942891
2026-05-18 11:42:48	image-delete	delete_product_image	DELETE	https://oz-nails-wa.myshopify.com/admin/api/2024-10/products/9364846346475/images/49829248663787.json	9364846346475		images	200	OK	image_id=49829248663787
2026-05-18 11:42:49	image-delete	delete_product_image	DELETE	https://oz-nails-wa.myshopify.com/admin/api/2024-10/products/9364846379243/images/49829248860395.json	9364846379243		images	200	OK	image_id=49829248860395
2026-05-18 11:42:51	image-delete	delete_product_image	DELETE	https://oz-nails-wa.myshopify.com/admin/api/2024-10/products/9367572316395/images/49829249351915.json	9367572316395		images	200	OK	image_id=49829249351915
2026-05-18 11:42:53	image-delete	delete_product_image	DELETE	https://oz-nails-wa.myshopify.com/admin/api/2024-10/products/9364846412011/images/49829249679595.json	9364846412011		images	200	OK	image_id=49829249679595
2026-05-18 11:42:55	image-delete	delete_product_image	DELETE	https://oz-nails-wa.myshopify.com/admin/api/2024-10/products/9364846444779/images/49829250334955.json	9364846444779		images	200	OK	image_id=49829250334955
2026-05-18 11:42:56	image-delete	delete_product_image	DELETE	https://oz-nails-wa.myshopify.com/admin/api/2024-10/products/9364846477547/images/49829250760939.json	9364846477547		images	200	OK	image_id=49829250760939
2026-05-18 11:42:58	image-delete	delete_product_image	DELETE	https://oz-nails-wa.myshopify.com/admin/api/2024-10/products/9364846510315/images/49829251383531.json	9364846510315		images	200	OK	image_id=49829251383531
2026-05-18 11:43:00	image-delete	delete_product_image	DELETE	https://oz-nails-wa.myshopify.com/admin/api/2024-10/products/9364846543083/images/49829252038891.json	9364846543083		images	200	OK	image_id=49829252038891
2026-05-18 11:43:02	image-delete	delete_product_image	DELETE	https://oz-nails-wa.myshopify.com/admin/api/2024-10/products/9364846575851/images/49829252301035.json	9364846575851		images	200	OK	image_id=49829252301035
2026-05-18 11:43:04	image-delete	delete_product_image	DELETE	https://oz-nails-wa.myshopify.com/admin/api/2024-10/products/9367572349163/images/49829252792555.json	9367572349163		images	200	OK	image_id=49829252792555
2026-05-18 11:43:05	image-delete	delete_product_image	DELETE	https://oz-nails-wa.myshopify.com/admin/api/2024-10/products/9367572414699/images/49829253284075.json	9367572414699		images	200	OK	image_id=49829253284075
2026-05-18 11:43:07	image-delete	delete_product_image	DELETE	https://oz-nails-wa.myshopify.com/admin/api/2024-10/products/9367572578539/images/49829253480683.json	9367572578539		images	200	OK	image_id=49829253480683
2026-05-18 11:43:09	image-delete	delete_product_image	DELETE	https://oz-nails-wa.myshopify.com/admin/api/2024-10/products/9367572611307/images/49829254496491.json	9367572611307		images	200	OK	image_id=49829254496491
2026-05-18 11:43:11	image-delete	delete_product_image	DELETE	https://oz-nails-wa.myshopify.com/admin/api/2024-10/products/9367572644075/images/49829255020779.json	9367572644075		images	200	OK	image_id=49829255020779
2026-05-18 11:43:12	image-delete	delete_product_image	DELETE	https://oz-nails-wa.myshopify.com/admin/api/2024-10/products/9367572775147/images/49829255446763.json	9367572775147		images	200	OK	image_id=49829255446763
2026-05-18 11:43:14	image-delete	delete_product_image	DELETE	https://oz-nails-wa.myshopify.com/admin/api/2024-10/products/9367572807915/images/49829256003819.json	9367572807915		images	200	OK	image_id=49829256003819
2026-05-18 11:43:16	image-delete	delete_product_image	DELETE	https://oz-nails-wa.myshopify.com/admin/api/2024-10/products/9367572906219/images/49829256265963.json	9367572906219		images	200	OK	image_id=49829256265963
2026-05-18 11:43:18	image-delete	delete_product_image	DELETE	https://oz-nails-wa.myshopify.com/admin/api/2024-10/products/9367573070059/images/49829256855787.json	9367573070059		images	200	OK	image_id=49829256855787
2026-05-18 11:43:19	image-delete	delete_product_image	DELETE	https://oz-nails-wa.myshopify.com/admin/api/2024-10/products/9367573135595/images/49829257117931.json	9367573135595		images	200	OK	image_id=49829257117931
2026-05-18 11:43:21	image-delete	delete_product_image	DELETE	https://oz-nails-wa.myshopify.com/admin/api/2024-10/products/9367573201131/images/49829257642219.json	9367573201131		images	200	OK	image_id=49829257642219
2026-05-18 11:43:23	image-delete	delete_product_image	DELETE	https://oz-nails-wa.myshopify.com/admin/api/2024-10/products/9367573266667/images/49829257937131.json	9367573266667		images	200	OK	image_id=49829257937131
2026-05-18 11:43:25	image-delete	delete_product_image	DELETE	https://oz-nails-wa.myshopify.com/admin/api/2024-10/products/9365125136619/images/49829258395883.json	9365125136619		images	200	OK	image_id=49829258395883
2026-05-18 11:43:26	image-delete	delete_product_image	DELETE	https://oz-nails-wa.myshopify.com/admin/api/2024-10/products/9365125202155/images/49829258887403.json	9365125202155		images	200	OK	image_id=49829258887403
2026-05-18 11:43:28	image-delete	delete_product_image	DELETE	https://oz-nails-wa.myshopify.com/admin/api/2024-10/products/9365125333227/images/49829259346155.json	9365125333227		images	200	OK	image_id=49829259346155
2026-05-18 11:43:30	image-delete	delete_product_image	DELETE	https://oz-nails-wa.myshopify.com/admin/api/2024-10/products/9365125398763/images/49829259542763.json	9365125398763		images	200	OK	image_id=49829259542763
2026-05-18 11:43:32	image-delete	delete_product_image	DELETE	https://oz-nails-wa.myshopify.com/admin/api/2024-10/products/9365125464299/images/49829260099819.json	9365125464299		images	200	OK	image_id=49829260099819
2026-05-18 11:43:33	image-delete	delete_product_image	DELETE	https://oz-nails-wa.myshopify.com/admin/api/2024-10/products/9365125529835/images/49829260656875.json	9365125529835		images	200	OK	image_id=49829260656875
2026-05-18 11:43:35	image-delete	delete_product_image	DELETE	https://oz-nails-wa.myshopify.com/admin/api/2024-10/products/9365125628139/images/49829260853483.json	9365125628139		images	200	OK	image_id=49829260853483
2026-05-18 11:43:37	image-delete	delete_product_image	DELETE	https://oz-nails-wa.myshopify.com/admin/api/2024-10/products/9365125660907/images/49829261115627.json	9365125660907		images	200	OK	image_id=49829261115627
2026-05-18 11:43:38	image-delete	delete_product_image	DELETE	https://oz-nails-wa.myshopify.com/admin/api/2024-10/products/9365125726443/images/49829261705451.json	9365125726443		images	200	OK	image_id=49829261705451
2026-05-18 11:43:40	image-delete	delete_product_image	DELETE	https://oz-nails-wa.myshopify.com/admin/api/2024-10/products/9365125791979/images/49829262033131.json	9365125791979		images	200	OK	image_id=49829262033131
2026-05-18 11:43:42	image-delete	delete_product_image	DELETE	https://oz-nails-wa.myshopify.com/admin/api/2024-10/products/9365125857515/images/49829262459115.json	9365125857515		images	200	OK	image_id=49829262459115
2026-05-18 11:43:44	image-delete	delete_product_image	DELETE	https://oz-nails-wa.myshopify.com/admin/api/2024-10/products/9365125923051/images/49829262983403.json	9365125923051		images	200	OK	image_id=49829262983403
2026-05-18 11:43:45	image-delete	delete_product_image	DELETE	https://oz-nails-wa.myshopify.com/admin/api/2024-10/products/9365125988587/images/49829263212779.json	9365125988587		images	200	OK	image_id=49829263212779
2026-05-18 11:43:47	image-delete	delete_product_image	DELETE	https://oz-nails-wa.myshopify.com/admin/api/2024-10/products/9365126086891/images/49829263900907.json	9365126086891		images	200	OK	image_id=49829263900907
2026-05-18 11:43:49	image-delete	delete_product_image	DELETE	https://oz-nails-wa.myshopify.com/admin/api/2024-10/products/9365126152427/images/49829264392427.json	9365126152427		images	200	OK	image_id=49829264392427
2026-05-18 11:43:51	image-delete	delete_product_image	DELETE	https://oz-nails-wa.myshopify.com/admin/api/2024-10/products/9365126217963/images/49829264916715.json	9365126217963		images	200	OK	image_id=49829264916715
2026-05-18 11:43:53	image-delete	delete_product_image	DELETE	https://oz-nails-wa.myshopify.com/admin/api/2024-10/products/9365126283499/images/49829265244395.json	9365126283499		images	200	OK	image_id=49829265244395
2026-05-18 11:43:55	image-delete	delete_product_image	DELETE	https://oz-nails-wa.myshopify.com/admin/api/2024-10/products/9365126349035/images/49829265834219.json	9365126349035		images	200	OK	image_id=49829265834219
2026-05-18 11:43:56	image-delete	delete_product_image	DELETE	https://oz-nails-wa.myshopify.com/admin/api/2024-10/products/9365126447339/images/49829266063595.json	9365126447339		images	200	OK	image_id=49829266063595
2026-05-18 11:43:58	image-delete	delete_product_image	DELETE	https://oz-nails-wa.myshopify.com/admin/api/2024-10/products/9365126775019/images/49829266555115.json	9365126775019		images	200	OK	image_id=49829266555115
2026-05-18 11:44:00	image-delete	delete_product_image	DELETE	https://oz-nails-wa.myshopify.com/admin/api/2024-10/products/9365126938859/images/49829266817259.json	9365126938859		images	200	OK	image_id=49829266817259
2026-05-18 11:44:02	image-delete	delete_product_image	DELETE	https://oz-nails-wa.myshopify.com/admin/api/2024-10/products/9365127069931/images/49829267472619.json	9365127069931		images	200	OK	image_id=49829267472619
2026-05-18 11:44:04	image-delete	delete_product_image	DELETE	https://oz-nails-wa.myshopify.com/admin/api/2024-10/products/9365127135467/images/49829268029675.json	9365127135467		images	200	OK	image_id=49829268029675
2026-05-18 11:44:05	image-delete	delete_product_image	DELETE	https://oz-nails-wa.myshopify.com/admin/api/2024-10/products/9365127201003/images/49829268291819.json	9365127201003		images	200	OK	image_id=49829268291819
2026-05-18 11:44:07	image-delete	delete_product_image	DELETE	https://oz-nails-wa.myshopify.com/admin/api/2024-10/products/9365127299307/images/49829268816107.json	9365127299307		images	200	OK	image_id=49829268816107
2026-05-18 11:44:09	image-delete	delete_product_image	DELETE	https://oz-nails-wa.myshopify.com/admin/api/2024-10/products/9365127397611/images/49829269438699.json	9365127397611		images	200	OK	image_id=49829269438699
2026-05-18 11:44:11	image-delete	delete_product_image	DELETE	https://oz-nails-wa.myshopify.com/admin/api/2024-10/products/9365127495915/images/49829269897451.json	9365127495915		images	200	OK	image_id=49829269897451
2026-05-18 11:44:12	image-delete	delete_product_image	DELETE	https://oz-nails-wa.myshopify.com/admin/api/2024-10/products/9365127528683/images/49829270683883.json	9365127528683		images	200	OK	image_id=49829270683883
2026-05-18 11:44:14	image-delete	delete_product_image	DELETE	https://oz-nails-wa.myshopify.com/admin/api/2024-10/products/9365127594219/images/49829271306475.json	9365127594219		images	200	OK	image_id=49829271306475
2026-05-18 11:44:16	image-delete	delete_product_image	DELETE	https://oz-nails-wa.myshopify.com/admin/api/2024-10/products/9365127659755/images/49829271601387.json	9365127659755		images	200	OK	image_id=49829271601387
2026-05-18 11:44:18	image-delete	delete_product_image	DELETE	https://oz-nails-wa.myshopify.com/admin/api/2024-10/products/9365127725291/images/49829272223979.json	9365127725291		images	200	OK	image_id=49829272223979
2026-05-18 11:44:19	image-delete	delete_product_image	DELETE	https://oz-nails-wa.myshopify.com/admin/api/2024-10/products/9365127823595/images/49829272584427.json	9365127823595		images	200	OK	image_id=49829272584427
2026-05-18 11:44:21	image-delete	delete_product_image	DELETE	https://oz-nails-wa.myshopify.com/admin/api/2024-10/products/9365127921899/images/49829273141483.json	9365127921899		images	200	OK	image_id=49829273141483
2026-05-18 11:44:23	image-delete	delete_product_image	DELETE	https://oz-nails-wa.myshopify.com/admin/api/2024-10/products/9365127987435/images/49829273665771.json	9365127987435		images	200	OK	image_id=49829273665771
2026-05-18 11:44:25	image-delete	delete_product_image	DELETE	https://oz-nails-wa.myshopify.com/admin/api/2024-10/products/9365128052971/images/49829273993451.json	9365128052971		images	200	OK	image_id=49829273993451
2026-05-18 11:44:26	image-delete	delete_product_image	DELETE	https://oz-nails-wa.myshopify.com/admin/api/2024-10/products/9365128151275/images/49829274452203.json	9365128151275		images	200	OK	image_id=49829274452203
2026-05-18 11:44:28	image-delete	delete_product_image	DELETE	https://oz-nails-wa.myshopify.com/admin/api/2024-10/products/9365255160043/images/49829274976491.json	9365255160043		images	200	OK	image_id=49829274976491
2026-05-18 11:44:30	image-delete	delete_product_image	DELETE	https://oz-nails-wa.myshopify.com/admin/api/2024-10/products/9365255192811/images/49829275435243.json	9365255192811		images	200	OK	image_id=49829275435243
2026-05-18 11:44:32	image-delete	delete_product_image	DELETE	https://oz-nails-wa.myshopify.com/admin/api/2024-10/products/9365255291115/images/49829275893995.json	9365255291115		images	200	OK	image_id=49829275893995
2026-05-18 11:44:33	image-delete	delete_product_image	DELETE	https://oz-nails-wa.myshopify.com/admin/api/2024-10/products/9365255323883/images/49829276418283.json	9365255323883		images	200	OK	image_id=49829276418283
2026-05-18 11:44:35	image-delete	delete_product_image	DELETE	https://oz-nails-wa.myshopify.com/admin/api/2024-10/products/9365255356651/images/49829277040875.json	9365255356651		images	200	OK	image_id=49829277040875
2026-05-18 11:44:37	image-delete	delete_product_image	DELETE	https://oz-nails-wa.myshopify.com/admin/api/2024-10/products/9365255422187/images/49829277270251.json	9365255422187		images	200	OK	image_id=49829277270251
2026-05-18 11:44:39	image-delete	delete_product_image	DELETE	https://oz-nails-wa.myshopify.com/admin/api/2024-10/products/9365255454955/images/49829278023915.json	9365255454955		images	200	OK	image_id=49829278023915
2026-05-18 11:44:40	image-delete	delete_product_image	DELETE	https://oz-nails-wa.myshopify.com/admin/api/2024-10/products/9365255553259/images/49829278580971.json	9365255553259		images	200	OK	image_id=49829278580971
2026-05-18 11:44:42	image-delete	delete_product_image	DELETE	https://oz-nails-wa.myshopify.com/admin/api/2024-10/products/9365255586027/images/49829278810347.json	9365255586027		images	200	OK	image_id=49829278810347
2026-05-18 11:44:44	image-delete	delete_product_image	DELETE	https://oz-nails-wa.myshopify.com/admin/api/2024-10/products/9365255618795/images/49829279269099.json	9365255618795		images	200	OK	image_id=49829279269099
2026-05-18 11:44:46	image-delete	delete_product_image	DELETE	https://oz-nails-wa.myshopify.com/admin/api/2024-10/products/9365255651563/images/49829279629547.json	9365255651563		images	200	OK	image_id=49829279629547
2026-05-18 11:44:48	image-delete	delete_product_image	DELETE	https://oz-nails-wa.myshopify.com/admin/api/2024-10/products/9365255717099/images/49829280088299.json	9365255717099		images	200	OK	image_id=49829280088299
2026-05-18 11:44:50	image-delete	delete_product_image	DELETE	https://oz-nails-wa.myshopify.com/admin/api/2024-10/products/9365255749867/images/49829280284907.json	9365255749867		images	200	OK	image_id=49829280284907
2026-05-18 11:44:52	image-delete	delete_product_image	DELETE	https://oz-nails-wa.myshopify.com/admin/api/2024-10/products/9365255815403/images/49829280841963.json	9365255815403		images	200	OK	image_id=49829280841963
2026-05-18 11:44:54	image-delete	delete_product_image	DELETE	https://oz-nails-wa.myshopify.com/admin/api/2024-10/products/9365255913707/images/49829281366251.json	9365255913707		images	200	OK	image_id=49829281366251
2026-05-18 11:44:55	image-delete	delete_product_image	DELETE	https://oz-nails-wa.myshopify.com/admin/api/2024-10/products/9365256012011/images/49829281595627.json	9365256012011		images	200	OK	image_id=49829281595627
2026-05-18 11:44:58	image-delete	delete_product_image	DELETE	https://oz-nails-wa.myshopify.com/admin/api/2024-10/products/9365256143083/images/49829282152683.json	9365256143083		images	200	OK	image_id=49829282152683
2026-05-18 11:44:59	image-delete	delete_product_image	DELETE	https://oz-nails-wa.myshopify.com/admin/api/2024-10/products/9365256208619/images/49829282676971.json	9365256208619		images	200	OK	image_id=49829282676971
2026-05-18 11:45:01	image-delete	delete_product_image	DELETE	https://oz-nails-wa.myshopify.com/admin/api/2024-10/products/9365256306923/images/49829283004651.json	9365256306923		images	200	OK	image_id=49829283004651
2026-05-18 11:45:03	image-delete	delete_product_image	DELETE	https://oz-nails-wa.myshopify.com/admin/api/2024-10/products/9365256372459/images/49829283528939.json	9365256372459		images	200	OK	image_id=49829283528939
2026-05-18 11:45:05	image-delete	delete_product_image	DELETE	https://oz-nails-wa.myshopify.com/admin/api/2024-10/products/9365256503531/images/49829283758315.json	9365256503531		images	200	OK	image_id=49829283758315
2026-05-18 11:45:07	image-delete	delete_product_image	DELETE	https://oz-nails-wa.myshopify.com/admin/api/2024-10/products/9365256536299/images/49829283987691.json	9365256536299		images	200	OK	image_id=49829283987691
2026-05-18 11:45:08	image-delete	delete_product_image	DELETE	https://oz-nails-wa.myshopify.com/admin/api/2024-10/products/9365256601835/images/49829284544747.json	9365256601835		images	200	OK	image_id=49829284544747
2026-05-18 11:45:10	image-delete	delete_product_image	DELETE	https://oz-nails-wa.myshopify.com/admin/api/2024-10/products/9365256700139/images/49829285200107.json	9365256700139		images	200	OK	image_id=49829285200107
2026-05-18 11:45:12	image-delete	delete_product_image	DELETE	https://oz-nails-wa.myshopify.com/admin/api/2024-10/products/9365256732907/images/49829285396715.json	9365256732907		images	200	OK	image_id=49829285396715
2026-05-18 11:45:14	image-delete	delete_product_image	DELETE	https://oz-nails-wa.myshopify.com/admin/api/2024-10/products/9365256765675/images/49829285953771.json	9365256765675		images	200	OK	image_id=49829285953771
2026-05-18 11:45:16	image-delete	delete_product_image	DELETE	https://oz-nails-wa.myshopify.com/admin/api/2024-10/products/9365256798443/images/49829286183147.json	9365256798443		images	200	OK	image_id=49829286183147
2026-05-18 11:45:17	image-delete	delete_product_image	DELETE	https://oz-nails-wa.myshopify.com/admin/api/2024-10/products/9365256831211/images/49829286707435.json	9365256831211		images	200	OK	image_id=49829286707435
2026-05-18 11:45:19	image-delete	delete_product_image	DELETE	https://oz-nails-wa.myshopify.com/admin/api/2024-10/products/9365256896747/images/49829287198955.json	9365256896747		images	200	OK	image_id=49829287198955
2026-05-18 11:45:21	image-delete	delete_product_image	DELETE	https://oz-nails-wa.myshopify.com/admin/api/2024-10/products/9365256995051/images/49829287461099.json	9365256995051		images	200	OK	image_id=49829287461099
2026-05-18 11:45:23	image-delete	delete_product_image	DELETE	https://oz-nails-wa.myshopify.com/admin/api/2024-10/products/9365257027819/images/49829287952619.json	9365257027819		images	200	OK	image_id=49829287952619
2026-05-18 11:45:25	image-delete	delete_product_image	DELETE	https://oz-nails-wa.myshopify.com/admin/api/2024-10/products/9365257093355/images/49829288181995.json	9365257093355		images	200	OK	image_id=49829288181995
2026-05-18 11:45:26	image-delete	delete_product_image	DELETE	https://oz-nails-wa.myshopify.com/admin/api/2024-10/products/9365257126123/images/49829288771819.json	9365257126123		images	200	OK	image_id=49829288771819
2026-05-18 11:45:28	image-delete	delete_product_image	DELETE	https://oz-nails-wa.myshopify.com/admin/api/2024-10/products/9365257158891/images/49829289132267.json	9365257158891		images	200	OK	image_id=49829289132267
2026-05-18 11:45:30	image-delete	delete_product_image	DELETE	https://oz-nails-wa.myshopify.com/admin/api/2024-10/products/9365257191659/images/49829289591019.json	9365257191659		images	200	OK	image_id=49829289591019
2026-05-18 11:45:32	image-delete	delete_product_image	DELETE	https://oz-nails-wa.myshopify.com/admin/api/2024-10/products/9365257355499/images/49829290082539.json	9365257355499		images	200	OK	image_id=49829290082539
2026-05-18 11:45:33	image-delete	delete_product_image	DELETE	https://oz-nails-wa.myshopify.com/admin/api/2024-10/products/9365257388267/images/49829290311915.json	9365257388267		images	200	OK	image_id=49829290311915
2026-05-18 11:45:35	image-delete	delete_product_image	DELETE	https://oz-nails-wa.myshopify.com/admin/api/2024-10/products/9365257421035/images/49829290574059.json	9365257421035		images	200	OK	image_id=49829290574059
2026-05-18 11:45:37	image-delete	delete_product_image	DELETE	https://oz-nails-wa.myshopify.com/admin/api/2024-10/products/9365257453803/images/49829291065579.json	9365257453803		images	200	OK	image_id=49829291065579
2026-05-18 11:45:39	image-delete	delete_product_image	DELETE	https://oz-nails-wa.myshopify.com/admin/api/2024-10/products/9365257552107/images/49829291557099.json	9365257552107		images	200	OK	image_id=49829291557099
2026-05-18 11:45:41	image-delete	delete_product_image	DELETE	https://oz-nails-wa.myshopify.com/admin/api/2024-10/products/9365257715947/images/49829291819243.json	9365257715947		images	200	OK	image_id=49829291819243
2026-05-18 11:45:42	image-delete	delete_product_image	DELETE	https://oz-nails-wa.myshopify.com/admin/api/2024-10/products/9365257814251/images/49829292376299.json	9365257814251		images	200	OK	image_id=49829292376299
2026-05-18 11:45:44	image-delete	delete_product_image	DELETE	https://oz-nails-wa.myshopify.com/admin/api/2024-10/products/9365257879787/images/49829292572907.json	9365257879787		images	200	OK	image_id=49829292572907
2026-05-18 11:45:46	image-delete	delete_product_image	DELETE	https://oz-nails-wa.myshopify.com/admin/api/2024-10/products/9365257912555/images/49829293031659.json	9365257912555		images	200	OK	image_id=49829293031659
2026-05-18 11:45:47	image-delete	delete_product_image	DELETE	https://oz-nails-wa.myshopify.com/admin/api/2024-10/products/9365257945323/images/49829293523179.json	9365257945323		images	200	OK	image_id=49829293523179
2026-05-18 11:45:49	image-delete	delete_product_image	DELETE	https://oz-nails-wa.myshopify.com/admin/api/2024-10/products/9365257978091/images/49829294080235.json	9365257978091		images	200	OK	image_id=49829294080235
2026-05-18 11:45:51	image-delete	delete_product_image	DELETE	https://oz-nails-wa.myshopify.com/admin/api/2024-10/products/9365258076395/images/49829294571755.json	9365258076395		images	200	OK	image_id=49829294571755
2026-05-18 11:45:53	image-delete	delete_product_image	DELETE	https://oz-nails-wa.myshopify.com/admin/api/2024-10/products/9365258141931/images/49829295063275.json	9365258141931		images	200	OK	image_id=49829295063275
2026-05-18 11:45:55	image-delete	delete_product_image	DELETE	https://oz-nails-wa.myshopify.com/admin/api/2024-10/products/9365258174699/images/49829295587563.json	9365258174699		images	200	OK	image_id=49829295587563
2026-05-18 11:45:56	image-delete	delete_product_image	DELETE	https://oz-nails-wa.myshopify.com/admin/api/2024-10/products/9365258240235/images/49829296111851.json	9365258240235		images	200	OK	image_id=49829296111851
2026-05-18 11:45:58	image-delete	delete_product_image	DELETE	https://oz-nails-wa.myshopify.com/admin/api/2024-10/products/9365258305771/images/49829296603371.json	9365258305771		images	200	OK	image_id=49829296603371
2026-05-18 11:46:00	image-delete	delete_product_image	DELETE	https://oz-nails-wa.myshopify.com/admin/api/2024-10/products/9365258338539/images/49829297062123.json	9365258338539		images	200	OK	image_id=49829297062123
2026-05-18 11:46:01	image-delete	delete_product_image	DELETE	https://oz-nails-wa.myshopify.com/admin/api/2024-10/products/9365258469611/images/49829297881323.json	9365258469611		images	200	OK	image_id=49829297881323
2026-05-18 11:46:03	image-delete	delete_product_image	DELETE	https://oz-nails-wa.myshopify.com/admin/api/2024-10/products/9365258535147/images/49829298700523.json	9365258535147		images	200	OK	image_id=49829298700523
2026-05-18 11:46:05	image-delete	delete_product_image	DELETE	https://oz-nails-wa.myshopify.com/admin/api/2024-10/products/9365258567915/images/49829299355883.json	9365258567915		images	200	OK	image_id=49829299355883
2026-05-18 11:46:07	image-delete	delete_product_image	DELETE	https://oz-nails-wa.myshopify.com/admin/api/2024-10/products/9365258633451/images/49829300240619.json	9365258633451		images	200	OK	image_id=49829300240619
2026-05-18 11:46:08	image-delete	delete_product_image	DELETE	https://oz-nails-wa.myshopify.com/admin/api/2024-10/products/9365258666219/images/49829300830443.json	9365258666219		images	200	OK	image_id=49829300830443
2026-05-18 11:46:10	image-delete	delete_product_image	DELETE	https://oz-nails-wa.myshopify.com/admin/api/2024-10/products/9365258797291/images/49829301649643.json	9365258797291		images	200	OK	image_id=49829301649643
2026-05-18 11:46:12	image-delete	delete_product_image	DELETE	https://oz-nails-wa.myshopify.com/admin/api/2024-10/products/9365258830059/images/49829302305003.json	9365258830059		images	200	OK	image_id=49829302305003
2026-05-18 11:46:14	image-delete	delete_product_image	DELETE	https://oz-nails-wa.myshopify.com/admin/api/2024-10/products/9365258862827/images/49829302665451.json	9365258862827		images	200	OK	image_id=49829302665451
2026-05-18 11:46:15	image-delete	delete_product_image	DELETE	https://oz-nails-wa.myshopify.com/admin/api/2024-10/products/9365258895595/images/49829303189739.json	9365258895595		images	200	OK	image_id=49829303189739
2026-05-18 11:46:17	image-delete	delete_product_image	DELETE	https://oz-nails-wa.myshopify.com/admin/api/2024-10/products/9365258961131/images/49829303812331.json	9365258961131		images	200	OK	image_id=49829303812331
2026-05-18 11:46:19	image-delete	delete_product_image	DELETE	https://oz-nails-wa.myshopify.com/admin/api/2024-10/products/9365259026667/images/49829304467691.json	9365259026667		images	200	OK	image_id=49829304467691
2026-05-18 11:46:21	image-delete	delete_product_image	DELETE	https://oz-nails-wa.myshopify.com/admin/api/2024-10/products/9365259157739/images/49829305123051.json	9365259157739		images	200	OK	image_id=49829305123051
2026-05-18 11:46:23	image-delete	delete_product_image	DELETE	https://oz-nails-wa.myshopify.com/admin/api/2024-10/products/9365259190507/images/49829305581803.json	9365259190507		images	200	OK	image_id=49829305581803
2026-05-18 11:46:24	image-delete	delete_product_image	DELETE	https://oz-nails-wa.myshopify.com/admin/api/2024-10/products/9365259223275/images/49829306466539.json	9365259223275		images	200	OK	image_id=49829306466539
2026-05-18 11:46:26	image-delete	delete_product_image	DELETE	https://oz-nails-wa.myshopify.com/admin/api/2024-10/products/9365259288811/images/49829307121899.json	9365259288811		images	200	OK	image_id=49829307121899
2026-05-18 11:46:28	image-delete	delete_product_image	DELETE	https://oz-nails-wa.myshopify.com/admin/api/2024-10/products/9365259387115/images/49829308006635.json	9365259387115		images	200	OK	image_id=49829308006635
2026-05-18 11:46:30	image-delete	delete_product_image	DELETE	https://oz-nails-wa.myshopify.com/admin/api/2024-10/products/9365259419883/images/49829308858603.json	9365259419883		images	200	OK	image_id=49829308858603
2026-05-18 11:46:31	image-delete	delete_product_image	DELETE	https://oz-nails-wa.myshopify.com/admin/api/2024-10/products/9365259452651/images/49829309546731.json	9365259452651		images	200	OK	image_id=49829309546731
2026-05-18 11:46:33	image-delete	delete_product_image	DELETE	https://oz-nails-wa.myshopify.com/admin/api/2024-10/products/9365259518187/images/49829310300395.json	9365259518187		images	200	OK	image_id=49829310300395
2026-05-18 11:46:35	image-delete	delete_product_image	DELETE	https://oz-nails-wa.myshopify.com/admin/api/2024-10/products/9365259616491/images/49829310824683.json	9365259616491		images	200	OK	image_id=49829310824683
2026-05-18 11:46:37	image-delete	delete_product_image	DELETE	https://oz-nails-wa.myshopify.com/admin/api/2024-10/products/9365259649259/images/49829311742187.json	9365259649259		images	200	OK	image_id=49829311742187
2026-05-18 11:46:39	image-delete	delete_product_image	DELETE	https://oz-nails-wa.myshopify.com/admin/api/2024-10/products/9365259747563/images/49829312332011.json	9365259747563		images	200	OK	image_id=49829312332011
2026-05-18 11:46:41	image-delete	delete_product_image	DELETE	https://oz-nails-wa.myshopify.com/admin/api/2024-10/products/9365259813099/images/49829313085675.json	9365259813099		images	200	OK	image_id=49829313085675
2026-05-18 11:46:42	image-delete	delete_product_image	DELETE	https://oz-nails-wa.myshopify.com/admin/api/2024-10/products/9365259911403/images/49829313708267.json	9365259911403		images	200	OK	image_id=49829313708267
2026-05-18 11:46:44	image-delete	delete_product_image	DELETE	https://oz-nails-wa.myshopify.com/admin/api/2024-10/products/9365259944171/images/49829314461931.json	9365259944171		images	200	OK	image_id=49829314461931
2026-05-18 11:46:46	image-delete	delete_product_image	DELETE	https://oz-nails-wa.myshopify.com/admin/api/2024-10/products/9365259976939/images/49829315543275.json	9365259976939		images	200	OK	image_id=49829315543275
2026-05-18 11:46:48	image-delete	delete_product_image	DELETE	https://oz-nails-wa.myshopify.com/admin/api/2024-10/products/9365265252587/images/49829316034795.json	9365265252587		images	200	OK	image_id=49829316034795
2026-05-18 11:46:49	image-delete	delete_product_image	DELETE	https://oz-nails-wa.myshopify.com/admin/api/2024-10/products/9365265318123/images/49829316821227.json	9365265318123		images	200	OK	image_id=49829316821227
2026-05-18 11:46:51	image-delete	delete_product_image	DELETE	https://oz-nails-wa.myshopify.com/admin/api/2024-10/products/9365260009707/images/49829317542123.json	9365260009707		images	200	OK	image_id=49829317542123
2026-05-18 11:46:53	image-delete	delete_product_image	DELETE	https://oz-nails-wa.myshopify.com/admin/api/2024-10/products/9365260075243/images/49829318131947.json	9365260075243		images	200	OK	image_id=49829318131947
2026-05-18 11:46:55	image-delete	delete_product_image	DELETE	https://oz-nails-wa.myshopify.com/admin/api/2024-10/products/9365260173547/images/49829319049451.json	9365260173547		images	200	OK	image_id=49829319049451
2026-05-18 11:46:56	image-delete	delete_product_image	DELETE	https://oz-nails-wa.myshopify.com/admin/api/2024-10/products/9365260239083/images/49829319770347.json	9365260239083		images	200	OK	image_id=49829319770347
2026-05-18 11:46:58	image-delete	delete_product_image	DELETE	https://oz-nails-wa.myshopify.com/admin/api/2024-10/products/9365260271851/images/49829320458475.json	9365260271851		images	200	OK	image_id=49829320458475
2026-05-18 11:47:00	image-delete	delete_product_image	DELETE	https://oz-nails-wa.myshopify.com/admin/api/2024-10/products/9365260304619/images/49829321310443.json	9365260304619		images	200	OK	image_id=49829321310443
2026-05-18 11:47:02	image-delete	delete_product_image	DELETE	https://oz-nails-wa.myshopify.com/admin/api/2024-10/products/9365260435691/images/49829322260715.json	9365260435691		images	200	OK	image_id=49829322260715
2026-05-18 11:47:04	image-delete	delete_product_image	DELETE	https://oz-nails-wa.myshopify.com/admin/api/2024-10/products/9365260468459/images/49829322883307.json	9365260468459		images	200	OK	image_id=49829322883307
2026-05-18 11:47:06	image-delete	delete_product_image	DELETE	https://oz-nails-wa.myshopify.com/admin/api/2024-10/products/9365260533995/images/49829323800811.json	9365260533995		images	200	OK	image_id=49829323800811
2026-05-18 11:47:07	image-delete	delete_product_image	DELETE	https://oz-nails-wa.myshopify.com/admin/api/2024-10/products/9365260566763/images/49829324456171.json	9365260566763		images	200	OK	image_id=49829324456171
2026-05-18 11:47:09	image-delete	delete_product_image	DELETE	https://oz-nails-wa.myshopify.com/admin/api/2024-10/products/9365260632299/images/49829325209835.json	9365260632299		images	200	OK	image_id=49829325209835
2026-05-18 11:47:11	image-delete	delete_product_image	DELETE	https://oz-nails-wa.myshopify.com/admin/api/2024-10/products/9365260730603/images/49829325897963.json	9365260730603		images	200	OK	image_id=49829325897963
2026-05-18 11:47:13	image-delete	delete_product_image	DELETE	https://oz-nails-wa.myshopify.com/admin/api/2024-10/products/9365260796139/images/49829326586091.json	9365260796139		images	200	OK	image_id=49829326586091
2026-05-18 11:47:14	image-delete	delete_product_image	DELETE	https://oz-nails-wa.myshopify.com/admin/api/2024-10/products/9365260828907/images/49829327405291.json	9365260828907		images	200	OK	image_id=49829327405291
2026-05-18 11:47:16	image-delete	delete_product_image	DELETE	https://oz-nails-wa.myshopify.com/admin/api/2024-10/products/9365260927211/images/49829328158955.json	9365260927211		images	200	OK	image_id=49829328158955
2026-05-18 11:47:18	image-delete	delete_product_image	DELETE	https://oz-nails-wa.myshopify.com/admin/api/2024-10/products/9365260992747/images/49829329010923.json	9365260992747		images	200	OK	image_id=49829329010923
2026-05-18 11:47:20	image-delete	delete_product_image	DELETE	https://oz-nails-wa.myshopify.com/admin/api/2024-10/products/9365261025515/images/49829329862891.json	9365261025515		images	200	OK	image_id=49829329862891
2026-05-18 11:47:22	image-delete	delete_product_image	DELETE	https://oz-nails-wa.myshopify.com/admin/api/2024-10/products/9365261091051/images/49829330354411.json	9365261091051		images	200	OK	image_id=49829330354411
2026-05-18 11:47:23	image-delete	delete_product_image	DELETE	https://oz-nails-wa.myshopify.com/admin/api/2024-10/products/9365261123819/images/49829331173611.json	9365261123819		images	200	OK	image_id=49829331173611
2026-05-18 11:47:25	image-delete	delete_product_image	DELETE	https://oz-nails-wa.myshopify.com/admin/api/2024-10/products/9365261254891/images/49829331894507.json	9365261254891		images	200	OK	image_id=49829331894507
2026-05-18 11:47:27	image-delete	delete_product_image	DELETE	https://oz-nails-wa.myshopify.com/admin/api/2024-10/products/9365261287659/images/49829332713707.json	9365261287659		images	200	OK	image_id=49829332713707
2026-05-18 11:47:29	image-delete	delete_product_image	DELETE	https://oz-nails-wa.myshopify.com/admin/api/2024-10/products/9365261353195/images/49829333369067.json	9365261353195		images	200	OK	image_id=49829333369067
2026-05-18 11:47:30	image-delete	delete_product_image	DELETE	https://oz-nails-wa.myshopify.com/admin/api/2024-10/products/9365261385963/images/49829334089963.json	9365261385963		images	200	OK	image_id=49829334089963
2026-05-18 11:47:32	image-delete	delete_product_image	DELETE	https://oz-nails-wa.myshopify.com/admin/api/2024-10/products/9365261549803/images/49829334909163.json	9365261549803		images	200	OK	image_id=49829334909163
2026-05-18 11:47:34	image-delete	delete_product_image	DELETE	https://oz-nails-wa.myshopify.com/admin/api/2024-10/products/9365261582571/images/49829335597291.json	9365261582571		images	200	OK	image_id=49829335597291
2026-05-18 11:47:36	image-delete	delete_product_image	DELETE	https://oz-nails-wa.myshopify.com/admin/api/2024-10/products/9365261648107/images/49829336514795.json	9365261648107		images	200	OK	image_id=49829336514795
2026-05-18 11:47:38	image-delete	delete_product_image	DELETE	https://oz-nails-wa.myshopify.com/admin/api/2024-10/products/9365261779179/images/49829337399531.json	9365261779179		images	200	OK	image_id=49829337399531
2026-05-18 11:47:39	image-delete	delete_product_image	DELETE	https://oz-nails-wa.myshopify.com/admin/api/2024-10/products/9365261877483/images/49829338185963.json	9365261877483		images	200	OK	image_id=49829338185963
2026-05-18 11:47:41	image-delete	delete_product_image	DELETE	https://oz-nails-wa.myshopify.com/admin/api/2024-10/products/9365261910251/images/49829338939627.json	9365261910251		images	200	OK	image_id=49829338939627
2026-05-18 11:47:43	image-delete	delete_product_image	DELETE	https://oz-nails-wa.myshopify.com/admin/api/2024-10/products/9365262074091/images/49829339857131.json	9365262074091		images	200	OK	image_id=49829339857131
2026-05-18 11:47:45	image-delete	delete_product_image	DELETE	https://oz-nails-wa.myshopify.com/admin/api/2024-10/products/9365262139627/images/49829340676331.json	9365262139627		images	200	OK	image_id=49829340676331
2026-05-18 11:47:46	image-delete	delete_product_image	DELETE	https://oz-nails-wa.myshopify.com/admin/api/2024-10/products/9365262205163/images/49829341331691.json	9365262205163		images	200	OK	image_id=49829341331691
2026-05-18 11:47:48	image-delete	delete_product_image	DELETE	https://oz-nails-wa.myshopify.com/admin/api/2024-10/products/9365262336235/images/49829341921515.json	9365262336235		images	200	OK	image_id=49829341921515
2026-05-18 11:47:50	image-delete	delete_product_image	DELETE	https://oz-nails-wa.myshopify.com/admin/api/2024-10/products/9365262401771/images/49829342642411.json	9365262401771		images	200	OK	image_id=49829342642411
2026-05-18 11:47:52	image-delete	delete_product_image	DELETE	https://oz-nails-wa.myshopify.com/admin/api/2024-10/products/9365262434539/images/49829343428843.json	9365262434539		images	200	OK	image_id=49829343428843
2026-05-18 11:47:53	image-delete	delete_product_image	DELETE	https://oz-nails-wa.myshopify.com/admin/api/2024-10/products/9365262500075/images/49829344084203.json	9365262500075		images	200	OK	image_id=49829344084203
2026-05-18 11:47:55	image-delete	delete_product_image	DELETE	https://oz-nails-wa.myshopify.com/admin/api/2024-10/products/9365262598379/images/49829344641259.json	9365262598379		images	200	OK	image_id=49829344641259
2026-05-18 11:47:57	image-delete	delete_product_image	DELETE	https://oz-nails-wa.myshopify.com/admin/api/2024-10/products/9365262663915/images/49829345362155.json	9365262663915		images	200	OK	image_id=49829345362155
2026-05-18 11:47:59	image-delete	delete_product_image	DELETE	https://oz-nails-wa.myshopify.com/admin/api/2024-10/products/9365262729451/images/49829345820907.json	9365262729451		images	200	OK	image_id=49829345820907
2026-05-18 11:48:00	image-delete	delete_product_image	DELETE	https://oz-nails-wa.myshopify.com/admin/api/2024-10/products/9365262860523/images/49829346443499.json	9365262860523		images	200	OK	image_id=49829346443499
2026-05-18 11:48:02	image-delete	delete_product_image	DELETE	https://oz-nails-wa.myshopify.com/admin/api/2024-10/products/9365100855531/images/49829347164395.json	9365100855531		images	200	OK	image_id=49829347164395
2026-05-18 11:48:04	image-delete	delete_product_image	DELETE	https://oz-nails-wa.myshopify.com/admin/api/2024-10/products/9365100921067/images/49829347721451.json	9365100921067		images	200	OK	image_id=49829347721451
2026-05-18 11:48:06	image-delete	delete_product_image	DELETE	https://oz-nails-wa.myshopify.com/admin/api/2024-10/products/9365100986603/images/49829348540651.json	9365100986603		images	200	OK	image_id=49829348540651
2026-05-18 11:48:08	image-delete	delete_product_image	DELETE	https://oz-nails-wa.myshopify.com/admin/api/2024-10/products/9365101084907/images/49829349097707.json	9365101084907		images	200	OK	image_id=49829349097707
2026-05-18 11:48:10	image-delete	delete_product_image	DELETE	https://oz-nails-wa.myshopify.com/admin/api/2024-10/products/9365101150443/images/49829349884139.json	9365101150443		images	200	OK	image_id=49829349884139
2026-05-18 11:48:11	image-delete	delete_product_image	DELETE	https://oz-nails-wa.myshopify.com/admin/api/2024-10/products/9365101314283/images/49829350736107.json	9365101314283		images	200	OK	image_id=49829350736107
2026-05-18 11:48:13	image-delete	delete_product_image	DELETE	https://oz-nails-wa.myshopify.com/admin/api/2024-10/products/9365101445355/images/49829351293163.json	9365101445355		images	200	OK	image_id=49829351293163
2026-05-18 11:48:15	image-delete	delete_product_image	DELETE	https://oz-nails-wa.myshopify.com/admin/api/2024-10/products/9365101510891/images/49829352210667.json	9365101510891		images	200	OK	image_id=49829352210667
2026-05-18 11:48:17	image-delete	delete_product_image	DELETE	https://oz-nails-wa.myshopify.com/admin/api/2024-10/products/9365101543659/images/49829352964331.json	9365101543659		images	200	OK	image_id=49829352964331
2026-05-18 11:48:18	image-delete	delete_product_image	DELETE	https://oz-nails-wa.myshopify.com/admin/api/2024-10/products/9365101641963/images/49829353685227.json	9365101641963		images	200	OK	image_id=49829353685227
2026-05-18 11:48:20	image-delete	delete_product_image	DELETE	https://oz-nails-wa.myshopify.com/admin/api/2024-10/products/9365101707499/images/49829356863723.json	9365101707499		images	200	OK	image_id=49829356863723
2026-05-18 11:48:22	image-delete	delete_product_image	DELETE	https://oz-nails-wa.myshopify.com/admin/api/2024-10/products/9365101773035/images/49829360140523.json	9365101773035		images	200	OK	image_id=49829360140523
2026-05-18 11:48:24	image-delete	delete_product_image	DELETE	https://oz-nails-wa.myshopify.com/admin/api/2024-10/products/9365101805803/images/49829363351787.json	9365101805803		images	200	OK	image_id=49829363351787
2026-05-18 11:48:25	image-delete	delete_product_image	DELETE	https://oz-nails-wa.myshopify.com/admin/api/2024-10/products/9365101838571/images/49829366464747.json	9365101838571		images	200	OK	image_id=49829366464747
2026-05-18 11:48:28	image-delete	delete_product_image	DELETE	https://oz-nails-wa.myshopify.com/admin/api/2024-10/products/9365102002411/images/49829369807083.json	9365102002411		images	200	OK	image_id=49829369807083
2026-05-18 11:48:29	image-delete	delete_product_image	DELETE	https://oz-nails-wa.myshopify.com/admin/api/2024-10/products/9365102100715/images/49829370921195.json	9365102100715		images	200	OK	image_id=49829370921195
2026-05-18 11:48:31	image-delete	delete_product_image	DELETE	https://oz-nails-wa.myshopify.com/admin/api/2024-10/products/9365102264555/images/49829371773163.json	9365102264555		images	200	OK	image_id=49829371773163
2026-05-18 11:48:33	image-delete	delete_product_image	DELETE	https://oz-nails-wa.myshopify.com/admin/api/2024-10/products/9365102362859/images/49829372461291.json	9365102362859		images	200	OK	image_id=49829372461291
2026-05-18 11:48:35	image-delete	delete_product_image	DELETE	https://oz-nails-wa.myshopify.com/admin/api/2024-10/products/9365102395627/images/49829373280491.json	9365102395627		images	200	OK	image_id=49829373280491
2026-05-18 11:48:36	image-delete	delete_product_image	DELETE	https://oz-nails-wa.myshopify.com/admin/api/2024-10/products/9365102428395/images/49829373706475.json	9365102428395		images	200	OK	image_id=49829373706475
2026-05-18 11:48:38	image-delete	delete_product_image	DELETE	https://oz-nails-wa.myshopify.com/admin/api/2024-10/products/9365102461163/images/49829374460139.json	9365102461163		images	200	OK	image_id=49829374460139
2026-05-18 11:48:40	image-delete	delete_product_image	DELETE	https://oz-nails-wa.myshopify.com/admin/api/2024-10/products/9365102493931/images/49829375344875.json	9365102493931		images	200	OK	image_id=49829375344875
2026-05-18 11:48:42	image-delete	delete_product_image	DELETE	https://oz-nails-wa.myshopify.com/admin/api/2024-10/products/9365102559467/images/49829375803627.json	9365102559467		images	200	OK	image_id=49829375803627
2026-05-18 11:48:44	image-delete	delete_product_image	DELETE	https://oz-nails-wa.myshopify.com/admin/api/2024-10/products/9365102625003/images/49829376393451.json	9365102625003		images	200	OK	image_id=49829376393451
2026-05-18 11:48:46	image-delete	delete_product_image	DELETE	https://oz-nails-wa.myshopify.com/admin/api/2024-10/products/9365102657771/images/49829376852203.json	9365102657771		images	200	OK	image_id=49829376852203
2026-05-18 11:48:48	image-delete	delete_product_image	DELETE	https://oz-nails-wa.myshopify.com/admin/api/2024-10/products/9365102690539/images/49829377507563.json	9365102690539		images	200	OK	image_id=49829377507563
2026-05-18 11:48:50	image-delete	delete_product_image	DELETE	https://oz-nails-wa.myshopify.com/admin/api/2024-10/products/9365102756075/images/49829378195691.json	9365102756075		images	200	OK	image_id=49829378195691
2026-05-18 11:48:51	image-delete	delete_product_image	DELETE	https://oz-nails-wa.myshopify.com/admin/api/2024-10/products/9365102854379/images/49829378523371.json	9365102854379		images	200	OK	image_id=49829378523371
2026-05-18 11:48:53	image-delete	delete_product_image	DELETE	https://oz-nails-wa.myshopify.com/admin/api/2024-10/products/9365102952683/images/49829379145963.json	9365102952683		images	200	OK	image_id=49829379145963
2026-05-18 11:48:55	image-delete	delete_product_image	DELETE	https://oz-nails-wa.myshopify.com/admin/api/2024-10/products/9365102985451/images/49829379571947.json	9365102985451		images	200	OK	image_id=49829379571947
2026-05-18 11:48:57	image-delete	delete_product_image	DELETE	https://oz-nails-wa.myshopify.com/admin/api/2024-10/products/9365103018219/images/49829380292843.json	9365103018219		images	200	OK	image_id=49829380292843
2026-05-18 11:48:59	image-delete	delete_product_image	DELETE	https://oz-nails-wa.myshopify.com/admin/api/2024-10/products/9365103050987/images/49829380915435.json	9365103050987		images	200	OK	image_id=49829380915435
2026-05-18 11:49:01	image-delete	delete_product_image	DELETE	https://oz-nails-wa.myshopify.com/admin/api/2024-10/products/9365103083755/images/49829381669099.json	9365103083755		images	200	OK	image_id=49829381669099
2026-05-18 11:49:02	image-delete	delete_product_image	DELETE	https://oz-nails-wa.myshopify.com/admin/api/2024-10/products/9365103116523/images/49829382160619.json	9365103116523		images	200	OK	image_id=49829382160619
2026-05-18 11:49:04	image-delete	delete_product_image	DELETE	https://oz-nails-wa.myshopify.com/admin/api/2024-10/products/9365103182059/images/49829382881515.json	9365103182059		images	200	OK	image_id=49829382881515
2026-05-18 11:49:06	image-delete	delete_product_image	DELETE	https://oz-nails-wa.myshopify.com/admin/api/2024-10/products/9365103214827/images/49829383667947.json	9365103214827		images	200	OK	image_id=49829383667947
2026-05-18 11:49:08	image-delete	delete_product_image	DELETE	https://oz-nails-wa.myshopify.com/admin/api/2024-10/products/9365103280363/images/49829384126699.json	9365103280363		images	200	OK	image_id=49829384126699
2026-05-18 11:49:09	image-delete	delete_product_image	DELETE	https://oz-nails-wa.myshopify.com/admin/api/2024-10/products/9365103313131/images/49829384880363.json	9365103313131		images	200	OK	image_id=49829384880363
2026-05-18 11:49:11	image-delete	delete_product_image	DELETE	https://oz-nails-wa.myshopify.com/admin/api/2024-10/products/9365103378667/images/49829385339115.json	9365103378667		images	200	OK	image_id=49829385339115
2026-05-18 11:49:13	image-delete	delete_product_image	DELETE	https://oz-nails-wa.myshopify.com/admin/api/2024-10/products/9365103411435/images/49829386289387.json	9365103411435		images	200	OK	image_id=49829386289387
2026-05-18 11:49:15	image-delete	delete_product_image	DELETE	https://oz-nails-wa.myshopify.com/admin/api/2024-10/products/9365103444203/images/49829386715371.json	9365103444203		images	200	OK	image_id=49829386715371
2026-05-18 11:49:16	image-delete	delete_product_image	DELETE	https://oz-nails-wa.myshopify.com/admin/api/2024-10/products/9365103476971/images/49829387665643.json	9365103476971		images	200	OK	image_id=49829387665643
2026-05-18 11:49:18	image-delete	delete_product_image	DELETE	https://oz-nails-wa.myshopify.com/admin/api/2024-10/products/9365103509739/images/49829388288235.json	9365103509739		images	200	OK	image_id=49829388288235
2026-05-18 11:49:20	image-delete	delete_product_image	DELETE	https://oz-nails-wa.myshopify.com/admin/api/2024-10/products/9365103608043/images/49829388779755.json	9365103608043		images	200	OK	image_id=49829388779755
2026-05-18 11:49:22	image-delete	delete_product_image	DELETE	https://oz-nails-wa.myshopify.com/admin/api/2024-10/products/9365103640811/images/49829389598955.json	9365103640811		images	200	OK	image_id=49829389598955
2026-05-18 11:49:23	image-delete	delete_product_image	DELETE	https://oz-nails-wa.myshopify.com/admin/api/2024-10/products/9365103673579/images/49829390352619.json	9365103673579		images	200	OK	image_id=49829390352619
2026-05-18 11:49:25	image-delete	delete_product_image	DELETE	https://oz-nails-wa.myshopify.com/admin/api/2024-10/products/9365103706347/images/49829390811371.json	9365103706347		images	200	OK	image_id=49829390811371
2026-05-18 11:49:27	image-delete	delete_product_image	DELETE	https://oz-nails-wa.myshopify.com/admin/api/2024-10/products/9365103739115/images/49829391696107.json	9365103739115		images	200	OK	image_id=49829391696107
2026-05-18 11:49:29	image-delete	delete_product_image	DELETE	https://oz-nails-wa.myshopify.com/admin/api/2024-10/products/9365103804651/images/49829392154859.json	9365103804651		images	200	OK	image_id=49829392154859
2026-05-18 11:49:31	image-delete	delete_product_image	DELETE	https://oz-nails-wa.myshopify.com/admin/api/2024-10/products/9365103837419/images/49829393039595.json	9365103837419		images	200	OK	image_id=49829393039595
2026-05-18 11:49:32	image-delete	delete_product_image	DELETE	https://oz-nails-wa.myshopify.com/admin/api/2024-10/products/9365103870187/images/49829394546923.json	9365103870187		images	200	OK	image_id=49829394546923
2026-05-18 11:49:34	image-delete	delete_product_image	DELETE	https://oz-nails-wa.myshopify.com/admin/api/2024-10/products/9365103902955/images/49829398053099.json	9365103902955		images	200	OK	image_id=49829398053099
2026-05-18 11:49:36	image-delete	delete_product_image	DELETE	https://oz-nails-wa.myshopify.com/admin/api/2024-10/products/9365103935723/images/49829399691499.json	9365103935723		images	200	OK	image_id=49829399691499
2026-05-18 11:49:38	image-delete	delete_product_image	DELETE	https://oz-nails-wa.myshopify.com/admin/api/2024-10/products/9365104034027/images/49829401428203.json	9365104034027		images	200	OK	image_id=49829401428203
2026-05-18 11:49:39	image-delete	delete_product_image	DELETE	https://oz-nails-wa.myshopify.com/admin/api/2024-10/products/9365104066795/images/49829402116331.json	9365104066795		images	200	OK	image_id=49829402116331
2026-05-18 11:49:41	image-delete	delete_product_image	DELETE	https://oz-nails-wa.myshopify.com/admin/api/2024-10/products/9365104132331/images/49829402968299.json	9365104132331		images	200	OK	image_id=49829402968299
2026-05-18 11:49:43	image-delete	delete_product_image	DELETE	https://oz-nails-wa.myshopify.com/admin/api/2024-10/products/9365104165099/images/49829403427051.json	9365104165099		images	200	OK	image_id=49829403427051
2026-05-18 11:49:45	image-delete	delete_product_image	DELETE	https://oz-nails-wa.myshopify.com/admin/api/2024-10/products/9365104197867/images/49829404180715.json	9365104197867		images	200	OK	image_id=49829404180715
2026-05-18 11:49:47	image-delete	delete_product_image	DELETE	https://oz-nails-wa.myshopify.com/admin/api/2024-10/products/9365104328939/images/49829404606699.json	9365104328939		images	200	OK	image_id=49829404606699
2026-05-18 11:49:48	image-delete	delete_product_image	DELETE	https://oz-nails-wa.myshopify.com/admin/api/2024-10/products/9365104394475/images/49829405524203.json	9365104394475		images	200	OK	image_id=49829405524203
2026-05-18 11:49:50	image-delete	delete_product_image	DELETE	https://oz-nails-wa.myshopify.com/admin/api/2024-10/products/9365104460011/images/49829406114027.json	9365104460011		images	200	OK	image_id=49829406114027
2026-05-18 11:49:52	image-delete	delete_product_image	DELETE	https://oz-nails-wa.myshopify.com/admin/api/2024-10/products/9365104492779/images/49829406703851.json	9365104492779		images	200	OK	image_id=49829406703851
2026-05-18 11:49:54	image-delete	delete_product_image	DELETE	https://oz-nails-wa.myshopify.com/admin/api/2024-10/products/9365104558315/images/49829407424747.json	9365104558315		images	200	OK	image_id=49829407424747
2026-05-18 11:49:55	image-delete	delete_product_image	DELETE	https://oz-nails-wa.myshopify.com/admin/api/2024-10/products/9365104623851/images/49829408145643.json	9365104623851		images	200	OK	image_id=49829408145643
2026-05-18 11:49:57	image-delete	delete_product_image	DELETE	https://oz-nails-wa.myshopify.com/admin/api/2024-10/products/9365104656619/images/49829408866539.json	9365104656619		images	200	OK	image_id=49829408866539
2026-05-18 11:49:59	image-delete	delete_product_image	DELETE	https://oz-nails-wa.myshopify.com/admin/api/2024-10/products/9365104722155/images/49829409751275.json	9365104722155		images	200	OK	image_id=49829409751275
2026-05-18 11:50:01	image-delete	delete_product_image	DELETE	https://oz-nails-wa.myshopify.com/admin/api/2024-10/products/9365104820459/images/49829410144491.json	9365104820459		images	200	OK	image_id=49829410144491
2026-05-18 11:50:02	image-delete	delete_product_image	DELETE	https://oz-nails-wa.myshopify.com/admin/api/2024-10/products/9365104885995/images/49829410963691.json	9365104885995		images	200	OK	image_id=49829410963691
2026-05-18 11:50:04	image-delete	delete_product_image	DELETE	https://oz-nails-wa.myshopify.com/admin/api/2024-10/products/9365104951531/images/49829411553515.json	9365104951531		images	200	OK	image_id=49829411553515
2026-05-18 11:50:06	image-delete	delete_product_image	DELETE	https://oz-nails-wa.myshopify.com/admin/api/2024-10/products/9365104984299/images/49829412274411.json	9365104984299		images	200	OK	image_id=49829412274411
2026-05-18 11:50:08	image-delete	delete_product_image	DELETE	https://oz-nails-wa.myshopify.com/admin/api/2024-10/products/9365105017067/images/49829413191915.json	9365105017067		images	200	OK	image_id=49829413191915
2026-05-18 11:50:09	image-delete	delete_product_image	DELETE	https://oz-nails-wa.myshopify.com/admin/api/2024-10/products/9365105049835/images/49829413617899.json	9365105049835		images	200	OK	image_id=49829413617899
2026-05-18 11:50:11	image-delete	delete_product_image	DELETE	https://oz-nails-wa.myshopify.com/admin/api/2024-10/products/9365105115371/images/49829414371563.json	9365105115371		images	200	OK	image_id=49829414371563
2026-05-18 11:50:13	image-delete	delete_product_image	DELETE	https://oz-nails-wa.myshopify.com/admin/api/2024-10/products/9365105213675/images/49829414863083.json	9365105213675		images	200	OK	image_id=49829414863083
2026-05-18 11:50:15	image-delete	delete_product_image	DELETE	https://oz-nails-wa.myshopify.com/admin/api/2024-10/products/9365105311979/images/49829415616747.json	9365105311979		images	200	OK	image_id=49829415616747
2026-05-18 11:50:17	image-delete	delete_product_image	DELETE	https://oz-nails-wa.myshopify.com/admin/api/2024-10/products/9365105410283/images/49829416206571.json	9365105410283		images	200	OK	image_id=49829416206571
2026-05-18 11:50:18	image-delete	delete_product_image	DELETE	https://oz-nails-wa.myshopify.com/admin/api/2024-10/products/9365105443051/images/49829416698091.json	9365105443051		images	200	OK	image_id=49829416698091
2026-05-18 11:50:20	image-delete	delete_product_image	DELETE	https://oz-nails-wa.myshopify.com/admin/api/2024-10/products/9365105508587/images/49829417779435.json	9365105508587		images	200	OK	image_id=49829417779435
2026-05-18 11:50:22	image-delete	delete_product_image	DELETE	https://oz-nails-wa.myshopify.com/admin/api/2024-10/products/9365105541355/images/49829418500331.json	9365105541355		images	200	OK	image_id=49829418500331
2026-05-18 11:50:24	image-delete	delete_product_image	DELETE	https://oz-nails-wa.myshopify.com/admin/api/2024-10/products/9365105574123/images/49829419122923.json	9365105574123		images	200	OK	image_id=49829419122923
2026-05-18 11:50:25	image-delete	delete_product_image	DELETE	https://oz-nails-wa.myshopify.com/admin/api/2024-10/products/9365105639659/images/49829419942123.json	9365105639659		images	200	OK	image_id=49829419942123
2026-05-18 11:50:27	image-delete	delete_product_image	DELETE	https://oz-nails-wa.myshopify.com/admin/api/2024-10/products/9365105672427/images/49829420859627.json	9365105672427		images	200	OK	image_id=49829420859627
2026-05-18 11:50:29	image-delete	delete_product_image	DELETE	https://oz-nails-wa.myshopify.com/admin/api/2024-10/products/9365105803499/images/49829421711595.json	9365105803499		images	200	OK	image_id=49829421711595
2026-05-18 11:50:31	image-delete	delete_product_image	DELETE	https://oz-nails-wa.myshopify.com/admin/api/2024-10/products/9365105901803/images/49829422301419.json	9365105901803		images	200	OK	image_id=49829422301419
2026-05-18 11:50:33	image-delete	delete_product_image	DELETE	https://oz-nails-wa.myshopify.com/admin/api/2024-10/products/9365106032875/images/49829423055083.json	9365106032875		images	200	OK	image_id=49829423055083
2026-05-18 11:50:34	image-delete	delete_product_image	DELETE	https://oz-nails-wa.myshopify.com/admin/api/2024-10/products/9365106098411/images/49829423677675.json	9365106098411		images	200	OK	image_id=49829423677675
2026-05-18 11:50:36	image-delete	delete_product_image	DELETE	https://oz-nails-wa.myshopify.com/admin/api/2024-10/products/9365106163947/images/49829424300267.json	9365106163947		images	200	OK	image_id=49829424300267
2026-05-18 11:50:38	image-delete	delete_product_image	DELETE	https://oz-nails-wa.myshopify.com/admin/api/2024-10/products/9365106327787/images/49829425185003.json	9365106327787		images	200	OK	image_id=49829425185003
2026-05-18 11:50:40	image-delete	delete_product_image	DELETE	https://oz-nails-wa.myshopify.com/admin/api/2024-10/products/9365106393323/images/49829425807595.json	9365106393323		images	200	OK	image_id=49829425807595
2026-05-18 11:50:41	image-delete	delete_product_image	DELETE	https://oz-nails-wa.myshopify.com/admin/api/2024-10/products/9365106458859/images/49829426528491.json	9365106458859		images	200	OK	image_id=49829426528491
2026-05-18 11:50:43	image-delete	delete_product_image	DELETE	https://oz-nails-wa.myshopify.com/admin/api/2024-10/products/9365106491627/images/49829427347691.json	9365106491627		images	200	OK	image_id=49829427347691
2026-05-18 11:50:45	image-delete	delete_product_image	DELETE	https://oz-nails-wa.myshopify.com/admin/api/2024-10/products/9365106589931/images/49829428166891.json	9365106589931		images	200	OK	image_id=49829428166891
2026-05-18 11:50:47	image-delete	delete_product_image	DELETE	https://oz-nails-wa.myshopify.com/admin/api/2024-10/products/9365106688235/images/49829428658411.json	9365106688235		images	200	OK	image_id=49829428658411
2026-05-18 11:50:49	image-delete	delete_product_image	DELETE	https://oz-nails-wa.myshopify.com/admin/api/2024-10/products/9365106786539/images/49829429739755.json	9365106786539		images	200	OK	image_id=49829429739755
2026-05-18 11:50:50	image-delete	delete_product_image	DELETE	https://oz-nails-wa.myshopify.com/admin/api/2024-10/products/9365106852075/images/49829430362347.json	9365106852075		images	200	OK	image_id=49829430362347
2026-05-18 11:50:52	image-delete	delete_product_image	DELETE	https://oz-nails-wa.myshopify.com/admin/api/2024-10/products/9365106950379/images/49829431214315.json	9365106950379		images	200	OK	image_id=49829431214315
2026-05-18 11:50:54	image-delete	delete_product_image	DELETE	https://oz-nails-wa.myshopify.com/admin/api/2024-10/products/9365107015915/images/49829432099051.json	9365107015915		images	200	OK	image_id=49829432099051
2026-05-18 11:50:56	image-delete	delete_product_image	DELETE	https://oz-nails-wa.myshopify.com/admin/api/2024-10/products/9365107146987/images/49829432426731.json	9365107146987		images	200	OK	image_id=49829432426731
2026-05-18 11:50:57	image-delete	delete_product_image	DELETE	https://oz-nails-wa.myshopify.com/admin/api/2024-10/products/9365107212523/images/49829432983787.json	9365107212523		images	200	OK	image_id=49829432983787
2026-05-18 11:50:59	image-delete	delete_product_image	DELETE	https://oz-nails-wa.myshopify.com/admin/api/2024-10/products/9365107278059/images/49829433245931.json	9365107278059		images	200	OK	image_id=49829433245931
2026-05-18 11:51:01	image-delete	delete_product_image	DELETE	https://oz-nails-wa.myshopify.com/admin/api/2024-10/products/9365107310827/images/49829433737451.json	9365107310827		images	200	OK	image_id=49829433737451
2026-05-18 11:51:03	image-delete	delete_product_image	DELETE	https://oz-nails-wa.myshopify.com/admin/api/2024-10/products/9365107376363/images/49829434261739.json	9365107376363		images	200	OK	image_id=49829434261739
2026-05-18 11:51:05	image-delete	delete_product_image	DELETE	https://oz-nails-wa.myshopify.com/admin/api/2024-10/products/9365107474667/images/49829434523883.json	9365107474667		images	200	OK	image_id=49829434523883
2026-05-18 11:51:07	image-delete	delete_product_image	DELETE	https://oz-nails-wa.myshopify.com/admin/api/2024-10/products/9365107638507/images/49829434982635.json	9365107638507		images	200	OK	image_id=49829434982635
2026-05-18 11:51:08	image-delete	delete_product_image	DELETE	https://oz-nails-wa.myshopify.com/admin/api/2024-10/products/9365107704043/images/49829435244779.json	9365107704043		images	200	OK	image_id=49829435244779
2026-05-18 11:51:10	image-delete	delete_product_image	DELETE	https://oz-nails-wa.myshopify.com/admin/api/2024-10/products/9365107769579/images/49829435736299.json	9365107769579		images	200	OK	image_id=49829435736299
2026-05-18 11:51:12	image-delete	delete_product_image	DELETE	https://oz-nails-wa.myshopify.com/admin/api/2024-10/products/9365107835115/images/49829436326123.json	9365107835115		images	200	OK	image_id=49829436326123
2026-05-18 11:51:14	image-delete	delete_product_image	DELETE	https://oz-nails-wa.myshopify.com/admin/api/2024-10/products/9365107933419/images/49829436555499.json	9365107933419		images	200	OK	image_id=49829436555499
2026-05-18 11:51:15	image-delete	delete_product_image	DELETE	https://oz-nails-wa.myshopify.com/admin/api/2024-10/products/9365108064491/images/49829436948715.json	9365108064491		images	200	OK	image_id=49829436948715
2026-05-18 11:51:17	image-delete	delete_product_image	DELETE	https://oz-nails-wa.myshopify.com/admin/api/2024-10/products/9365108130027/images/49829437374699.json	9365108130027		images	200	OK	image_id=49829437374699
2026-05-18 11:51:19	image-delete	delete_product_image	DELETE	https://oz-nails-wa.myshopify.com/admin/api/2024-10/products/9365108228331/images/49829437833451.json	9365108228331		images	200	OK	image_id=49829437833451
2026-05-18 11:51:20	image-delete	delete_product_image	DELETE	https://oz-nails-wa.myshopify.com/admin/api/2024-10/products/9365108359403/images/49829437997291.json	9365108359403		images	200	OK	image_id=49829437997291
2026-05-18 11:51:22	image-delete	delete_product_image	DELETE	https://oz-nails-wa.myshopify.com/admin/api/2024-10/products/9365108490475/images/49829438423275.json	9365108490475		images	200	OK	image_id=49829438423275
2026-05-18 11:51:24	image-delete	delete_product_image	DELETE	https://oz-nails-wa.myshopify.com/admin/api/2024-10/products/9365108556011/images/49829438619883.json	9365108556011		images	200	OK	image_id=49829438619883
2026-05-18 11:51:26	image-delete	delete_product_image	DELETE	https://oz-nails-wa.myshopify.com/admin/api/2024-10/products/9365108621547/images/49829439078635.json	9365108621547		images	200	OK	image_id=49829439078635
2026-05-18 11:51:28	image-delete	delete_product_image	DELETE	https://oz-nails-wa.myshopify.com/admin/api/2024-10/products/9365108719851/images/49829439504619.json	9365108719851		images	200	OK	image_id=49829439504619
2026-05-18 11:51:29	image-delete	delete_product_image	DELETE	https://oz-nails-wa.myshopify.com/admin/api/2024-10/products/9365108818155/images/49829439668459.json	9365108818155		images	200	OK	image_id=49829439668459
2026-05-18 11:51:31	image-delete	delete_product_image	DELETE	https://oz-nails-wa.myshopify.com/admin/api/2024-10/products/9365108850923/images/49829440127211.json	9365108850923		images	200	OK	image_id=49829440127211
2026-05-18 11:51:33	image-delete	delete_product_image	DELETE	https://oz-nails-wa.myshopify.com/admin/api/2024-10/products/9365108916459/images/49829440356587.json	9365108916459		images	200	OK	image_id=49829440356587
2026-05-18 11:51:35	image-delete	delete_product_image	DELETE	https://oz-nails-wa.myshopify.com/admin/api/2024-10/products/9365109014763/images/49829440815339.json	9365109014763		images	200	OK	image_id=49829440815339
2026-05-18 11:51:36	image-delete	delete_product_image	DELETE	https://oz-nails-wa.myshopify.com/admin/api/2024-10/products/9365109080299/images/49829441011947.json	9365109080299		images	200	OK	image_id=49829441011947
2026-05-18 11:51:38	image-delete	delete_product_image	DELETE	https://oz-nails-wa.myshopify.com/admin/api/2024-10/products/9365109178603/images/49829441208555.json	9365109178603		images	200	OK	image_id=49829441208555
2026-05-18 11:51:40	image-delete	delete_product_image	DELETE	https://oz-nails-wa.myshopify.com/admin/api/2024-10/products/9365109244139/images/49829441667307.json	9365109244139		images	200	OK	image_id=49829441667307
2026-05-18 11:51:42	image-delete	delete_product_image	DELETE	https://oz-nails-wa.myshopify.com/admin/api/2024-10/products/9365109309675/images/49829442126059.json	9365109309675		images	200	OK	image_id=49829442126059
2026-05-18 11:51:43	image-delete	delete_product_image	DELETE	https://oz-nails-wa.myshopify.com/admin/api/2024-10/products/9365109407979/images/49829442453739.json	9365109407979		images	200	OK	image_id=49829442453739
2026-05-18 11:51:45	image-delete	delete_product_image	DELETE	https://oz-nails-wa.myshopify.com/admin/api/2024-10/products/9365109473515/images/49829442945259.json	9365109473515		images	200	OK	image_id=49829442945259
2026-05-18 11:51:47	image-delete	delete_product_image	DELETE	https://oz-nails-wa.myshopify.com/admin/api/2024-10/products/9365109539051/images/49829443076331.json	9365109539051		images	200	OK	image_id=49829443076331
2026-05-18 11:51:49	image-delete	delete_product_image	DELETE	https://oz-nails-wa.myshopify.com/admin/api/2024-10/products/9365109604587/images/49829443633387.json	9365109604587		images	200	OK	image_id=49829443633387
2026-05-18 11:51:51	image-delete	delete_product_image	DELETE	https://oz-nails-wa.myshopify.com/admin/api/2024-10/products/9365109702891/images/49829443829995.json	9365109702891		images	200	OK	image_id=49829443829995
2026-05-18 11:51:53	image-delete	delete_product_image	DELETE	https://oz-nails-wa.myshopify.com/admin/api/2024-10/products/9365109833963/images/49829444288747.json	9365109833963		images	200	OK	image_id=49829444288747
2026-05-18 11:51:54	image-delete	delete_product_image	DELETE	https://oz-nails-wa.myshopify.com/admin/api/2024-10/products/9365109932267/images/49829444583659.json	9365109932267		images	200	OK	image_id=49829444583659
2026-05-18 11:51:57	image-delete	delete_product_image	DELETE	https://oz-nails-wa.myshopify.com/admin/api/2024-10/products/9365110063339/images/49829445009643.json	9365110063339		images	200	OK	image_id=49829445009643
2026-05-18 11:51:58	image-delete	delete_product_image	DELETE	https://oz-nails-wa.myshopify.com/admin/api/2024-10/products/9365110194411/images/49829445239019.json	9365110194411		images	200	OK	image_id=49829445239019
2026-05-18 11:52:00	image-delete	delete_product_image	DELETE	https://oz-nails-wa.myshopify.com/admin/api/2024-10/products/9365110259947/images/49829445599467.json	9365110259947		images	200	OK	image_id=49829445599467
2026-05-18 11:52:02	image-delete	delete_product_image	DELETE	https://oz-nails-wa.myshopify.com/admin/api/2024-10/products/9365110358251/images/49829445796075.json	9365110358251		images	200	OK	image_id=49829445796075
2026-05-18 11:52:04	image-delete	delete_product_image	DELETE	https://oz-nails-wa.myshopify.com/admin/api/2024-10/products/9365110456555/images/49829446287595.json	9365110456555		images	200	OK	image_id=49829446287595
2026-05-18 11:52:05	image-delete	delete_product_image	DELETE	https://oz-nails-wa.myshopify.com/admin/api/2024-10/products/9365110587627/images/49829446484203.json	9365110587627		images	200	OK	image_id=49829446484203
2026-05-18 11:52:07	image-delete	delete_product_image	DELETE	https://oz-nails-wa.myshopify.com/admin/api/2024-10/products/9365110685931/images/49829447008491.json	9365110685931		images	200	OK	image_id=49829447008491
2026-05-18 11:52:09	image-delete	delete_product_image	DELETE	https://oz-nails-wa.myshopify.com/admin/api/2024-10/products/9365110751467/images/49829447172331.json	9365110751467		images	200	OK	image_id=49829447172331
2026-05-18 11:52:11	image-delete	delete_product_image	DELETE	https://oz-nails-wa.myshopify.com/admin/api/2024-10/products/9365110882539/images/49829447663851.json	9365110882539		images	200	OK	image_id=49829447663851
2026-05-18 11:52:13	image-delete	delete_product_image	DELETE	https://oz-nails-wa.myshopify.com/admin/api/2024-10/products/9365110980843/images/49829447827691.json	9365110980843		images	200	OK	image_id=49829447827691
2026-05-18 11:52:15	image-delete	delete_product_image	DELETE	https://oz-nails-wa.myshopify.com/admin/api/2024-10/products/9365111079147/images/49829448384747.json	9365111079147		images	200	OK	image_id=49829448384747
2026-05-18 11:52:17	image-delete	delete_product_image	DELETE	https://oz-nails-wa.myshopify.com/admin/api/2024-10/products/9365111144683/images/49829448843499.json	9365111144683		images	200	OK	image_id=49829448843499
2026-05-18 11:52:18	image-delete	delete_product_image	DELETE	https://oz-nails-wa.myshopify.com/admin/api/2024-10/products/9365111210219/images/49829449040107.json	9365111210219		images	200	OK	image_id=49829449040107
2026-05-18 11:52:20	image-delete	delete_product_image	DELETE	https://oz-nails-wa.myshopify.com/admin/api/2024-10/products/9365111308523/images/49829449498859.json	9365111308523		images	200	OK	image_id=49829449498859
2026-05-18 11:52:22	image-delete	delete_product_image	DELETE	https://oz-nails-wa.myshopify.com/admin/api/2024-10/products/9365111406827/images/49829449695467.json	9365111406827		images	200	OK	image_id=49829449695467
2026-05-18 11:52:24	image-delete	delete_product_image	DELETE	https://oz-nails-wa.myshopify.com/admin/api/2024-10/products/9365111472363/images/49829450219755.json	9365111472363		images	200	OK	image_id=49829450219755
2026-05-18 11:52:25	image-delete	delete_product_image	DELETE	https://oz-nails-wa.myshopify.com/admin/api/2024-10/products/9365111701739/images/49829450580203.json	9365111701739		images	200	OK	image_id=49829450580203
2026-05-18 11:52:27	image-delete	delete_product_image	DELETE	https://oz-nails-wa.myshopify.com/admin/api/2024-10/products/9365111931115/images/49829451202795.json	9365111931115		images	200	OK	image_id=49829451202795
2026-05-18 11:52:29	image-delete	delete_product_image	DELETE	https://oz-nails-wa.myshopify.com/admin/api/2024-10/products/9365112062187/images/49829451399403.json	9365112062187		images	200	OK	image_id=49829451399403
2026-05-18 11:52:31	image-delete	delete_product_image	DELETE	https://oz-nails-wa.myshopify.com/admin/api/2024-10/products/9365112324331/images/49829451858155.json	9365112324331		images	200	OK	image_id=49829451858155
2026-05-18 11:52:33	image-delete	delete_product_image	DELETE	https://oz-nails-wa.myshopify.com/admin/api/2024-10/products/9365112488171/images/49829452054763.json	9365112488171		images	200	OK	image_id=49829452054763
2026-05-18 11:52:34	image-delete	delete_product_image	DELETE	https://oz-nails-wa.myshopify.com/admin/api/2024-10/products/9365112619243/images/49829452218603.json	9365112619243		images	200	OK	image_id=49829452218603
2026-05-18 11:52:36	image-delete	delete_product_image	DELETE	https://oz-nails-wa.myshopify.com/admin/api/2024-10/products/9365112684779/images/49829452611819.json	9365112684779		images	200	OK	image_id=49829452611819
2026-05-18 11:52:38	image-delete	delete_product_image	DELETE	https://oz-nails-wa.myshopify.com/admin/api/2024-10/products/9365112783083/images/49829453463787.json	9365112783083		images	200	OK	image_id=49829453463787
2026-05-18 11:52:40	image-delete	delete_product_image	DELETE	https://oz-nails-wa.myshopify.com/admin/api/2024-10/products/9365112881387/images/49829453693163.json	9365112881387		images	200	OK	image_id=49829453693163
2026-05-18 11:52:42	image-delete	delete_product_image	DELETE	https://oz-nails-wa.myshopify.com/admin/api/2024-10/products/9365112946923/images/49829454151915.json	9365112946923		images	200	OK	image_id=49829454151915
2026-05-18 11:52:43	image-delete	delete_product_image	DELETE	https://oz-nails-wa.myshopify.com/admin/api/2024-10/products/9365113012459/images/49829454348523.json	9365113012459		images	200	OK	image_id=49829454348523
2026-05-18 11:52:45	image-delete	delete_product_image	DELETE	https://oz-nails-wa.myshopify.com/admin/api/2024-10/products/9365113077995/images/49829454807275.json	9365113077995		images	200	OK	image_id=49829454807275
2026-05-18 11:52:47	image-delete	delete_product_image	DELETE	https://oz-nails-wa.myshopify.com/admin/api/2024-10/products/9365113143531/images/49829454971115.json	9365113143531		images	200	OK	image_id=49829454971115
2026-05-18 11:52:48	image-delete	delete_product_image	DELETE	https://oz-nails-wa.myshopify.com/admin/api/2024-10/products/9365113241835/images/49829455724779.json	9365113241835		images	200	OK	image_id=49829455724779
2026-05-18 11:52:50	image-delete	delete_product_image	DELETE	https://oz-nails-wa.myshopify.com/admin/api/2024-10/products/9365113340139/images/49829455954155.json	9365113340139		images	200	OK	image_id=49829455954155
2026-05-18 11:52:52	image-delete	delete_product_image	DELETE	https://oz-nails-wa.myshopify.com/admin/api/2024-10/products/9365113405675/images/49829456445675.json	9365113405675		images	200	OK	image_id=49829456445675
2026-05-18 11:52:54	image-delete	delete_product_image	DELETE	https://oz-nails-wa.myshopify.com/admin/api/2024-10/products/9365113471211/images/49829456642283.json	9365113471211		images	200	OK	image_id=49829456642283
2026-05-18 11:52:56	image-delete	delete_product_image	DELETE	https://oz-nails-wa.myshopify.com/admin/api/2024-10/products/9365113569515/images/49829457068267.json	9365113569515		images	200	OK	image_id=49829457068267
2026-05-18 11:52:58	image-delete	delete_product_image	DELETE	https://oz-nails-wa.myshopify.com/admin/api/2024-10/products/9365113635051/images/49829458084075.json	9365113635051		images	200	OK	image_id=49829458084075
2026-05-18 11:52:59	image-delete	delete_product_image	DELETE	https://oz-nails-wa.myshopify.com/admin/api/2024-10/products/9365113766123/images/49829458608363.json	9365113766123		images	200	OK	image_id=49829458608363
2026-05-18 11:53:01	image-delete	delete_product_image	DELETE	https://oz-nails-wa.myshopify.com/admin/api/2024-10/products/9365113897195/images/49829459099883.json	9365113897195		images	200	OK	image_id=49829459099883
2026-05-18 11:53:03	image-delete	delete_product_image	DELETE	https://oz-nails-wa.myshopify.com/admin/api/2024-10/products/9365113995499/images/49829459362027.json	9365113995499		images	200	OK	image_id=49829459362027
2026-05-18 11:53:05	image-delete	delete_product_image	DELETE	https://oz-nails-wa.myshopify.com/admin/api/2024-10/products/9365114093803/images/49829459820779.json	9365114093803		images	200	OK	image_id=49829459820779
2026-05-18 11:53:07	image-delete	delete_product_image	DELETE	https://oz-nails-wa.myshopify.com/admin/api/2024-10/products/9365114126571/images/49829460181227.json	9365114126571		images	200	OK	image_id=49829460181227
2026-05-18 11:53:08	image-delete	delete_product_image	DELETE	https://oz-nails-wa.myshopify.com/admin/api/2024-10/products/9365114257643/images/49829460377835.json	9365114257643		images	200	OK	image_id=49829460377835
2026-05-18 11:53:10	image-delete	delete_product_image	DELETE	https://oz-nails-wa.myshopify.com/admin/api/2024-10/products/9365114323179/images/49829461393643.json	9365114323179		images	200	OK	image_id=49829461393643
2026-05-18 11:53:12	image-delete	delete_product_image	DELETE	https://oz-nails-wa.myshopify.com/admin/api/2024-10/products/9365114388715/images/49829461590251.json	9365114388715		images	200	OK	image_id=49829461590251
2026-05-18 11:53:14	image-delete	delete_product_image	DELETE	https://oz-nails-wa.myshopify.com/admin/api/2024-10/products/9365114519787/images/49829462049003.json	9365114519787		images	200	OK	image_id=49829462049003
2026-05-18 11:53:16	image-delete	delete_product_image	DELETE	https://oz-nails-wa.myshopify.com/admin/api/2024-10/products/9365114585323/images/49829462245611.json	9365114585323		images	200	OK	image_id=49829462245611
2026-05-18 11:53:17	image-delete	delete_product_image	DELETE	https://oz-nails-wa.myshopify.com/admin/api/2024-10/products/9365114650859/images/49829462802667.json	9365114650859		images	200	OK	image_id=49829462802667
2026-05-18 11:53:19	image-delete	delete_product_image	DELETE	https://oz-nails-wa.myshopify.com/admin/api/2024-10/products/9365114716395/images/49829463032043.json	9365114716395		images	200	OK	image_id=49829463032043
2026-05-18 11:53:21	image-delete	delete_product_image	DELETE	https://oz-nails-wa.myshopify.com/admin/api/2024-10/products/9365114814699/images/49829463458027.json	9365114814699		images	200	OK	image_id=49829463458027
2026-05-18 11:53:23	image-delete	delete_product_image	DELETE	https://oz-nails-wa.myshopify.com/admin/api/2024-10/products/9365114913003/images/49829463687403.json	9365114913003		images	200	OK	image_id=49829463687403
2026-05-18 11:53:25	image-delete	delete_product_image	DELETE	https://oz-nails-wa.myshopify.com/admin/api/2024-10/products/9365115011307/images/49829464080619.json	9365115011307		images	200	OK	image_id=49829464080619
2026-05-18 11:53:27	image-delete	delete_product_image	DELETE	https://oz-nails-wa.myshopify.com/admin/api/2024-10/products/9365115207915/images/49829464277227.json	9365115207915		images	200	OK	image_id=49829464277227
2026-05-18 11:53:29	image-delete	delete_product_image	DELETE	https://oz-nails-wa.myshopify.com/admin/api/2024-10/products/9365115437291/images/49829464703211.json	9365115437291		images	200	OK	image_id=49829464703211
2026-05-18 11:53:30	image-delete	delete_product_image	DELETE	https://oz-nails-wa.myshopify.com/admin/api/2024-10/products/9365115601131/images/49829465129195.json	9365115601131		images	200	OK	image_id=49829465129195
2026-05-18 11:53:32	image-delete	delete_product_image	DELETE	https://oz-nails-wa.myshopify.com/admin/api/2024-10/products/9365115732203/images/49829465325803.json	9365115732203		images	200	OK	image_id=49829465325803
2026-05-18 11:53:34	image-delete	delete_product_image	DELETE	https://oz-nails-wa.myshopify.com/admin/api/2024-10/products/9365115830507/images/49829465751787.json	9365115830507		images	200	OK	image_id=49829465751787
2026-05-18 11:53:36	image-delete	delete_product_image	DELETE	https://oz-nails-wa.myshopify.com/admin/api/2024-10/products/9365115896043/images/49829466046699.json	9365115896043		images	200	OK	image_id=49829466046699
2026-05-18 11:53:38	image-delete	delete_product_image	DELETE	https://oz-nails-wa.myshopify.com/admin/api/2024-10/products/9365115928811/images/49829466407147.json	9365115928811		images	200	OK	image_id=49829466407147
2026-05-18 11:53:40	image-delete	delete_product_image	DELETE	https://oz-nails-wa.myshopify.com/admin/api/2024-10/products/9365116092651/images/49829466964203.json	9365116092651		images	200	OK	image_id=49829466964203
2026-05-18 11:53:42	image-delete	delete_product_image	DELETE	https://oz-nails-wa.myshopify.com/admin/api/2024-10/products/9365116190955/images/49829467521259.json	9365116190955		images	200	OK	image_id=49829467521259
2026-05-18 11:53:43	image-delete	delete_product_image	DELETE	https://oz-nails-wa.myshopify.com/admin/api/2024-10/products/9365116256491/images/49829467685099.json	9365116256491		images	200	OK	image_id=49829467685099
2026-05-18 11:53:45	image-delete	delete_product_image	DELETE	https://oz-nails-wa.myshopify.com/admin/api/2024-10/products/9365116354795/images/49829467881707.json	9365116354795		images	200	OK	image_id=49829467881707
2026-05-18 11:53:47	image-delete	delete_product_image	DELETE	https://oz-nails-wa.myshopify.com/admin/api/2024-10/products/9365116453099/images/49829468045547.json	9365116453099		images	200	OK	image_id=49829468045547
2026-05-18 11:53:49	image-delete	delete_product_image	DELETE	https://oz-nails-wa.myshopify.com/admin/api/2024-10/products/9365116551403/images/49829468471531.json	9365116551403		images	200	OK	image_id=49829468471531
2026-05-18 11:53:51	image-delete	delete_product_image	DELETE	https://oz-nails-wa.myshopify.com/admin/api/2024-10/products/9365116616939/images/49829468963051.json	9365116616939		images	200	OK	image_id=49829468963051
2026-05-18 11:53:52	image-delete	delete_product_image	DELETE	https://oz-nails-wa.myshopify.com/admin/api/2024-10/products/9365116715243/images/49829469126891.json	9365116715243		images	200	OK	image_id=49829469126891
2026-05-18 11:53:54	image-delete	delete_product_image	DELETE	https://oz-nails-wa.myshopify.com/admin/api/2024-10/products/9365116780779/images/49829469585643.json	9365116780779		images	200	OK	image_id=49829469585643
2026-05-18 11:53:56	image-delete	delete_product_image	DELETE	https://oz-nails-wa.myshopify.com/admin/api/2024-10/products/9365116846315/images/49829469815019.json	9365116846315		images	200	OK	image_id=49829469815019
2026-05-18 11:53:58	image-delete	delete_product_image	DELETE	https://oz-nails-wa.myshopify.com/admin/api/2024-10/products/9365116944619/images/49829470339307.json	9365116944619		images	200	OK	image_id=49829470339307
2026-05-18 11:54:00	image-delete	delete_product_image	DELETE	https://oz-nails-wa.myshopify.com/admin/api/2024-10/products/9365117010155/images/49829470732523.json	9365117010155		images	200	OK	image_id=49829470732523
2026-05-18 11:54:01	image-delete	delete_product_image	DELETE	https://oz-nails-wa.myshopify.com/admin/api/2024-10/products/9365117141227/images/49829471191275.json	9365117141227		images	200	OK	image_id=49829471191275
2026-05-18 11:54:03	image-delete	delete_product_image	DELETE	https://oz-nails-wa.myshopify.com/admin/api/2024-10/products/9365117239531/images/49829471682795.json	9365117239531		images	200	OK	image_id=49829471682795
2026-05-18 11:54:05	image-delete	delete_product_image	DELETE	https://oz-nails-wa.myshopify.com/admin/api/2024-10/products/9365117370603/images/49829471846635.json	9365117370603		images	200	OK	image_id=49829471846635
2026-05-18 11:54:07	image-delete	delete_product_image	DELETE	https://oz-nails-wa.myshopify.com/admin/api/2024-10/products/9365117436139/images/49829472272619.json	9365117436139		images	200	OK	image_id=49829472272619
2026-05-18 11:54:08	image-delete	delete_product_image	DELETE	https://oz-nails-wa.myshopify.com/admin/api/2024-10/products/9365117534443/images/49829472665835.json	9365117534443		images	200	OK	image_id=49829472665835
2026-05-18 11:54:11	image-delete	delete_product_image	DELETE	https://oz-nails-wa.myshopify.com/admin/api/2024-10/products/9365117599979/images/49829473288427.json	9365117599979		images	200	OK	image_id=49829473288427
2026-05-18 11:54:12	image-delete	delete_product_image	DELETE	https://oz-nails-wa.myshopify.com/admin/api/2024-10/products/9365117665515/images/49829473550571.json	9365117665515		images	200	OK	image_id=49829473550571
2026-05-18 11:54:14	image-delete	delete_product_image	DELETE	https://oz-nails-wa.myshopify.com/admin/api/2024-10/products/9365117731051/images/49829474205931.json	9365117731051		images	200	OK	image_id=49829474205931
2026-05-18 11:54:16	image-delete	delete_product_image	DELETE	https://oz-nails-wa.myshopify.com/admin/api/2024-10/products/9365117829355/images/49829474435307.json	9365117829355		images	200	OK	image_id=49829474435307
2026-05-18 11:54:18	image-delete	delete_product_image	DELETE	https://oz-nails-wa.myshopify.com/admin/api/2024-10/products/9365117894891/images/49829474861291.json	9365117894891		images	200	OK	image_id=49829474861291
2026-05-18 11:54:19	image-delete	delete_product_image	DELETE	https://oz-nails-wa.myshopify.com/admin/api/2024-10/products/9365117960427/images/49829475123435.json	9365117960427		images	200	OK	image_id=49829475123435
2026-05-18 11:54:21	image-delete	delete_product_image	DELETE	https://oz-nails-wa.myshopify.com/admin/api/2024-10/products/9365118025963/images/49829475614955.json	9365118025963		images	200	OK	image_id=49829475614955
2026-05-18 11:54:23	image-delete	delete_product_image	DELETE	https://oz-nails-wa.myshopify.com/admin/api/2024-10/products/9365118091499/images/49829475844331.json	9365118091499		images	200	OK	image_id=49829475844331
2026-05-18 11:54:25	image-delete	delete_product_image	DELETE	https://oz-nails-wa.myshopify.com/admin/api/2024-10/products/9365118124267/images/49829476532459.json	9365118124267		images	200	OK	image_id=49829476532459
2026-05-18 11:54:26	image-delete	delete_product_image	DELETE	https://oz-nails-wa.myshopify.com/admin/api/2024-10/products/9365118255339/images/49829476729067.json	9365118255339		images	200	OK	image_id=49829476729067
2026-05-18 11:54:28	image-delete	delete_product_image	DELETE	https://oz-nails-wa.myshopify.com/admin/api/2024-10/products/9365118353643/images/49829477318891.json	9365118353643		images	200	OK	image_id=49829477318891
2026-05-18 11:54:30	image-delete	delete_product_image	DELETE	https://oz-nails-wa.myshopify.com/admin/api/2024-10/products/9365118419179/images/49829477777643.json	9365118419179		images	200	OK	image_id=49829477777643
2026-05-18 11:54:32	image-delete	delete_product_image	DELETE	https://oz-nails-wa.myshopify.com/admin/api/2024-10/products/9365118484715/images/49829477974251.json	9365118484715		images	200	OK	image_id=49829477974251
2026-05-18 11:54:34	image-delete	delete_product_image	DELETE	https://oz-nails-wa.myshopify.com/admin/api/2024-10/products/9365118517483/images/49829478433003.json	9365118517483		images	200	OK	image_id=49829478433003
2026-05-18 11:54:35	image-delete	delete_product_image	DELETE	https://oz-nails-wa.myshopify.com/admin/api/2024-10/products/9365118648555/images/49829478596843.json	9365118648555		images	200	OK	image_id=49829478596843
2026-05-18 11:54:37	image-delete	delete_product_image	DELETE	https://oz-nails-wa.myshopify.com/admin/api/2024-10/products/9365118746859/images/49829479514347.json	9365118746859		images	200	OK	image_id=49829479514347
2026-05-18 11:54:39	image-delete	delete_product_image	DELETE	https://oz-nails-wa.myshopify.com/admin/api/2024-10/products/9365118812395/images/49829479645419.json	9365118812395		images	200	OK	image_id=49829479645419
2026-05-18 11:54:41	image-delete	delete_product_image	DELETE	https://oz-nails-wa.myshopify.com/admin/api/2024-10/products/9365118877931/images/49829480005867.json	9365118877931		images	200	OK	image_id=49829480005867
2026-05-18 11:54:42	image-delete	delete_product_image	DELETE	https://oz-nails-wa.myshopify.com/admin/api/2024-10/products/9365118910699/images/49829480333547.json	9365118910699		images	200	OK	image_id=49829480333547
2026-05-18 11:54:44	image-delete	delete_product_image	DELETE	https://oz-nails-wa.myshopify.com/admin/api/2024-10/products/9365118976235/images/49829480792299.json	9365118976235		images	200	OK	image_id=49829480792299
2026-05-18 11:54:46	image-delete	delete_product_image	DELETE	https://oz-nails-wa.myshopify.com/admin/api/2024-10/products/9365119074539/images/49829481513195.json	9365119074539		images	200	OK	image_id=49829481513195
2026-05-18 11:54:48	image-delete	delete_product_image	DELETE	https://oz-nails-wa.myshopify.com/admin/api/2024-10/products/9365119140075/images/49829481971947.json	9365119140075		images	200	OK	image_id=49829481971947
2026-05-18 11:54:50	image-delete	delete_product_image	DELETE	https://oz-nails-wa.myshopify.com/admin/api/2024-10/products/9365119205611/images/49829482856683.json	9365119205611		images	200	OK	image_id=49829482856683
2026-05-18 11:54:52	image-delete	delete_product_image	DELETE	https://oz-nails-wa.myshopify.com/admin/api/2024-10/products/9365119271147/images/49829483610347.json	9365119271147		images	200	OK	image_id=49829483610347
2026-05-18 11:54:53	image-delete	delete_product_image	DELETE	https://oz-nails-wa.myshopify.com/admin/api/2024-10/products/9365119369451/images/49829484069099.json	9365119369451		images	200	OK	image_id=49829484069099
2026-05-18 11:54:55	image-delete	delete_product_image	DELETE	https://oz-nails-wa.myshopify.com/admin/api/2024-10/products/9365119467755/images/49829484953835.json	9365119467755		images	200	OK	image_id=49829484953835
2026-05-18 11:54:57	image-delete	delete_product_image	DELETE	https://oz-nails-wa.myshopify.com/admin/api/2024-10/products/9365119533291/images/49829485412587.json	9365119533291		images	200	OK	image_id=49829485412587
2026-05-18 11:54:59	image-delete	delete_product_image	DELETE	https://oz-nails-wa.myshopify.com/admin/api/2024-10/products/9365119598827/images/49829486067947.json	9365119598827		images	200	OK	image_id=49829486067947
2026-05-18 11:55:01	image-delete	delete_product_image	DELETE	https://oz-nails-wa.myshopify.com/admin/api/2024-10/products/9365119664363/images/49829486559467.json	9365119664363		images	200	OK	image_id=49829486559467
2026-05-18 11:55:03	image-delete	delete_product_image	DELETE	https://oz-nails-wa.myshopify.com/admin/api/2024-10/products/9365119697131/images/49829487345899.json	9365119697131		images	200	OK	image_id=49829487345899
2026-05-18 11:55:04	image-delete	delete_product_image	DELETE	https://oz-nails-wa.myshopify.com/admin/api/2024-10/products/9365119795435/images/49829487706347.json	9365119795435		images	200	OK	image_id=49829487706347
2026-05-18 11:55:06	image-delete	delete_product_image	DELETE	https://oz-nails-wa.myshopify.com/admin/api/2024-10/products/9365119893739/images/49829488623851.json	9365119893739		images	200	OK	image_id=49829488623851
2026-05-18 11:55:08	image-delete	delete_product_image	DELETE	https://oz-nails-wa.myshopify.com/admin/api/2024-10/products/9365119992043/images/49829489279211.json	9365119992043		images	200	OK	image_id=49829489279211
2026-05-18 11:55:10	image-delete	delete_product_image	DELETE	https://oz-nails-wa.myshopify.com/admin/api/2024-10/products/9365120057579/images/49829490688235.json	9365120057579		images	200	OK	image_id=49829490688235
2026-05-18 11:55:12	image-delete	delete_product_image	DELETE	https://oz-nails-wa.myshopify.com/admin/api/2024-10/products/9365120155883/images/49829491245291.json	9365120155883		images	200	OK	image_id=49829491245291
2026-05-18 11:55:14	image-delete	delete_product_image	DELETE	https://oz-nails-wa.myshopify.com/admin/api/2024-10/products/9365120221419/images/49829492064491.json	9365120221419		images	200	OK	image_id=49829492064491
2026-05-18 11:55:15	image-delete	delete_product_image	DELETE	https://oz-nails-wa.myshopify.com/admin/api/2024-10/products/9365120319723/images/49829492883691.json	9365120319723		images	200	OK	image_id=49829492883691
2026-05-18 11:55:17	image-delete	delete_product_image	DELETE	https://oz-nails-wa.myshopify.com/admin/api/2024-10/products/9365120418027/images/49829493342443.json	9365120418027		images	200	OK	image_id=49829493342443
2026-05-18 11:55:19	image-delete	delete_product_image	DELETE	https://oz-nails-wa.myshopify.com/admin/api/2024-10/products/9365120581867/images/49829494063339.json	9365120581867		images	200	OK	image_id=49829494063339
2026-05-18 11:55:21	image-delete	delete_product_image	DELETE	https://oz-nails-wa.myshopify.com/admin/api/2024-10/products/9365120745707/images/49829494489323.json	9365120745707		images	200	OK	image_id=49829494489323
2026-05-18 11:55:23	image-delete	delete_product_image	DELETE	https://oz-nails-wa.myshopify.com/admin/api/2024-10/products/9365120876779/images/49829495144683.json	9365120876779		images	200	OK	image_id=49829495144683
2026-05-18 11:55:24	image-delete	delete_product_image	DELETE	https://oz-nails-wa.myshopify.com/admin/api/2024-10/products/9365120975083/images/49829495800043.json	9365120975083		images	200	OK	image_id=49829495800043
2026-05-18 11:55:26	image-delete	delete_product_image	DELETE	https://oz-nails-wa.myshopify.com/admin/api/2024-10/products/9365121007851/images/49829496684779.json	9365121007851		images	200	OK	image_id=49829496684779
2026-05-18 11:55:28	image-delete	delete_product_image	DELETE	https://oz-nails-wa.myshopify.com/admin/api/2024-10/products/9365121073387/images/49829497340139.json	9365121073387		images	200	OK	image_id=49829497340139
2026-05-18 11:55:30	image-delete	delete_product_image	DELETE	https://oz-nails-wa.myshopify.com/admin/api/2024-10/products/9365121171691/images/49829497995499.json	9365121171691		images	200	OK	image_id=49829497995499
2026-05-18 11:55:32	image-delete	delete_product_image	DELETE	https://oz-nails-wa.myshopify.com/admin/api/2024-10/products/9365121269995/images/49829498880235.json	9365121269995		images	200	OK	image_id=49829498880235
2026-05-18 11:55:33	image-delete	delete_product_image	DELETE	https://oz-nails-wa.myshopify.com/admin/api/2024-10/products/9365121335531/images/49829499797739.json	9365121335531		images	200	OK	image_id=49829499797739
2026-05-18 11:55:35	image-delete	delete_product_image	DELETE	https://oz-nails-wa.myshopify.com/admin/api/2024-10/products/9365121401067/images/49829500289259.json	9365121401067		images	200	OK	image_id=49829500289259
2026-05-18 11:55:37	image-delete	delete_product_image	DELETE	https://oz-nails-wa.myshopify.com/admin/api/2024-10/products/9365121499371/images/49829501108459.json	9365121499371		images	200	OK	image_id=49829501108459
2026-05-18 11:55:39	image-delete	delete_product_image	DELETE	https://oz-nails-wa.myshopify.com/admin/api/2024-10/products/9365121564907/images/49829501862123.json	9365121564907		images	200	OK	image_id=49829501862123
2026-05-18 11:55:40	image-delete	delete_product_image	DELETE	https://oz-nails-wa.myshopify.com/admin/api/2024-10/products/9365121663211/images/49829502419179.json	9365121663211		images	200	OK	image_id=49829502419179
2026-05-18 11:55:42	image-delete	delete_product_image	DELETE	https://oz-nails-wa.myshopify.com/admin/api/2024-10/products/9365121728747/images/49829503303915.json	9365121728747		images	200	OK	image_id=49829503303915
2026-05-18 11:55:44	image-delete	delete_product_image	DELETE	https://oz-nails-wa.myshopify.com/admin/api/2024-10/products/9365121827051/images/49829504024811.json	9365121827051		images	200	OK	image_id=49829504024811
2026-05-18 11:55:46	image-delete	delete_product_image	DELETE	https://oz-nails-wa.myshopify.com/admin/api/2024-10/products/9365121892587/images/49829504811243.json	9365121892587		images	200	OK	image_id=49829504811243
2026-05-18 11:55:48	image-delete	delete_product_image	DELETE	https://oz-nails-wa.myshopify.com/admin/api/2024-10/products/9365121958123/images/49829505630443.json	9365121958123		images	200	OK	image_id=49829505630443
2026-05-18 11:55:49	image-delete	delete_product_image	DELETE	https://oz-nails-wa.myshopify.com/admin/api/2024-10/products/9365122023659/images/49829506187499.json	9365122023659		images	200	OK	image_id=49829506187499
2026-05-18 11:55:51	image-delete	delete_product_image	DELETE	https://oz-nails-wa.myshopify.com/admin/api/2024-10/products/9365122154731/images/49829507006699.json	9365122154731		images	200	OK	image_id=49829507006699
2026-05-18 11:55:53	image-delete	delete_product_image	DELETE	https://oz-nails-wa.myshopify.com/admin/api/2024-10/products/9365122220267/images/49829507629291.json	9365122220267		images	200	OK	image_id=49829507629291
2026-05-18 11:55:55	image-delete	delete_product_image	DELETE	https://oz-nails-wa.myshopify.com/admin/api/2024-10/products/9365122285803/images/49829508514027.json	9365122285803		images	200	OK	image_id=49829508514027
2026-05-18 11:55:57	image-delete	delete_product_image	DELETE	https://oz-nails-wa.myshopify.com/admin/api/2024-10/products/9365122384107/images/49829509267691.json	9365122384107		images	200	OK	image_id=49829509267691
2026-05-18 11:55:59	image-delete	delete_product_image	DELETE	https://oz-nails-wa.myshopify.com/admin/api/2024-10/products/9365122449643/images/49829510021355.json	9365122449643		images	200	OK	image_id=49829510021355
2026-05-18 11:56:00	image-delete	delete_product_image	DELETE	https://oz-nails-wa.myshopify.com/admin/api/2024-10/products/9365122515179/images/49829510447339.json	9365122515179		images	200	OK	image_id=49829510447339
2026-05-18 11:56:02	image-delete	delete_product_image	DELETE	https://oz-nails-wa.myshopify.com/admin/api/2024-10/products/9365122547947/images/49829511299307.json	9365122547947		images	200	OK	image_id=49829511299307
2026-05-18 11:56:04	image-delete	delete_product_image	DELETE	https://oz-nails-wa.myshopify.com/admin/api/2024-10/products/9365122646251/images/49829512118507.json	9365122646251		images	200	OK	image_id=49829512118507
2026-05-18 11:56:06	image-delete	delete_product_image	DELETE	https://oz-nails-wa.myshopify.com/admin/api/2024-10/products/9365122711787/images/49829512872171.json	9365122711787		images	200	OK	image_id=49829512872171
2026-05-18 11:56:07	image-delete	delete_product_image	DELETE	https://oz-nails-wa.myshopify.com/admin/api/2024-10/products/9365122744555/images/49829513593067.json	9365122744555		images	200	OK	image_id=49829513593067
2026-05-18 11:56:09	image-delete	delete_product_image	DELETE	https://oz-nails-wa.myshopify.com/admin/api/2024-10/products/9365122810091/images/49829514215659.json	9365122810091		images	200	OK	image_id=49829514215659
2026-05-18 11:56:11	image-delete	delete_product_image	DELETE	https://oz-nails-wa.myshopify.com/admin/api/2024-10/products/9365122875627/images/49829515329771.json	9365122875627		images	200	OK	image_id=49829515329771
2026-05-18 11:56:13	image-delete	delete_product_image	DELETE	https://oz-nails-wa.myshopify.com/admin/api/2024-10/products/9365122941163/images/49829516017899.json	9365122941163		images	200	OK	image_id=49829516017899
2026-05-18 11:56:14	image-delete	delete_product_image	DELETE	https://oz-nails-wa.myshopify.com/admin/api/2024-10/products/9365123072235/images/49829516476651.json	9365123072235		images	200	OK	image_id=49829516476651
2026-05-18 11:56:16	image-delete	delete_product_image	DELETE	https://oz-nails-wa.myshopify.com/admin/api/2024-10/products/9365123137771/images/49829517099243.json	9365123137771		images	200	OK	image_id=49829517099243
2026-05-18 11:56:18	image-delete	delete_product_image	DELETE	https://oz-nails-wa.myshopify.com/admin/api/2024-10/products/9365123236075/images/49829517590763.json	9365123236075		images	200	OK	image_id=49829517590763
2026-05-18 11:56:20	image-delete	delete_product_image	DELETE	https://oz-nails-wa.myshopify.com/admin/api/2024-10/products/9365123301611/images/49829518475499.json	9365123301611		images	200	OK	image_id=49829518475499
2026-05-18 11:56:21	image-delete	delete_product_image	DELETE	https://oz-nails-wa.myshopify.com/admin/api/2024-10/products/9365123334379/images/49829519065323.json	9365123334379		images	200	OK	image_id=49829519065323
2026-05-18 11:56:23	image-delete	delete_product_image	DELETE	https://oz-nails-wa.myshopify.com/admin/api/2024-10/products/9365123432683/images/49829519917291.json	9365123432683		images	200	OK	image_id=49829519917291
2026-05-18 11:56:25	image-delete	delete_product_image	DELETE	https://oz-nails-wa.myshopify.com/admin/api/2024-10/products/9365123530987/images/49829520572651.json	9365123530987		images	200	OK	image_id=49829520572651
2026-05-18 11:56:27	image-delete	delete_product_image	DELETE	https://oz-nails-wa.myshopify.com/admin/api/2024-10/products/9365123662059/images/49829521293547.json	9365123662059		images	200	OK	image_id=49829521293547
2026-05-18 11:56:29	image-delete	delete_product_image	DELETE	https://oz-nails-wa.myshopify.com/admin/api/2024-10/products/9365123760363/images/49829522440427.json	9365123760363		images	200	OK	image_id=49829522440427
2026-05-18 11:56:30	image-delete	delete_product_image	DELETE	https://oz-nails-wa.myshopify.com/admin/api/2024-10/products/9365123956971/images/49829523128555.json	9365123956971		images	200	OK	image_id=49829523128555
2026-05-18 11:56:32	image-delete	delete_product_image	DELETE	https://oz-nails-wa.myshopify.com/admin/api/2024-10/products/9365124153579/images/49829524013291.json	9365124153579		images	200	OK	image_id=49829524013291
2026-05-18 11:56:34	image-delete	delete_product_image	DELETE	https://oz-nails-wa.myshopify.com/admin/api/2024-10/products/9365124317419/images/49829524799723.json	9365124317419		images	200	OK	image_id=49829524799723
2026-05-18 11:56:36	image-delete	delete_product_image	DELETE	https://oz-nails-wa.myshopify.com/admin/api/2024-10/products/9365124415723/images/49829525618923.json	9365124415723		images	200	OK	image_id=49829525618923
2026-05-18 11:56:37	image-delete	delete_product_image	DELETE	https://oz-nails-wa.myshopify.com/admin/api/2024-10/products/9365124546795/images/49829526569195.json	9365124546795		images	200	OK	image_id=49829526569195
2026-05-18 11:56:39	image-delete	delete_product_image	DELETE	https://oz-nails-wa.myshopify.com/admin/api/2024-10/products/9365243887851/images/49829527191787.json	9365243887851		images	200	OK	image_id=49829527191787
2026-05-18 11:56:41	image-delete	delete_product_image	DELETE	https://oz-nails-wa.myshopify.com/admin/api/2024-10/products/9365244051691/images/49829528076523.json	9365244051691		images	200	OK	image_id=49829528076523
2026-05-18 11:56:43	image-delete	delete_product_image	DELETE	https://oz-nails-wa.myshopify.com/admin/api/2024-10/products/9365244117227/images/49829528764651.json	9365244117227		images	200	OK	image_id=49829528764651
2026-05-18 11:56:45	image-delete	delete_product_image	DELETE	https://oz-nails-wa.myshopify.com/admin/api/2024-10/products/9365244215531/images/49829529321707.json	9365244215531		images	200	OK	image_id=49829529321707
2026-05-18 11:56:47	image-delete	delete_product_image	DELETE	https://oz-nails-wa.myshopify.com/admin/api/2024-10/products/9365244313835/images/49829529944299.json	9365244313835		images	200	OK	image_id=49829529944299
2026-05-18 11:56:48	image-delete	delete_product_image	DELETE	https://oz-nails-wa.myshopify.com/admin/api/2024-10/products/9365244412139/images/49829530632427.json	9365244412139		images	200	OK	image_id=49829530632427
2026-05-18 11:56:50	image-delete	delete_product_image	DELETE	https://oz-nails-wa.myshopify.com/admin/api/2024-10/products/9365244477675/images/49829531451627.json	9365244477675		images	200	OK	image_id=49829531451627
2026-05-18 11:56:52	image-delete	delete_product_image	DELETE	https://oz-nails-wa.myshopify.com/admin/api/2024-10/products/9365244608747/images/49829532008683.json	9365244608747		images	200	OK	image_id=49829532008683
2026-05-18 11:56:54	image-delete	delete_product_image	DELETE	https://oz-nails-wa.myshopify.com/admin/api/2024-10/products/9365244707051/images/49829532991723.json	9365244707051		images	200	OK	image_id=49829532991723
2026-05-18 11:56:56	image-delete	delete_product_image	DELETE	https://oz-nails-wa.myshopify.com/admin/api/2024-10/products/9365244805355/images/49829533679851.json	9365244805355		images	200	OK	image_id=49829533679851
2026-05-18 11:56:58	image-delete	delete_product_image	DELETE	https://oz-nails-wa.myshopify.com/admin/api/2024-10/products/9365244903659/images/49829534335211.json	9365244903659		images	200	OK	image_id=49829534335211
2026-05-18 11:56:59	image-delete	delete_product_image	DELETE	https://oz-nails-wa.myshopify.com/admin/api/2024-10/products/9365244969195/images/49829535121643.json	9365244969195		images	200	OK	image_id=49829535121643
2026-05-18 11:57:01	image-delete	delete_product_image	DELETE	https://oz-nails-wa.myshopify.com/admin/api/2024-10/products/9365245034731/images/49829535711467.json	9365245034731		images	200	OK	image_id=49829535711467
2026-05-18 11:57:03	image-delete	delete_product_image	DELETE	https://oz-nails-wa.myshopify.com/admin/api/2024-10/products/9365245100267/images/49829536596203.json	9365245100267		images	200	OK	image_id=49829536596203
2026-05-18 11:57:05	image-delete	delete_product_image	DELETE	https://oz-nails-wa.myshopify.com/admin/api/2024-10/products/9365245296875/images/49829537317099.json	9365245296875		images	200	OK	image_id=49829537317099
2026-05-18 11:57:06	image-delete	delete_product_image	DELETE	https://oz-nails-wa.myshopify.com/admin/api/2024-10/products/9365245362411/images/49829538201835.json	9365245362411		images	200	OK	image_id=49829538201835
2026-05-18 11:57:08	image-delete	delete_product_image	DELETE	https://oz-nails-wa.myshopify.com/admin/api/2024-10/products/9365245460715/images/49829538889963.json	9365245460715		images	200	OK	image_id=49829538889963
2026-05-18 11:57:10	image-delete	delete_product_image	DELETE	https://oz-nails-wa.myshopify.com/admin/api/2024-10/products/9365245657323/images/49829539873003.json	9365245657323		images	200	OK	image_id=49829539873003
2026-05-18 11:57:12	image-delete	delete_product_image	DELETE	https://oz-nails-wa.myshopify.com/admin/api/2024-10/products/9365245755627/images/49829540364523.json	9365245755627		images	200	OK	image_id=49829540364523
2026-05-18 11:57:13	image-delete	delete_product_image	DELETE	https://oz-nails-wa.myshopify.com/admin/api/2024-10/products/9365245853931/images/49829541118187.json	9365245853931		images	200	OK	image_id=49829541118187
2026-05-18 11:57:15	image-delete	delete_product_image	DELETE	https://oz-nails-wa.myshopify.com/admin/api/2024-10/products/9365246017771/images/49829541773547.json	9365246017771		images	200	OK	image_id=49829541773547
2026-05-18 11:57:17	image-delete	delete_product_image	DELETE	https://oz-nails-wa.myshopify.com/admin/api/2024-10/products/9365246083307/images/49829542363371.json	9365246083307		images	200	OK	image_id=49829542363371
2026-05-18 11:57:19	image-delete	delete_product_image	DELETE	https://oz-nails-wa.myshopify.com/admin/api/2024-10/products/9365246214379/images/49829543280875.json	9365246214379		images	200	OK	image_id=49829543280875
2026-05-18 11:57:21	image-delete	delete_product_image	DELETE	https://oz-nails-wa.myshopify.com/admin/api/2024-10/products/9365246279915/images/49829543936235.json	9365246279915		images	200	OK	image_id=49829543936235
2026-05-18 11:57:23	image-delete	delete_product_image	DELETE	https://oz-nails-wa.myshopify.com/admin/api/2024-10/products/9365246378219/images/49829544558827.json	9365246378219		images	200	OK	image_id=49829544558827
2026-05-18 11:57:25	image-delete	delete_product_image	DELETE	https://oz-nails-wa.myshopify.com/admin/api/2024-10/products/9365246443755/images/49829545115883.json	9365246443755		images	200	OK	image_id=49829545115883
2026-05-18 11:57:26	image-delete	delete_product_image	DELETE	https://oz-nails-wa.myshopify.com/admin/api/2024-10/products/9365246607595/images/49829545804011.json	9365246607595		images	200	OK	image_id=49829545804011
2026-05-18 11:57:28	image-delete	delete_product_image	DELETE	https://oz-nails-wa.myshopify.com/admin/api/2024-10/products/9365246738667/images/49829546393835.json	9365246738667		images	200	OK	image_id=49829546393835
2026-05-18 11:57:30	image-delete	delete_product_image	DELETE	https://oz-nails-wa.myshopify.com/admin/api/2024-10/products/9365246836971/images/49829547278571.json	9365246836971		images	200	OK	image_id=49829547278571
2026-05-18 11:57:32	image-delete	delete_product_image	DELETE	https://oz-nails-wa.myshopify.com/admin/api/2024-10/products/9365247000811/images/49829547933931.json	9365247000811		images	200	OK	image_id=49829547933931
2026-05-18 11:57:34	image-delete	delete_product_image	DELETE	https://oz-nails-wa.myshopify.com/admin/api/2024-10/products/9365247099115/images/49829548359915.json	9365247099115		images	200	OK	image_id=49829548359915
2026-05-18 11:57:35	image-delete	delete_product_image	DELETE	https://oz-nails-wa.myshopify.com/admin/api/2024-10/products/9365247197419/images/49829549179115.json	9365247197419		images	200	OK	image_id=49829549179115
2026-05-18 11:57:37	image-delete	delete_product_image	DELETE	https://oz-nails-wa.myshopify.com/admin/api/2024-10/products/9365247262955/images/49829549605099.json	9365247262955		images	200	OK	image_id=49829549605099
2026-05-18 11:57:39	image-delete	delete_product_image	DELETE	https://oz-nails-wa.myshopify.com/admin/api/2024-10/products/9365247328491/images/49829550555371.json	9365247328491		images	200	OK	image_id=49829550555371
2026-05-18 11:57:41	image-delete	delete_product_image	DELETE	https://oz-nails-wa.myshopify.com/admin/api/2024-10/products/9365247426795/images/49829551309035.json	9365247426795		images	200	OK	image_id=49829551309035
2026-05-18 11:57:42	image-delete	delete_product_image	DELETE	https://oz-nails-wa.myshopify.com/admin/api/2024-10/products/9365247492331/images/49829551964395.json	9365247492331		images	200	OK	image_id=49829551964395
2026-05-18 11:57:44	image-delete	delete_product_image	DELETE	https://oz-nails-wa.myshopify.com/admin/api/2024-10/products/9365247623403/images/49829552750827.json	9365247623403		images	200	OK	image_id=49829552750827
2026-05-18 11:57:46	image-delete	delete_product_image	DELETE	https://oz-nails-wa.myshopify.com/admin/api/2024-10/products/9365247787243/images/49829553209579.json	9365247787243		images	200	OK	image_id=49829553209579
2026-05-18 11:57:48	image-delete	delete_product_image	DELETE	https://oz-nails-wa.myshopify.com/admin/api/2024-10/products/9365247852779/images/49829554258155.json	9365247852779		images	200	OK	image_id=49829554258155
2026-05-18 11:57:50	image-delete	delete_product_image	DELETE	https://oz-nails-wa.myshopify.com/admin/api/2024-10/products/9365247918315/images/49829554913515.json	9365247918315		images	200	OK	image_id=49829554913515
2026-05-18 11:57:52	image-delete	delete_product_image	DELETE	https://oz-nails-wa.myshopify.com/admin/api/2024-10/products/9365248147691/images/49829555634411.json	9365248147691		images	200	OK	image_id=49829555634411
2026-05-18 11:57:54	image-delete	delete_product_image	DELETE	https://oz-nails-wa.myshopify.com/admin/api/2024-10/products/9365248213227/images/49829556224235.json	9365248213227		images	200	OK	image_id=49829556224235
2026-05-18 11:57:55	image-delete	delete_product_image	DELETE	https://oz-nails-wa.myshopify.com/admin/api/2024-10/products/9365248409835/images/49829557010667.json	9365248409835		images	200	OK	image_id=49829557010667
2026-05-18 11:57:57	image-delete	delete_product_image	DELETE	https://oz-nails-wa.myshopify.com/admin/api/2024-10/products/9365248508139/images/49829557666027.json	9365248508139		images	200	OK	image_id=49829557666027
2026-05-18 11:57:59	image-delete	delete_product_image	DELETE	https://oz-nails-wa.myshopify.com/admin/api/2024-10/products/9365248606443/images/49829558288619.json	9365248606443		images	200	OK	image_id=49829558288619
2026-05-18 11:58:01	image-delete	delete_product_image	DELETE	https://oz-nails-wa.myshopify.com/admin/api/2024-10/products/9365248803051/images/49829558747371.json	9365248803051		images	200	OK	image_id=49829558747371
2026-05-18 11:58:02	image-delete	delete_product_image	DELETE	https://oz-nails-wa.myshopify.com/admin/api/2024-10/products/9365248868587/images/49829559369963.json	9365248868587		images	200	OK	image_id=49829559369963
2026-05-18 11:58:05	image-delete	delete_product_image	DELETE	https://oz-nails-wa.myshopify.com/admin/api/2024-10/products/9365249065195/images/49829559992555.json	9365249065195		images	200	OK	image_id=49829559992555
2026-05-18 11:58:06	image-delete	delete_product_image	DELETE	https://oz-nails-wa.myshopify.com/admin/api/2024-10/products/9365249163499/images/49829560484075.json	9365249163499		images	200	OK	image_id=49829560484075
2026-05-18 11:58:08	image-delete	delete_product_image	DELETE	https://oz-nails-wa.myshopify.com/admin/api/2024-10/products/9365249327339/images/49829561303275.json	9365249327339		images	200	OK	image_id=49829561303275
2026-05-18 11:58:10	image-delete	delete_product_image	DELETE	https://oz-nails-wa.myshopify.com/admin/api/2024-10/products/9365249425643/images/49829561893099.json	9365249425643		images	200	OK	image_id=49829561893099
2026-05-18 11:58:12	image-delete	delete_product_image	DELETE	https://oz-nails-wa.myshopify.com/admin/api/2024-10/products/9365249523947/images/49829562253547.json	9365249523947		images	200	OK	image_id=49829562253547
2026-05-18 11:58:14	image-delete	delete_product_image	DELETE	https://oz-nails-wa.myshopify.com/admin/api/2024-10/products/9365249687787/images/49829562745067.json	9365249687787		images	200	OK	image_id=49829562745067
2026-05-18 11:58:15	image-delete	delete_product_image	DELETE	https://oz-nails-wa.myshopify.com/admin/api/2024-10/products/9365249818859/images/49829563334891.json	9365249818859		images	200	OK	image_id=49829563334891
2026-05-18 11:58:17	image-delete	delete_product_image	DELETE	https://oz-nails-wa.myshopify.com/admin/api/2024-10/products/9365249949931/images/49829564023019.json	9365249949931		images	200	OK	image_id=49829564023019
2026-05-18 11:58:19	image-delete	delete_product_image	DELETE	https://oz-nails-wa.myshopify.com/admin/api/2024-10/products/9365250015467/images/49829564514539.json	9365250015467		images	200	OK	image_id=49829564514539
2026-05-18 11:58:21	image-delete	delete_product_image	DELETE	https://oz-nails-wa.myshopify.com/admin/api/2024-10/products/9365250212075/images/49829565300971.json	9365250212075		images	200	OK	image_id=49829565300971
2026-05-18 11:58:23	image-delete	delete_product_image	DELETE	https://oz-nails-wa.myshopify.com/admin/api/2024-10/products/9365250310379/images/49829566218475.json	9365250310379		images	200	OK	image_id=49829566218475
2026-05-18 11:58:24	image-delete	delete_product_image	DELETE	https://oz-nails-wa.myshopify.com/admin/api/2024-10/products/9365250408683/images/49829566775531.json	9365250408683		images	200	OK	image_id=49829566775531
2026-05-18 11:58:26	image-delete	delete_product_image	DELETE	https://oz-nails-wa.myshopify.com/admin/api/2024-10/products/9365250638059/images/49829567430891.json	9365250638059		images	200	OK	image_id=49829567430891
2026-05-18 11:58:28	image-delete	delete_product_image	DELETE	https://oz-nails-wa.myshopify.com/admin/api/2024-10/products/9365250703595/images/49829568119019.json	9365250703595		images	200	OK	image_id=49829568119019
2026-05-18 11:58:30	image-delete	delete_product_image	DELETE	https://oz-nails-wa.myshopify.com/admin/api/2024-10/products/9365250867435/images/49829569003755.json	9365250867435		images	200	OK	image_id=49829569003755
2026-05-18 11:58:32	image-delete	delete_product_image	DELETE	https://oz-nails-wa.myshopify.com/admin/api/2024-10/products/9365250900203/images/49829569757419.json	9365250900203		images	200	OK	image_id=49829569757419
2026-05-18 11:58:34	image-delete	delete_product_image	DELETE	https://oz-nails-wa.myshopify.com/admin/api/2024-10/products/9365251752171/images/49829570281707.json	9365251752171		images	200	OK	image_id=49829570281707
2026-05-18 11:58:35	image-delete	delete_product_image	DELETE	https://oz-nails-wa.myshopify.com/admin/api/2024-10/products/9365251784939/images/49829571035371.json	9365251784939		images	200	OK	image_id=49829571035371
2026-05-18 11:58:37	image-delete	delete_product_image	DELETE	https://oz-nails-wa.myshopify.com/admin/api/2024-10/products/9365251817707/images/49829571526891.json	9365251817707		images	200	OK	image_id=49829571526891
2026-05-18 11:58:39	image-delete	delete_product_image	DELETE	https://oz-nails-wa.myshopify.com/admin/api/2024-10/products/9365251981547/images/49829572018411.json	9365251981547		images	200	OK	image_id=49829572018411
2026-05-18 11:58:41	image-delete	delete_product_image	DELETE	https://oz-nails-wa.myshopify.com/admin/api/2024-10/products/9365252047083/images/49829572641003.json	9365252047083		images	200	OK	image_id=49829572641003
2026-05-18 11:58:42	image-delete	delete_product_image	DELETE	https://oz-nails-wa.myshopify.com/admin/api/2024-10/products/9365252112619/images/49829573361899.json	9365252112619		images	200	OK	image_id=49829573361899
2026-05-18 11:58:44	image-delete	delete_product_image	DELETE	https://oz-nails-wa.myshopify.com/admin/api/2024-10/products/9365252178155/images/49829573951723.json	9365252178155		images	200	OK	image_id=49829573951723
2026-05-18 11:58:46	image-delete	delete_product_image	DELETE	https://oz-nails-wa.myshopify.com/admin/api/2024-10/products/9365252210923/images/49829574672619.json	9365252210923		images	200	OK	image_id=49829574672619
2026-05-18 11:58:48	image-delete	delete_product_image	DELETE	https://oz-nails-wa.myshopify.com/admin/api/2024-10/products/9365252341995/images/49829575262443.json	9365252341995		images	200	OK	image_id=49829575262443
2026-05-18 11:58:50	image-delete	delete_product_image	DELETE	https://oz-nails-wa.myshopify.com/admin/api/2024-10/products/9365252407531/images/49829575950571.json	9365252407531		images	200	OK	image_id=49829575950571
2026-05-18 11:58:51	image-delete	delete_product_image	DELETE	https://oz-nails-wa.myshopify.com/admin/api/2024-10/products/9365252473067/images/49829576507627.json	9365252473067		images	200	OK	image_id=49829576507627
2026-05-18 11:58:53	image-delete	delete_product_image	DELETE	https://oz-nails-wa.myshopify.com/admin/api/2024-10/products/9365252505835/images/49829578113259.json	9365252505835		images	200	OK	image_id=49829578113259
2026-05-18 11:58:55	image-delete	delete_product_image	DELETE	https://oz-nails-wa.myshopify.com/admin/api/2024-10/products/9365252538603/images/49829578834155.json	9365252538603		images	200	OK	image_id=49829578834155
2026-05-18 11:58:57	image-delete	delete_product_image	DELETE	https://oz-nails-wa.myshopify.com/admin/api/2024-10/products/9365252604139/images/49829579292907.json	9365252604139		images	200	OK	image_id=49829579292907
2026-05-18 11:58:58	image-delete	delete_product_image	DELETE	https://oz-nails-wa.myshopify.com/admin/api/2024-10/products/9365252702443/images/49829580177643.json	9365252702443		images	200	OK	image_id=49829580177643
2026-05-18 11:59:00	image-delete	delete_product_image	DELETE	https://oz-nails-wa.myshopify.com/admin/api/2024-10/products/9365252735211/images/49829580833003.json	9365252735211		images	200	OK	image_id=49829580833003
2026-05-18 11:59:02	image-delete	delete_product_image	DELETE	https://oz-nails-wa.myshopify.com/admin/api/2024-10/products/9365252767979/images/49829581586667.json	9365252767979		images	200	OK	image_id=49829581586667
2026-05-18 11:59:04	image-delete	delete_product_image	DELETE	https://oz-nails-wa.myshopify.com/admin/api/2024-10/products/9365252800747/images/49829582471403.json	9365252800747		images	200	OK	image_id=49829582471403
2026-05-18 11:59:06	image-delete	delete_product_image	DELETE	https://oz-nails-wa.myshopify.com/admin/api/2024-10/products/9365252899051/images/49829583061227.json	9365252899051		images	200	OK	image_id=49829583061227
2026-05-18 11:59:07	image-delete	delete_product_image	DELETE	https://oz-nails-wa.myshopify.com/admin/api/2024-10/products/9365253062891/images/49829583913195.json	9365253062891		images	200	OK	image_id=49829583913195
2026-05-18 11:59:09	image-delete	delete_product_image	DELETE	https://oz-nails-wa.myshopify.com/admin/api/2024-10/products/9365253095659/images/49829584371947.json	9365253095659		images	200	OK	image_id=49829584371947
2026-05-18 11:59:11	image-delete	delete_product_image	DELETE	https://oz-nails-wa.myshopify.com/admin/api/2024-10/products/9365253161195/images/49829585158379.json	9365253161195		images	200	OK	image_id=49829585158379
2026-05-18 11:59:13	image-delete	delete_product_image	DELETE	https://oz-nails-wa.myshopify.com/admin/api/2024-10/products/9365253193963/images/49829585780971.json	9365253193963		images	200	OK	image_id=49829585780971
2026-05-18 11:59:14	image-delete	delete_product_image	DELETE	https://oz-nails-wa.myshopify.com/admin/api/2024-10/products/9365253292267/images/49829586698475.json	9365253292267		images	200	OK	image_id=49829586698475
2026-05-18 11:59:16	image-delete	delete_product_image	DELETE	https://oz-nails-wa.myshopify.com/admin/api/2024-10/products/9365253357803/images/49829587255531.json	9365253357803		images	200	OK	image_id=49829587255531
2026-05-18 11:59:18	image-delete	delete_product_image	DELETE	https://oz-nails-wa.myshopify.com/admin/api/2024-10/products/9365253423339/images/49829588074731.json	9365253423339		images	200	OK	image_id=49829588074731
2026-05-18 11:59:20	image-delete	delete_product_image	DELETE	https://oz-nails-wa.myshopify.com/admin/api/2024-10/products/9365253456107/images/49829588959467.json	9365253456107		images	200	OK	image_id=49829588959467
2026-05-18 11:59:21	image-delete	delete_product_image	DELETE	https://oz-nails-wa.myshopify.com/admin/api/2024-10/products/9365253554411/images/49829589614827.json	9365253554411		images	200	OK	image_id=49829589614827
2026-05-18 11:59:23	image-delete	delete_product_image	DELETE	https://oz-nails-wa.myshopify.com/admin/api/2024-10/products/9365253587179/images/49829590237419.json	9365253587179		images	200	OK	image_id=49829590237419
2026-05-18 11:59:25	image-delete	delete_product_image	DELETE	https://oz-nails-wa.myshopify.com/admin/api/2024-10/products/9365253619947/images/49829591417067.json	9365253619947		images	200	OK	image_id=49829591417067
2026-05-18 11:59:27	image-delete	delete_product_image	DELETE	https://oz-nails-wa.myshopify.com/admin/api/2024-10/products/9365253685483/images/49829592269035.json	9365253685483		images	200	OK	image_id=49829592269035
2026-05-18 11:59:28	image-delete	delete_product_image	DELETE	https://oz-nails-wa.myshopify.com/admin/api/2024-10/products/9365253718251/images/49829592760555.json	9365253718251		images	200	OK	image_id=49829592760555
2026-05-18 11:59:30	image-delete	delete_product_image	DELETE	https://oz-nails-wa.myshopify.com/admin/api/2024-10/products/9365253849323/images/49829593678059.json	9365253849323		images	200	OK	image_id=49829593678059
2026-05-18 11:59:32	image-delete	delete_product_image	DELETE	https://oz-nails-wa.myshopify.com/admin/api/2024-10/products/9365253947627/images/49829594398955.json	9365253947627		images	200	OK	image_id=49829594398955
2026-05-18 11:59:34	image-delete	delete_product_image	DELETE	https://oz-nails-wa.myshopify.com/admin/api/2024-10/products/9365253980395/images/49829595316459.json	9365253980395		images	200	OK	image_id=49829595316459
2026-05-18 11:59:36	image-delete	delete_product_image	DELETE	https://oz-nails-wa.myshopify.com/admin/api/2024-10/products/9365254013163/images/49829596037355.json	9365254013163		images	200	OK	image_id=49829596037355
2026-05-18 11:59:37	image-delete	delete_product_image	DELETE	https://oz-nails-wa.myshopify.com/admin/api/2024-10/products/9365254078699/images/49829596463339.json	9365254078699		images	200	OK	image_id=49829596463339
2026-05-18 11:59:39	image-delete	delete_product_image	DELETE	https://oz-nails-wa.myshopify.com/admin/api/2024-10/products/9365254144235/images/49829597053163.json	9365254144235		images	200	OK	image_id=49829597053163
2026-05-18 11:59:41	image-delete	delete_product_image	DELETE	https://oz-nails-wa.myshopify.com/admin/api/2024-10/products/9365254177003/images/49829597610219.json	9365254177003		images	200	OK	image_id=49829597610219
2026-05-18 11:59:43	image-delete	delete_product_image	DELETE	https://oz-nails-wa.myshopify.com/admin/api/2024-10/products/9365254242539/images/49829598396651.json	9365254242539		images	200	OK	image_id=49829598396651
2026-05-18 11:59:45	image-delete	delete_product_image	DELETE	https://oz-nails-wa.myshopify.com/admin/api/2024-10/products/9365254308075/images/49829598986475.json	9365254308075		images	200	OK	image_id=49829598986475
2026-05-18 11:59:46	image-delete	delete_product_image	DELETE	https://oz-nails-wa.myshopify.com/admin/api/2024-10/products/9365254340843/images/49829599772907.json	9365254340843		images	200	OK	image_id=49829599772907
2026-05-18 11:59:48	image-delete	delete_product_image	DELETE	https://oz-nails-wa.myshopify.com/admin/api/2024-10/products/9365254406379/images/49829600395499.json	9365254406379		images	200	OK	image_id=49829600395499
2026-05-18 11:59:50	image-delete	delete_product_image	DELETE	https://oz-nails-wa.myshopify.com/admin/api/2024-10/products/9365254439147/images/49829601018091.json	9365254439147		images	200	OK	image_id=49829601018091
2026-05-18 11:59:52	image-delete	delete_product_image	DELETE	https://oz-nails-wa.myshopify.com/admin/api/2024-10/products/9365254471915/images/49829601837291.json	9365254471915		images	200	OK	image_id=49829601837291
2026-05-18 11:59:54	image-delete	delete_product_image	DELETE	https://oz-nails-wa.myshopify.com/admin/api/2024-10/products/9365254504683/images/49829602427115.json	9365254504683		images	200	OK	image_id=49829602427115
2026-05-18 11:59:56	image-delete	delete_product_image	DELETE	https://oz-nails-wa.myshopify.com/admin/api/2024-10/products/9365254537451/images/49829603180779.json	9365254537451		images	200	OK	image_id=49829603180779
2026-05-18 11:59:57	image-delete	delete_product_image	DELETE	https://oz-nails-wa.myshopify.com/admin/api/2024-10/products/9365254570219/images/49829603967211.json	9365254570219		images	200	OK	image_id=49829603967211
2026-05-18 11:59:59	image-delete	delete_product_image	DELETE	https://oz-nails-wa.myshopify.com/admin/api/2024-10/products/9365254668523/images/49829604819179.json	9365254668523		images	200	OK	image_id=49829604819179
2026-05-18 12:00:01	image-delete	delete_product_image	DELETE	https://oz-nails-wa.myshopify.com/admin/api/2024-10/products/9365254734059/images/49829605474539.json	9365254734059		images	200	OK	image_id=49829605474539
2026-05-18 12:00:03	image-delete	delete_product_image	DELETE	https://oz-nails-wa.myshopify.com/admin/api/2024-10/products/9365254766827/images/49829605998827.json	9365254766827		images	200	OK	image_id=49829605998827
2026-05-18 12:00:05	image-delete	delete_product_image	DELETE	https://oz-nails-wa.myshopify.com/admin/api/2024-10/products/9365254799595/images/49829606949099.json	9365254799595		images	200	OK	image_id=49829606949099
2026-05-18 12:00:06	image-delete	delete_product_image	DELETE	https://oz-nails-wa.myshopify.com/admin/api/2024-10/products/9365254865131/images/49829607375083.json	9365254865131		images	200	OK	image_id=49829607375083
2026-05-18 12:00:08	image-delete	delete_product_image	DELETE	https://oz-nails-wa.myshopify.com/admin/api/2024-10/products/9365254897899/images/49829607997675.json	9365254897899		images	200	OK	image_id=49829607997675
2026-05-18 12:00:10	image-delete	delete_product_image	DELETE	https://oz-nails-wa.myshopify.com/admin/api/2024-10/products/9365254963435/images/49829608554731.json	9365254963435		images	200	OK	image_id=49829608554731
2026-05-18 12:00:12	image-delete	delete_product_image	DELETE	https://oz-nails-wa.myshopify.com/admin/api/2024-10/products/9365254996203/images/49829609046251.json	9365254996203		images	200	OK	image_id=49829609046251
2026-05-18 12:00:14	image-delete	delete_product_image	DELETE	https://oz-nails-wa.myshopify.com/admin/api/2024-10/products/9365255127275/images/49829609668843.json	9365255127275		images	200	OK	image_id=49829609668843
2026-05-18 12:00:16	image-delete	delete_product_image	DELETE	https://oz-nails-wa.myshopify.com/admin/api/2024-10/products/9365285929195/images/49829610717419.json	9365285929195		images	200	OK	image_id=49829610717419
2026-05-18 12:00:18	image-delete	delete_product_image	DELETE	https://oz-nails-wa.myshopify.com/admin/api/2024-10/products/9365126512875/images/49829610914027.json	9365126512875		images	200	OK	image_id=49829610914027
2026-05-18 12:00:19	image-delete	delete_product_image	DELETE	https://oz-nails-wa.myshopify.com/admin/api/2024-10/products/9365126643947/images/49829611536619.json	9365126643947		images	200	OK	image_id=49829611536619
2026-05-18 12:00:21	image-delete	delete_product_image	DELETE	https://oz-nails-wa.myshopify.com/admin/api/2024-10/products/9365126709483/images/49829611995371.json	9365126709483		images	200	OK	image_id=49829611995371
2026-05-18 12:00:23	image-delete	delete_product_image	DELETE	https://oz-nails-wa.myshopify.com/admin/api/2024-10/products/9365239431403/images/49829612814571.json	9365239431403		images	200	OK	image_id=49829612814571
2026-05-18 12:00:25	image-delete	delete_product_image	DELETE	https://oz-nails-wa.myshopify.com/admin/api/2024-10/products/9365128184043/images/49829613764843.json	9365128184043		images	200	OK	image_id=49829613764843
2026-05-18 12:00:26	image-delete	delete_product_image	DELETE	https://oz-nails-wa.myshopify.com/admin/api/2024-10/products/9365267775723/images/49829614256363.json	9365267775723		images	200	OK	image_id=49829614256363
2026-05-18 12:00:28	image-delete	delete_product_image	DELETE	https://oz-nails-wa.myshopify.com/admin/api/2024-10/products/9365452292331/images/49829615108331.json	9365452292331		images	200	OK	image_id=49829615108331
2026-05-18 12:00:30	image-delete	delete_product_image	DELETE	https://oz-nails-wa.myshopify.com/admin/api/2024-10/products/9367017619691/images/49829615829227.json	9367017619691		images	200	OK	image_id=49829615829227
2026-05-18 12:00:32	image-delete	delete_product_image	DELETE	https://oz-nails-wa.myshopify.com/admin/api/2024-10/products/9365161902315/images/49829616681195.json	9365161902315		images	200	OK	image_id=49829616681195
2026-05-18 12:00:34	image-delete	delete_product_image	DELETE	https://oz-nails-wa.myshopify.com/admin/api/2024-10/products/9364849819883/images/49829617402091.json	9364849819883		images	200	OK	image_id=49829617402091
2026-05-18 12:00:35	image-delete	delete_product_image	DELETE	https://oz-nails-wa.myshopify.com/admin/api/2024-10/products/9364849885419/images/49829617893611.json	9364849885419		images	200	OK	image_id=49829617893611
2026-05-18 12:00:37	image-delete	delete_product_image	DELETE	https://oz-nails-wa.myshopify.com/admin/api/2024-10/products/9365279736043/images/49829618712811.json	9365279736043		images	200	OK	image_id=49829618712811
2026-05-18 12:00:39	image-delete	delete_product_image	DELETE	https://oz-nails-wa.myshopify.com/admin/api/2024-10/products/9365279768811/images/49829619957995.json	9365279768811		images	200	OK	image_id=49829619957995
2026-05-18 12:00:41	image-delete	delete_product_image	DELETE	https://oz-nails-wa.myshopify.com/admin/api/2024-10/products/9364849918187/images/49829620613355.json	9364849918187		images	200	OK	image_id=49829620613355
2026-05-18 12:00:43	image-delete	delete_product_image	DELETE	https://oz-nails-wa.myshopify.com/admin/api/2024-10/products/9364849983723/images/49829621629163.json	9364849983723		images	200	OK	image_id=49829621629163
2026-05-18 12:00:46	image-delete	delete_product_image	DELETE	https://oz-nails-wa.myshopify.com/admin/api/2024-10/products/9364850016491/images/49829622120683.json	9364850016491		images	200	OK	image_id=49829622120683
2026-05-18 12:00:47	image-delete	delete_product_image	DELETE	https://oz-nails-wa.myshopify.com/admin/api/2024-10/products/9364850049259/images/49829623038187.json	9364850049259		images	200	OK	image_id=49829623038187
2026-05-18 12:00:49	image-delete	delete_product_image	DELETE	https://oz-nails-wa.myshopify.com/admin/api/2024-10/products/9364850082027/images/49829623791851.json	9364850082027		images	200	OK	image_id=49829623791851
2026-05-18 12:00:51	image-delete	delete_product_image	DELETE	https://oz-nails-wa.myshopify.com/admin/api/2024-10/products/9364850114795/images/49829624774891.json	9364850114795		images	200	OK	image_id=49829624774891
2026-05-18 12:00:53	image-delete	delete_product_image	DELETE	https://oz-nails-wa.myshopify.com/admin/api/2024-10/products/9364850147563/images/49829625528555.json	9364850147563		images	200	OK	image_id=49829625528555
2026-05-18 12:00:55	image-delete	delete_product_image	DELETE	https://oz-nails-wa.myshopify.com/admin/api/2024-10/products/9364850180331/images/49829626052843.json	9364850180331		images	200	OK	image_id=49829626052843
2026-05-18 12:00:57	image-delete	delete_product_image	DELETE	https://oz-nails-wa.myshopify.com/admin/api/2024-10/products/9364850213099/images/49829626773739.json	9364850213099		images	200	OK	image_id=49829626773739
2026-05-18 12:00:58	image-delete	delete_product_image	DELETE	https://oz-nails-wa.myshopify.com/admin/api/2024-10/products/9364850245867/images/49829627265259.json	9364850245867		images	200	OK	image_id=49829627265259
2026-05-18 12:01:00	image-delete	delete_product_image	DELETE	https://oz-nails-wa.myshopify.com/admin/api/2024-10/products/9364850278635/images/49829627855083.json	9364850278635		images	200	OK	image_id=49829627855083
2026-05-18 12:01:02	image-delete	delete_product_image	DELETE	https://oz-nails-wa.myshopify.com/admin/api/2024-10/products/9364850311403/images/49829628510443.json	9364850311403		images	200	OK	image_id=49829628510443
2026-05-18 12:01:04	image-delete	delete_product_image	DELETE	https://oz-nails-wa.myshopify.com/admin/api/2024-10/products/9364850344171/images/49829628969195.json	9364850344171		images	200	OK	image_id=49829628969195
2026-05-18 12:01:05	image-delete	delete_product_image	DELETE	https://oz-nails-wa.myshopify.com/admin/api/2024-10/products/9364850376939/images/49829629657323.json	9364850376939		images	200	OK	image_id=49829629657323
2026-05-18 12:01:07	image-delete	delete_product_image	DELETE	https://oz-nails-wa.myshopify.com/admin/api/2024-10/products/9364850409707/images/49829630148843.json	9364850409707		images	200	OK	image_id=49829630148843
2026-05-18 12:01:09	image-delete	delete_product_image	DELETE	https://oz-nails-wa.myshopify.com/admin/api/2024-10/products/9364850442475/images/49829630968043.json	9364850442475		images	200	OK	image_id=49829630968043
2026-05-18 12:01:11	image-delete	delete_product_image	DELETE	https://oz-nails-wa.myshopify.com/admin/api/2024-10/products/9364850475243/images/49829631787243.json	9364850475243		images	200	OK	image_id=49829631787243
2026-05-18 12:01:13	image-delete	delete_product_image	DELETE	https://oz-nails-wa.myshopify.com/admin/api/2024-10/products/9364850508011/images/49829632344299.json	9364850508011		images	200	OK	image_id=49829632344299
2026-05-18 12:01:14	image-delete	delete_product_image	DELETE	https://oz-nails-wa.myshopify.com/admin/api/2024-10/products/9364850540779/images/49829633163499.json	9364850540779		images	200	OK	image_id=49829633163499
2026-05-18 12:01:16	image-delete	delete_product_image	DELETE	https://oz-nails-wa.myshopify.com/admin/api/2024-10/products/9364850606315/images/49829634081003.json	9364850606315		images	200	OK	image_id=49829634081003
2026-05-18 12:01:18	image-delete	delete_product_image	DELETE	https://oz-nails-wa.myshopify.com/admin/api/2024-10/products/9364850639083/images/49829634474219.json	9364850639083		images	200	OK	image_id=49829634474219
2026-05-18 12:01:20	image-delete	delete_product_image	DELETE	https://oz-nails-wa.myshopify.com/admin/api/2024-10/products/9364850671851/images/49829635162347.json	9364850671851		images	200	OK	image_id=49829635162347
2026-05-18 12:01:22	image-delete	delete_product_image	DELETE	https://oz-nails-wa.myshopify.com/admin/api/2024-10/products/9364850704619/images/49829635850475.json	9364850704619		images	200	OK	image_id=49829635850475
2026-05-18 12:01:23	image-delete	delete_product_image	DELETE	https://oz-nails-wa.myshopify.com/admin/api/2024-10/products/9364850737387/images/49829636505835.json	9364850737387		images	200	OK	image_id=49829636505835
2026-05-18 12:01:25	image-delete	delete_product_image	DELETE	https://oz-nails-wa.myshopify.com/admin/api/2024-10/products/9364850770155/images/49829637357803.json	9364850770155		images	200	OK	image_id=49829637357803
2026-05-18 12:01:27	image-delete	delete_product_image	DELETE	https://oz-nails-wa.myshopify.com/admin/api/2024-10/products/9364850802923/images/49829638177003.json	9364850802923		images	200	OK	image_id=49829638177003
2026-05-18 12:01:29	image-delete	delete_product_image	DELETE	https://oz-nails-wa.myshopify.com/admin/api/2024-10/products/9364850835691/images/49829638602987.json	9364850835691		images	200	OK	image_id=49829638602987
2026-05-18 12:01:31	image-delete	delete_product_image	DELETE	https://oz-nails-wa.myshopify.com/admin/api/2024-10/products/9364850868459/images/49829639192811.json	9364850868459		images	200	OK	image_id=49829639192811
2026-05-18 12:01:33	image-delete	delete_product_image	DELETE	https://oz-nails-wa.myshopify.com/admin/api/2024-10/products/9364850901227/images/49829639880939.json	9364850901227		images	200	OK	image_id=49829639880939
2026-05-18 12:01:35	image-delete	delete_product_image	DELETE	https://oz-nails-wa.myshopify.com/admin/api/2024-10/products/9364850933995/images/49829640831211.json	9364850933995		images	200	OK	image_id=49829640831211
2026-05-18 12:01:36	image-delete	delete_product_image	DELETE	https://oz-nails-wa.myshopify.com/admin/api/2024-10/products/9364850966763/images/49829641650411.json	9364850966763		images	200	OK	image_id=49829641650411
2026-05-18 12:01:38	image-delete	delete_product_image	DELETE	https://oz-nails-wa.myshopify.com/admin/api/2024-10/products/9364850999531/images/49829642567915.json	9364850999531		images	200	OK	image_id=49829642567915
2026-05-18 12:01:40	image-delete	delete_product_image	DELETE	https://oz-nails-wa.myshopify.com/admin/api/2024-10/products/9364851032299/images/49829643092203.json	9364851032299		images	200	OK	image_id=49829643092203
2026-05-18 12:01:42	image-delete	delete_product_image	DELETE	https://oz-nails-wa.myshopify.com/admin/api/2024-10/products/9364851065067/images/49829643944171.json	9364851065067		images	200	OK	image_id=49829643944171
2026-05-18 12:01:44	image-delete	delete_product_image	DELETE	https://oz-nails-wa.myshopify.com/admin/api/2024-10/products/9364851130603/images/49829644697835.json	9364851130603		images	200	OK	image_id=49829644697835
2026-05-18 12:01:46	image-delete	delete_product_image	DELETE	https://oz-nails-wa.myshopify.com/admin/api/2024-10/products/9364851163371/images/49829645222123.json	9364851163371		images	200	OK	image_id=49829645222123
2026-05-18 12:01:47	image-delete	delete_product_image	DELETE	https://oz-nails-wa.myshopify.com/admin/api/2024-10/products/9364851196139/images/49829645975787.json	9364851196139		images	200	OK	image_id=49829645975787
2026-05-18 12:01:49	image-delete	delete_product_image	DELETE	https://oz-nails-wa.myshopify.com/admin/api/2024-10/products/9364851228907/images/49829646270699.json	9364851228907		images	200	OK	image_id=49829646270699
2026-05-18 12:01:51	image-delete	delete_product_image	DELETE	https://oz-nails-wa.myshopify.com/admin/api/2024-10/products/9364851261675/images/49829646958827.json	9364851261675		images	200	OK	image_id=49829646958827
2026-05-18 12:01:53	image-delete	delete_product_image	DELETE	https://oz-nails-wa.myshopify.com/admin/api/2024-10/products/9364851294443/images/49829647253739.json	9364851294443		images	200	OK	image_id=49829647253739
2026-05-18 12:01:54	image-delete	delete_product_image	DELETE	https://oz-nails-wa.myshopify.com/admin/api/2024-10/products/9364851327211/images/49829648040171.json	9364851327211		images	200	OK	image_id=49829648040171
2026-05-18 12:01:56	image-delete	delete_product_image	DELETE	https://oz-nails-wa.myshopify.com/admin/api/2024-10/products/9364851392747/images/49829648859371.json	9364851392747		images	200	OK	image_id=49829648859371
2026-05-18 12:01:58	image-delete	delete_product_image	DELETE	https://oz-nails-wa.myshopify.com/admin/api/2024-10/products/9364851425515/images/49829649580267.json	9364851425515		images	200	OK	image_id=49829649580267
2026-05-18 12:02:00	image-delete	delete_product_image	DELETE	https://oz-nails-wa.myshopify.com/admin/api/2024-10/products/9364851458283/images/49829650268395.json	9364851458283		images	200	OK	image_id=49829650268395
2026-05-18 12:02:01	image-delete	delete_product_image	DELETE	https://oz-nails-wa.myshopify.com/admin/api/2024-10/products/9364851491051/images/49829650825451.json	9364851491051		images	200	OK	image_id=49829650825451
2026-05-18 12:02:03	image-delete	delete_product_image	DELETE	https://oz-nails-wa.myshopify.com/admin/api/2024-10/products/9364851523819/images/49829652005099.json	9364851523819		images	200	OK	image_id=49829652005099
2026-05-18 12:02:05	image-delete	delete_product_image	DELETE	https://oz-nails-wa.myshopify.com/admin/api/2024-10/products/9364851556587/images/49829653283051.json	9364851556587		images	200	OK	image_id=49829653283051
2026-05-18 12:02:07	image-delete	delete_product_image	DELETE	https://oz-nails-wa.myshopify.com/admin/api/2024-10/products/9364851589355/images/49829653905643.json	9364851589355		images	200	OK	image_id=49829653905643
2026-05-18 12:02:09	image-delete	delete_product_image	DELETE	https://oz-nails-wa.myshopify.com/admin/api/2024-10/products/9364851622123/images/49829654495467.json	9364851622123		images	200	OK	image_id=49829654495467
2026-05-18 12:02:10	image-delete	delete_product_image	DELETE	https://oz-nails-wa.myshopify.com/admin/api/2024-10/products/9364851687659/images/49829655740651.json	9364851687659		images	200	OK	image_id=49829655740651
2026-05-18 12:02:12	image-delete	delete_product_image	DELETE	https://oz-nails-wa.myshopify.com/admin/api/2024-10/products/9364851720427/images/49829656330475.json	9364851720427		images	200	OK	image_id=49829656330475
2026-05-18 12:02:14	image-delete	delete_product_image	DELETE	https://oz-nails-wa.myshopify.com/admin/api/2024-10/products/9364851753195/images/49829657084139.json	9364851753195		images	200	OK	image_id=49829657084139
2026-05-18 12:02:16	image-delete	delete_product_image	DELETE	https://oz-nails-wa.myshopify.com/admin/api/2024-10/products/9364851785963/images/49829657739499.json	9364851785963		images	200	OK	image_id=49829657739499
2026-05-18 12:02:18	image-delete	delete_product_image	DELETE	https://oz-nails-wa.myshopify.com/admin/api/2024-10/products/9364851818731/images/49829658034411.json	9364851818731		images	200	OK	image_id=49829658034411
2026-05-18 12:02:19	image-delete	delete_product_image	DELETE	https://oz-nails-wa.myshopify.com/admin/api/2024-10/products/9364851851499/images/49829658886379.json	9364851851499		images	200	OK	image_id=49829658886379
2026-05-18 12:02:21	image-delete	delete_product_image	DELETE	https://oz-nails-wa.myshopify.com/admin/api/2024-10/products/9364851884267/images/49829659705579.json	9364851884267		images	200	OK	image_id=49829659705579
2026-05-18 12:02:23	image-delete	delete_product_image	DELETE	https://oz-nails-wa.myshopify.com/admin/api/2024-10/products/9364851917035/images/49829660328171.json	9364851917035		images	200	OK	image_id=49829660328171
2026-05-18 12:02:25	image-delete	delete_product_image	DELETE	https://oz-nails-wa.myshopify.com/admin/api/2024-10/products/9364851982571/images/49829661114603.json	9364851982571		images	200	OK	image_id=49829661114603
2026-05-18 12:02:27	image-delete	delete_product_image	DELETE	https://oz-nails-wa.myshopify.com/admin/api/2024-10/products/9364852048107/images/49829662097643.json	9364852048107		images	200	OK	image_id=49829662097643
2026-05-18 12:02:28	image-delete	delete_product_image	DELETE	https://oz-nails-wa.myshopify.com/admin/api/2024-10/products/9364852080875/images/49829662589163.json	9364852080875		images	200	OK	image_id=49829662589163
2026-05-18 12:02:30	image-delete	delete_product_image	DELETE	https://oz-nails-wa.myshopify.com/admin/api/2024-10/products/9364852113643/images/49829663015147.json	9364852113643		images	200	OK	image_id=49829663015147
2026-05-18 12:02:32	image-delete	delete_product_image	DELETE	https://oz-nails-wa.myshopify.com/admin/api/2024-10/products/9364852179179/images/49829663637739.json	9364852179179		images	200	OK	image_id=49829663637739
2026-05-18 12:02:34	image-delete	delete_product_image	DELETE	https://oz-nails-wa.myshopify.com/admin/api/2024-10/products/9364852211947/images/49829664588011.json	9364852211947		images	200	OK	image_id=49829664588011
2026-05-18 12:02:35	image-delete	delete_product_image	DELETE	https://oz-nails-wa.myshopify.com/admin/api/2024-10/products/9364852244715/images/49829665145067.json	9364852244715		images	200	OK	image_id=49829665145067
2026-05-18 12:02:37	image-delete	delete_product_image	DELETE	https://oz-nails-wa.myshopify.com/admin/api/2024-10/products/9364852277483/images/49829665931499.json	9364852277483		images	200	OK	image_id=49829665931499
2026-05-18 12:02:39	image-delete	delete_product_image	DELETE	https://oz-nails-wa.myshopify.com/admin/api/2024-10/products/9364852310251/images/49829666980075.json	9364852310251		images	200	OK	image_id=49829666980075
2026-05-18 12:02:41	image-delete	delete_product_image	DELETE	https://oz-nails-wa.myshopify.com/admin/api/2024-10/products/9364852375787/images/49829668126955.json	9364852375787		images	200	OK	image_id=49829668126955
2026-05-18 12:02:42	image-delete	delete_product_image	DELETE	https://oz-nails-wa.myshopify.com/admin/api/2024-10/products/9364852408555/images/49829669142763.json	9364852408555		images	200	OK	image_id=49829669142763
2026-05-18 12:02:44	image-delete	delete_product_image	DELETE	https://oz-nails-wa.myshopify.com/admin/api/2024-10/products/9364852474091/images/49829670093035.json	9364852474091		images	200	OK	image_id=49829670093035
2026-05-18 12:02:46	image-delete	delete_product_image	DELETE	https://oz-nails-wa.myshopify.com/admin/api/2024-10/products/9364852506859/images/49829671567595.json	9364852506859		images	200	OK	image_id=49829671567595
2026-05-18 12:02:48	image-delete	delete_product_image	DELETE	https://oz-nails-wa.myshopify.com/admin/api/2024-10/products/9364852539627/images/49829672321259.json	9364852539627		images	200	OK	image_id=49829672321259
2026-05-18 12:02:49	image-delete	delete_product_image	DELETE	https://oz-nails-wa.myshopify.com/admin/api/2024-10/products/9364852572395/images/49829673140459.json	9364852572395		images	200	OK	image_id=49829673140459
2026-05-18 12:02:51	image-delete	delete_product_image	DELETE	https://oz-nails-wa.myshopify.com/admin/api/2024-10/products/9364852605163/images/49829673861355.json	9364852605163		images	200	OK	image_id=49829673861355
2026-05-18 12:02:53	image-delete	delete_product_image	DELETE	https://oz-nails-wa.myshopify.com/admin/api/2024-10/products/9364852703467/images/49829674778859.json	9364852703467		images	200	OK	image_id=49829674778859
2026-05-18 12:02:55	image-delete	delete_product_image	DELETE	https://oz-nails-wa.myshopify.com/admin/api/2024-10/products/9364852736235/images/49829675401451.json	9364852736235		images	200	OK	image_id=49829675401451
2026-05-18 12:02:56	image-delete	delete_product_image	DELETE	https://oz-nails-wa.myshopify.com/admin/api/2024-10/products/9364852801771/images/49829675892971.json	9364852801771		images	200	OK	image_id=49829675892971
2026-05-18 12:02:58	image-delete	delete_product_image	DELETE	https://oz-nails-wa.myshopify.com/admin/api/2024-10/products/9364852867307/images/49829676384491.json	9364852867307		images	200	OK	image_id=49829676384491
2026-05-18 12:03:00	image-delete	delete_product_image	DELETE	https://oz-nails-wa.myshopify.com/admin/api/2024-10/products/9364852900075/images/49829677236459.json	9364852900075		images	200	OK	image_id=49829677236459
2026-05-18 12:03:02	image-delete	delete_product_image	DELETE	https://oz-nails-wa.myshopify.com/admin/api/2024-10/products/9364852932843/images/49829678055659.json	9364852932843		images	200	OK	image_id=49829678055659
2026-05-18 12:03:04	image-delete	delete_product_image	DELETE	https://oz-nails-wa.myshopify.com/admin/api/2024-10/products/9364852965611/images/49829678579947.json	9364852965611		images	200	OK	image_id=49829678579947
2026-05-18 12:03:05	image-delete	delete_product_image	DELETE	https://oz-nails-wa.myshopify.com/admin/api/2024-10/products/9364853031147/images/49829679464683.json	9364853031147		images	200	OK	image_id=49829679464683
2026-05-18 12:03:07	image-delete	delete_product_image	DELETE	https://oz-nails-wa.myshopify.com/admin/api/2024-10/products/9364853129451/images/49829679825131.json	9364853129451		images	200	OK	image_id=49829679825131
2026-05-18 12:03:09	image-delete	delete_product_image	DELETE	https://oz-nails-wa.myshopify.com/admin/api/2024-10/products/9364853162219/images/49829680840939.json	9364853162219		images	200	OK	image_id=49829680840939
2026-05-18 12:03:11	image-delete	delete_product_image	DELETE	https://oz-nails-wa.myshopify.com/admin/api/2024-10/products/9364853194987/images/49829681234155.json	9364853194987		images	200	OK	image_id=49829681234155
2026-05-18 12:03:12	image-delete	delete_product_image	DELETE	https://oz-nails-wa.myshopify.com/admin/api/2024-10/products/9364853227755/images/49829681823979.json	9364853227755		images	200	OK	image_id=49829681823979
2026-05-18 12:03:14	image-delete	delete_product_image	DELETE	https://oz-nails-wa.myshopify.com/admin/api/2024-10/products/9364853260523/images/49829682643179.json	9364853260523		images	200	OK	image_id=49829682643179
2026-05-18 12:03:16	image-delete	delete_product_image	DELETE	https://oz-nails-wa.myshopify.com/admin/api/2024-10/products/9364853293291/images/49829683233003.json	9364853293291		images	200	OK	image_id=49829683233003
2026-05-18 12:03:18	image-delete	delete_product_image	DELETE	https://oz-nails-wa.myshopify.com/admin/api/2024-10/products/9364853358827/images/49829684084971.json	9364853358827		images	200	OK	image_id=49829684084971
2026-05-18 12:03:20	image-delete	delete_product_image	DELETE	https://oz-nails-wa.myshopify.com/admin/api/2024-10/products/9364853817579/images/49829684609259.json	9364853817579		images	200	OK	image_id=49829684609259
2026-05-18 12:03:21	image-delete	delete_product_image	DELETE	https://oz-nails-wa.myshopify.com/admin/api/2024-10/products/9364853981419/images/49829685297387.json	9364853981419		images	200	OK	image_id=49829685297387
2026-05-18 12:03:23	image-delete	delete_product_image	DELETE	https://oz-nails-wa.myshopify.com/admin/api/2024-10/products/9364854046955/images/49829686083819.json	9364854046955		images	200	OK	image_id=49829686083819
2026-05-18 12:03:25	image-delete	delete_product_image	DELETE	https://oz-nails-wa.myshopify.com/admin/api/2024-10/products/9364854079723/images/49829686640875.json	9364854079723		images	200	OK	image_id=49829686640875
2026-05-18 12:03:27	image-delete	delete_product_image	DELETE	https://oz-nails-wa.myshopify.com/admin/api/2024-10/products/9364854112491/images/49829687689451.json	9364854112491		images	200	OK	image_id=49829687689451
2026-05-18 12:03:29	image-delete	delete_product_image	DELETE	https://oz-nails-wa.myshopify.com/admin/api/2024-10/products/9364854145259/images/49829688312043.json	9364854145259		images	200	OK	image_id=49829688312043
2026-05-18 12:03:31	image-delete	delete_product_image	DELETE	https://oz-nails-wa.myshopify.com/admin/api/2024-10/products/9364854178027/images/49829689065707.json	9364854178027		images	200	OK	image_id=49829689065707
2026-05-18 12:03:33	image-delete	delete_product_image	DELETE	https://oz-nails-wa.myshopify.com/admin/api/2024-10/products/9364854210795/images/49829689688299.json	9364854210795		images	200	OK	image_id=49829689688299
2026-05-18 12:03:35	image-delete	delete_product_image	DELETE	https://oz-nails-wa.myshopify.com/admin/api/2024-10/products/9364854243563/images/49829690736875.json	9364854243563		images	200	OK	image_id=49829690736875
2026-05-18 12:03:37	image-delete	delete_product_image	DELETE	https://oz-nails-wa.myshopify.com/admin/api/2024-10/products/9364854309099/images/49829691621611.json	9364854309099		images	200	OK	image_id=49829691621611
2026-05-18 12:03:39	image-delete	delete_product_image	DELETE	https://oz-nails-wa.myshopify.com/admin/api/2024-10/products/9364854341867/images/49829692211435.json	9364854341867		images	200	OK	image_id=49829692211435
2026-05-18 12:03:40	image-delete	delete_product_image	DELETE	https://oz-nails-wa.myshopify.com/admin/api/2024-10/products/9364854374635/images/49829693358315.json	9364854374635		images	200	OK	image_id=49829693358315
2026-05-18 12:03:42	image-delete	delete_product_image	DELETE	https://oz-nails-wa.myshopify.com/admin/api/2024-10/products/9364854407403/images/49829694144747.json	9364854407403		images	200	OK	image_id=49829694144747
2026-05-18 12:03:44	image-delete	delete_product_image	DELETE	https://oz-nails-wa.myshopify.com/admin/api/2024-10/products/9364854440171/images/49829695029483.json	9364854440171		images	200	OK	image_id=49829695029483
2026-05-18 12:03:46	image-delete	delete_product_image	DELETE	https://oz-nails-wa.myshopify.com/admin/api/2024-10/products/9364854472939/images/49829695422699.json	9364854472939		images	200	OK	image_id=49829695422699
2026-05-18 12:03:47	image-delete	delete_product_image	DELETE	https://oz-nails-wa.myshopify.com/admin/api/2024-10/products/9364854505707/images/49829696143595.json	9364854505707		images	200	OK	image_id=49829696143595
2026-05-18 12:03:49	image-delete	delete_product_image	DELETE	https://oz-nails-wa.myshopify.com/admin/api/2024-10/products/9364854538475/images/49829697224939.json	9364854538475		images	200	OK	image_id=49829697224939
2026-05-18 12:03:51	image-delete	delete_product_image	DELETE	https://oz-nails-wa.myshopify.com/admin/api/2024-10/products/9364854604011/images/49829697913067.json	9364854604011		images	200	OK	image_id=49829697913067
2026-05-18 12:03:53	image-delete	delete_product_image	DELETE	https://oz-nails-wa.myshopify.com/admin/api/2024-10/products/9364854636779/images/49829698797803.json	9364854636779		images	200	OK	image_id=49829698797803
2026-05-18 12:03:55	image-delete	delete_product_image	DELETE	https://oz-nails-wa.myshopify.com/admin/api/2024-10/products/9364854669547/images/49829699191019.json	9364854669547		images	200	OK	image_id=49829699191019
2026-05-18 12:03:57	image-delete	delete_product_image	DELETE	https://oz-nails-wa.myshopify.com/admin/api/2024-10/products/9364854702315/images/49829699944683.json	9364854702315		images	200	OK	image_id=49829699944683
2026-05-18 12:03:59	image-delete	delete_product_image	DELETE	https://oz-nails-wa.myshopify.com/admin/api/2024-10/products/9364854735083/images/49829700534507.json	9364854735083		images	200	OK	image_id=49829700534507
2026-05-18 12:04:00	image-delete	delete_product_image	DELETE	https://oz-nails-wa.myshopify.com/admin/api/2024-10/products/9364854767851/images/49829701091563.json	9364854767851		images	200	OK	image_id=49829701091563
2026-05-18 12:04:02	image-delete	delete_product_image	DELETE	https://oz-nails-wa.myshopify.com/admin/api/2024-10/products/9364854800619/images/49829701746923.json	9364854800619		images	200	OK	image_id=49829701746923
2026-05-18 12:04:04	image-delete	delete_product_image	DELETE	https://oz-nails-wa.myshopify.com/admin/api/2024-10/products/9364854866155/images/49829702336747.json	9364854866155		images	200	OK	image_id=49829702336747
2026-05-18 12:04:06	image-delete	delete_product_image	DELETE	https://oz-nails-wa.myshopify.com/admin/api/2024-10/products/9364854898923/images/49829703123179.json	9364854898923		images	200	OK	image_id=49829703123179
2026-05-18 12:04:08	image-delete	delete_product_image	DELETE	https://oz-nails-wa.myshopify.com/admin/api/2024-10/products/9364854931691/images/49829703909611.json	9364854931691		images	200	OK	image_id=49829703909611
2026-05-18 12:04:09	image-delete	delete_product_image	DELETE	https://oz-nails-wa.myshopify.com/admin/api/2024-10/products/9364854964459/images/49829704466667.json	9364854964459		images	200	OK	image_id=49829704466667
2026-05-18 12:04:11	image-delete	delete_product_image	DELETE	https://oz-nails-wa.myshopify.com/admin/api/2024-10/products/9364854997227/images/49829705089259.json	9364854997227		images	200	OK	image_id=49829705089259
2026-05-18 12:04:13	image-delete	delete_product_image	DELETE	https://oz-nails-wa.myshopify.com/admin/api/2024-10/products/9364855029995/images/49829705711851.json	9364855029995		images	200	OK	image_id=49829705711851
2026-05-18 12:04:15	image-delete	delete_product_image	DELETE	https://oz-nails-wa.myshopify.com/admin/api/2024-10/products/9364855062763/images/49829706432747.json	9364855062763		images	200	OK	image_id=49829706432747
2026-05-18 12:04:16	image-delete	delete_product_image	DELETE	https://oz-nails-wa.myshopify.com/admin/api/2024-10/products/9364855161067/images/49829707186411.json	9364855161067		images	200	OK	image_id=49829707186411
2026-05-18 12:04:18	image-delete	delete_product_image	DELETE	https://oz-nails-wa.myshopify.com/admin/api/2024-10/products/9364855193835/images/49829707743467.json	9364855193835		images	200	OK	image_id=49829707743467
2026-05-18 12:04:20	image-delete	delete_product_image	DELETE	https://oz-nails-wa.myshopify.com/admin/api/2024-10/products/9364855226603/images/49829708529899.json	9364855226603		images	200	OK	image_id=49829708529899
2026-05-18 12:04:22	image-delete	delete_product_image	DELETE	https://oz-nails-wa.myshopify.com/admin/api/2024-10/products/9364855292139/images/49829709054187.json	9364855292139		images	200	OK	image_id=49829709054187
2026-05-18 12:04:23	image-delete	delete_product_image	DELETE	https://oz-nails-wa.myshopify.com/admin/api/2024-10/products/9364855324907/images/49829709938923.json	9364855324907		images	200	OK	image_id=49829709938923
2026-05-18 12:04:25	image-delete	delete_product_image	DELETE	https://oz-nails-wa.myshopify.com/admin/api/2024-10/products/9364855390443/images/49829712527595.json	9364855390443		images	200	OK	image_id=49829712527595
2026-05-18 12:04:27	image-delete	delete_product_image	DELETE	https://oz-nails-wa.myshopify.com/admin/api/2024-10/products/9364855423211/images/49829713903851.json	9364855423211		images	200	OK	image_id=49829713903851
2026-05-18 12:04:29	image-delete	delete_product_image	DELETE	https://oz-nails-wa.myshopify.com/admin/api/2024-10/products/9364855455979/images/49829715280107.json	9364855455979		images	200	OK	image_id=49829715280107
2026-05-18 12:04:31	image-delete	delete_product_image	DELETE	https://oz-nails-wa.myshopify.com/admin/api/2024-10/products/9364855488747/images/49829717115115.json	9364855488747		images	200	OK	image_id=49829717115115
2026-05-18 12:04:33	image-delete	delete_product_image	DELETE	https://oz-nails-wa.myshopify.com/admin/api/2024-10/products/9364855554283/images/49829718196459.json	9364855554283		images	200	OK	image_id=49829718196459
2026-05-18 12:04:35	image-delete	delete_product_image	DELETE	https://oz-nails-wa.myshopify.com/admin/api/2024-10/products/9364855587051/images/49829719015659.json	9364855587051		images	200	OK	image_id=49829719015659
2026-05-18 12:04:37	image-delete	delete_product_image	DELETE	https://oz-nails-wa.myshopify.com/admin/api/2024-10/products/9364855619819/images/49829719605483.json	9364855619819		images	200	OK	image_id=49829719605483
2026-05-18 12:04:38	image-delete	delete_product_image	DELETE	https://oz-nails-wa.myshopify.com/admin/api/2024-10/products/9364855652587/images/49829720490219.json	9364855652587		images	200	OK	image_id=49829720490219
2026-05-18 12:04:40	image-delete	delete_product_image	DELETE	https://oz-nails-wa.myshopify.com/admin/api/2024-10/products/9364855685355/images/49829721145579.json	9364855685355		images	200	OK	image_id=49829721145579
2026-05-18 12:04:42	image-delete	delete_product_image	DELETE	https://oz-nails-wa.myshopify.com/admin/api/2024-10/products/9364855718123/images/49829721833707.json	9364855718123		images	200	OK	image_id=49829721833707
2026-05-18 12:04:44	image-delete	delete_product_image	DELETE	https://oz-nails-wa.myshopify.com/admin/api/2024-10/products/9364855750891/images/49829722652907.json	9364855750891		images	200	OK	image_id=49829722652907
2026-05-18 12:04:45	image-delete	delete_product_image	DELETE	https://oz-nails-wa.myshopify.com/admin/api/2024-10/products/9364855816427/images/49829723373803.json	9364855816427		images	200	OK	image_id=49829723373803
2026-05-18 12:04:47	image-delete	delete_product_image	DELETE	https://oz-nails-wa.myshopify.com/admin/api/2024-10/products/9364855849195/images/49829724160235.json	9364855849195		images	200	OK	image_id=49829724160235
2026-05-18 12:04:49	image-delete	delete_product_image	DELETE	https://oz-nails-wa.myshopify.com/admin/api/2024-10/products/9364855914731/images/49829724520683.json	9364855914731		images	200	OK	image_id=49829724520683
2026-05-18 12:04:51	image-delete	delete_product_image	DELETE	https://oz-nails-wa.myshopify.com/admin/api/2024-10/products/9364855947499/images/49829725012203.json	9364855947499		images	200	OK	image_id=49829725012203
2026-05-18 12:04:53	image-delete	delete_product_image	DELETE	https://oz-nails-wa.myshopify.com/admin/api/2024-10/products/9364855980267/images/49829725569259.json	9364855980267		images	200	OK	image_id=49829725569259
2026-05-18 12:04:54	image-delete	delete_product_image	DELETE	https://oz-nails-wa.myshopify.com/admin/api/2024-10/products/9364856013035/images/49829725831403.json	9364856013035		images	200	OK	image_id=49829725831403
2026-05-18 12:04:57	image-delete	delete_product_image	DELETE	https://oz-nails-wa.myshopify.com/admin/api/2024-10/products/9364856045803/images/49829726453995.json	9364856045803		images	200	OK	image_id=49829726453995
2026-05-18 12:04:58	image-delete	delete_product_image	DELETE	https://oz-nails-wa.myshopify.com/admin/api/2024-10/products/9364856078571/images/49829726912747.json	9364856078571		images	200	OK	image_id=49829726912747
2026-05-18 12:05:00	image-delete	delete_product_image	DELETE	https://oz-nails-wa.myshopify.com/admin/api/2024-10/products/9364856111339/images/49829727633643.json	9364856111339		images	200	OK	image_id=49829727633643
2026-05-18 12:05:02	image-delete	delete_product_image	DELETE	https://oz-nails-wa.myshopify.com/admin/api/2024-10/products/9364856176875/images/49829728420075.json	9364856176875		images	200	OK	image_id=49829728420075
2026-05-18 12:05:04	image-delete	delete_product_image	DELETE	https://oz-nails-wa.myshopify.com/admin/api/2024-10/products/9364856209643/images/49829728846059.json	9364856209643		images	200	OK	image_id=49829728846059
2026-05-18 12:05:06	image-delete	delete_product_image	DELETE	https://oz-nails-wa.myshopify.com/admin/api/2024-10/products/9364856242411/images/49829729501419.json	9364856242411		images	200	OK	image_id=49829729501419
2026-05-18 12:05:07	image-delete	delete_product_image	DELETE	https://oz-nails-wa.myshopify.com/admin/api/2024-10/products/9364856275179/images/49829730222315.json	9364856275179		images	200	OK	image_id=49829730222315
2026-05-18 12:05:09	image-delete	delete_product_image	DELETE	https://oz-nails-wa.myshopify.com/admin/api/2024-10/products/9364856307947/images/49829730975979.json	9364856307947		images	200	OK	image_id=49829730975979
2026-05-18 12:05:11	image-delete	delete_product_image	DELETE	https://oz-nails-wa.myshopify.com/admin/api/2024-10/products/9364856340715/images/49829731664107.json	9364856340715		images	200	OK	image_id=49829731664107
2026-05-18 12:05:13	image-delete	delete_product_image	DELETE	https://oz-nails-wa.myshopify.com/admin/api/2024-10/products/9364856373483/images/49829732057323.json	9364856373483		images	200	OK	image_id=49829732057323
2026-05-18 12:05:15	image-delete	delete_product_image	DELETE	https://oz-nails-wa.myshopify.com/admin/api/2024-10/products/9364856439019/images/49829732679915.json	9364856439019		images	200	OK	image_id=49829732679915
2026-05-18 12:05:17	image-delete	delete_product_image	DELETE	https://oz-nails-wa.myshopify.com/admin/api/2024-10/products/9364856471787/images/49829733400811.json	9364856471787		images	200	OK	image_id=49829733400811
2026-05-18 12:05:19	image-delete	delete_product_image	DELETE	https://oz-nails-wa.myshopify.com/admin/api/2024-10/products/9364856537323/images/49829734088939.json	9364856537323		images	200	OK	image_id=49829734088939
2026-05-18 12:05:21	image-delete	delete_product_image	DELETE	https://oz-nails-wa.myshopify.com/admin/api/2024-10/products/9364856570091/images/49829734482155.json	9364856570091		images	200	OK	image_id=49829734482155
2026-05-18 12:05:22	image-delete	delete_product_image	DELETE	https://oz-nails-wa.myshopify.com/admin/api/2024-10/products/9364856602859/images/49829735170283.json	9364856602859		images	200	OK	image_id=49829735170283
2026-05-18 12:05:24	image-delete	delete_product_image	DELETE	https://oz-nails-wa.myshopify.com/admin/api/2024-10/products/9364856635627/images/49829735596267.json	9364856635627		images	200	OK	image_id=49829735596267
2026-05-18 12:05:26	image-delete	delete_product_image	DELETE	https://oz-nails-wa.myshopify.com/admin/api/2024-10/products/9364856668395/images/49829736481003.json	9364856668395		images	200	OK	image_id=49829736481003
2026-05-18 12:05:28	image-delete	delete_product_image	DELETE	https://oz-nails-wa.myshopify.com/admin/api/2024-10/products/9364856701163/images/49829736874219.json	9364856701163		images	200	OK	image_id=49829736874219
2026-05-18 12:05:30	image-delete	delete_product_image	DELETE	https://oz-nails-wa.myshopify.com/admin/api/2024-10/products/9364856733931/images/49829737496811.json	9364856733931		images	200	OK	image_id=49829737496811
2026-05-18 12:05:31	image-delete	delete_product_image	DELETE	https://oz-nails-wa.myshopify.com/admin/api/2024-10/products/9364856766699/images/49829738053867.json	9364856766699		images	200	OK	image_id=49829738053867
2026-05-18 12:05:33	image-delete	delete_product_image	DELETE	https://oz-nails-wa.myshopify.com/admin/api/2024-10/products/9364856832235/images/49829738741995.json	9364856832235		images	200	OK	image_id=49829738741995
2026-05-18 12:05:35	image-delete	delete_product_image	DELETE	https://oz-nails-wa.myshopify.com/admin/api/2024-10/products/9364856865003/images/49829739397355.json	9364856865003		images	200	OK	image_id=49829739397355
2026-05-18 12:05:37	image-delete	delete_product_image	DELETE	https://oz-nails-wa.myshopify.com/admin/api/2024-10/products/9364856963307/images/49829739856107.json	9364856963307		images	200	OK	image_id=49829739856107
2026-05-18 12:05:39	image-delete	delete_product_image	DELETE	https://oz-nails-wa.myshopify.com/admin/api/2024-10/products/9364881703147/images/49829740577003.json	9364881703147		images	200	OK	image_id=49829740577003
2026-05-18 12:05:41	image-delete	delete_product_image	DELETE	https://oz-nails-wa.myshopify.com/admin/api/2024-10/products/9364881735915/images/49829740970219.json	9364881735915		images	200	OK	image_id=49829740970219
2026-05-18 12:05:42	image-delete	delete_product_image	DELETE	https://oz-nails-wa.myshopify.com/admin/api/2024-10/products/9364881768683/images/49829741560043.json	9364881768683		images	200	OK	image_id=49829741560043
2026-05-18 12:05:44	image-delete	delete_product_image	DELETE	https://oz-nails-wa.myshopify.com/admin/api/2024-10/products/9364881866987/images/49829742280939.json	9364881866987		images	200	OK	image_id=49829742280939
2026-05-18 12:05:46	image-delete	delete_product_image	DELETE	https://oz-nails-wa.myshopify.com/admin/api/2024-10/products/9364881899755/images/49829742739691.json	9364881899755		images	200	OK	image_id=49829742739691
2026-05-18 12:05:48	image-delete	delete_product_image	DELETE	https://oz-nails-wa.myshopify.com/admin/api/2024-10/products/9364881998059/images/49829743591659.json	9364881998059		images	200	OK	image_id=49829743591659
2026-05-18 12:05:50	image-delete	delete_product_image	DELETE	https://oz-nails-wa.myshopify.com/admin/api/2024-10/products/9364882096363/images/49829744312555.json	9364882096363		images	200	OK	image_id=49829744312555
2026-05-18 12:05:51	image-delete	delete_product_image	DELETE	https://oz-nails-wa.myshopify.com/admin/api/2024-10/products/9364882129131/images/49829745033451.json	9364882129131		images	200	OK	image_id=49829745033451
2026-05-18 12:05:53	image-delete	delete_product_image	DELETE	https://oz-nails-wa.myshopify.com/admin/api/2024-10/products/9364882161899/images/49829745885419.json	9364882161899		images	200	OK	image_id=49829745885419
2026-05-18 12:05:55	image-delete	delete_product_image	DELETE	https://oz-nails-wa.myshopify.com/admin/api/2024-10/products/9364882227435/images/49829746278635.json	9364882227435		images	200	OK	image_id=49829746278635
2026-05-18 12:05:57	image-delete	delete_product_image	DELETE	https://oz-nails-wa.myshopify.com/admin/api/2024-10/products/9364882260203/images/49829746901227.json	9364882260203		images	200	OK	image_id=49829746901227
2026-05-18 12:05:59	image-delete	delete_product_image	DELETE	https://oz-nails-wa.myshopify.com/admin/api/2024-10/products/9364882325739/images/49829747523819.json	9364882325739		images	200	OK	image_id=49829747523819
2026-05-18 12:06:01	image-delete	delete_product_image	DELETE	https://oz-nails-wa.myshopify.com/admin/api/2024-10/products/9364882358507/images/49829748080875.json	9364882358507		images	200	OK	image_id=49829748080875
2026-05-18 12:06:03	image-delete	delete_product_image	DELETE	https://oz-nails-wa.myshopify.com/admin/api/2024-10/products/9364882391275/images/49829748932843.json	9364882391275		images	200	OK	image_id=49829748932843
2026-05-18 12:06:04	image-delete	delete_product_image	DELETE	https://oz-nails-wa.myshopify.com/admin/api/2024-10/products/9364882424043/images/49829749588203.json	9364882424043		images	200	OK	image_id=49829749588203
2026-05-18 12:06:06	image-delete	delete_product_image	DELETE	https://oz-nails-wa.myshopify.com/admin/api/2024-10/products/9364882456811/images/49829750341867.json	9364882456811		images	200	OK	image_id=49829750341867
2026-05-18 12:06:08	image-delete	delete_product_image	DELETE	https://oz-nails-wa.myshopify.com/admin/api/2024-10/products/9364882489579/images/49829751095531.json	9364882489579		images	200	OK	image_id=49829751095531
2026-05-18 12:06:10	image-delete	delete_product_image	DELETE	https://oz-nails-wa.myshopify.com/admin/api/2024-10/products/9364882522347/images/49829751619819.json	9364882522347		images	200	OK	image_id=49829751619819
2026-05-18 12:06:12	image-delete	delete_product_image	DELETE	https://oz-nails-wa.myshopify.com/admin/api/2024-10/products/9364882587883/images/49829752373483.json	9364882587883		images	200	OK	image_id=49829752373483
2026-05-18 12:06:13	image-delete	delete_product_image	DELETE	https://oz-nails-wa.myshopify.com/admin/api/2024-10/products/9364882620651/images/49829752963307.json	9364882620651		images	200	OK	image_id=49829752963307
2026-05-18 12:06:15	image-delete	delete_product_image	DELETE	https://oz-nails-wa.myshopify.com/admin/api/2024-10/products/9364882686187/images/49829753716971.json	9364882686187		images	200	OK	image_id=49829753716971
2026-05-18 12:06:17	image-delete	delete_product_image	DELETE	https://oz-nails-wa.myshopify.com/admin/api/2024-10/products/9364882718955/images/49829754306795.json	9364882718955		images	200	OK	image_id=49829754306795
2026-05-18 12:06:19	image-delete	delete_product_image	DELETE	https://oz-nails-wa.myshopify.com/admin/api/2024-10/products/9364882784491/images/49829755322603.json	9364882784491		images	200	OK	image_id=49829755322603
2026-05-18 12:06:21	image-delete	delete_product_image	DELETE	https://oz-nails-wa.myshopify.com/admin/api/2024-10/products/9364882817259/images/49829755748587.json	9364882817259		images	200	OK	image_id=49829755748587
2026-05-18 12:06:23	image-delete	delete_product_image	DELETE	https://oz-nails-wa.myshopify.com/admin/api/2024-10/products/9364882850027/images/49829756600555.json	9364882850027		images	200	OK	image_id=49829756600555
2026-05-18 12:06:25	image-delete	delete_product_image	DELETE	https://oz-nails-wa.myshopify.com/admin/api/2024-10/products/9364882882795/images/49829757288683.json	9364882882795		images	200	OK	image_id=49829757288683
2026-05-18 12:06:26	image-delete	delete_product_image	DELETE	https://oz-nails-wa.myshopify.com/admin/api/2024-10/products/9364882915563/images/49829757681899.json	9364882915563		images	200	OK	image_id=49829757681899
2026-05-18 12:06:28	image-delete	delete_product_image	DELETE	https://oz-nails-wa.myshopify.com/admin/api/2024-10/products/9365146337515/images/49829758501099.json	9365146337515		images	200	OK	image_id=49829758501099
2026-05-18 12:06:30	image-delete	delete_product_image	DELETE	https://oz-nails-wa.myshopify.com/admin/api/2024-10/products/9364882948331/images/49829759451371.json	9364882948331		images	200	OK	image_id=49829759451371
2026-05-18 12:06:32	image-delete	delete_product_image	DELETE	https://oz-nails-wa.myshopify.com/admin/api/2024-10/products/9364883013867/images/49829759877355.json	9364883013867		images	200	OK	image_id=49829759877355
2026-05-18 12:06:33	image-delete	delete_product_image	DELETE	https://oz-nails-wa.myshopify.com/admin/api/2024-10/products/9364883046635/images/49829760991467.json	9364883046635		images	200	OK	image_id=49829760991467
2026-05-18 12:06:35	image-delete	delete_product_image	DELETE	https://oz-nails-wa.myshopify.com/admin/api/2024-10/products/9365146927339/images/49829761646827.json	9365146927339		images	200	OK	image_id=49829761646827
2026-05-18 12:06:37	image-delete	delete_product_image	DELETE	https://oz-nails-wa.myshopify.com/admin/api/2024-10/products/9365146960107/images/49829762433259.json	9365146960107		images	200	OK	image_id=49829762433259
2026-05-18 12:06:39	image-delete	delete_product_image	DELETE	https://oz-nails-wa.myshopify.com/admin/api/2024-10/products/9365147025643/images/49829763023083.json	9365147025643		images	200	OK	image_id=49829763023083
2026-05-18 12:06:41	image-delete	delete_product_image	DELETE	https://oz-nails-wa.myshopify.com/admin/api/2024-10/products/9364883079403/images/49829763776747.json	9364883079403		images	200	OK	image_id=49829763776747
2026-05-18 12:06:42	image-delete	delete_product_image	DELETE	https://oz-nails-wa.myshopify.com/admin/api/2024-10/products/9364883144939/images/49829764694251.json	9364883144939		images	200	OK	image_id=49829764694251
2026-05-18 12:06:44	image-delete	delete_product_image	DELETE	https://oz-nails-wa.myshopify.com/admin/api/2024-10/products/9364883177707/images/49829765218539.json	9364883177707		images	200	OK	image_id=49829765218539
2026-05-18 12:06:46	image-delete	delete_product_image	DELETE	https://oz-nails-wa.myshopify.com/admin/api/2024-10/products/9364883210475/images/49829766201579.json	9364883210475		images	200	OK	image_id=49829766201579
2026-05-18 12:06:48	image-delete	delete_product_image	DELETE	https://oz-nails-wa.myshopify.com/admin/api/2024-10/products/9364883243243/images/49829766922475.json	9364883243243		images	200	OK	image_id=49829766922475
2026-05-18 12:06:50	image-delete	delete_product_image	DELETE	https://oz-nails-wa.myshopify.com/admin/api/2024-10/products/9364883276011/images/49829767938283.json	9364883276011		images	200	OK	image_id=49829767938283
2026-05-18 12:06:52	image-delete	delete_product_image	DELETE	https://oz-nails-wa.myshopify.com/admin/api/2024-10/products/9365147123947/images/49829768757483.json	9365147123947		images	200	OK	image_id=49829768757483
2026-05-18 12:06:54	image-delete	delete_product_image	DELETE	https://oz-nails-wa.myshopify.com/admin/api/2024-10/products/9364883308779/images/49829769642219.json	9364883308779		images	200	OK	image_id=49829769642219
2026-05-18 12:06:56	image-delete	delete_product_image	DELETE	https://oz-nails-wa.myshopify.com/admin/api/2024-10/products/9364883341547/images/49829770297579.json	9364883341547		images	200	OK	image_id=49829770297579
2026-05-18 12:06:58	image-delete	delete_product_image	DELETE	https://oz-nails-wa.myshopify.com/admin/api/2024-10/products/9364883407083/images/49829770854635.json	9364883407083		images	200	OK	image_id=49829770854635
2026-05-18 12:06:59	image-delete	delete_product_image	DELETE	https://oz-nails-wa.myshopify.com/admin/api/2024-10/products/9365147222251/images/49829771247851.json	9365147222251		images	200	OK	image_id=49829771247851
2026-05-18 12:07:02	image-delete	delete_product_image	DELETE	https://oz-nails-wa.myshopify.com/admin/api/2024-10/products/9364883439851/images/49829772132587.json	9364883439851		images	200	OK	image_id=49829772132587
2026-05-18 12:07:03	image-delete	delete_product_image	DELETE	https://oz-nails-wa.myshopify.com/admin/api/2024-10/products/9365147287787/images/49829772919019.json	9365147287787		images	200	OK	image_id=49829772919019
2026-05-18 12:07:05	image-delete	delete_product_image	DELETE	https://oz-nails-wa.myshopify.com/admin/api/2024-10/products/9365147451627/images/49829773246699.json	9365147451627		images	200	OK	image_id=49829773246699
2026-05-18 12:07:07	image-delete	delete_product_image	DELETE	https://oz-nails-wa.myshopify.com/admin/api/2024-10/products/9364883505387/images/49829773672683.json	9364883505387		images	200	OK	image_id=49829773672683
2026-05-18 12:07:09	image-delete	delete_product_image	DELETE	https://oz-nails-wa.myshopify.com/admin/api/2024-10/products/9364883538155/images/49829773836523.json	9364883538155		images	200	OK	image_id=49829773836523
2026-05-18 12:07:10	image-delete	delete_product_image	DELETE	https://oz-nails-wa.myshopify.com/admin/api/2024-10/products/9364883603691/images/49829774229739.json	9364883603691		images	200	OK	image_id=49829774229739
2026-05-18 12:07:12	image-delete	delete_product_image	DELETE	https://oz-nails-wa.myshopify.com/admin/api/2024-10/products/9364883636459/images/49829774426347.json	9364883636459		images	200	OK	image_id=49829774426347
2026-05-18 12:07:14	image-delete	delete_product_image	DELETE	https://oz-nails-wa.myshopify.com/admin/api/2024-10/products/9365147517163/images/49829774786795.json	9365147517163		images	200	OK	image_id=49829774786795
2026-05-18 12:07:16	image-delete	delete_product_image	DELETE	https://oz-nails-wa.myshopify.com/admin/api/2024-10/products/9364883669227/images/49829774917867.json	9364883669227		images	200	OK	image_id=49829774917867
2026-05-18 12:07:18	image-delete	delete_product_image	DELETE	https://oz-nails-wa.myshopify.com/admin/api/2024-10/products/9364883701995/images/49829775605995.json	9364883701995		images	200	OK	image_id=49829775605995
2026-05-18 12:07:19	image-delete	delete_product_image	DELETE	https://oz-nails-wa.myshopify.com/admin/api/2024-10/products/9364883767531/images/49829775966443.json	9364883767531		images	200	OK	image_id=49829775966443
2026-05-18 12:07:21	image-delete	delete_product_image	DELETE	https://oz-nails-wa.myshopify.com/admin/api/2024-10/products/9364883800299/images/49829776163051.json	9364883800299		images	200	OK	image_id=49829776163051
2026-05-18 12:07:23	image-delete	delete_product_image	DELETE	https://oz-nails-wa.myshopify.com/admin/api/2024-10/products/9364883865835/images/49829776589035.json	9364883865835		images	200	OK	image_id=49829776589035
2026-05-18 12:07:25	image-delete	delete_product_image	DELETE	https://oz-nails-wa.myshopify.com/admin/api/2024-10/products/9364883931371/images/49829777015019.json	9364883931371		images	200	OK	image_id=49829777015019
2026-05-18 12:07:27	image-delete	delete_product_image	DELETE	https://oz-nails-wa.myshopify.com/admin/api/2024-10/products/9364883964139/images/49829777309931.json	9364883964139		images	200	OK	image_id=49829777309931
2026-05-18 12:07:28	image-delete	delete_product_image	DELETE	https://oz-nails-wa.myshopify.com/admin/api/2024-10/products/9364883996907/images/49829777473771.json	9364883996907		images	200	OK	image_id=49829777473771
2026-05-18 12:07:30	image-delete	delete_product_image	DELETE	https://oz-nails-wa.myshopify.com/admin/api/2024-10/products/9364884029675/images/49829777834219.json	9364884029675		images	200	OK	image_id=49829777834219
2026-05-18 12:07:32	image-delete	delete_product_image	DELETE	https://oz-nails-wa.myshopify.com/admin/api/2024-10/products/9364884062443/images/49829778391275.json	9364884062443		images	200	OK	image_id=49829778391275
2026-05-18 12:07:34	image-delete	delete_product_image	DELETE	https://oz-nails-wa.myshopify.com/admin/api/2024-10/products/9364884095211/images/49829778555115.json	9364884095211		images	200	OK	image_id=49829778555115
2026-05-18 12:07:36	image-delete	delete_product_image	DELETE	https://oz-nails-wa.myshopify.com/admin/api/2024-10/products/9364884127979/images/49829778915563.json	9364884127979		images	200	OK	image_id=49829778915563
2026-05-18 12:07:38	image-delete	delete_product_image	DELETE	https://oz-nails-wa.myshopify.com/admin/api/2024-10/products/9364884259051/images/49829779046635.json	9364884259051		images	200	OK	image_id=49829779046635
2026-05-18 12:07:40	image-delete	delete_product_image	DELETE	https://oz-nails-wa.myshopify.com/admin/api/2024-10/products/9364884291819/images/49829779374315.json	9364884291819		images	200	OK	image_id=49829779374315
2026-05-18 12:07:41	image-delete	delete_product_image	DELETE	https://oz-nails-wa.myshopify.com/admin/api/2024-10/products/9364884324587/images/49829779538155.json	9364884324587		images	200	OK	image_id=49829779538155
2026-05-18 12:07:43	image-delete	delete_product_image	DELETE	https://oz-nails-wa.myshopify.com/admin/api/2024-10/products/9364884357355/images/49829779898603.json	9364884357355		images	200	OK	image_id=49829779898603
2026-05-18 12:07:45	image-delete	delete_product_image	DELETE	https://oz-nails-wa.myshopify.com/admin/api/2024-10/products/9364884422891/images/49829780160747.json	9364884422891		images	200	OK	image_id=49829780160747
2026-05-18 12:07:47	image-delete	delete_product_image	DELETE	https://oz-nails-wa.myshopify.com/admin/api/2024-10/products/9364884455659/images/49829780619499.json	9364884455659		images	200	OK	image_id=49829780619499
2026-05-18 12:07:49	image-delete	delete_product_image	DELETE	https://oz-nails-wa.myshopify.com/admin/api/2024-10/products/9364884488427/images/49829780750571.json	9364884488427		images	200	OK	image_id=49829780750571
2026-05-18 12:07:50	image-delete	delete_product_image	DELETE	https://oz-nails-wa.myshopify.com/admin/api/2024-10/products/9364884521195/images/49829781340395.json	9364884521195		images	200	OK	image_id=49829781340395
2026-05-18 12:07:52	image-delete	delete_product_image	DELETE	https://oz-nails-wa.myshopify.com/admin/api/2024-10/products/9364884553963/images/49829781962987.json	9364884553963		images	200	OK	image_id=49829781962987
2026-05-18 12:07:55	image-delete	delete_product_image	DELETE	https://oz-nails-wa.myshopify.com/admin/api/2024-10/products/9364884586731/images/49829782323435.json	9364884586731		images	200	OK	image_id=49829782323435
2026-05-18 12:07:57	image-delete	delete_product_image	DELETE	https://oz-nails-wa.myshopify.com/admin/api/2024-10/products/9364884619499/images/49829782487275.json	9364884619499		images	200	OK	image_id=49829782487275
2026-05-18 12:07:58	image-delete	delete_product_image	DELETE	https://oz-nails-wa.myshopify.com/admin/api/2024-10/products/9364884652267/images/49829782946027.json	9364884652267		images	200	OK	image_id=49829782946027
2026-05-18 12:08:00	image-delete	delete_product_image	DELETE	https://oz-nails-wa.myshopify.com/admin/api/2024-10/products/9364884717803/images/49829783306475.json	9364884717803		images	200	OK	image_id=49829783306475
2026-05-18 12:08:02	image-delete	delete_product_image	DELETE	https://oz-nails-wa.myshopify.com/admin/api/2024-10/products/9364884750571/images/49829783404779.json	9364884750571		images	200	OK	image_id=49829783404779
2026-05-18 12:08:04	image-delete	delete_product_image	DELETE	https://oz-nails-wa.myshopify.com/admin/api/2024-10/products/9364884783339/images/49829783765227.json	9364884783339		images	200	OK	image_id=49829783765227
2026-05-18 12:08:06	image-delete	delete_product_image	DELETE	https://oz-nails-wa.myshopify.com/admin/api/2024-10/products/9364884816107/images/49829783961835.json	9364884816107		images	200	OK	image_id=49829783961835
2026-05-18 12:08:07	image-delete	delete_product_image	DELETE	https://oz-nails-wa.myshopify.com/admin/api/2024-10/products/9364884848875/images/49829784355051.json	9364884848875		images	200	OK	image_id=49829784355051
2026-05-18 12:08:09	image-delete	delete_product_image	DELETE	https://oz-nails-wa.myshopify.com/admin/api/2024-10/products/9364884881643/images/49829784748267.json	9364884881643		images	200	OK	image_id=49829784748267
2026-05-18 12:08:11	image-delete	delete_product_image	DELETE	https://oz-nails-wa.myshopify.com/admin/api/2024-10/products/9365313847531/images/49829785174251.json	9365313847531		images	200	OK	image_id=49829785174251
2026-05-18 12:08:13	image-delete	delete_product_image	DELETE	https://oz-nails-wa.myshopify.com/admin/api/2024-10/products/9365314502891/images/49829785338091.json	9365314502891		images	200	OK	image_id=49829785338091
2026-05-18 12:08:15	image-delete	delete_product_image	DELETE	https://oz-nails-wa.myshopify.com/admin/api/2024-10/products/9365315879147/images/49829785796843.json	9365315879147		images	200	OK	image_id=49829785796843
2026-05-18 12:08:17	image-delete	delete_product_image	DELETE	https://oz-nails-wa.myshopify.com/admin/api/2024-10/products/9365315944683/images/49829785960683.json	9365315944683		images	200	OK	image_id=49829785960683
2026-05-18 12:08:18	image-delete	delete_product_image	DELETE	https://oz-nails-wa.myshopify.com/admin/api/2024-10/products/9364884914411/images/49829786386667.json	9364884914411		images	200	OK	image_id=49829786386667
2026-05-18 12:08:20	image-delete	delete_product_image	DELETE	https://oz-nails-wa.myshopify.com/admin/api/2024-10/products/9365316042987/images/49829786714347.json	9365316042987		images	200	OK	image_id=49829786714347
2026-05-18 12:08:22	image-delete	delete_product_image	DELETE	https://oz-nails-wa.myshopify.com/admin/api/2024-10/products/9365316075755/images/49829786878187.json	9365316075755		images	200	OK	image_id=49829786878187
2026-05-18 12:08:24	image-delete	delete_product_image	DELETE	https://oz-nails-wa.myshopify.com/admin/api/2024-10/products/9365316206827/images/49829787304171.json	9365316206827		images	200	OK	image_id=49829787304171
2026-05-18 12:08:25	image-delete	delete_product_image	DELETE	https://oz-nails-wa.myshopify.com/admin/api/2024-10/products/9365316239595/images/49829787599083.json	9365316239595		images	200	OK	image_id=49829787599083
2026-05-18 12:08:27	image-delete	delete_product_image	DELETE	https://oz-nails-wa.myshopify.com/admin/api/2024-10/products/9365316337899/images/49829787992299.json	9365316337899		images	200	OK	image_id=49829787992299
2026-05-18 12:08:30	image-delete	delete_product_image	DELETE	https://oz-nails-wa.myshopify.com/admin/api/2024-10/products/9365316403435/images/49829788123371.json	9365316403435		images	200	OK	image_id=49829788123371
2026-05-18 12:08:31	image-delete	delete_product_image	DELETE	https://oz-nails-wa.myshopify.com/admin/api/2024-10/products/9365316501739/images/49829788418283.json	9365316501739		images	200	OK	image_id=49829788418283
2026-05-18 12:08:33	image-delete	delete_product_image	DELETE	https://oz-nails-wa.myshopify.com/admin/api/2024-10/products/9365316567275/images/49829788549355.json	9365316567275		images	200	OK	image_id=49829788549355
2026-05-18 12:08:36	image-delete	delete_product_image	DELETE	https://oz-nails-wa.myshopify.com/admin/api/2024-10/products/9365316665579/images/49829788877035.json	9365316665579		images	200	OK	image_id=49829788877035
2026-05-18 12:08:38	image-delete	delete_product_image	DELETE	https://oz-nails-wa.myshopify.com/admin/api/2024-10/products/9365316698347/images/49829789008107.json	9365316698347		images	200	OK	image_id=49829789008107
2026-05-18 12:08:39	image-delete	delete_product_image	DELETE	https://oz-nails-wa.myshopify.com/admin/api/2024-10/products/9364884979947/images/49829789171947.json	9364884979947		images	200	OK	image_id=49829789171947
2026-05-18 12:08:41	image-delete	delete_product_image	DELETE	https://oz-nails-wa.myshopify.com/admin/api/2024-10/products/9365319516395/images/49829789532395.json	9365319516395		images	200	OK	image_id=49829789532395
2026-05-18 12:08:43	image-delete	delete_product_image	DELETE	https://oz-nails-wa.myshopify.com/admin/api/2024-10/products/9365320696043/images/49829789630699.json	9365320696043		images	200	OK	image_id=49829789630699
2026-05-18 12:08:45	image-delete	delete_product_image	DELETE	https://oz-nails-wa.myshopify.com/admin/api/2024-10/products/9365323055339/images/49829790023915.json	9365323055339		images	200	OK	image_id=49829790023915
2026-05-18 12:08:46	image-delete	delete_product_image	DELETE	https://oz-nails-wa.myshopify.com/admin/api/2024-10/products/9365324529899/images/49829790154987.json	9365324529899		images	200	OK	image_id=49829790154987
2026-05-18 12:08:48	image-delete	delete_product_image	DELETE	https://oz-nails-wa.myshopify.com/admin/api/2024-10/products/9365324726507/images/49829790286059.json	9365324726507		images	200	OK	image_id=49829790286059
2026-05-18 12:08:50	image-delete	delete_product_image	DELETE	https://oz-nails-wa.myshopify.com/admin/api/2024-10/products/9365327708395/images/49829790646507.json	9365327708395		images	200	OK	image_id=49829790646507
2026-05-18 12:08:52	image-delete	delete_product_image	DELETE	https://oz-nails-wa.myshopify.com/admin/api/2024-10/products/9365330067691/images/49829791006955.json	9365330067691		images	200	OK	image_id=49829791006955
2026-05-18 12:08:53	image-delete	delete_product_image	DELETE	https://oz-nails-wa.myshopify.com/admin/api/2024-10/products/9365333377259/images/49829791138027.json	9365333377259		images	200	OK	image_id=49829791138027
2026-05-18 12:08:55	image-delete	delete_product_image	DELETE	https://oz-nails-wa.myshopify.com/admin/api/2024-10/products/9365333442795/images/49829791564011.json	9365333442795		images	200	OK	image_id=49829791564011
2026-05-18 12:08:57	image-delete	delete_product_image	DELETE	https://oz-nails-wa.myshopify.com/admin/api/2024-10/products/9365333475563/images/49829792055531.json	9365333475563		images	200	OK	image_id=49829792055531
2026-05-18 12:08:59	image-delete	delete_product_image	DELETE	https://oz-nails-wa.myshopify.com/admin/api/2024-10/products/9364885078251/images/49829792415979.json	9364885078251		images	200	OK	image_id=49829792415979
2026-05-18 12:09:00	image-delete	delete_product_image	DELETE	https://oz-nails-wa.myshopify.com/admin/api/2024-10/products/9365333541099/images/49829792776427.json	9365333541099		images	200	OK	image_id=49829792776427
2026-05-18 12:09:02	image-delete	delete_product_image	DELETE	https://oz-nails-wa.myshopify.com/admin/api/2024-10/products/9365337014507/images/49829792874731.json	9365337014507		images	200	OK	image_id=49829792874731
2026-05-18 12:09:04	image-delete	delete_product_image	DELETE	https://oz-nails-wa.myshopify.com/admin/api/2024-10/products/9365338226923/images/49829793136875.json	9365338226923		images	200	OK	image_id=49829793136875
2026-05-18 12:09:06	image-delete	delete_product_image	DELETE	https://oz-nails-wa.myshopify.com/admin/api/2024-10/products/9365341077739/images/49829793431787.json	9365341077739		images	200	OK	image_id=49829793431787
2026-05-18 12:09:07	image-delete	delete_product_image	DELETE	https://oz-nails-wa.myshopify.com/admin/api/2024-10/products/9365342945515/images/49829793562859.json	9365342945515		images	200	OK	image_id=49829793562859
2026-05-18 12:09:09	image-delete	delete_product_image	DELETE	https://oz-nails-wa.myshopify.com/admin/api/2024-10/products/9365343600875/images/49829793988843.json	9365343600875		images	200	OK	image_id=49829793988843
2026-05-18 12:09:11	image-delete	delete_product_image	DELETE	https://oz-nails-wa.myshopify.com/admin/api/2024-10/products/9365346877675/images/49829794119915.json	9365346877675		images	200	OK	image_id=49829794119915
2026-05-18 12:09:13	image-delete	delete_product_image	DELETE	https://oz-nails-wa.myshopify.com/admin/api/2024-10/products/9365349466347/images/49829794480363.json	9365349466347		images	200	OK	image_id=49829794480363
2026-05-18 12:09:15	image-delete	delete_product_image	DELETE	https://oz-nails-wa.myshopify.com/admin/api/2024-10/products/9365350220011/images/49829794873579.json	9365350220011		images	200	OK	image_id=49829794873579
2026-05-18 12:09:17	image-delete	delete_product_image	DELETE	https://oz-nails-wa.myshopify.com/admin/api/2024-10/products/9365350252779/images/49829795004651.json	9365350252779		images	200	OK	image_id=49829795004651
2026-05-18 12:09:18	image-delete	delete_product_image	DELETE	https://oz-nails-wa.myshopify.com/admin/api/2024-10/products/9364885111019/images/49829795135723.json	9364885111019		images	200	OK	image_id=49829795135723
2026-05-18 12:09:20	image-delete	delete_product_image	DELETE	https://oz-nails-wa.myshopify.com/admin/api/2024-10/products/9365350285547/images/49829795496171.json	9365350285547		images	200	OK	image_id=49829795496171
2026-05-18 12:09:22	image-delete	delete_product_image	DELETE	https://oz-nails-wa.myshopify.com/admin/api/2024-10/products/9365350449387/images/49829795660011.json	9365350449387		images	200	OK	image_id=49829795660011
2026-05-18 12:09:24	image-delete	delete_product_image	DELETE	https://oz-nails-wa.myshopify.com/admin/api/2024-10/products/9365147615467/images/49829795987691.json	9365147615467		images	200	OK	image_id=49829795987691
2026-05-18 12:09:25	image-delete	delete_product_image	DELETE	https://oz-nails-wa.myshopify.com/admin/api/2024-10/products/9365147746539/images/49829796315371.json	9365147746539		images	200	OK	image_id=49829796315371
2026-05-18 12:09:27	image-delete	delete_product_image	DELETE	https://oz-nails-wa.myshopify.com/admin/api/2024-10/products/9364885143787/images/49829796446443.json	9364885143787		images	200	OK	image_id=49829796446443
2026-05-18 12:09:29	image-delete	delete_product_image	DELETE	https://oz-nails-wa.myshopify.com/admin/api/2024-10/products/9364885176555/images/49829796839659.json	9364885176555		images	200	OK	image_id=49829796839659
2026-05-18 12:09:31	image-delete	delete_product_image	DELETE	https://oz-nails-wa.myshopify.com/admin/api/2024-10/products/9364885209323/images/49829796937963.json	9364885209323		images	200	OK	image_id=49829796937963
2026-05-18 12:09:32	image-delete	delete_product_image	DELETE	https://oz-nails-wa.myshopify.com/admin/api/2024-10/products/9364885274859/images/49829797265643.json	9364885274859		images	200	OK	image_id=49829797265643
2026-05-18 12:09:34	image-delete	delete_product_image	DELETE	https://oz-nails-wa.myshopify.com/admin/api/2024-10/products/9364885307627/images/49829797429483.json	9364885307627		images	200	OK	image_id=49829797429483
2026-05-18 12:09:36	image-delete	delete_product_image	DELETE	https://oz-nails-wa.myshopify.com/admin/api/2024-10/products/9364885373163/images/49829797789931.json	9364885373163		images	200	OK	image_id=49829797789931
2026-05-18 12:09:38	image-delete	delete_product_image	DELETE	https://oz-nails-wa.myshopify.com/admin/api/2024-10/products/9364885438699/images/49829798281451.json	9364885438699		images	200	OK	image_id=49829798281451
2026-05-18 12:09:40	image-delete	delete_product_image	DELETE	https://oz-nails-wa.myshopify.com/admin/api/2024-10/products/9364885471467/images/49829798478059.json	9364885471467		images	200	OK	image_id=49829798478059
2026-05-18 12:09:42	image-delete	delete_product_image	DELETE	https://oz-nails-wa.myshopify.com/admin/api/2024-10/products/9364885569771/images/49829798805739.json	9364885569771		images	200	OK	image_id=49829798805739
2026-05-18 12:09:44	image-delete	delete_product_image	DELETE	https://oz-nails-wa.myshopify.com/admin/api/2024-10/products/9365146370283/images/49829799166187.json	9365146370283		images	200	OK	image_id=49829799166187
2026-05-18 12:09:45	image-delete	delete_product_image	DELETE	https://oz-nails-wa.myshopify.com/admin/api/2024-10/products/9364885602539/images/49829799297259.json	9364885602539		images	200	OK	image_id=49829799297259
2026-05-18 12:09:47	image-delete	delete_product_image	DELETE	https://oz-nails-wa.myshopify.com/admin/api/2024-10/products/9364885635307/images/49829799624939.json	9364885635307		images	200	OK	image_id=49829799624939
2026-05-18 12:09:49	image-delete	delete_product_image	DELETE	https://oz-nails-wa.myshopify.com/admin/api/2024-10/products/9364885668075/images/49829799756011.json	9364885668075		images	200	OK	image_id=49829799756011
2026-05-18 12:09:51	image-delete	delete_product_image	DELETE	https://oz-nails-wa.myshopify.com/admin/api/2024-10/products/9364885700843/images/49829800542443.json	9364885700843		images	200	OK	image_id=49829800542443
2026-05-18 12:09:52	image-delete	delete_product_image	DELETE	https://oz-nails-wa.myshopify.com/admin/api/2024-10/products/9364885733611/images/49829800640747.json	9364885733611		images	200	OK	image_id=49829800640747
2026-05-18 12:09:54	image-delete	delete_product_image	DELETE	https://oz-nails-wa.myshopify.com/admin/api/2024-10/products/9364885766379/images/49829801066731.json	9364885766379		images	200	OK	image_id=49829801066731
2026-05-18 12:09:56	image-delete	delete_product_image	DELETE	https://oz-nails-wa.myshopify.com/admin/api/2024-10/products/9364885799147/images/49829801197803.json	9364885799147		images	200	OK	image_id=49829801197803
2026-05-18 12:09:58	image-delete	delete_product_image	DELETE	https://oz-nails-wa.myshopify.com/admin/api/2024-10/products/9364885831915/images/49829801656555.json	9364885831915		images	200	OK	image_id=49829801656555
2026-05-18 12:09:59	image-delete	delete_product_image	DELETE	https://oz-nails-wa.myshopify.com/admin/api/2024-10/products/9364885864683/images/49829802082539.json	9364885864683		images	200	OK	image_id=49829802082539
2026-05-18 12:10:02	image-delete	delete_product_image	DELETE	https://oz-nails-wa.myshopify.com/admin/api/2024-10/products/9364885962987/images/49829802180843.json	9364885962987		images	200	OK	image_id=49829802180843
2026-05-18 12:10:03	image-delete	delete_product_image	DELETE	https://oz-nails-wa.myshopify.com/admin/api/2024-10/products/9365146501355/images/49829802574059.json	9365146501355		images	200	OK	image_id=49829802574059
2026-05-18 12:10:05	image-delete	delete_product_image	DELETE	https://oz-nails-wa.myshopify.com/admin/api/2024-10/products/9364885995755/images/49829802705131.json	9364885995755		images	200	OK	image_id=49829802705131
2026-05-18 12:10:07	image-delete	delete_product_image	DELETE	https://oz-nails-wa.myshopify.com/admin/api/2024-10/products/9364886028523/images/49829803065579.json	9364886028523		images	200	OK	image_id=49829803065579
2026-05-18 12:10:09	image-delete	delete_product_image	DELETE	https://oz-nails-wa.myshopify.com/admin/api/2024-10/products/9364886061291/images/49829803426027.json	9364886061291		images	200	OK	image_id=49829803426027
2026-05-18 12:10:10	image-delete	delete_product_image	DELETE	https://oz-nails-wa.myshopify.com/admin/api/2024-10/products/9364886094059/images/49829803557099.json	9364886094059		images	200	OK	image_id=49829803557099
2026-05-18 12:10:12	image-delete	delete_product_image	DELETE	https://oz-nails-wa.myshopify.com/admin/api/2024-10/products/9364886126827/images/49829803655403.json	9364886126827		images	200	OK	image_id=49829803655403
2026-05-18 12:10:14	image-delete	delete_product_image	DELETE	https://oz-nails-wa.myshopify.com/admin/api/2024-10/products/9364886192363/images/49829804015851.json	9364886192363		images	200	OK	image_id=49829804015851
2026-05-18 12:10:16	image-delete	delete_product_image	DELETE	https://oz-nails-wa.myshopify.com/admin/api/2024-10/products/9364886225131/images/49829804146923.json	9364886225131		images	200	OK	image_id=49829804146923
2026-05-18 12:10:17	image-delete	delete_product_image	DELETE	https://oz-nails-wa.myshopify.com/admin/api/2024-10/products/9364886257899/images/49829804703979.json	9364886257899		images	200	OK	image_id=49829804703979
2026-05-18 12:10:19	image-delete	delete_product_image	DELETE	https://oz-nails-wa.myshopify.com/admin/api/2024-10/products/9364886290667/images/49829805293803.json	9364886290667		images	200	OK	image_id=49829805293803
2026-05-18 12:10:21	image-delete	delete_product_image	DELETE	https://oz-nails-wa.myshopify.com/admin/api/2024-10/products/9364886323435/images/49829805457643.json	9364886323435		images	200	OK	image_id=49829805457643
2026-05-18 12:10:23	image-delete	delete_product_image	DELETE	https://oz-nails-wa.myshopify.com/admin/api/2024-10/products/9364886356203/images/49829805850859.json	9364886356203		images	200	OK	image_id=49829805850859
2026-05-18 12:10:24	image-delete	delete_product_image	DELETE	https://oz-nails-wa.myshopify.com/admin/api/2024-10/products/9364886388971/images/49829805981931.json	9364886388971		images	200	OK	image_id=49829805981931
2026-05-18 12:10:26	image-delete	delete_product_image	DELETE	https://oz-nails-wa.myshopify.com/admin/api/2024-10/products/9364886421739/images/49829806309611.json	9364886421739		images	200	OK	image_id=49829806309611
2026-05-18 12:10:28	image-delete	delete_product_image	DELETE	https://oz-nails-wa.myshopify.com/admin/api/2024-10/products/9365146632427/images/49829807227115.json	9365146632427		images	200	OK	image_id=49829807227115
2026-05-18 12:10:30	image-delete	delete_product_image	DELETE	https://oz-nails-wa.myshopify.com/admin/api/2024-10/products/9364886487275/images/49829807325419.json	9364886487275		images	200	OK	image_id=49829807325419
2026-05-18 12:10:32	image-delete	delete_product_image	DELETE	https://oz-nails-wa.myshopify.com/admin/api/2024-10/products/9364886520043/images/49829807718635.json	9364886520043		images	200	OK	image_id=49829807718635
2026-05-18 12:10:34	image-delete	delete_product_image	DELETE	https://oz-nails-wa.myshopify.com/admin/api/2024-10/products/9364886552811/images/49829808046315.json	9364886552811		images	200	OK	image_id=49829808046315
2026-05-18 12:10:35	image-delete	delete_product_image	DELETE	https://oz-nails-wa.myshopify.com/admin/api/2024-10/products/9364886585579/images/49829808177387.json	9364886585579		images	200	OK	image_id=49829808177387
2026-05-18 12:10:37	image-delete	delete_product_image	DELETE	https://oz-nails-wa.myshopify.com/admin/api/2024-10/products/9364886618347/images/49829808570603.json	9364886618347		images	200	OK	image_id=49829808570603
2026-05-18 12:10:39	image-delete	delete_product_image	DELETE	https://oz-nails-wa.myshopify.com/admin/api/2024-10/products/9364886651115/images/49829808668907.json	9364886651115		images	200	OK	image_id=49829808668907
2026-05-18 12:10:41	image-delete	delete_product_image	DELETE	https://oz-nails-wa.myshopify.com/admin/api/2024-10/products/9364886683883/images/49829809094891.json	9364886683883		images	200	OK	image_id=49829809094891
2026-05-18 12:10:42	image-delete	delete_product_image	DELETE	https://oz-nails-wa.myshopify.com/admin/api/2024-10/products/9364886749419/images/49829809193195.json	9364886749419		images	200	OK	image_id=49829809193195
2026-05-18 12:10:44	image-delete	delete_product_image	DELETE	https://oz-nails-wa.myshopify.com/admin/api/2024-10/products/9364886782187/images/49829809586411.json	9364886782187		images	200	OK	image_id=49829809586411
2026-05-18 12:10:46	image-delete	delete_product_image	DELETE	https://oz-nails-wa.myshopify.com/admin/api/2024-10/products/9364886814955/images/49829809750251.json	9364886814955		images	200	OK	image_id=49829809750251
2026-05-18 12:10:48	image-delete	delete_product_image	DELETE	https://oz-nails-wa.myshopify.com/admin/api/2024-10/products/9364886847723/images/49829810307307.json	9364886847723		images	200	OK	image_id=49829810307307
2026-05-18 12:10:50	image-delete	delete_product_image	DELETE	https://oz-nails-wa.myshopify.com/admin/api/2024-10/products/9364886913259/images/49829810634987.json	9364886913259		images	200	OK	image_id=49829810634987
2026-05-18 12:10:51	image-delete	delete_product_image	DELETE	https://oz-nails-wa.myshopify.com/admin/api/2024-10/products/9364886946027/images/49829810766059.json	9364886946027		images	200	OK	image_id=49829810766059
2026-05-18 12:10:53	image-delete	delete_product_image	DELETE	https://oz-nails-wa.myshopify.com/admin/api/2024-10/products/9364886978795/images/49829811126507.json	9364886978795		images	200	OK	image_id=49829811126507
2026-05-18 12:10:55	image-delete	delete_product_image	DELETE	https://oz-nails-wa.myshopify.com/admin/api/2024-10/products/9364887142635/images/49829811355883.json	9364887142635		images	200	OK	image_id=49829811355883
2026-05-18 12:10:57	image-delete	delete_product_image	DELETE	https://oz-nails-wa.myshopify.com/admin/api/2024-10/products/9364887175403/images/49829811749099.json	9364887175403		images	200	OK	image_id=49829811749099
2026-05-18 12:10:58	image-delete	delete_product_image	DELETE	https://oz-nails-wa.myshopify.com/admin/api/2024-10/products/9364887208171/images/49829812011243.json	9364887208171		images	200	OK	image_id=49829812011243
2026-05-18 12:11:00	image-delete	delete_product_image	DELETE	https://oz-nails-wa.myshopify.com/admin/api/2024-10/products/9364887240939/images/49829812764907.json	9364887240939		images	200	OK	image_id=49829812764907
2026-05-18 12:11:03	image-delete	delete_product_image	DELETE	https://oz-nails-wa.myshopify.com/admin/api/2024-10/products/9364887273707/images/49829812863211.json	9364887273707		images	200	OK	image_id=49829812863211
2026-05-18 12:11:04	image-delete	delete_product_image	DELETE	https://oz-nails-wa.myshopify.com/admin/api/2024-10/products/9364887306475/images/49829813223659.json	9364887306475		images	200	OK	image_id=49829813223659
2026-05-18 12:11:06	image-delete	delete_product_image	DELETE	https://oz-nails-wa.myshopify.com/admin/api/2024-10/products/9364887339243/images/49829813321963.json	9364887339243		images	200	OK	image_id=49829813321963
2026-05-18 12:11:08	image-delete	delete_product_image	DELETE	https://oz-nails-wa.myshopify.com/admin/api/2024-10/products/9364887404779/images/49829813747947.json	9364887404779		images	200	OK	image_id=49829813747947
2026-05-18 12:11:10	image-delete	delete_product_image	DELETE	https://oz-nails-wa.myshopify.com/admin/api/2024-10/products/9364887437547/images/49829813813483.json	9364887437547		images	200	OK	image_id=49829813813483
2026-05-18 12:11:12	image-delete	delete_product_image	DELETE	https://oz-nails-wa.myshopify.com/admin/api/2024-10/products/9364887470315/images/49829814206699.json	9364887470315		images	200	OK	image_id=49829814206699
2026-05-18 12:11:14	image-delete	delete_product_image	DELETE	https://oz-nails-wa.myshopify.com/admin/api/2024-10/products/9364887535851/images/49829814272235.json	9364887535851		images	200	OK	image_id=49829814272235
2026-05-18 12:11:15	image-delete	delete_product_image	DELETE	https://oz-nails-wa.myshopify.com/admin/api/2024-10/products/9364887699691/images/49829814632683.json	9364887699691		images	200	OK	image_id=49829814632683
2026-05-18 12:11:17	image-delete	delete_product_image	DELETE	https://oz-nails-wa.myshopify.com/admin/api/2024-10/products/9364887732459/images/49829814960363.json	9364887732459		images	200	OK	image_id=49829814960363
2026-05-18 12:11:19	image-delete	delete_product_image	DELETE	https://oz-nails-wa.myshopify.com/admin/api/2024-10/products/9364887765227/images/49829815058667.json	9364887765227		images	200	OK	image_id=49829815058667
2026-05-18 12:11:21	image-delete	delete_product_image	DELETE	https://oz-nails-wa.myshopify.com/admin/api/2024-10/products/9364887797995/images/49829815386347.json	9364887797995		images	200	OK	image_id=49829815386347
2026-05-18 12:11:22	image-delete	delete_product_image	DELETE	https://oz-nails-wa.myshopify.com/admin/api/2024-10/products/9364887863531/images/49829815779563.json	9364887863531		images	200	OK	image_id=49829815779563
2026-05-18 12:11:24	image-delete	delete_product_image	DELETE	https://oz-nails-wa.myshopify.com/admin/api/2024-10/products/9364887896299/images/49829816140011.json	9364887896299		images	200	OK	image_id=49829816140011
2026-05-18 12:11:26	image-delete	delete_product_image	DELETE	https://oz-nails-wa.myshopify.com/admin/api/2024-10/products/9364887961835/images/49829816565995.json	9364887961835		images	200	OK	image_id=49829816565995
2026-05-18 12:11:28	image-delete	delete_product_image	DELETE	https://oz-nails-wa.myshopify.com/admin/api/2024-10/products/9364887994603/images/49829816926443.json	9364887994603		images	200	OK	image_id=49829816926443
2026-05-18 12:11:29	image-delete	delete_product_image	DELETE	https://oz-nails-wa.myshopify.com/admin/api/2024-10/products/9364888060139/images/49829817057515.json	9364888060139		images	200	OK	image_id=49829817057515
2026-05-18 12:11:31	image-delete	delete_product_image	DELETE	https://oz-nails-wa.myshopify.com/admin/api/2024-10/products/9364888125675/images/49829817483499.json	9364888125675		images	200	OK	image_id=49829817483499
2026-05-18 12:11:33	image-delete	delete_product_image	DELETE	https://oz-nails-wa.myshopify.com/admin/api/2024-10/products/9364888223979/images/49829817614571.json	9364888223979		images	200	OK	image_id=49829817614571
2026-05-18 12:11:35	image-delete	delete_product_image	DELETE	https://oz-nails-wa.myshopify.com/admin/api/2024-10/products/9364888420587/images/49829817975019.json	9364888420587		images	200	OK	image_id=49829817975019
2026-05-18 12:11:37	image-delete	delete_product_image	DELETE	https://oz-nails-wa.myshopify.com/admin/api/2024-10/products/9364888453355/images/49829818466539.json	9364888453355		images	200	OK	image_id=49829818466539
2026-05-18 12:11:39	image-delete	delete_product_image	DELETE	https://oz-nails-wa.myshopify.com/admin/api/2024-10/products/9364888518891/images/49829818925291.json	9364888518891		images	200	OK	image_id=49829818925291
2026-05-18 12:11:40	image-delete	delete_product_image	DELETE	https://oz-nails-wa.myshopify.com/admin/api/2024-10/products/9364888551659/images/49829819187435.json	9364888551659		images	200	OK	image_id=49829819187435
2026-05-18 12:11:42	image-delete	delete_product_image	DELETE	https://oz-nails-wa.myshopify.com/admin/api/2024-10/products/9364888584427/images/49829819547883.json	9364888584427		images	200	OK	image_id=49829819547883
2026-05-18 12:11:44	image-delete	delete_product_image	DELETE	https://oz-nails-wa.myshopify.com/admin/api/2024-10/products/9364888617195/images/49829819711723.json	9364888617195		images	200	OK	image_id=49829819711723
2026-05-18 12:11:46	image-delete	delete_product_image	DELETE	https://oz-nails-wa.myshopify.com/admin/api/2024-10/products/9364888682731/images/49829820072171.json	9364888682731		images	200	OK	image_id=49829820072171
2026-05-18 12:11:48	image-delete	delete_product_image	DELETE	https://oz-nails-wa.myshopify.com/admin/api/2024-10/products/9364888715499/images/49829820203243.json	9364888715499		images	200	OK	image_id=49829820203243
2026-05-18 12:11:50	image-delete	delete_product_image	DELETE	https://oz-nails-wa.myshopify.com/admin/api/2024-10/products/9364888748267/images/49829820760299.json	9364888748267		images	200	OK	image_id=49829820760299
2026-05-18 12:11:51	image-delete	delete_product_image	DELETE	https://oz-nails-wa.myshopify.com/admin/api/2024-10/products/9364888781035/images/49829821087979.json	9364888781035		images	200	OK	image_id=49829821087979
2026-05-18 12:11:53	image-delete	delete_product_image	DELETE	https://oz-nails-wa.myshopify.com/admin/api/2024-10/products/9364888846571/images/49829821186283.json	9364888846571		images	200	OK	image_id=49829821186283
2026-05-18 12:11:55	image-delete	delete_product_image	DELETE	https://oz-nails-wa.myshopify.com/admin/api/2024-10/products/9364888944875/images/49829821612267.json	9364888944875		images	200	OK	image_id=49829821612267
2026-05-18 12:11:57	image-delete	delete_product_image	DELETE	https://oz-nails-wa.myshopify.com/admin/api/2024-10/products/9364888977643/images/49829822005483.json	9364888977643		images	200	OK	image_id=49829822005483
2026-05-18 12:11:59	image-delete	delete_product_image	DELETE	https://oz-nails-wa.myshopify.com/admin/api/2024-10/products/9364889010411/images/49829822169323.json	9364889010411		images	200	OK	image_id=49829822169323
2026-05-18 12:12:01	image-delete	delete_product_image	DELETE	https://oz-nails-wa.myshopify.com/admin/api/2024-10/products/9364889043179/images/49829822529771.json	9364889043179		images	200	OK	image_id=49829822529771
2026-05-18 12:12:02	image-delete	delete_product_image	DELETE	https://oz-nails-wa.myshopify.com/admin/api/2024-10/products/9364889075947/images/49829822660843.json	9364889075947		images	200	OK	image_id=49829822660843
2026-05-18 12:12:04	image-delete	delete_product_image	DELETE	https://oz-nails-wa.myshopify.com/admin/api/2024-10/products/9364889108715/images/49829823119595.json	9364889108715		images	200	OK	image_id=49829823119595
2026-05-18 12:12:06	image-delete	delete_product_image	DELETE	https://oz-nails-wa.myshopify.com/admin/api/2024-10/products/9364889174251/images/49829823676651.json	9364889174251		images	200	OK	image_id=49829823676651
2026-05-18 12:12:07	image-delete	delete_product_image	DELETE	https://oz-nails-wa.myshopify.com/admin/api/2024-10/products/9364889207019/images/49829823873259.json	9364889207019		images	200	OK	image_id=49829823873259
2026-05-18 12:12:09	image-delete	delete_product_image	DELETE	https://oz-nails-wa.myshopify.com/admin/api/2024-10/products/9364889239787/images/49829824430315.json	9364889239787		images	200	OK	image_id=49829824430315
2026-05-18 12:12:11	image-delete	delete_product_image	DELETE	https://oz-nails-wa.myshopify.com/admin/api/2024-10/products/9364889305323/images/49829824725227.json	9364889305323		images	200	OK	image_id=49829824725227
2026-05-18 12:12:13	image-delete	delete_product_image	DELETE	https://oz-nails-wa.myshopify.com/admin/api/2024-10/products/9364889403627/images/49829824921835.json	9364889403627		images	200	OK	image_id=49829824921835
2026-05-18 12:12:14	image-delete	delete_product_image	DELETE	https://oz-nails-wa.myshopify.com/admin/api/2024-10/products/9364889436395/images/49829825413355.json	9364889436395		images	200	OK	image_id=49829825413355
2026-05-18 12:12:16	image-delete	delete_product_image	DELETE	https://oz-nails-wa.myshopify.com/admin/api/2024-10/products/9364889501931/images/49829825511659.json	9364889501931		images	200	OK	image_id=49829825511659
2026-05-18 12:12:18	image-delete	delete_product_image	DELETE	https://oz-nails-wa.myshopify.com/admin/api/2024-10/products/9364889567467/images/49829825904875.json	9364889567467		images	200	OK	image_id=49829825904875
2026-05-18 12:12:20	image-delete	delete_product_image	DELETE	https://oz-nails-wa.myshopify.com/admin/api/2024-10/products/9364889600235/images/49829826330859.json	9364889600235		images	200	OK	image_id=49829826330859
2026-05-18 12:12:22	image-delete	delete_product_image	DELETE	https://oz-nails-wa.myshopify.com/admin/api/2024-10/products/9364889633003/images/49829826494699.json	9364889633003		images	200	OK	image_id=49829826494699
2026-05-18 12:12:24	image-delete	delete_product_image	DELETE	https://oz-nails-wa.myshopify.com/admin/api/2024-10/products/9364889665771/images/49829826953451.json	9364889665771		images	200	OK	image_id=49829826953451
2026-05-18 12:12:25	image-delete	delete_product_image	DELETE	https://oz-nails-wa.myshopify.com/admin/api/2024-10/products/9364889764075/images/49829827051755.json	9364889764075		images	200	OK	image_id=49829827051755
2026-05-18 12:12:27	image-delete	delete_product_image	DELETE	https://oz-nails-wa.myshopify.com/admin/api/2024-10/products/9364889829611/images/49829827641579.json	9364889829611		images	200	OK	image_id=49829827641579
2026-05-18 12:12:29	image-delete	delete_product_image	DELETE	https://oz-nails-wa.myshopify.com/admin/api/2024-10/products/9364889862379/images/49829828034795.json	9364889862379		images	200	OK	image_id=49829828034795
2026-05-18 12:12:31	image-delete	delete_product_image	DELETE	https://oz-nails-wa.myshopify.com/admin/api/2024-10/products/9364889895147/images/49829828231403.json	9364889895147		images	200	OK	image_id=49829828231403
2026-05-18 12:12:32	image-delete	delete_product_image	DELETE	https://oz-nails-wa.myshopify.com/admin/api/2024-10/products/9364889960683/images/49829828690155.json	9364889960683		images	200	OK	image_id=49829828690155
2026-05-18 12:12:34	image-delete	delete_product_image	DELETE	https://oz-nails-wa.myshopify.com/admin/api/2024-10/products/9364889993451/images/49829829050603.json	9364889993451		images	200	OK	image_id=49829829050603
2026-05-18 12:12:36	image-delete	delete_product_image	DELETE	https://oz-nails-wa.myshopify.com/admin/api/2024-10/products/9364890026219/images/49829829214443.json	9364890026219		images	200	OK	image_id=49829829214443
2026-05-18 12:12:37	image-delete	delete_product_image	DELETE	https://oz-nails-wa.myshopify.com/admin/api/2024-10/products/9364890091755/images/49829829804267.json	9364890091755		images	200	OK	image_id=49829829804267
2026-05-18 12:12:39	image-delete	delete_product_image	DELETE	https://oz-nails-wa.myshopify.com/admin/api/2024-10/products/9364890157291/images/49829830197483.json	9364890157291		images	200	OK	image_id=49829830197483
2026-05-18 12:12:41	image-delete	delete_product_image	DELETE	https://oz-nails-wa.myshopify.com/admin/api/2024-10/products/9364890222827/images/49829830426859.json	9364890222827		images	200	OK	image_id=49829830426859
2026-05-18 12:12:43	image-delete	delete_product_image	DELETE	https://oz-nails-wa.myshopify.com/admin/api/2024-10/products/9364890255595/images/49829830885611.json	9364890255595		images	200	OK	image_id=49829830885611
2026-05-18 12:12:44	image-delete	delete_product_image	DELETE	https://oz-nails-wa.myshopify.com/admin/api/2024-10/products/9364890288363/images/49829831016683.json	9364890288363		images	200	OK	image_id=49829831016683
2026-05-18 12:12:46	image-delete	delete_product_image	DELETE	https://oz-nails-wa.myshopify.com/admin/api/2024-10/products/9364890321131/images/49829831409899.json	9364890321131		images	200	OK	image_id=49829831409899
2026-05-18 12:12:48	image-delete	delete_product_image	DELETE	https://oz-nails-wa.myshopify.com/admin/api/2024-10/products/9364890353899/images/49829831540971.json	9364890353899		images	200	OK	image_id=49829831540971
2026-05-18 12:12:50	image-delete	delete_product_image	DELETE	https://oz-nails-wa.myshopify.com/admin/api/2024-10/products/9364890386667/images/49829831639275.json	9364890386667		images	200	OK	image_id=49829831639275
2026-05-18 12:12:51	image-delete	delete_product_image	DELETE	https://oz-nails-wa.myshopify.com/admin/api/2024-10/products/9364890419435/images/49829831770347.json	9364890419435		images	200	OK	image_id=49829831770347
2026-05-18 12:12:53	image-delete	delete_product_image	DELETE	https://oz-nails-wa.myshopify.com/admin/api/2024-10/products/9364890484971/images/49829832294635.json	9364890484971		images	200	OK	image_id=49829832294635
2026-05-18 12:12:55	image-delete	delete_product_image	DELETE	https://oz-nails-wa.myshopify.com/admin/api/2024-10/products/9364890550507/images/49829832425707.json	9364890550507		images	200	OK	image_id=49829832425707
2026-05-18 12:12:57	image-delete	delete_product_image	DELETE	https://oz-nails-wa.myshopify.com/admin/api/2024-10/products/9364890616043/images/49829833179371.json	9364890616043		images	200	OK	image_id=49829833179371
2026-05-18 12:12:58	image-delete	delete_product_image	DELETE	https://oz-nails-wa.myshopify.com/admin/api/2024-10/products/9364890648811/images/49829833375979.json	9364890648811		images	200	OK	image_id=49829833375979
2026-05-18 12:13:00	image-delete	delete_product_image	DELETE	https://oz-nails-wa.myshopify.com/admin/api/2024-10/products/9364890681579/images/49829833769195.json	9364890681579		images	200	OK	image_id=49829833769195
2026-05-18 12:13:02	image-delete	delete_product_image	DELETE	https://oz-nails-wa.myshopify.com/admin/api/2024-10/products/9364890714347/images/49829833933035.json	9364890714347		images	200	OK	image_id=49829833933035
2026-05-18 12:13:04	image-delete	delete_product_image	DELETE	https://oz-nails-wa.myshopify.com/admin/api/2024-10/products/9364890747115/images/49829834227947.json	9364890747115		images	200	OK	image_id=49829834227947
2026-05-18 12:13:05	image-delete	delete_product_image	DELETE	https://oz-nails-wa.myshopify.com/admin/api/2024-10/products/9364890779883/images/49829834326251.json	9364890779883		images	200	OK	image_id=49829834326251
2026-05-18 12:13:07	image-delete	delete_product_image	DELETE	https://oz-nails-wa.myshopify.com/admin/api/2024-10/products/9364890812651/images/49829834916075.json	9364890812651		images	200	OK	image_id=49829834916075
2026-05-18 12:13:09	image-delete	delete_product_image	DELETE	https://oz-nails-wa.myshopify.com/admin/api/2024-10/products/9364890845419/images/49829835243755.json	9364890845419		images	200	OK	image_id=49829835243755
2026-05-18 12:13:11	image-delete	delete_product_image	DELETE	https://oz-nails-wa.myshopify.com/admin/api/2024-10/products/9364890878187/images/49829835374827.json	9364890878187		images	200	OK	image_id=49829835374827
2026-05-18 12:13:12	image-delete	delete_product_image	DELETE	https://oz-nails-wa.myshopify.com/admin/api/2024-10/products/9364890943723/images/49829835768043.json	9364890943723		images	200	OK	image_id=49829835768043
2026-05-18 12:13:14	image-delete	delete_product_image	DELETE	https://oz-nails-wa.myshopify.com/admin/api/2024-10/products/9364890976491/images/49829835866347.json	9364890976491		images	200	OK	image_id=49829835866347
2026-05-18 12:13:16	image-delete	delete_product_image	DELETE	https://oz-nails-wa.myshopify.com/admin/api/2024-10/products/9364891009259/images/49829836226795.json	9364891009259		images	200	OK	image_id=49829836226795
2026-05-18 12:13:18	image-delete	delete_product_image	DELETE	https://oz-nails-wa.myshopify.com/admin/api/2024-10/products/9364891074795/images/49829836423403.json	9364891074795		images	200	OK	image_id=49829836423403
2026-05-18 12:13:19	image-delete	delete_product_image	DELETE	https://oz-nails-wa.myshopify.com/admin/api/2024-10/products/9364891107563/images/49829836816619.json	9364891107563		images	200	OK	image_id=49829836816619
2026-05-18 12:13:21	image-delete	delete_product_image	DELETE	https://oz-nails-wa.myshopify.com/admin/api/2024-10/products/9364891140331/images/49829837144299.json	9364891140331		images	200	OK	image_id=49829837144299
2026-05-18 12:13:23	image-delete	delete_product_image	DELETE	https://oz-nails-wa.myshopify.com/admin/api/2024-10/products/9364891205867/images/49829837275371.json	9364891205867		images	200	OK	image_id=49829837275371
2026-05-18 12:13:25	image-delete	delete_product_image	DELETE	https://oz-nails-wa.myshopify.com/admin/api/2024-10/products/9364891271403/images/49829837439211.json	9364891271403		images	200	OK	image_id=49829837439211
2026-05-18 12:13:26	image-delete	delete_product_image	DELETE	https://oz-nails-wa.myshopify.com/admin/api/2024-10/products/9364891336939/images/49829837799659.json	9364891336939		images	200	OK	image_id=49829837799659
2026-05-18 12:13:28	image-delete	delete_product_image	DELETE	https://oz-nails-wa.myshopify.com/admin/api/2024-10/products/9364891369707/images/49829838094571.json	9364891369707		images	200	OK	image_id=49829838094571
2026-05-18 12:13:30	image-delete	delete_product_image	DELETE	https://oz-nails-wa.myshopify.com/admin/api/2024-10/products/9364891402475/images/49829838225643.json	9364891402475		images	200	OK	image_id=49829838225643
2026-05-18 12:13:32	image-delete	delete_product_image	DELETE	https://oz-nails-wa.myshopify.com/admin/api/2024-10/products/9364891468011/images/49829838618859.json	9364891468011		images	200	OK	image_id=49829838618859
2026-05-18 12:13:33	image-delete	delete_product_image	DELETE	https://oz-nails-wa.myshopify.com/admin/api/2024-10/products/9364891500779/images/49829838979307.json	9364891500779		images	200	OK	image_id=49829838979307
2026-05-18 12:13:35	image-delete	delete_product_image	DELETE	https://oz-nails-wa.myshopify.com/admin/api/2024-10/products/9364891533547/images/49829839077611.json	9364891533547		images	200	OK	image_id=49829839077611
2026-05-18 12:13:37	image-delete	delete_product_image	DELETE	https://oz-nails-wa.myshopify.com/admin/api/2024-10/products/9364891566315/images/49829839372523.json	9364891566315		images	200	OK	image_id=49829839372523
2026-05-18 12:13:39	image-delete	delete_product_image	DELETE	https://oz-nails-wa.myshopify.com/admin/api/2024-10/products/9364891664619/images/49829839732971.json	9364891664619		images	200	OK	image_id=49829839732971
2026-05-18 12:13:41	image-delete	delete_product_image	DELETE	https://oz-nails-wa.myshopify.com/admin/api/2024-10/products/9364891697387/images/49829840158955.json	9364891697387		images	200	OK	image_id=49829840158955
2026-05-18 12:13:42	image-delete	delete_product_image	DELETE	https://oz-nails-wa.myshopify.com/admin/api/2024-10/products/9364891730155/images/49829840519403.json	9364891730155		images	200	OK	image_id=49829840519403
2026-05-18 12:13:44	image-delete	delete_product_image	DELETE	https://oz-nails-wa.myshopify.com/admin/api/2024-10/products/9364891861227/images/49829840617707.json	9364891861227		images	200	OK	image_id=49829840617707
2026-05-18 12:13:46	image-delete	delete_product_image	DELETE	https://oz-nails-wa.myshopify.com/admin/api/2024-10/products/9364891926763/images/49829841043691.json	9364891926763		images	200	OK	image_id=49829841043691
2026-05-18 12:13:48	image-delete	delete_product_image	DELETE	https://oz-nails-wa.myshopify.com/admin/api/2024-10/products/9364891992299/images/49829841273067.json	9364891992299		images	200	OK	image_id=49829841273067
2026-05-18 12:13:49	image-delete	delete_product_image	DELETE	https://oz-nails-wa.myshopify.com/admin/api/2024-10/products/9364892057835/images/49829841666283.json	9364892057835		images	200	OK	image_id=49829841666283
2026-05-18 12:13:51	image-delete	delete_product_image	DELETE	https://oz-nails-wa.myshopify.com/admin/api/2024-10/products/9364892156139/images/49829841993963.json	9364892156139		images	200	OK	image_id=49829841993963
2026-05-18 12:13:53	image-delete	delete_product_image	DELETE	https://oz-nails-wa.myshopify.com/admin/api/2024-10/products/9364892221675/images/49829842387179.json	9364892221675		images	200	OK	image_id=49829842387179
2026-05-18 12:13:55	image-delete	delete_product_image	DELETE	https://oz-nails-wa.myshopify.com/admin/api/2024-10/products/9364892254443/images/49829842551019.json	9364892254443		images	200	OK	image_id=49829842551019
2026-05-18 12:13:56	image-delete	delete_product_image	DELETE	https://oz-nails-wa.myshopify.com/admin/api/2024-10/products/9364892287211/images/49829842649323.json	9364892287211		images	200	OK	image_id=49829842649323
2026-05-18 12:13:58	image-delete	delete_product_image	DELETE	https://oz-nails-wa.myshopify.com/admin/api/2024-10/products/9364892319979/images/49829843042539.json	9364892319979		images	200	OK	image_id=49829843042539
2026-05-18 12:14:00	image-delete	delete_product_image	DELETE	https://oz-nails-wa.myshopify.com/admin/api/2024-10/products/9364892352747/images/49829843435755.json	9364892352747		images	200	OK	image_id=49829843435755
2026-05-18 12:14:02	image-delete	delete_product_image	DELETE	https://oz-nails-wa.myshopify.com/admin/api/2024-10/products/9364892385515/images/49829843566827.json	9364892385515		images	200	OK	image_id=49829843566827
2026-05-18 12:14:03	image-delete	delete_product_image	DELETE	https://oz-nails-wa.myshopify.com/admin/api/2024-10/products/9364892418283/images/49829843894507.json	9364892418283		images	200	OK	image_id=49829843894507
2026-05-18 12:14:05	image-delete	delete_product_image	DELETE	https://oz-nails-wa.myshopify.com/admin/api/2024-10/products/9364892483819/images/49829844254955.json	9364892483819		images	200	OK	image_id=49829844254955
2026-05-18 12:14:07	image-delete	delete_product_image	DELETE	https://oz-nails-wa.myshopify.com/admin/api/2024-10/products/9364892516587/images/49829844386027.json	9364892516587		images	200	OK	image_id=49829844386027
2026-05-18 12:14:09	image-delete	delete_product_image	DELETE	https://oz-nails-wa.myshopify.com/admin/api/2024-10/products/9364892582123/images/49829844779243.json	9364892582123		images	200	OK	image_id=49829844779243
2026-05-18 12:14:10	image-delete	delete_product_image	DELETE	https://oz-nails-wa.myshopify.com/admin/api/2024-10/products/9364892614891/images/49829845172459.json	9364892614891		images	200	OK	image_id=49829845172459
2026-05-18 12:14:12	image-delete	delete_product_image	DELETE	https://oz-nails-wa.myshopify.com/admin/api/2024-10/products/9364892647659/images/49829845270763.json	9364892647659		images	200	OK	image_id=49829845270763
2026-05-18 12:14:14	image-delete	delete_product_image	DELETE	https://oz-nails-wa.myshopify.com/admin/api/2024-10/products/9364892680427/images/49829845565675.json	9364892680427		images	200	OK	image_id=49829845565675
2026-05-18 12:14:16	image-delete	delete_product_image	DELETE	https://oz-nails-wa.myshopify.com/admin/api/2024-10/products/9364892713195/images/49829846024427.json	9364892713195		images	200	OK	image_id=49829846024427
2026-05-18 12:14:17	image-delete	delete_product_image	DELETE	https://oz-nails-wa.myshopify.com/admin/api/2024-10/products/9364892745963/images/49829846122731.json	9364892745963		images	200	OK	image_id=49829846122731
2026-05-18 12:14:19	image-delete	delete_product_image	DELETE	https://oz-nails-wa.myshopify.com/admin/api/2024-10/products/9364892778731/images/49829846515947.json	9364892778731		images	200	OK	image_id=49829846515947
2026-05-18 12:14:21	image-delete	delete_product_image	DELETE	https://oz-nails-wa.myshopify.com/admin/api/2024-10/products/9364892811499/images/49829846647019.json	9364892811499		images	200	OK	image_id=49829846647019
2026-05-18 12:14:22	image-delete	delete_product_image	DELETE	https://oz-nails-wa.myshopify.com/admin/api/2024-10/products/9364892844267/images/49829847073003.json	9364892844267		images	200	OK	image_id=49829847073003
2026-05-18 12:14:24	image-delete	delete_product_image	DELETE	https://oz-nails-wa.myshopify.com/admin/api/2024-10/products/9364892877035/images/49829847204075.json	9364892877035		images	200	OK	image_id=49829847204075
2026-05-18 12:14:26	image-delete	delete_product_image	DELETE	https://oz-nails-wa.myshopify.com/admin/api/2024-10/products/9364892942571/images/49829847630059.json	9364892942571		images	200	OK	image_id=49829847630059
2026-05-18 12:14:28	image-delete	delete_product_image	DELETE	https://oz-nails-wa.myshopify.com/admin/api/2024-10/products/9364892975339/images/49829848056043.json	9364892975339		images	200	OK	image_id=49829848056043
2026-05-18 12:14:29	image-delete	delete_product_image	DELETE	https://oz-nails-wa.myshopify.com/admin/api/2024-10/products/9364893008107/images/49829848285419.json	9364893008107		images	200	OK	image_id=49829848285419
2026-05-18 12:14:31	image-delete	delete_product_image	DELETE	https://oz-nails-wa.myshopify.com/admin/api/2024-10/products/9364893040875/images/49829848711403.json	9364893040875		images	200	OK	image_id=49829848711403
2026-05-18 12:14:33	image-delete	delete_product_image	DELETE	https://oz-nails-wa.myshopify.com/admin/api/2024-10/products/9364893073643/images/49829848842475.json	9364893073643		images	200	OK	image_id=49829848842475
2026-05-18 12:14:35	image-delete	delete_product_image	DELETE	https://oz-nails-wa.myshopify.com/admin/api/2024-10/products/9364893106411/images/49829849268459.json	9364893106411		images	200	OK	image_id=49829849268459
2026-05-18 12:14:37	image-delete	delete_product_image	DELETE	https://oz-nails-wa.myshopify.com/admin/api/2024-10/products/9364893171947/images/49829849366763.json	9364893171947		images	200	OK	image_id=49829849366763
2026-05-18 12:14:38	image-delete	delete_product_image	DELETE	https://oz-nails-wa.myshopify.com/admin/api/2024-10/products/9364893204715/images/49829849759979.json	9364893204715		images	200	OK	image_id=49829849759979
2026-05-18 12:14:40	image-delete	delete_product_image	DELETE	https://oz-nails-wa.myshopify.com/admin/api/2024-10/products/9364893237483/images/49829850120427.json	9364893237483		images	200	OK	image_id=49829850120427
2026-05-18 12:14:42	image-delete	delete_product_image	DELETE	https://oz-nails-wa.myshopify.com/admin/api/2024-10/products/9364893270251/images/49829850284267.json	9364893270251		images	200	OK	image_id=49829850284267
2026-05-18 12:14:44	image-delete	delete_product_image	DELETE	https://oz-nails-wa.myshopify.com/admin/api/2024-10/products/9364893303019/images/49829850841323.json	9364893303019		images	200	OK	image_id=49829850841323
2026-05-18 12:14:45	image-delete	delete_product_image	DELETE	https://oz-nails-wa.myshopify.com/admin/api/2024-10/products/9364893335787/images/49829850972395.json	9364893335787		images	200	OK	image_id=49829850972395
2026-05-18 12:14:47	image-delete	delete_product_image	DELETE	https://oz-nails-wa.myshopify.com/admin/api/2024-10/products/9364893368555/images/49829851431147.json	9364893368555		images	200	OK	image_id=49829851431147
2026-05-18 12:14:49	image-delete	delete_product_image	DELETE	https://oz-nails-wa.myshopify.com/admin/api/2024-10/products/9364893401323/images/49829851594987.json	9364893401323		images	200	OK	image_id=49829851594987
2026-05-18 12:14:51	image-delete	delete_product_image	DELETE	https://oz-nails-wa.myshopify.com/admin/api/2024-10/products/9364893499627/images/49829851955435.json	9364893499627		images	200	OK	image_id=49829851955435
2026-05-18 12:14:52	image-delete	delete_product_image	DELETE	https://oz-nails-wa.myshopify.com/admin/api/2024-10/products/9364893532395/images/49829852348651.json	9364893532395		images	200	OK	image_id=49829852348651
2026-05-18 12:14:54	image-delete	delete_product_image	DELETE	https://oz-nails-wa.myshopify.com/admin/api/2024-10/products/9364893565163/images/49829852643563.json	9364893565163		images	200	OK	image_id=49829852643563
2026-05-18 12:14:56	image-delete	delete_product_image	DELETE	https://oz-nails-wa.myshopify.com/admin/api/2024-10/products/9364893597931/images/49829852741867.json	9364893597931		images	200	OK	image_id=49829852741867
2026-05-18 12:14:58	image-delete	delete_product_image	DELETE	https://oz-nails-wa.myshopify.com/admin/api/2024-10/products/9364893630699/images/49829853102315.json	9364893630699		images	200	OK	image_id=49829853102315
2026-05-18 12:15:00	image-delete	delete_product_image	DELETE	https://oz-nails-wa.myshopify.com/admin/api/2024-10/products/9364893663467/images/49829853266155.json	9364893663467		images	200	OK	image_id=49829853266155
2026-05-18 12:15:01	image-delete	delete_product_image	DELETE	https://oz-nails-wa.myshopify.com/admin/api/2024-10/products/9364893696235/images/49829853626603.json	9364893696235		images	200	OK	image_id=49829853626603
2026-05-18 12:15:03	image-delete	delete_product_image	DELETE	https://oz-nails-wa.myshopify.com/admin/api/2024-10/products/9364893729003/images/49829854085355.json	9364893729003		images	200	OK	image_id=49829854085355
2026-05-18 12:15:05	image-delete	delete_product_image	DELETE	https://oz-nails-wa.myshopify.com/admin/api/2024-10/products/9364893794539/images/49829854183659.json	9364893794539		images	200	OK	image_id=49829854183659
2026-05-18 12:15:07	image-delete	delete_product_image	DELETE	https://oz-nails-wa.myshopify.com/admin/api/2024-10/products/9364893860075/images/49829854576875.json	9364893860075		images	200	OK	image_id=49829854576875
2026-05-18 12:15:08	image-delete	delete_product_image	DELETE	https://oz-nails-wa.myshopify.com/admin/api/2024-10/products/9364893925611/images/49829855002859.json	9364893925611		images	200	OK	image_id=49829855002859
2026-05-18 12:15:10	image-delete	delete_product_image	DELETE	https://oz-nails-wa.myshopify.com/admin/api/2024-10/products/9364893958379/images/49829855166699.json	9364893958379		images	200	OK	image_id=49829855166699
2026-05-18 12:15:12	image-delete	delete_product_image	DELETE	https://oz-nails-wa.myshopify.com/admin/api/2024-10/products/9364894023915/images/49829855559915.json	9364894023915		images	200	OK	image_id=49829855559915
2026-05-18 12:15:14	image-delete	delete_product_image	DELETE	https://oz-nails-wa.myshopify.com/admin/api/2024-10/products/9364894056683/images/49829855953131.json	9364894056683		images	200	OK	image_id=49829855953131
2026-05-18 12:15:16	image-delete	delete_product_image	DELETE	https://oz-nails-wa.myshopify.com/admin/api/2024-10/products/9364894089451/images/49829856084203.json	9364894089451		images	200	OK	image_id=49829856084203
2026-05-18 12:15:18	image-delete	delete_product_image	DELETE	https://oz-nails-wa.myshopify.com/admin/api/2024-10/products/9364894154987/images/49829856706795.json	9364894154987		images	200	OK	image_id=49829856706795
2026-05-18 12:15:19	image-delete	delete_product_image	DELETE	https://oz-nails-wa.myshopify.com/admin/api/2024-10/products/9364894187755/images/49829857132779.json	9364894187755		images	200	OK	image_id=49829857132779
2026-05-18 12:15:21	image-delete	delete_product_image	DELETE	https://oz-nails-wa.myshopify.com/admin/api/2024-10/products/9364894253291/images/49829857231083.json	9364894253291		images	200	OK	image_id=49829857231083
2026-05-18 12:15:23	image-delete	delete_product_image	DELETE	https://oz-nails-wa.myshopify.com/admin/api/2024-10/products/9364894318827/images/49829857624299.json	9364894318827		images	200	OK	image_id=49829857624299
2026-05-18 12:15:24	image-delete	delete_product_image	DELETE	https://oz-nails-wa.myshopify.com/admin/api/2024-10/products/9364894351595/images/49829857755371.json	9364894351595		images	200	OK	image_id=49829857755371
2026-05-18 12:15:26	image-delete	delete_product_image	DELETE	https://oz-nails-wa.myshopify.com/admin/api/2024-10/products/9364894417131/images/49829858148587.json	9364894417131		images	200	OK	image_id=49829858148587
2026-05-18 12:15:28	image-delete	delete_product_image	DELETE	https://oz-nails-wa.myshopify.com/admin/api/2024-10/products/9364894515435/images/49829858509035.json	9364894515435		images	200	OK	image_id=49829858509035
2026-05-18 12:15:30	image-delete	delete_product_image	DELETE	https://oz-nails-wa.myshopify.com/admin/api/2024-10/products/9364894548203/images/49829858640107.json	9364894548203		images	200	OK	image_id=49829858640107
2026-05-18 12:15:31	image-delete	delete_product_image	DELETE	https://oz-nails-wa.myshopify.com/admin/api/2024-10/products/9364894646507/images/49829859098859.json	9364894646507		images	200	OK	image_id=49829859098859
2026-05-18 12:15:33	image-delete	delete_product_image	DELETE	https://oz-nails-wa.myshopify.com/admin/api/2024-10/products/9364894679275/images/49829859229931.json	9364894679275		images	200	OK	image_id=49829859229931
2026-05-18 12:15:35	image-delete	delete_product_image	DELETE	https://oz-nails-wa.myshopify.com/admin/api/2024-10/products/9364894712043/images/49829859623147.json	9364894712043		images	200	OK	image_id=49829859623147
2026-05-18 12:15:37	image-delete	delete_product_image	DELETE	https://oz-nails-wa.myshopify.com/admin/api/2024-10/products/9364894744811/images/49829859885291.json	9364894744811		images	200	OK	image_id=49829859885291
2026-05-18 12:15:39	image-delete	delete_product_image	DELETE	https://oz-nails-wa.myshopify.com/admin/api/2024-10/products/9364894777579/images/49829860278507.json	9364894777579		images	200	OK	image_id=49829860278507
2026-05-18 12:15:40	image-delete	delete_product_image	DELETE	https://oz-nails-wa.myshopify.com/admin/api/2024-10/products/9364894810347/images/49829860409579.json	9364894810347		images	200	OK	image_id=49829860409579
2026-05-18 12:15:42	image-delete	delete_product_image	DELETE	https://oz-nails-wa.myshopify.com/admin/api/2024-10/products/9364894843115/images/49829860737259.json	9364894843115		images	200	OK	image_id=49829860737259
2026-05-18 12:15:44	image-delete	delete_product_image	DELETE	https://oz-nails-wa.myshopify.com/admin/api/2024-10/products/9364894875883/images/49829861032171.json	9364894875883		images	200	OK	image_id=49829861032171
2026-05-18 12:15:46	image-delete	delete_product_image	DELETE	https://oz-nails-wa.myshopify.com/admin/api/2024-10/products/9364894941419/images/49829861130475.json	9364894941419		images	200	OK	image_id=49829861130475
2026-05-18 12:15:47	image-delete	delete_product_image	DELETE	https://oz-nails-wa.myshopify.com/admin/api/2024-10/products/9364894974187/images/49829861359851.json	9364894974187		images	200	OK	image_id=49829861359851
2026-05-18 12:15:49	image-delete	delete_product_image	DELETE	https://oz-nails-wa.myshopify.com/admin/api/2024-10/products/9364895006955/images/49829861654763.json	9364895006955		images	200	OK	image_id=49829861654763
2026-05-18 12:15:51	image-delete	delete_product_image	DELETE	https://oz-nails-wa.myshopify.com/admin/api/2024-10/products/9364895039723/images/49829862146283.json	9364895039723		images	200	OK	image_id=49829862146283
2026-05-18 12:15:53	image-delete	delete_product_image	DELETE	https://oz-nails-wa.myshopify.com/admin/api/2024-10/products/9364895072491/images/49829862277355.json	9364895072491		images	200	OK	image_id=49829862277355
2026-05-18 12:15:54	image-delete	delete_product_image	DELETE	https://oz-nails-wa.myshopify.com/admin/api/2024-10/products/9364895138027/images/49829862670571.json	9364895138027		images	200	OK	image_id=49829862670571
2026-05-18 12:15:56	image-delete	delete_product_image	DELETE	https://oz-nails-wa.myshopify.com/admin/api/2024-10/products/9364895170795/images/49829862899947.json	9364895170795		images	200	OK	image_id=49829862899947
2026-05-18 12:15:58	image-delete	delete_product_image	DELETE	https://oz-nails-wa.myshopify.com/admin/api/2024-10/products/9364895203563/images/49829863227627.json	9364895203563		images	200	OK	image_id=49829863227627
2026-05-18 12:16:00	image-delete	delete_product_image	DELETE	https://oz-nails-wa.myshopify.com/admin/api/2024-10/products/9364895236331/images/49829863358699.json	9364895236331		images	200	OK	image_id=49829863358699
2026-05-18 12:16:02	image-delete	delete_product_image	DELETE	https://oz-nails-wa.myshopify.com/admin/api/2024-10/products/9364895269099/images/49829864112363.json	9364895269099		images	200	OK	image_id=49829864112363
2026-05-18 12:16:03	image-delete	delete_product_image	DELETE	https://oz-nails-wa.myshopify.com/admin/api/2024-10/products/9364895301867/images/49829864538347.json	9364895301867		images	200	OK	image_id=49829864538347
2026-05-18 12:16:05	image-delete	delete_product_image	DELETE	https://oz-nails-wa.myshopify.com/admin/api/2024-10/products/9364895334635/images/49829864833259.json	9364895334635		images	200	OK	image_id=49829864833259
2026-05-18 12:16:07	image-delete	delete_product_image	DELETE	https://oz-nails-wa.myshopify.com/admin/api/2024-10/products/9364895400171/images/49829865390315.json	9364895400171		images	200	OK	image_id=49829865390315
2026-05-18 12:16:09	image-delete	delete_product_image	DELETE	https://oz-nails-wa.myshopify.com/admin/api/2024-10/products/9364895432939/images/49829865783531.json	9364895432939		images	200	OK	image_id=49829865783531
2026-05-18 12:16:10	image-delete	delete_product_image	DELETE	https://oz-nails-wa.myshopify.com/admin/api/2024-10/products/9364895498475/images/49829865881835.json	9364895498475		images	200	OK	image_id=49829865881835
2026-05-18 12:16:12	image-delete	delete_product_image	DELETE	https://oz-nails-wa.myshopify.com/admin/api/2024-10/products/9364895531243/images/49829866275051.json	9364895531243		images	200	OK	image_id=49829866275051
2026-05-18 12:16:14	image-delete	delete_product_image	DELETE	https://oz-nails-wa.myshopify.com/admin/api/2024-10/products/9364895596779/images/49829866373355.json	9364895596779		images	200	OK	image_id=49829866373355
2026-05-18 12:16:15	image-delete	delete_product_image	DELETE	https://oz-nails-wa.myshopify.com/admin/api/2024-10/products/9364895629547/images/49829866799339.json	9364895629547		images	200	OK	image_id=49829866799339
2026-05-18 12:16:17	image-delete	delete_product_image	DELETE	https://oz-nails-wa.myshopify.com/admin/api/2024-10/products/9364895662315/images/49829866930411.json	9364895662315		images	200	OK	image_id=49829866930411
2026-05-18 12:16:19	image-delete	delete_product_image	DELETE	https://oz-nails-wa.myshopify.com/admin/api/2024-10/products/9364895727851/images/49829867356395.json	9364895727851		images	200	OK	image_id=49829867356395
2026-05-18 12:16:21	image-delete	delete_product_image	DELETE	https://oz-nails-wa.myshopify.com/admin/api/2024-10/products/9364895858923/images/49829867520235.json	9364895858923		images	200	OK	image_id=49829867520235
2026-05-18 12:16:23	image-delete	delete_product_image	DELETE	https://oz-nails-wa.myshopify.com/admin/api/2024-10/products/9364895924459/images/49829867847915.json	9364895924459		images	200	OK	image_id=49829867847915
2026-05-18 12:16:25	image-delete	delete_product_image	DELETE	https://oz-nails-wa.myshopify.com/admin/api/2024-10/products/9364895989995/images/49829867978987.json	9364895989995		images	200	OK	image_id=49829867978987
2026-05-18 12:16:26	image-delete	delete_product_image	DELETE	https://oz-nails-wa.myshopify.com/admin/api/2024-10/products/9364896022763/images/49829868306667.json	9364896022763		images	200	OK	image_id=49829868306667
2026-05-18 12:16:28	image-delete	delete_product_image	DELETE	https://oz-nails-wa.myshopify.com/admin/api/2024-10/products/9364896055531/images/49829868404971.json	9364896055531		images	200	OK	image_id=49829868404971
2026-05-18 12:16:30	image-delete	delete_product_image	DELETE	https://oz-nails-wa.myshopify.com/admin/api/2024-10/products/9364896153835/images/49829868765419.json	9364896153835		images	200	OK	image_id=49829868765419
2026-05-18 12:16:32	image-delete	delete_product_image	DELETE	https://oz-nails-wa.myshopify.com/admin/api/2024-10/products/9364896415979/images/49829868896491.json	9364896415979		images	200	OK	image_id=49829868896491
2026-05-18 12:16:33	image-delete	delete_product_image	DELETE	https://oz-nails-wa.myshopify.com/admin/api/2024-10/products/9364896678123/images/49829869224171.json	9364896678123		images	200	OK	image_id=49829869224171
2026-05-18 12:16:35	image-delete	delete_product_image	DELETE	https://oz-nails-wa.myshopify.com/admin/api/2024-10/products/9364896874731/images/49829869355243.json	9364896874731		images	200	OK	image_id=49829869355243
2026-05-18 12:16:37	image-delete	delete_product_image	DELETE	https://oz-nails-wa.myshopify.com/admin/api/2024-10/products/9364896940267/images/49829869945067.json	9364896940267		images	200	OK	image_id=49829869945067
2026-05-18 12:16:39	image-delete	delete_product_image	DELETE	https://oz-nails-wa.myshopify.com/admin/api/2024-10/products/9364897005803/images/49829870010603.json	9364897005803		images	200	OK	image_id=49829870010603
2026-05-18 12:16:40	image-delete	delete_product_image	DELETE	https://oz-nails-wa.myshopify.com/admin/api/2024-10/products/9364897038571/images/49829870338283.json	9364897038571		images	200	OK	image_id=49829870338283
2026-05-18 12:16:42	image-delete	delete_product_image	DELETE	https://oz-nails-wa.myshopify.com/admin/api/2024-10/products/9364897071339/images/49829870731499.json	9364897071339		images	200	OK	image_id=49829870731499
2026-05-18 12:16:44	image-delete	delete_product_image	DELETE	https://oz-nails-wa.myshopify.com/admin/api/2024-10/products/9364897169643/images/49829870797035.json	9364897169643		images	200	OK	image_id=49829870797035
2026-05-18 12:16:46	image-delete	delete_product_image	DELETE	https://oz-nails-wa.myshopify.com/admin/api/2024-10/products/9364897202411/images/49829870862571.json	9364897202411		images	200	OK	image_id=49829870862571
2026-05-18 12:16:47	image-delete	delete_product_image	DELETE	https://oz-nails-wa.myshopify.com/admin/api/2024-10/products/9364897235179/images/49829871255787.json	9364897235179		images	200	OK	image_id=49829871255787
2026-05-18 12:16:49	image-delete	delete_product_image	DELETE	https://oz-nails-wa.myshopify.com/admin/api/2024-10/products/9364897366251/images/49829871354091.json	9364897366251		images	200	OK	image_id=49829871354091
2026-05-18 12:16:51	image-delete	delete_product_image	DELETE	https://oz-nails-wa.myshopify.com/admin/api/2024-10/products/9364897562859/images/49829871714539.json	9364897562859		images	200	OK	image_id=49829871714539
2026-05-18 12:16:53	image-delete	delete_product_image	DELETE	https://oz-nails-wa.myshopify.com/admin/api/2024-10/products/9364897726699/images/49829872042219.json	9364897726699		images	200	OK	image_id=49829872042219
2026-05-18 12:16:54	image-delete	delete_product_image	DELETE	https://oz-nails-wa.myshopify.com/admin/api/2024-10/products/9364897857771/images/49829872173291.json	9364897857771		images	200	OK	image_id=49829872173291
2026-05-18 12:16:56	image-delete	delete_product_image	DELETE	https://oz-nails-wa.myshopify.com/admin/api/2024-10/products/9364897890539/images/49829872500971.json	9364897890539		images	200	OK	image_id=49829872500971
2026-05-18 12:16:58	image-delete	delete_product_image	DELETE	https://oz-nails-wa.myshopify.com/admin/api/2024-10/products/9364897923307/images/49829872599275.json	9364897923307		images	200	OK	image_id=49829872599275
2026-05-18 12:17:00	image-delete	delete_product_image	DELETE	https://oz-nails-wa.myshopify.com/admin/api/2024-10/products/9364897988843/images/49829872992491.json	9364897988843		images	200	OK	image_id=49829872992491
2026-05-18 12:17:01	image-delete	delete_product_image	DELETE	https://oz-nails-wa.myshopify.com/admin/api/2024-10/products/9364898021611/images/49829873090795.json	9364898021611		images	200	OK	image_id=49829873090795
2026-05-18 12:17:03	image-delete	delete_product_image	DELETE	https://oz-nails-wa.myshopify.com/admin/api/2024-10/products/9364898087147/images/49829873451243.json	9364898087147		images	200	OK	image_id=49829873451243
2026-05-18 12:17:05	image-delete	delete_product_image	DELETE	https://oz-nails-wa.myshopify.com/admin/api/2024-10/products/9364898119915/images/49829873909995.json	9364898119915		images	200	OK	image_id=49829873909995
2026-05-18 12:17:07	image-delete	delete_product_image	DELETE	https://oz-nails-wa.myshopify.com/admin/api/2024-10/products/9364898152683/images/49829874041067.json	9364898152683		images	200	OK	image_id=49829874041067
2026-05-18 12:17:08	image-delete	delete_product_image	DELETE	https://oz-nails-wa.myshopify.com/admin/api/2024-10/products/9364898185451/images/49829874532587.json	9364898185451		images	200	OK	image_id=49829874532587
2026-05-18 12:17:10	image-delete	delete_product_image	DELETE	https://oz-nails-wa.myshopify.com/admin/api/2024-10/products/9364898250987/images/49829874630891.json	9364898250987		images	200	OK	image_id=49829874630891
2026-05-18 12:17:12	image-delete	delete_product_image	DELETE	https://oz-nails-wa.myshopify.com/admin/api/2024-10/products/9364898283755/images/49829874991339.json	9364898283755		images	200	OK	image_id=49829874991339
2026-05-18 12:17:14	image-delete	delete_product_image	DELETE	https://oz-nails-wa.myshopify.com/admin/api/2024-10/products/9364898349291/images/49829875384555.json	9364898349291		images	200	OK	image_id=49829875384555
2026-05-18 12:17:16	image-delete	delete_product_image	DELETE	https://oz-nails-wa.myshopify.com/admin/api/2024-10/products/9364898382059/images/49829875515627.json	9364898382059		images	200	OK	image_id=49829875515627
2026-05-18 12:17:17	image-delete	delete_product_image	DELETE	https://oz-nails-wa.myshopify.com/admin/api/2024-10/products/9364898414827/images/49829875876075.json	9364898414827		images	200	OK	image_id=49829875876075
2026-05-18 12:17:19	image-delete	delete_product_image	DELETE	https://oz-nails-wa.myshopify.com/admin/api/2024-10/products/9364898480363/images/49829875974379.json	9364898480363		images	200	OK	image_id=49829875974379
2026-05-18 12:17:21	image-delete	delete_product_image	DELETE	https://oz-nails-wa.myshopify.com/admin/api/2024-10/products/9364898545899/images/49829876334827.json	9364898545899		images	200	OK	image_id=49829876334827
2026-05-18 12:17:22	image-delete	delete_product_image	DELETE	https://oz-nails-wa.myshopify.com/admin/api/2024-10/products/9364898578667/images/49829876990187.json	9364898578667		images	200	OK	image_id=49829876990187
2026-05-18 12:17:24	image-delete	delete_product_image	DELETE	https://oz-nails-wa.myshopify.com/admin/api/2024-10/products/9364898644203/images/49829877154027.json	9364898644203		images	200	OK	image_id=49829877154027
2026-05-18 12:17:26	image-delete	delete_product_image	DELETE	https://oz-nails-wa.myshopify.com/admin/api/2024-10/products/9364898676971/images/49829877481707.json	9364898676971		images	200	OK	image_id=49829877481707
2026-05-18 12:17:28	image-delete	delete_product_image	DELETE	https://oz-nails-wa.myshopify.com/admin/api/2024-10/products/9364898709739/images/49829877612779.json	9364898709739		images	200	OK	image_id=49829877612779
2026-05-18 12:17:30	image-delete	delete_product_image	DELETE	https://oz-nails-wa.myshopify.com/admin/api/2024-10/products/9364898742507/images/49829877973227.json	9364898742507		images	200	OK	image_id=49829877973227
2026-05-18 12:17:31	image-delete	delete_product_image	DELETE	https://oz-nails-wa.myshopify.com/admin/api/2024-10/products/9364898808043/images/49829878333675.json	9364898808043		images	200	OK	image_id=49829878333675
2026-05-18 12:17:33	image-delete	delete_product_image	DELETE	https://oz-nails-wa.myshopify.com/admin/api/2024-10/products/9364898840811/images/49829878661355.json	9364898840811		images	200	OK	image_id=49829878661355
2026-05-18 12:17:35	image-delete	delete_product_image	DELETE	https://oz-nails-wa.myshopify.com/admin/api/2024-10/products/9364898873579/images/49829878792427.json	9364898873579		images	200	OK	image_id=49829878792427
2026-05-18 12:17:37	image-delete	delete_product_image	DELETE	https://oz-nails-wa.myshopify.com/admin/api/2024-10/products/9364898906347/images/49829879251179.json	9364898906347		images	200	OK	image_id=49829879251179
2026-05-18 12:17:39	image-delete	delete_product_image	DELETE	https://oz-nails-wa.myshopify.com/admin/api/2024-10/products/9364898939115/images/49829879677163.json	9364898939115		images	200	OK	image_id=49829879677163
2026-05-18 12:17:41	image-delete	delete_product_image	DELETE	https://oz-nails-wa.myshopify.com/admin/api/2024-10/products/9364899725547/images/49829879808235.json	9364899725547		images	200	OK	image_id=49829879808235
2026-05-18 12:17:42	image-delete	delete_product_image	DELETE	https://oz-nails-wa.myshopify.com/admin/api/2024-10/products/9364899758315/images/49829880135915.json	9364899758315		images	200	OK	image_id=49829880135915
2026-05-18 12:17:44	image-delete	delete_product_image	DELETE	https://oz-nails-wa.myshopify.com/admin/api/2024-10/products/9364899791083/images/49829880365291.json	9364899791083		images	200	OK	image_id=49829880365291
2026-05-18 12:17:46	image-delete	delete_product_image	DELETE	https://oz-nails-wa.myshopify.com/admin/api/2024-10/products/9364899889387/images/49829880463595.json	9364899889387		images	200	OK	image_id=49829880463595
2026-05-18 12:17:48	image-delete	delete_product_image	DELETE	https://oz-nails-wa.myshopify.com/admin/api/2024-10/products/9364899922155/images/49829880791275.json	9364899922155		images	200	OK	image_id=49829880791275
2026-05-18 12:17:49	image-delete	delete_product_image	DELETE	https://oz-nails-wa.myshopify.com/admin/api/2024-10/products/9364899954923/images/49829880955115.json	9364899954923		images	200	OK	image_id=49829880955115
2026-05-18 12:17:51	image-delete	delete_product_image	DELETE	https://oz-nails-wa.myshopify.com/admin/api/2024-10/products/9364900020459/images/49829881086187.json	9364900020459		images	200	OK	image_id=49829881086187
2026-05-18 12:17:53	image-delete	delete_product_image	DELETE	https://oz-nails-wa.myshopify.com/admin/api/2024-10/products/9364900053227/images/49829881479403.json	9364900053227		images	200	OK	image_id=49829881479403
2026-05-18 12:17:54	image-delete	delete_product_image	DELETE	https://oz-nails-wa.myshopify.com/admin/api/2024-10/products/9364900085995/images/49829881610475.json	9364900085995		images	200	OK	image_id=49829881610475
2026-05-18 12:17:56	image-delete	delete_product_image	DELETE	https://oz-nails-wa.myshopify.com/admin/api/2024-10/products/9364900118763/images/49829881774315.json	9364900118763		images	200	OK	image_id=49829881774315
2026-05-18 12:17:58	image-delete	delete_product_image	DELETE	https://oz-nails-wa.myshopify.com/admin/api/2024-10/products/9364900151531/images/49829882200299.json	9364900151531		images	200	OK	image_id=49829882200299
2026-05-18 12:18:00	image-delete	delete_product_image	DELETE	https://oz-nails-wa.myshopify.com/admin/api/2024-10/products/9364900184299/images/49829882331371.json	9364900184299		images	200	OK	image_id=49829882331371
2026-05-18 12:18:02	image-delete	delete_product_image	DELETE	https://oz-nails-wa.myshopify.com/admin/api/2024-10/products/9364900217067/images/49829882659051.json	9364900217067		images	200	OK	image_id=49829882659051
2026-05-18 12:18:04	image-delete	delete_product_image	DELETE	https://oz-nails-wa.myshopify.com/admin/api/2024-10/products/9364900282603/images/49829882855659.json	9364900282603		images	200	OK	image_id=49829882855659
2026-05-18 12:18:06	image-delete	delete_product_image	DELETE	https://oz-nails-wa.myshopify.com/admin/api/2024-10/products/9364900380907/images/49829883248875.json	9364900380907		images	200	OK	image_id=49829883248875
2026-05-18 12:18:08	image-delete	delete_product_image	DELETE	https://oz-nails-wa.myshopify.com/admin/api/2024-10/products/9364900413675/images/49829883576555.json	9364900413675		images	200	OK	image_id=49829883576555
2026-05-18 12:18:09	image-delete	delete_product_image	DELETE	https://oz-nails-wa.myshopify.com/admin/api/2024-10/products/9364900511979/images/49829883904235.json	9364900511979		images	200	OK	image_id=49829883904235
2026-05-18 12:18:11	image-delete	delete_product_image	DELETE	https://oz-nails-wa.myshopify.com/admin/api/2024-10/products/9364900544747/images/49829884068075.json	9364900544747		images	200	OK	image_id=49829884068075
2026-05-18 12:18:13	image-delete	delete_product_image	DELETE	https://oz-nails-wa.myshopify.com/admin/api/2024-10/products/9364900577515/images/49829884494059.json	9364900577515		images	200	OK	image_id=49829884494059
2026-05-18 12:18:15	image-delete	delete_product_image	DELETE	https://oz-nails-wa.myshopify.com/admin/api/2024-10/products/9364900643051/images/49829884887275.json	9364900643051		images	200	OK	image_id=49829884887275
2026-05-18 12:18:16	image-delete	delete_product_image	DELETE	https://oz-nails-wa.myshopify.com/admin/api/2024-10/products/9364900675819/images/49829885051115.json	9364900675819		images	200	OK	image_id=49829885051115
2026-05-18 12:18:18	image-delete	delete_product_image	DELETE	https://oz-nails-wa.myshopify.com/admin/api/2024-10/products/9364900839659/images/49829885411563.json	9364900839659		images	200	OK	image_id=49829885411563
2026-05-18 12:18:20	image-delete	delete_product_image	DELETE	https://oz-nails-wa.myshopify.com/admin/api/2024-10/products/9364900872427/images/49829885509867.json	9364900872427		images	200	OK	image_id=49829885509867
2026-05-18 12:18:22	image-delete	delete_product_image	DELETE	https://oz-nails-wa.myshopify.com/admin/api/2024-10/products/9364900905195/images/49829885870315.json	9364900905195		images	200	OK	image_id=49829885870315
2026-05-18 12:18:23	image-delete	delete_product_image	DELETE	https://oz-nails-wa.myshopify.com/admin/api/2024-10/products/9364900937963/images/49829885968619.json	9364900937963		images	200	OK	image_id=49829885968619
2026-05-18 12:18:25	image-delete	delete_product_image	DELETE	https://oz-nails-wa.myshopify.com/admin/api/2024-10/products/9364900970731/images/49829886394603.json	9364900970731		images	200	OK	image_id=49829886394603
2026-05-18 12:18:27	image-delete	delete_product_image	DELETE	https://oz-nails-wa.myshopify.com/admin/api/2024-10/products/9364901003499/images/49829886787819.json	9364901003499		images	200	OK	image_id=49829886787819
2026-05-18 12:18:29	image-delete	delete_product_image	DELETE	https://oz-nails-wa.myshopify.com/admin/api/2024-10/products/9364901036267/images/49829886918891.json	9364901036267		images	200	OK	image_id=49829886918891
2026-05-18 12:18:30	image-delete	delete_product_image	DELETE	https://oz-nails-wa.myshopify.com/admin/api/2024-10/products/9364901069035/images/49829887312107.json	9364901069035		images	200	OK	image_id=49829887312107
2026-05-18 12:18:32	image-delete	delete_product_image	DELETE	https://oz-nails-wa.myshopify.com/admin/api/2024-10/products/9364901101803/images/49829887410411.json	9364901101803		images	200	OK	image_id=49829887410411
2026-05-18 12:18:34	image-delete	delete_product_image	DELETE	https://oz-nails-wa.myshopify.com/admin/api/2024-10/products/9364901167339/images/49829887803627.json	9364901167339		images	200	OK	image_id=49829887803627
2026-05-18 12:18:36	image-delete	delete_product_image	DELETE	https://oz-nails-wa.myshopify.com/admin/api/2024-10/products/9364901200107/images/49829887934699.json	9364901200107		images	200	OK	image_id=49829887934699
2026-05-18 12:18:38	image-delete	delete_product_image	DELETE	https://oz-nails-wa.myshopify.com/admin/api/2024-10/products/9364901232875/images/49829888426219.json	9364901232875		images	200	OK	image_id=49829888426219
2026-05-18 12:18:39	image-delete	delete_product_image	DELETE	https://oz-nails-wa.myshopify.com/admin/api/2024-10/products/9364901298411/images/49829888917739.json	9364901298411		images	200	OK	image_id=49829888917739
2026-05-18 12:18:41	image-delete	delete_product_image	DELETE	https://oz-nails-wa.myshopify.com/admin/api/2024-10/products/9364901331179/images/49829889081579.json	9364901331179		images	200	OK	image_id=49829889081579
2026-05-18 12:18:43	image-delete	delete_product_image	DELETE	https://oz-nails-wa.myshopify.com/admin/api/2024-10/products/9364901363947/images/49829889442027.json	9364901363947		images	200	OK	image_id=49829889442027
2026-05-18 12:18:45	image-delete	delete_product_image	DELETE	https://oz-nails-wa.myshopify.com/admin/api/2024-10/products/9364901396715/images/49829889835243.json	9364901396715		images	200	OK	image_id=49829889835243
2026-05-18 12:18:47	image-delete	delete_product_image	DELETE	https://oz-nails-wa.myshopify.com/admin/api/2024-10/products/9364901429483/images/49829889999083.json	9364901429483		images	200	OK	image_id=49829889999083
2026-05-18 12:18:48	image-delete	delete_product_image	DELETE	https://oz-nails-wa.myshopify.com/admin/api/2024-10/products/9364901462251/images/49829890392299.json	9364901462251		images	200	OK	image_id=49829890392299
2026-05-18 12:18:50	image-delete	delete_product_image	DELETE	https://oz-nails-wa.myshopify.com/admin/api/2024-10/products/9364901527787/images/49829890556139.json	9364901527787		images	200	OK	image_id=49829890556139
2026-05-18 12:18:52	image-delete	delete_product_image	DELETE	https://oz-nails-wa.myshopify.com/admin/api/2024-10/products/9364901560555/images/49829890916587.json	9364901560555		images	200	OK	image_id=49829890916587
2026-05-18 12:18:54	image-delete	delete_product_image	DELETE	https://oz-nails-wa.myshopify.com/admin/api/2024-10/products/9364901593323/images/49829891014891.json	9364901593323		images	200	OK	image_id=49829891014891
2026-05-18 12:18:56	image-delete	delete_product_image	DELETE	https://oz-nails-wa.myshopify.com/admin/api/2024-10/products/9364901626091/images/49829891342571.json	9364901626091		images	200	OK	image_id=49829891342571
2026-05-18 12:18:57	image-delete	delete_product_image	DELETE	https://oz-nails-wa.myshopify.com/admin/api/2024-10/products/9364901658859/images/49829891801323.json	9364901658859		images	200	OK	image_id=49829891801323
2026-05-18 12:18:59	image-delete	delete_product_image	DELETE	https://oz-nails-wa.myshopify.com/admin/api/2024-10/products/9364901691627/images/49829891932395.json	9364901691627		images	200	OK	image_id=49829891932395
2026-05-18 12:19:01	image-delete	delete_product_image	DELETE	https://oz-nails-wa.myshopify.com/admin/api/2024-10/products/9364901724395/images/49829892325611.json	9364901724395		images	200	OK	image_id=49829892325611
2026-05-18 12:19:03	image-delete	delete_product_image	DELETE	https://oz-nails-wa.myshopify.com/admin/api/2024-10/products/9364901757163/images/49829892456683.json	9364901757163		images	200	OK	image_id=49829892456683
2026-05-18 12:19:05	image-delete	delete_product_image	DELETE	https://oz-nails-wa.myshopify.com/admin/api/2024-10/products/9364901789931/images/49829892849899.json	9364901789931		images	200	OK	image_id=49829892849899
2026-05-18 12:19:06	image-delete	delete_product_image	DELETE	https://oz-nails-wa.myshopify.com/admin/api/2024-10/products/9364901822699/images/49829893112043.json	9364901822699		images	200	OK	image_id=49829893112043
2026-05-18 12:19:08	image-delete	delete_product_image	DELETE	https://oz-nails-wa.myshopify.com/admin/api/2024-10/products/9364901855467/images/49829893210347.json	9364901855467		images	200	OK	image_id=49829893210347
2026-05-18 12:19:10	image-delete	delete_product_image	DELETE	https://oz-nails-wa.myshopify.com/admin/api/2024-10/products/9364901888235/images/49829893570795.json	9364901888235		images	200	OK	image_id=49829893570795
2026-05-18 12:19:12	image-delete	delete_product_image	DELETE	https://oz-nails-wa.myshopify.com/admin/api/2024-10/products/9364901953771/images/49829893669099.json	9364901953771		images	200	OK	image_id=49829893669099
2026-05-18 12:19:13	image-delete	delete_product_image	DELETE	https://oz-nails-wa.myshopify.com/admin/api/2024-10/products/9364902052075/images/49829894029547.json	9364902052075		images	200	OK	image_id=49829894029547
2026-05-18 12:19:15	image-delete	delete_product_image	DELETE	https://oz-nails-wa.myshopify.com/admin/api/2024-10/products/9364902117611/images/49829894291691.json	9364902117611		images	200	OK	image_id=49829894291691
2026-05-18 12:19:17	image-delete	delete_product_image	DELETE	https://oz-nails-wa.myshopify.com/admin/api/2024-10/products/9364902281451/images/49829894717675.json	9364902281451		images	200	OK	image_id=49829894717675
2026-05-18 12:19:19	image-delete	delete_product_image	DELETE	https://oz-nails-wa.myshopify.com/admin/api/2024-10/products/9364902445291/images/49829895110891.json	9364902445291		images	200	OK	image_id=49829895110891
2026-05-18 12:19:20	image-delete	delete_product_image	DELETE	https://oz-nails-wa.myshopify.com/admin/api/2024-10/products/9364902674667/images/49829895274731.json	9364902674667		images	200	OK	image_id=49829895274731
2026-05-18 12:19:22	image-delete	delete_product_image	DELETE	https://oz-nails-wa.myshopify.com/admin/api/2024-10/products/9364902838507/images/49829895700715.json	9364902838507		images	200	OK	image_id=49829895700715
2026-05-18 12:19:24	image-delete	delete_product_image	DELETE	https://oz-nails-wa.myshopify.com/admin/api/2024-10/products/9364902936811/images/49829895799019.json	9364902936811		images	200	OK	image_id=49829895799019
2026-05-18 12:19:26	image-delete	delete_product_image	DELETE	https://oz-nails-wa.myshopify.com/admin/api/2024-10/products/9364903002347/images/49829896225003.json	9364903002347		images	200	OK	image_id=49829896225003
2026-05-18 12:19:27	image-delete	delete_product_image	DELETE	https://oz-nails-wa.myshopify.com/admin/api/2024-10/products/9364903067883/images/49829896323307.json	9364903067883		images	200	OK	image_id=49829896323307
2026-05-18 12:19:29	image-delete	delete_product_image	DELETE	https://oz-nails-wa.myshopify.com/admin/api/2024-10/products/9364903100651/images/49829896749291.json	9364903100651		images	200	OK	image_id=49829896749291
2026-05-18 12:19:31	image-delete	delete_product_image	DELETE	https://oz-nails-wa.myshopify.com/admin/api/2024-10/products/9364903133419/images/49829896880363.json	9364903133419		images	200	OK	image_id=49829896880363
2026-05-18 12:19:33	image-delete	delete_product_image	DELETE	https://oz-nails-wa.myshopify.com/admin/api/2024-10/products/9364903198955/images/49829897273579.json	9364903198955		images	200	OK	image_id=49829897273579
2026-05-18 12:19:34	image-delete	delete_product_image	DELETE	https://oz-nails-wa.myshopify.com/admin/api/2024-10/products/9364903231723/images/49829897404651.json	9364903231723		images	200	OK	image_id=49829897404651
2026-05-18 12:19:36	image-delete	delete_product_image	DELETE	https://oz-nails-wa.myshopify.com/admin/api/2024-10/products/9364903264491/images/49829897732331.json	9364903264491		images	200	OK	image_id=49829897732331
2026-05-18 12:19:38	image-delete	delete_product_image	DELETE	https://oz-nails-wa.myshopify.com/admin/api/2024-10/products/9364903297259/images/49829897830635.json	9364903297259		images	200	OK	image_id=49829897830635
2026-05-18 12:19:40	image-delete	delete_product_image	DELETE	https://oz-nails-wa.myshopify.com/admin/api/2024-10/products/9364903330027/images/49829898322155.json	9364903330027		images	200	OK	image_id=49829898322155
2026-05-18 12:19:41	image-delete	delete_product_image	DELETE	https://oz-nails-wa.myshopify.com/admin/api/2024-10/products/9364903362795/images/49829898420459.json	9364903362795		images	200	OK	image_id=49829898420459
2026-05-18 12:19:43	image-delete	delete_product_image	DELETE	https://oz-nails-wa.myshopify.com/admin/api/2024-10/products/9364903395563/images/49829898748139.json	9364903395563		images	200	OK	image_id=49829898748139
2026-05-18 12:19:45	image-delete	delete_product_image	DELETE	https://oz-nails-wa.myshopify.com/admin/api/2024-10/products/9364903461099/images/49829898944747.json	9364903461099		images	200	OK	image_id=49829898944747
2026-05-18 12:19:47	image-delete	delete_product_image	DELETE	https://oz-nails-wa.myshopify.com/admin/api/2024-10/products/9364903493867/images/49829899043051.json	9364903493867		images	200	OK	image_id=49829899043051
2026-05-18 12:19:49	image-delete	delete_product_image	DELETE	https://oz-nails-wa.myshopify.com/admin/api/2024-10/products/9364903526635/images/49829899469035.json	9364903526635		images	200	OK	image_id=49829899469035
2026-05-18 12:19:51	image-delete	delete_product_image	DELETE	https://oz-nails-wa.myshopify.com/admin/api/2024-10/products/9364903624939/images/49829899600107.json	9364903624939		images	200	OK	image_id=49829899600107
2026-05-18 12:19:53	image-delete	delete_product_image	DELETE	https://oz-nails-wa.myshopify.com/admin/api/2024-10/products/9364903756011/images/49829899960555.json	9364903756011		images	200	OK	image_id=49829899960555
2026-05-18 12:19:55	image-delete	delete_product_image	DELETE	https://oz-nails-wa.myshopify.com/admin/api/2024-10/products/9364903788779/images/49829900255467.json	9364903788779		images	200	OK	image_id=49829900255467
2026-05-18 12:19:56	image-delete	delete_product_image	DELETE	https://oz-nails-wa.myshopify.com/admin/api/2024-10/products/9364903821547/images/49829900452075.json	9364903821547		images	200	OK	image_id=49829900452075
2026-05-18 12:19:58	image-delete	delete_product_image	DELETE	https://oz-nails-wa.myshopify.com/admin/api/2024-10/products/9364903854315/images/49829900779755.json	9364903854315		images	200	OK	image_id=49829900779755
2026-05-18 12:20:00	image-delete	delete_product_image	DELETE	https://oz-nails-wa.myshopify.com/admin/api/2024-10/products/9364903887083/images/49829900878059.json	9364903887083		images	200	OK	image_id=49829900878059
2026-05-18 12:20:02	image-delete	delete_product_image	DELETE	https://oz-nails-wa.myshopify.com/admin/api/2024-10/products/9364903919851/images/49829901238507.json	9364903919851		images	200	OK	image_id=49829901238507
2026-05-18 12:20:04	image-delete	delete_product_image	DELETE	https://oz-nails-wa.myshopify.com/admin/api/2024-10/products/9364903952619/images/49829901336811.json	9364903952619		images	200	OK	image_id=49829901336811
2026-05-18 12:20:06	image-delete	delete_product_image	DELETE	https://oz-nails-wa.myshopify.com/admin/api/2024-10/products/9364903985387/images/49829901730027.json	9364903985387		images	200	OK	image_id=49829901730027
2026-05-18 12:20:08	image-delete	delete_product_image	DELETE	https://oz-nails-wa.myshopify.com/admin/api/2024-10/products/9364904050923/images/49829902090475.json	9364904050923		images	200	OK	image_id=49829902090475
2026-05-18 12:20:10	image-delete	delete_product_image	DELETE	https://oz-nails-wa.myshopify.com/admin/api/2024-10/products/9364904116459/images/49829902188779.json	9364904116459		images	200	OK	image_id=49829902188779
2026-05-18 12:20:11	image-delete	delete_product_image	DELETE	https://oz-nails-wa.myshopify.com/admin/api/2024-10/products/9364904247531/images/49829902811371.json	9364904247531		images	200	OK	image_id=49829902811371
2026-05-18 12:20:13	image-delete	delete_product_image	DELETE	https://oz-nails-wa.myshopify.com/admin/api/2024-10/products/9364904313067/images/49829903368427.json	9364904313067		images	200	OK	image_id=49829903368427
2026-05-18 12:20:15	image-delete	delete_product_image	DELETE	https://oz-nails-wa.myshopify.com/admin/api/2024-10/products/9364904345835/images/49829903499499.json	9364904345835		images	200	OK	image_id=49829903499499
2026-05-18 12:20:17	image-delete	delete_product_image	DELETE	https://oz-nails-wa.myshopify.com/admin/api/2024-10/products/9364904378603/images/49829903859947.json	9364904378603		images	200	OK	image_id=49829903859947
2026-05-18 12:20:19	image-delete	delete_product_image	DELETE	https://oz-nails-wa.myshopify.com/admin/api/2024-10/products/9364904444139/images/49829903991019.json	9364904444139		images	200	OK	image_id=49829903991019
2026-05-18 12:20:20	image-delete	delete_product_image	DELETE	https://oz-nails-wa.myshopify.com/admin/api/2024-10/products/9364904476907/images/49829904482539.json	9364904476907		images	200	OK	image_id=49829904482539
2026-05-18 12:20:22	image-delete	delete_product_image	DELETE	https://oz-nails-wa.myshopify.com/admin/api/2024-10/products/9364904509675/images/49829904842987.json	9364904509675		images	200	OK	image_id=49829904842987
2026-05-18 12:20:24	image-delete	delete_product_image	DELETE	https://oz-nails-wa.myshopify.com/admin/api/2024-10/products/9364904542443/images/49829904941291.json	9364904542443		images	200	OK	image_id=49829904941291
2026-05-18 12:20:26	image-delete	delete_product_image	DELETE	https://oz-nails-wa.myshopify.com/admin/api/2024-10/products/9364904575211/images/49829905400043.json	9364904575211		images	200	OK	image_id=49829905400043
2026-05-18 12:20:27	image-delete	delete_product_image	DELETE	https://oz-nails-wa.myshopify.com/admin/api/2024-10/products/9364904673515/images/49829905498347.json	9364904673515		images	200	OK	image_id=49829905498347
2026-05-18 12:20:29	image-delete	delete_product_image	DELETE	https://oz-nails-wa.myshopify.com/admin/api/2024-10/products/9364904870123/images/49829905957099.json	9364904870123		images	200	OK	image_id=49829905957099
2026-05-18 12:20:31	image-delete	delete_product_image	DELETE	https://oz-nails-wa.myshopify.com/admin/api/2024-10/products/9364904935659/images/49829906088171.json	9364904935659		images	200	OK	image_id=49829906088171
2026-05-18 12:20:33	image-delete	delete_product_image	DELETE	https://oz-nails-wa.myshopify.com/admin/api/2024-10/products/9364904968427/images/49829906481387.json	9364904968427		images	200	OK	image_id=49829906481387
2026-05-18 12:20:35	image-delete	delete_product_image	DELETE	https://oz-nails-wa.myshopify.com/admin/api/2024-10/products/9364905001195/images/49829906612459.json	9364905001195		images	200	OK	image_id=49829906612459
2026-05-18 12:20:37	image-delete	delete_product_image	DELETE	https://oz-nails-wa.myshopify.com/admin/api/2024-10/products/9364905033963/images/49829907071211.json	9364905033963		images	200	OK	image_id=49829907071211
2026-05-18 12:20:38	image-delete	delete_product_image	DELETE	https://oz-nails-wa.myshopify.com/admin/api/2024-10/products/9364905066731/images/49829907431659.json	9364905066731		images	200	OK	image_id=49829907431659
2026-05-18 12:20:40	image-delete	delete_product_image	DELETE	https://oz-nails-wa.myshopify.com/admin/api/2024-10/products/9364905099499/images/49829907562731.json	9364905099499		images	200	OK	image_id=49829907562731
2026-05-18 12:20:42	image-delete	delete_product_image	DELETE	https://oz-nails-wa.myshopify.com/admin/api/2024-10/products/9364905132267/images/49829907988715.json	9364905132267		images	200	OK	image_id=49829907988715
2026-05-18 12:20:44	image-delete	delete_product_image	DELETE	https://oz-nails-wa.myshopify.com/admin/api/2024-10/products/9364905197803/images/49829908185323.json	9364905197803		images	200	OK	image_id=49829908185323
2026-05-18 12:20:46	image-delete	delete_product_image	DELETE	https://oz-nails-wa.myshopify.com/admin/api/2024-10/products/9364905263339/images/49829908938987.json	9364905263339		images	200	OK	image_id=49829908938987
2026-05-18 12:20:48	image-delete	delete_product_image	DELETE	https://oz-nails-wa.myshopify.com/admin/api/2024-10/products/9364905492715/images/49829909233899.json	9364905492715		images	200	OK	image_id=49829909233899
2026-05-18 12:20:50	image-delete	delete_product_image	DELETE	https://oz-nails-wa.myshopify.com/admin/api/2024-10/products/9364905558251/images/49829909463275.json	9364905558251		images	200	OK	image_id=49829909463275
2026-05-18 12:20:52	image-delete	delete_product_image	DELETE	https://oz-nails-wa.myshopify.com/admin/api/2024-10/products/9364905918699/images/49829909823723.json	9364905918699		images	200	OK	image_id=49829909823723
2026-05-18 12:20:54	image-delete	delete_product_image	DELETE	https://oz-nails-wa.myshopify.com/admin/api/2024-10/products/9364906344683/images/49829909889259.json	9364906344683		images	200	OK	image_id=49829909889259
2026-05-18 12:20:56	image-delete	delete_product_image	DELETE	https://oz-nails-wa.myshopify.com/admin/api/2024-10/products/9364906508523/images/49829910315243.json	9364906508523		images	200	OK	image_id=49829910315243
2026-05-18 12:20:58	image-delete	delete_product_image	DELETE	https://oz-nails-wa.myshopify.com/admin/api/2024-10/products/9364906705131/images/49829910479083.json	9364906705131		images	200	OK	image_id=49829910479083
2026-05-18 12:21:00	image-delete	delete_product_image	DELETE	https://oz-nails-wa.myshopify.com/admin/api/2024-10/products/9364906737899/images/49829910806763.json	9364906737899		images	200	OK	image_id=49829910806763
2026-05-18 12:21:02	image-delete	delete_product_image	DELETE	https://oz-nails-wa.myshopify.com/admin/api/2024-10/products/9364906770667/images/49829910937835.json	9364906770667		images	200	OK	image_id=49829910937835
2026-05-18 12:21:05	image-delete	delete_product_image	DELETE	https://oz-nails-wa.myshopify.com/admin/api/2024-10/products/9364906803435/images/49829911429355.json	9364906803435		images	200	OK	image_id=49829911429355
2026-05-18 12:21:07	image-delete	delete_product_image	DELETE	https://oz-nails-wa.myshopify.com/admin/api/2024-10/products/9364906836203/images/49829911625963.json	9364906836203		images	200	OK	image_id=49829911625963
2026-05-18 12:21:09	image-delete	delete_product_image	DELETE	https://oz-nails-wa.myshopify.com/admin/api/2024-10/products/9364906934507/images/49829912084715.json	9364906934507		images	200	OK	image_id=49829912084715
2026-05-18 12:21:11	image-delete	delete_product_image	DELETE	https://oz-nails-wa.myshopify.com/admin/api/2024-10/products/9364907000043/images/49829912248555.json	9364907000043		images	200	OK	image_id=49829912248555
2026-05-18 12:21:13	image-delete	delete_product_image	DELETE	https://oz-nails-wa.myshopify.com/admin/api/2024-10/products/9364907065579/images/49829912576235.json	9364907065579		images	200	OK	image_id=49829912576235
2026-05-18 12:21:15	image-delete	delete_product_image	DELETE	https://oz-nails-wa.myshopify.com/admin/api/2024-10/products/9364907098347/images/49829912871147.json	9364907098347		images	200	OK	image_id=49829912871147
2026-05-18 12:21:17	image-delete	delete_product_image	DELETE	https://oz-nails-wa.myshopify.com/admin/api/2024-10/products/9364907131115/images/49829913231595.json	9364907131115		images	200	OK	image_id=49829913231595
2026-05-18 12:21:19	image-delete	delete_product_image	DELETE	https://oz-nails-wa.myshopify.com/admin/api/2024-10/products/9364907163883/images/49829913690347.json	9364907163883		images	200	OK	image_id=49829913690347
2026-05-18 12:21:21	image-delete	delete_product_image	DELETE	https://oz-nails-wa.myshopify.com/admin/api/2024-10/products/9364907229419/images/49829913854187.json	9364907229419		images	200	OK	image_id=49829913854187
2026-05-18 12:21:22	image-delete	delete_product_image	DELETE	https://oz-nails-wa.myshopify.com/admin/api/2024-10/products/9364907262187/images/49829914476779.json	9364907262187		images	200	OK	image_id=49829914476779
2026-05-18 12:21:24	image-delete	delete_product_image	DELETE	https://oz-nails-wa.myshopify.com/admin/api/2024-10/products/9364907294955/images/49829914640619.json	9364907294955		images	200	OK	image_id=49829914640619
2026-05-18 12:21:26	image-delete	delete_product_image	DELETE	https://oz-nails-wa.myshopify.com/admin/api/2024-10/products/9365146730731/images/49829914968299.json	9365146730731		images	200	OK	image_id=49829914968299
2026-05-18 12:21:28	image-delete	delete_product_image	DELETE	https://oz-nails-wa.myshopify.com/admin/api/2024-10/products/9364907360491/images/49829915099371.json	9364907360491		images	200	OK	image_id=49829915099371
2026-05-18 12:21:30	image-delete	delete_product_image	DELETE	https://oz-nails-wa.myshopify.com/admin/api/2024-10/products/9364907393259/images/49829915459819.json	9364907393259		images	200	OK	image_id=49829915459819
2026-05-18 12:21:32	image-delete	delete_product_image	DELETE	https://oz-nails-wa.myshopify.com/admin/api/2024-10/products/9364907458795/images/49829915721963.json	9364907458795		images	200	OK	image_id=49829915721963
2026-05-18 12:21:34	image-delete	delete_product_image	DELETE	https://oz-nails-wa.myshopify.com/admin/api/2024-10/products/9364907524331/images/49829915820267.json	9364907524331		images	200	OK	image_id=49829915820267
2026-05-18 12:21:35	image-delete	delete_product_image	DELETE	https://oz-nails-wa.myshopify.com/admin/api/2024-10/products/9364907557099/images/49829916180715.json	9364907557099		images	200	OK	image_id=49829916180715
2026-05-18 12:21:37	image-delete	delete_product_image	DELETE	https://oz-nails-wa.myshopify.com/admin/api/2024-10/products/9364907589867/images/49829916311787.json	9364907589867		images	200	OK	image_id=49829916311787
2026-05-18 12:21:39	image-delete	delete_product_image	DELETE	https://oz-nails-wa.myshopify.com/admin/api/2024-10/products/9364907622635/images/49829916737771.json	9364907622635		images	200	OK	image_id=49829916737771
2026-05-18 12:21:41	image-delete	delete_product_image	DELETE	https://oz-nails-wa.myshopify.com/admin/api/2024-10/products/9364907655403/images/49829916836075.json	9364907655403		images	200	OK	image_id=49829916836075
2026-05-18 12:21:43	image-delete	delete_product_image	DELETE	https://oz-nails-wa.myshopify.com/admin/api/2024-10/products/9364907688171/images/49829917196523.json	9364907688171		images	200	OK	image_id=49829917196523
2026-05-18 12:21:44	image-delete	delete_product_image	DELETE	https://oz-nails-wa.myshopify.com/admin/api/2024-10/products/9364907720939/images/49829917327595.json	9364907720939		images	200	OK	image_id=49829917327595
2026-05-18 12:21:46	image-delete	delete_product_image	DELETE	https://oz-nails-wa.myshopify.com/admin/api/2024-10/products/9364907786475/images/49829917688043.json	9364907786475		images	200	OK	image_id=49829917688043
2026-05-18 12:21:48	image-delete	delete_product_image	DELETE	https://oz-nails-wa.myshopify.com/admin/api/2024-10/products/9364907852011/images/49829917819115.json	9364907852011		images	200	OK	image_id=49829917819115
2026-05-18 12:21:50	image-delete	delete_product_image	DELETE	https://oz-nails-wa.myshopify.com/admin/api/2024-10/products/9364907917547/images/49829918179563.json	9364907917547		images	200	OK	image_id=49829918179563
2026-05-18 12:21:52	image-delete	delete_product_image	DELETE	https://oz-nails-wa.myshopify.com/admin/api/2024-10/products/9364907950315/images/49829918572779.json	9364907950315		images	200	OK	image_id=49829918572779
2026-05-18 12:21:53	image-delete	delete_product_image	DELETE	https://oz-nails-wa.myshopify.com/admin/api/2024-10/products/9364908015851/images/49829918933227.json	9364908015851		images	200	OK	image_id=49829918933227
2026-05-18 12:21:55	image-delete	delete_product_image	DELETE	https://oz-nails-wa.myshopify.com/admin/api/2024-10/products/9364908048619/images/49829919523051.json	9364908048619		images	200	OK	image_id=49829919523051
2026-05-18 12:21:57	image-delete	delete_product_image	DELETE	https://oz-nails-wa.myshopify.com/admin/api/2024-10/products/9364908081387/images/49829919654123.json	9364908081387		images	200	OK	image_id=49829919654123
2026-05-18 12:21:59	image-delete	delete_product_image	DELETE	https://oz-nails-wa.myshopify.com/admin/api/2024-10/products/9364908114155/images/49829920080107.json	9364908114155		images	200	OK	image_id=49829920080107
2026-05-18 12:22:00	image-delete	delete_product_image	DELETE	https://oz-nails-wa.myshopify.com/admin/api/2024-10/products/9364908146923/images/49829920211179.json	9364908146923		images	200	OK	image_id=49829920211179
2026-05-18 12:22:02	image-delete	delete_product_image	DELETE	https://oz-nails-wa.myshopify.com/admin/api/2024-10/products/9365146763499/images/49829920702699.json	9365146763499		images	200	OK	image_id=49829920702699
2026-05-18 12:22:04	image-delete	delete_product_image	DELETE	https://oz-nails-wa.myshopify.com/admin/api/2024-10/products/9364908212459/images/49829920997611.json	9364908212459		images	200	OK	image_id=49829920997611
2026-05-18 12:22:06	image-delete	delete_product_image	DELETE	https://oz-nails-wa.myshopify.com/admin/api/2024-10/products/9364908376299/images/49829921194219.json	9364908376299		images	200	OK	image_id=49829921194219
2026-05-18 12:22:08	image-delete	delete_product_image	DELETE	https://oz-nails-wa.myshopify.com/admin/api/2024-10/products/9364908474603/images/49829921554667.json	9364908474603		images	200	OK	image_id=49829921554667
2026-05-18 12:22:10	image-delete	delete_product_image	DELETE	https://oz-nails-wa.myshopify.com/admin/api/2024-10/products/9364908572907/images/49829921784043.json	9364908572907		images	200	OK	image_id=49829921784043
2026-05-18 12:22:11	image-delete	delete_product_image	DELETE	https://oz-nails-wa.myshopify.com/admin/api/2024-10/products/9364908703979/images/49829922242795.json	9364908703979		images	200	OK	image_id=49829922242795
2026-05-18 12:22:13	image-delete	delete_product_image	DELETE	https://oz-nails-wa.myshopify.com/admin/api/2024-10/products/9364908835051/images/49829922439403.json	9364908835051		images	200	OK	image_id=49829922439403
2026-05-18 12:22:15	image-delete	delete_product_image	DELETE	https://oz-nails-wa.myshopify.com/admin/api/2024-10/products/9364908933355/images/49829922865387.json	9364908933355		images	200	OK	image_id=49829922865387
2026-05-18 12:22:17	image-delete	delete_product_image	DELETE	https://oz-nails-wa.myshopify.com/admin/api/2024-10/products/9364909031659/images/49829923029227.json	9364909031659		images	200	OK	image_id=49829923029227
2026-05-18 12:22:19	image-delete	delete_product_image	DELETE	https://oz-nails-wa.myshopify.com/admin/api/2024-10/products/9364909129963/images/49829923455211.json	9364909129963		images	200	OK	image_id=49829923455211
2026-05-18 12:22:21	image-delete	delete_product_image	DELETE	https://oz-nails-wa.myshopify.com/admin/api/2024-10/products/9364909261035/images/49829923619051.json	9364909261035		images	200	OK	image_id=49829923619051
2026-05-18 12:22:22	image-delete	delete_product_image	DELETE	https://oz-nails-wa.myshopify.com/admin/api/2024-10/products/9364909359339/images/49829924110571.json	9364909359339		images	200	OK	image_id=49829924110571
2026-05-18 12:22:24	image-delete	delete_product_image	DELETE	https://oz-nails-wa.myshopify.com/admin/api/2024-10/products/9364909490411/images/49829924241643.json	9364909490411		images	200	OK	image_id=49829924241643
2026-05-18 12:22:26	image-delete	delete_product_image	DELETE	https://oz-nails-wa.myshopify.com/admin/api/2024-10/products/9364909621483/images/49829924405483.json	9364909621483		images	200	OK	image_id=49829924405483
2026-05-18 12:22:28	image-delete	delete_product_image	DELETE	https://oz-nails-wa.myshopify.com/admin/api/2024-10/products/9364909850859/images/49829924569323.json	9364909850859		images	200	OK	image_id=49829924569323
2026-05-18 12:22:30	image-delete	delete_product_image	DELETE	https://oz-nails-wa.myshopify.com/admin/api/2024-10/products/9364909949163/images/49829924897003.json	9364909949163		images	200	OK	image_id=49829924897003
2026-05-18 12:22:32	image-delete	delete_product_image	DELETE	https://oz-nails-wa.myshopify.com/admin/api/2024-10/products/9364910080235/images/49829925060843.json	9364910080235		images	200	OK	image_id=49829925060843
2026-05-18 12:22:33	image-delete	delete_product_image	DELETE	https://oz-nails-wa.myshopify.com/admin/api/2024-10/products/9364910211307/images/49829925290219.json	9364910211307		images	200	OK	image_id=49829925290219
2026-05-18 12:22:35	image-delete	delete_product_image	DELETE	https://oz-nails-wa.myshopify.com/admin/api/2024-10/products/9364910342379/images/49829925617899.json	9364910342379		images	200	OK	image_id=49829925617899
2026-05-18 12:22:37	image-delete	delete_product_image	DELETE	https://oz-nails-wa.myshopify.com/admin/api/2024-10/products/9364910506219/images/49829925748971.json	9364910506219		images	200	OK	image_id=49829925748971
2026-05-18 12:22:39	image-delete	delete_product_image	DELETE	https://oz-nails-wa.myshopify.com/admin/api/2024-10/products/9364910670059/images/49829926109419.json	9364910670059		images	200	OK	image_id=49829926109419
2026-05-18 12:22:40	image-delete	delete_product_image	DELETE	https://oz-nails-wa.myshopify.com/admin/api/2024-10/products/9364910866667/images/49829926273259.json	9364910866667		images	200	OK	image_id=49829926273259
2026-05-18 12:22:43	image-delete	delete_product_image	DELETE	https://oz-nails-wa.myshopify.com/admin/api/2024-10/products/9364910964971/images/49829926469867.json	9364910964971		images	200	OK	image_id=49829926469867
2026-05-18 12:22:45	image-delete	delete_product_image	DELETE	https://oz-nails-wa.myshopify.com/admin/api/2024-10/products/9364911063275/images/49829927256299.json	9364911063275		images	200	OK	image_id=49829927256299
2026-05-18 12:22:47	image-delete	delete_product_image	DELETE	https://oz-nails-wa.myshopify.com/admin/api/2024-10/products/9364911161579/images/49829927518443.json	9364911161579		images	200	OK	image_id=49829927518443
2026-05-18 12:22:48	image-delete	delete_product_image	DELETE	https://oz-nails-wa.myshopify.com/admin/api/2024-10/products/9364911292651/images/49829927944427.json	9364911292651		images	200	OK	image_id=49829927944427
2026-05-18 12:22:50	image-delete	delete_product_image	DELETE	https://oz-nails-wa.myshopify.com/admin/api/2024-10/products/9364911423723/images/49829928108267.json	9364911423723		images	200	OK	image_id=49829928108267
2026-05-18 12:22:52	image-delete	delete_product_image	DELETE	https://oz-nails-wa.myshopify.com/admin/api/2024-10/products/9364911522027/images/49829928435947.json	9364911522027		images	200	OK	image_id=49829928435947
2026-05-18 12:22:54	image-delete	delete_product_image	DELETE	https://oz-nails-wa.myshopify.com/admin/api/2024-10/products/9364911685867/images/49829928796395.json	9364911685867		images	200	OK	image_id=49829928796395
2026-05-18 12:22:55	image-delete	delete_product_image	DELETE	https://oz-nails-wa.myshopify.com/admin/api/2024-10/products/9364911816939/images/49829929287915.json	9364911816939		images	200	OK	image_id=49829929287915
2026-05-18 12:22:57	image-delete	delete_product_image	DELETE	https://oz-nails-wa.myshopify.com/admin/api/2024-10/products/9364911948011/images/49829929812203.json	9364911948011		images	200	OK	image_id=49829929812203
2026-05-18 12:22:59	image-delete	delete_product_image	DELETE	https://oz-nails-wa.myshopify.com/admin/api/2024-10/products/9365146829035/images/49829929943275.json	9365146829035		images	200	OK	image_id=49829929943275
2026-05-18 12:23:01	image-delete	delete_product_image	DELETE	https://oz-nails-wa.myshopify.com/admin/api/2024-10/products/9364912177387/images/49829930402027.json	9364912177387		images	200	OK	image_id=49829930402027
2026-05-18 12:23:03	image-delete	delete_product_image	DELETE	https://oz-nails-wa.myshopify.com/admin/api/2024-10/products/9364912308459/images/49829930729707.json	9364912308459		images	200	OK	image_id=49829930729707
2026-05-18 12:23:04	image-delete	delete_product_image	DELETE	https://oz-nails-wa.myshopify.com/admin/api/2024-10/products/9364912406763/images/49829931090155.json	9364912406763		images	200	OK	image_id=49829931090155
2026-05-18 12:23:06	image-delete	delete_product_image	DELETE	https://oz-nails-wa.myshopify.com/admin/api/2024-10/products/9364912537835/images/49829931516139.json	9364912537835		images	200	OK	image_id=49829931516139
2026-05-18 12:23:08	image-delete	delete_product_image	DELETE	https://oz-nails-wa.myshopify.com/admin/api/2024-10/products/9364912701675/images/49829931712747.json	9364912701675		images	200	OK	image_id=49829931712747
2026-05-18 12:23:10	image-delete	delete_product_image	DELETE	https://oz-nails-wa.myshopify.com/admin/api/2024-10/products/9364912799979/images/49829932171499.json	9364912799979		images	200	OK	image_id=49829932171499
